14:28:05.343 [ INFO] maestro.cli.report.TestDebugReporter.logSystemInfo: Debug output path: C:\Users\Mohammed Elkatry\.maestro\tests\2026-09-09_142805
14:28:05.346 [ INFO] MAESTRO.logSystemInfo: ---- System Info ----
14:28:05.347 [ INFO] MAESTRO.logSystemInfo: Maestro Version: 2.9.0
14:28:05.348 [ INFO] MAESTRO.logSystemInfo: CI: Undefined
14:28:05.349 [ INFO] MAESTRO.logSystemInfo: OS Name: Windows 11
14:28:05.349 [ INFO] MAESTRO.logSystemInfo: OS Version: 10.0
14:28:05.349 [ INFO] MAESTRO.logSystemInfo: Architecture: amd64
14:28:05.350 [ INFO] MAESTRO.logSystemInfo: Java Version: 26
14:28:05.353 [ INFO] MAESTRO.logSystemInfo: Xcode Version: null
14:28:05.357 [ INFO] MAESTRO.logSystemInfo: Flutter Version: Undefined
14:28:05.382 [ INFO] MAESTRO.logSystemInfo: Flutter Channel: Undefined
14:28:05.382 [ INFO] MAESTRO.logSystemInfo: ---------------------
14:28:06.484 [DEBUG] io.micrometer.common.util.internal.logging.InternalLoggerFactory.newDefaultFactory: Using SLF4J as the default logging framework
14:28:06.578 [ INFO] maestro.cli.command.TestCommand.runShardSuite: [shard 1] Selected device emulator-5554 using port 62345 with execution plan ExecutionPlan(flowsToRun=[D:\Automation\Maestro-Mobile\.maestro\_check.yaml], sequence=FlowSequence(flows=[], continueOnFailure=true), workspaceConfig=WorkspaceConfig(flows=null, includeTags=null, excludeTags=null, executionOrder=null, baselineBranch=null, notifications=null, disableRetries=false, platform=PlatformConfiguration(android=AndroidConfiguration(disableAnimations=false), ios=IOSConfiguration(disableAnimations=false, snapshotKeyHonorModalViews=null)), testOutputDir=null))
14:28:06.702 [ERROR] maestro.cli.session.MaestroSessionManager.newSession$lambda$0: Failed to record heartbeat
java.io.IOException: The process cannot access the file because another process has locked a portion of the file
	at java.base/java.io.FileOutputStream.writeBytes(Native Method)
	at java.base/java.io.FileOutputStream.write(FileOutputStream.java:332)
	at kotlin.io.FilesKt__FileReadWriteKt.writeTextImpl(FileReadWrite.kt:160)
	at kotlin.io.FilesKt__FileReadWriteKt.writeText(FileReadWrite.kt:145)
	at kotlin.io.FilesKt__FileReadWriteKt.writeText$default(FileReadWrite.kt:144)
	at maestro.cli.db.KeyValueStore.commit(KeyValueStore.kt:50)
	at maestro.cli.db.KeyValueStore.set$lambda$3$lambda$2(KeyValueStore.kt:23)
	at maestro.cli.db.KeyValueStore.withFileLock(KeyValueStore.kt:62)
	at maestro.cli.db.KeyValueStore.set(KeyValueStore.kt:20)
	at maestro.cli.session.SessionStore.heartbeat(SessionStore.kt:12)
	at maestro.cli.session.MaestroSessionManager.newSession$lambda$0(MaestroSessionManager.kt:98)
	at java.base/java.util.concurrent.Executors$RunnableAdapter.call(Executors.java:545)
	at java.base/java.util.concurrent.FutureTask.runAndReset(FutureTask.java:371)
	at java.base/java.util.concurrent.ScheduledThreadPoolExecutor$ScheduledFutureTask.run(ScheduledThreadPoolExecutor.java:310)
	at java.base/java.util.concurrent.ThreadPoolExecutor.runWorker(ThreadPoolExecutor.java:1090)
	at java.base/java.util.concurrent.ThreadPoolExecutor$Worker.run(ThreadPoolExecutor.java:614)
	at java.base/java.lang.Thread.run(Thread.java:1516)
14:28:10.253 [ INFO] maestro.cli.runner.TestRunner.runSingle: Running flow _check.yaml...
14:28:10.288 [ INFO] maestro.Maestro.cachedDeviceInfo_delegate$lambda$0: Getting device info
14:28:10.555 [ INFO] maestro.Maestro.cachedDeviceInfo_delegate$lambda$0: Got device info: DeviceInfo(platform=ANDROID, widthPixels=1080, heightPixels=2400, widthGrid=1080, heightGrid=2400)
14:28:10.653 [ INFO] maestro.cli.runner.MaestroCommandRunner.runCommands$lambda$0: Define variables RUNNING
14:28:10.660 [ INFO] maestro.cli.runner.MaestroCommandRunner.runCommands$lambda$11: Define variables metadata CommandMetadata(numberOfRuns=null, evaluatedCommand=MaestroCommand(defineVariablesCommand=DefineVariablesCommand(env={MAESTRO_FILENAME=_check, MAESTRO_DEVICE_UDID=emulator-5554, MAESTRO_SHARD_ID=1, MAESTRO_SHARD_INDEX=0}, label=null, optional=false)), logMessages=[], insight=Insight(message=, level=NONE), aiReasoning=null, labeledCommand=null)
14:28:10.662 [ INFO] maestro.cli.runner.MaestroCommandRunner.runCommands$lambda$2: Define variables COMPLETED
14:28:10.664 [ INFO] maestro.cli.runner.MaestroCommandRunner.runCommands$lambda$0: Apply configuration RUNNING
14:28:10.687 [ INFO] maestro.cli.runner.MaestroCommandRunner.runCommands$lambda$11: Apply configuration metadata CommandMetadata(numberOfRuns=null, evaluatedCommand=MaestroCommand(applyConfigurationCommand=ApplyConfigurationCommand(config=MaestroConfig(appId=fi.iwa.sakani, name=CHECK - ready to sign evidence, tags=[], ext={}, onFlowStart=null, onFlowComplete=null, properties={}), label=null, optional=false)), logMessages=[], insight=Insight(message=, level=NONE), aiReasoning=null, labeledCommand=null)
14:28:10.688 [ INFO] maestro.cli.runner.MaestroCommandRunner.runCommands$lambda$2: Apply configuration COMPLETED
14:28:10.688 [ INFO] maestro.cli.runner.MaestroCommandRunner.runCommands$lambda$0: Launch app "fi.iwa.sakani" RUNNING
14:28:10.691 [ INFO] maestro.cli.runner.MaestroCommandRunner.runCommands$lambda$11: Launch app "fi.iwa.sakani" metadata CommandMetadata(numberOfRuns=null, evaluatedCommand=MaestroCommand(launchAppCommand=LaunchAppCommand(appId=fi.iwa.sakani, clearState=null, clearKeychain=null, stopApp=null, permissions=null, launchArguments=null, label=null, optional=false)), logMessages=[], insight=Insight(message=, level=NONE), aiReasoning=null, labeledCommand=null)
14:28:11.698 [ERROR] maestro.cli.session.MaestroSessionManager.newSession$lambda$0: Failed to record heartbeat
java.io.IOException: The process cannot access the file because another process has locked a portion of the file
	at java.base/java.io.FileOutputStream.writeBytes(Native Method)
	at java.base/java.io.FileOutputStream.write(FileOutputStream.java:332)
	at kotlin.io.FilesKt__FileReadWriteKt.writeTextImpl(FileReadWrite.kt:160)
	at kotlin.io.FilesKt__FileReadWriteKt.writeText(FileReadWrite.kt:145)
	at kotlin.io.FilesKt__FileReadWriteKt.writeText$default(FileReadWrite.kt:144)
	at maestro.cli.db.KeyValueStore.commit(KeyValueStore.kt:50)
	at maestro.cli.db.KeyValueStore.set$lambda$3$lambda$2(KeyValueStore.kt:23)
	at maestro.cli.db.KeyValueStore.withFileLock(KeyValueStore.kt:62)
	at maestro.cli.db.KeyValueStore.set(KeyValueStore.kt:20)
	at maestro.cli.session.SessionStore.heartbeat(SessionStore.kt:12)
	at maestro.cli.session.MaestroSessionManager.newSession$lambda$0(MaestroSessionManager.kt:98)
	at java.base/java.util.concurrent.Executors$RunnableAdapter.call(Executors.java:545)
	at java.base/java.util.concurrent.FutureTask.runAndReset(FutureTask.java:371)
	at java.base/java.util.concurrent.ScheduledThreadPoolExecutor$ScheduledFutureTask.run(ScheduledThreadPoolExecutor.java:310)
	at java.base/java.util.concurrent.ThreadPoolExecutor.runWorker(ThreadPoolExecutor.java:1090)
	at java.base/java.util.concurrent.ThreadPoolExecutor$Worker.run(ThreadPoolExecutor.java:614)
	at java.base/java.lang.Thread.run(Thread.java:1516)
14:28:16.220 [DEBUG] maestro.Maestro.setPermissionInternal: Failed to set permission android.permission.READ_EXTERNAL_STORAGE for app fi.iwa.sakani: shell command failed (exit -1): 
Exception occurred while executing 'grant':
java.lang.SecurityException: Package fi.iwa.sakani has not requested permission android.permission.READ_EXTERNAL_STORAGE
	at com.android.server.pm.permission.PermissionManagerServiceImpl.grantRuntimePermissionInternal(PermissionManagerServiceImpl.java:1423)
	at com.android.server.pm.permission.PermissionManagerServiceImpl.grantRuntimePermission(PermissionManagerServiceImpl.java:1337)
	at com.android.server.pm.permission.PermissionManagerService.grantRuntimePermission(PermissionManagerService.java:551)
	at android.permission.PermissionManager.grantRuntimePermission(PermissionManager.java:609)
	at com.android.server.pm.PackageManagerShellCommand.runGrantRevokePermission(PackageManagerShellCommand.java:2672)
	at com.android.server.pm.PackageManagerShellCommand.onCommand(PackageManagerShellCommand.java:291)
	at com.android.modules.utils.BasicShellCommandHandler.exec(BasicShellCommandHandler.java:97)
	at android.os.ShellCommand.exec(ShellCommand.java:38)
	at com.android.server.pm.PackageManagerService$IPackageManagerImpl.onShellCommand(PackageManagerService.java:6350)
	at android.os.Binder.shellCommand(Binder.java:1068)
	at android.os.Binder.onTransact(Binder.java:888)
	at android.content.pm.IPackageManager$Stub.onTransact(IPackageManager.java:4352)
	at com.android.server.pm.PackageManagerService$IPackageManagerImpl.onTransact(PackageManagerService.java:6334)
	at android.os.Binder.execTransactInternal(Binder.java:1344)
	at android.os.Binder.execTransact(Binder.java:1275)

14:28:16.245 [DEBUG] maestro.Maestro.setPermissionInternal: Failed to set permission android.permission.WRITE_EXTERNAL_STORAGE for app fi.iwa.sakani: shell command failed (exit -1): 
Exception occurred while executing 'grant':
java.lang.SecurityException: Package fi.iwa.sakani has not requested permission android.permission.WRITE_EXTERNAL_STORAGE
	at com.android.server.pm.permission.PermissionManagerServiceImpl.grantRuntimePermissionInternal(PermissionManagerServiceImpl.java:1423)
	at com.android.server.pm.permission.PermissionManagerServiceImpl.grantRuntimePermission(PermissionManagerServiceImpl.java:1337)
	at com.android.server.pm.permission.PermissionManagerService.grantRuntimePermission(PermissionManagerService.java:551)
	at android.permission.PermissionManager.grantRuntimePermission(PermissionManager.java:609)
	at com.android.server.pm.PackageManagerShellCommand.runGrantRevokePermission(PackageManagerShellCommand.java:2672)
	at com.android.server.pm.PackageManagerShellCommand.onCommand(PackageManagerShellCommand.java:291)
	at com.android.modules.utils.BasicShellCommandHandler.exec(BasicShellCommandHandler.java:97)
	at android.os.ShellCommand.exec(ShellCommand.java:38)
	at com.android.server.pm.PackageManagerService$IPackageManagerImpl.onShellCommand(PackageManagerService.java:6350)
	at android.os.Binder.shellCommand(Binder.java:1068)
	at android.os.Binder.onTransact(Binder.java:888)
	at android.content.pm.IPackageManager$Stub.onTransact(IPackageManager.java:4352)
	at com.android.server.pm.PackageManagerService$IPackageManagerImpl.onTransact(PackageManagerService.java:6334)
	at android.os.Binder.execTransactInternal(Binder.java:1344)
	at android.os.Binder.execTransact(Binder.java:1275)

14:28:16.486 [DEBUG] maestro.Maestro.setPermissionInternal: Failed to set permission com.sec.android.provider.badge.permission.READ for app fi.iwa.sakani: shell command failed (exit -1): 
Exception occurred while executing 'grant':
java.lang.IllegalArgumentException: Unknown permission: com.sec.android.provider.badge.permission.READ
	at com.android.server.pm.permission.PermissionManagerServiceImpl.grantRuntimePermissionInternal(PermissionManagerServiceImpl.java:1380)
	at com.android.server.pm.permission.PermissionManagerServiceImpl.grantRuntimePermission(PermissionManagerServiceImpl.java:1337)
	at com.android.server.pm.permission.PermissionManagerService.grantRuntimePermission(PermissionManagerService.java:551)
	at android.permission.PermissionManager.grantRuntimePermission(PermissionManager.java:609)
	at com.android.server.pm.PackageManagerShellCommand.runGrantRevokePermission(PackageManagerShellCommand.java:2672)
	at com.android.server.pm.PackageManagerShellCommand.onCommand(PackageManagerShellCommand.java:291)
	at com.android.modules.utils.BasicShellCommandHandler.exec(BasicShellCommandHandler.java:97)
	at android.os.ShellCommand.exec(ShellCommand.java:38)
	at com.android.server.pm.PackageManagerService$IPackageManagerImpl.onShellCommand(PackageManagerService.java:6350)
	at android.os.Binder.shellCommand(Binder.java:1068)
	at android.os.Binder.onTransact(Binder.java:888)
	at android.content.pm.IPackageManager$Stub.onTransact(IPackageManager.java:4352)
	at com.android.server.pm.PackageManagerService$IPackageManagerImpl.onTransact(PackageManagerService.java:6334)
	at android.os.Binder.execTransactInternal(Binder.java:1344)
	at android.os.Binder.execTransact(Binder.java:1275)

14:28:16.515 [DEBUG] maestro.Maestro.setPermissionInternal: Failed to set permission com.sec.android.provider.badge.permission.WRITE for app fi.iwa.sakani: shell command failed (exit -1): 
Exception occurred while executing 'grant':
java.lang.IllegalArgumentException: Unknown permission: com.sec.android.provider.badge.permission.WRITE
	at com.android.server.pm.permission.PermissionManagerServiceImpl.grantRuntimePermissionInternal(PermissionManagerServiceImpl.java:1380)
	at com.android.server.pm.permission.PermissionManagerServiceImpl.grantRuntimePermission(PermissionManagerServiceImpl.java:1337)
	at com.android.server.pm.permission.PermissionManagerService.grantRuntimePermission(PermissionManagerService.java:551)
	at android.permission.PermissionManager.grantRuntimePermission(PermissionManager.java:609)
	at com.android.server.pm.PackageManagerShellCommand.runGrantRevokePermission(PackageManagerShellCommand.java:2672)
	at com.android.server.pm.PackageManagerShellCommand.onCommand(PackageManagerShellCommand.java:291)
	at com.android.modules.utils.BasicShellCommandHandler.exec(BasicShellCommandHandler.java:97)
	at android.os.ShellCommand.exec(ShellCommand.java:38)
	at com.android.server.pm.PackageManagerService$IPackageManagerImpl.onShellCommand(PackageManagerService.java:6350)
	at android.os.Binder.shellCommand(Binder.java:1068)
	at android.os.Binder.onTransact(Binder.java:888)
	at android.content.pm.IPackageManager$Stub.onTransact(IPackageManager.java:4352)
	at com.android.server.pm.PackageManagerService$IPackageManagerImpl.onTransact(PackageManagerService.java:6334)
	at android.os.Binder.execTransactInternal(Binder.java:1344)
	at android.os.Binder.execTransact(Binder.java:1275)

14:28:16.547 [DEBUG] maestro.Maestro.setPermissionInternal: Failed to set permission com.htc.launcher.permission.READ_SETTINGS for app fi.iwa.sakani: shell command failed (exit -1): 
Exception occurred while executing 'grant':
java.lang.IllegalArgumentException: Unknown permission: com.htc.launcher.permission.READ_SETTINGS
	at com.android.server.pm.permission.PermissionManagerServiceImpl.grantRuntimePermissionInternal(PermissionManagerServiceImpl.java:1380)
	at com.android.server.pm.permission.PermissionManagerServiceImpl.grantRuntimePermission(PermissionManagerServiceImpl.java:1337)
	at com.android.server.pm.permission.PermissionManagerService.grantRuntimePermission(PermissionManagerService.java:551)
	at android.permission.PermissionManager.grantRuntimePermission(PermissionManager.java:609)
	at com.android.server.pm.PackageManagerShellCommand.runGrantRevokePermission(PackageManagerShellCommand.java:2672)
	at com.android.server.pm.PackageManagerShellCommand.onCommand(PackageManagerShellCommand.java:291)
	at com.android.modules.utils.BasicShellCommandHandler.exec(BasicShellCommandHandler.java:97)
	at android.os.ShellCommand.exec(ShellCommand.java:38)
	at com.android.server.pm.PackageManagerService$IPackageManagerImpl.onShellCommand(PackageManagerService.java:6350)
	at android.os.Binder.shellCommand(Binder.java:1068)
	at android.os.Binder.onTransact(Binder.java:888)
	at android.content.pm.IPackageManager$Stub.onTransact(IPackageManager.java:4352)
	at com.android.server.pm.PackageManagerService$IPackageManagerImpl.onTransact(PackageManagerService.java:6334)
	at android.os.Binder.execTransactInternal(Binder.java:1344)
	at android.os.Binder.execTransact(Binder.java:1275)

14:28:16.573 [DEBUG] maestro.Maestro.setPermissionInternal: Failed to set permission com.htc.launcher.permission.UPDATE_SHORTCUT for app fi.iwa.sakani: shell command failed (exit -1): 
Exception occurred while executing 'grant':
java.lang.IllegalArgumentException: Unknown permission: com.htc.launcher.permission.UPDATE_SHORTCUT
	at com.android.server.pm.permission.PermissionManagerServiceImpl.grantRuntimePermissionInternal(PermissionManagerServiceImpl.java:1380)
	at com.android.server.pm.permission.PermissionManagerServiceImpl.grantRuntimePermission(PermissionManagerServiceImpl.java:1337)
	at com.android.server.pm.permission.PermissionManagerService.grantRuntimePermission(PermissionManagerService.java:551)
	at android.permission.PermissionManager.grantRuntimePermission(PermissionManager.java:609)
	at com.android.server.pm.PackageManagerShellCommand.runGrantRevokePermission(PackageManagerShellCommand.java:2672)
	at com.android.server.pm.PackageManagerShellCommand.onCommand(PackageManagerShellCommand.java:291)
	at com.android.modules.utils.BasicShellCommandHandler.exec(BasicShellCommandHandler.java:97)
	at android.os.ShellCommand.exec(ShellCommand.java:38)
	at com.android.server.pm.PackageManagerService$IPackageManagerImpl.onShellCommand(PackageManagerService.java:6350)
	at android.os.Binder.shellCommand(Binder.java:1068)
	at android.os.Binder.onTransact(Binder.java:888)
	at android.content.pm.IPackageManager$Stub.onTransact(IPackageManager.java:4352)
	at com.android.server.pm.PackageManagerService$IPackageManagerImpl.onTransact(PackageManagerService.java:6334)
	at android.os.Binder.execTransactInternal(Binder.java:1344)
	at android.os.Binder.execTransact(Binder.java:1275)

14:28:16.601 [DEBUG] maestro.Maestro.setPermissionInternal: Failed to set permission com.sonyericsson.home.permission.BROADCAST_BADGE for app fi.iwa.sakani: shell command failed (exit -1): 
Exception occurred while executing 'grant':
java.lang.IllegalArgumentException: Unknown permission: com.sonyericsson.home.permission.BROADCAST_BADGE
	at com.android.server.pm.permission.PermissionManagerServiceImpl.grantRuntimePermissionInternal(PermissionManagerServiceImpl.java:1380)
	at com.android.server.pm.permission.PermissionManagerServiceImpl.grantRuntimePermission(PermissionManagerServiceImpl.java:1337)
	at com.android.server.pm.permission.PermissionManagerService.grantRuntimePermission(PermissionManagerService.java:551)
	at android.permission.PermissionManager.grantRuntimePermission(PermissionManager.java:609)
	at com.android.server.pm.PackageManagerShellCommand.runGrantRevokePermission(PackageManagerShellCommand.java:2672)
	at com.android.server.pm.PackageManagerShellCommand.onCommand(PackageManagerShellCommand.java:291)
	at com.android.modules.utils.BasicShellCommandHandler.exec(BasicShellCommandHandler.java:97)
	at android.os.ShellCommand.exec(ShellCommand.java:38)
	at com.android.server.pm.PackageManagerService$IPackageManagerImpl.onShellCommand(PackageManagerService.java:6350)
	at android.os.Binder.shellCommand(Binder.java:1068)
	at android.os.Binder.onTransact(Binder.java:888)
	at android.content.pm.IPackageManager$Stub.onTransact(IPackageManager.java:4352)
	at com.android.server.pm.PackageManagerService$IPackageManagerImpl.onTransact(PackageManagerService.java:6334)
	at android.os.Binder.execTransactInternal(Binder.java:1344)
	at android.os.Binder.execTransact(Binder.java:1275)

14:28:16.627 [DEBUG] maestro.Maestro.setPermissionInternal: Failed to set permission com.sonymobile.home.permission.PROVIDER_INSERT_BADGE for app fi.iwa.sakani: shell command failed (exit -1): 
Exception occurred while executing 'grant':
java.lang.IllegalArgumentException: Unknown permission: com.sonymobile.home.permission.PROVIDER_INSERT_BADGE
	at com.android.server.pm.permission.PermissionManagerServiceImpl.grantRuntimePermissionInternal(PermissionManagerServiceImpl.java:1380)
	at com.android.server.pm.permission.PermissionManagerServiceImpl.grantRuntimePermission(PermissionManagerServiceImpl.java:1337)
	at com.android.server.pm.permission.PermissionManagerService.grantRuntimePermission(PermissionManagerService.java:551)
	at android.permission.PermissionManager.grantRuntimePermission(PermissionManager.java:609)
	at com.android.server.pm.PackageManagerShellCommand.runGrantRevokePermission(PackageManagerShellCommand.java:2672)
	at com.android.server.pm.PackageManagerShellCommand.onCommand(PackageManagerShellCommand.java:291)
	at com.android.modules.utils.BasicShellCommandHandler.exec(BasicShellCommandHandler.java:97)
	at android.os.ShellCommand.exec(ShellCommand.java:38)
	at com.android.server.pm.PackageManagerService$IPackageManagerImpl.onShellCommand(PackageManagerService.java:6350)
	at android.os.Binder.shellCommand(Binder.java:1068)
	at android.os.Binder.onTransact(Binder.java:888)
	at android.content.pm.IPackageManager$Stub.onTransact(IPackageManager.java:4352)
	at com.android.server.pm.PackageManagerService$IPackageManagerImpl.onTransact(PackageManagerService.java:6334)
	at android.os.Binder.execTransactInternal(Binder.java:1344)
	at android.os.Binder.execTransact(Binder.java:1275)

14:28:16.651 [DEBUG] maestro.Maestro.setPermissionInternal: Failed to set permission com.anddoes.launcher.permission.UPDATE_COUNT for app fi.iwa.sakani: shell command failed (exit -1): 
Exception occurred while executing 'grant':
java.lang.IllegalArgumentException: Unknown permission: com.anddoes.launcher.permission.UPDATE_COUNT
	at com.android.server.pm.permission.PermissionManagerServiceImpl.grantRuntimePermissionInternal(PermissionManagerServiceImpl.java:1380)
	at com.android.server.pm.permission.PermissionManagerServiceImpl.grantRuntimePermission(PermissionManagerServiceImpl.java:1337)
	at com.android.server.pm.permission.PermissionManagerService.grantRuntimePermission(PermissionManagerService.java:551)
	at android.permission.PermissionManager.grantRuntimePermission(PermissionManager.java:609)
	at com.android.server.pm.PackageManagerShellCommand.runGrantRevokePermission(PackageManagerShellCommand.java:2672)
	at com.android.server.pm.PackageManagerShellCommand.onCommand(PackageManagerShellCommand.java:291)
	at com.android.modules.utils.BasicShellCommandHandler.exec(BasicShellCommandHandler.java:97)
	at android.os.ShellCommand.exec(ShellCommand.java:38)
	at com.android.server.pm.PackageManagerService$IPackageManagerImpl.onShellCommand(PackageManagerService.java:6350)
	at android.os.Binder.shellCommand(Binder.java:1068)
	at android.os.Binder.onTransact(Binder.java:888)
	at android.content.pm.IPackageManager$Stub.onTransact(IPackageManager.java:4352)
	at com.android.server.pm.PackageManagerService$IPackageManagerImpl.onTransact(PackageManagerService.java:6334)
	at android.os.Binder.execTransactInternal(Binder.java:1344)
	at android.os.Binder.execTransact(Binder.java:1275)

14:28:16.676 [DEBUG] maestro.Maestro.setPermissionInternal: Failed to set permission com.majeur.launcher.permission.UPDATE_BADGE for app fi.iwa.sakani: shell command failed (exit -1): 
Exception occurred while executing 'grant':
java.lang.IllegalArgumentException: Unknown permission: com.majeur.launcher.permission.UPDATE_BADGE
	at com.android.server.pm.permission.PermissionManagerServiceImpl.grantRuntimePermissionInternal(PermissionManagerServiceImpl.java:1380)
	at com.android.server.pm.permission.PermissionManagerServiceImpl.grantRuntimePermission(PermissionManagerServiceImpl.java:1337)
	at com.android.server.pm.permission.PermissionManagerService.grantRuntimePermission(PermissionManagerService.java:551)
	at android.permission.PermissionManager.grantRuntimePermission(PermissionManager.java:609)
	at com.android.server.pm.PackageManagerShellCommand.runGrantRevokePermission(PackageManagerShellCommand.java:2672)
	at com.android.server.pm.PackageManagerShellCommand.onCommand(PackageManagerShellCommand.java:291)
	at com.android.modules.utils.BasicShellCommandHandler.exec(BasicShellCommandHandler.java:97)
	at android.os.ShellCommand.exec(ShellCommand.java:38)
	at com.android.server.pm.PackageManagerService$IPackageManagerImpl.onShellCommand(PackageManagerService.java:6350)
	at android.os.Binder.shellCommand(Binder.java:1068)
	at android.os.Binder.onTransact(Binder.java:888)
	at android.content.pm.IPackageManager$Stub.onTransact(IPackageManager.java:4352)
	at com.android.server.pm.PackageManagerService$IPackageManagerImpl.onTransact(PackageManagerService.java:6334)
	at android.os.Binder.execTransactInternal(Binder.java:1344)
	at android.os.Binder.execTransact(Binder.java:1275)

14:28:16.699 [ERROR] maestro.cli.session.MaestroSessionManager.newSession$lambda$0: Failed to record heartbeat
java.io.IOException: The process cannot access the file because another process has locked a portion of the file
	at java.base/java.io.FileOutputStream.writeBytes(Native Method)
	at java.base/java.io.FileOutputStream.write(FileOutputStream.java:332)
	at kotlin.io.FilesKt__FileReadWriteKt.writeTextImpl(FileReadWrite.kt:160)
	at kotlin.io.FilesKt__FileReadWriteKt.writeText(FileReadWrite.kt:145)
	at kotlin.io.FilesKt__FileReadWriteKt.writeText$default(FileReadWrite.kt:144)
	at maestro.cli.db.KeyValueStore.commit(KeyValueStore.kt:50)
	at maestro.cli.db.KeyValueStore.set$lambda$3$lambda$2(KeyValueStore.kt:23)
	at maestro.cli.db.KeyValueStore.withFileLock(KeyValueStore.kt:62)
	at maestro.cli.db.KeyValueStore.set(KeyValueStore.kt:20)
	at maestro.cli.session.SessionStore.heartbeat(SessionStore.kt:12)
	at maestro.cli.session.MaestroSessionManager.newSession$lambda$0(MaestroSessionManager.kt:98)
	at java.base/java.util.concurrent.Executors$RunnableAdapter.call(Executors.java:545)
	at java.base/java.util.concurrent.FutureTask.runAndReset(FutureTask.java:371)
	at java.base/java.util.concurrent.ScheduledThreadPoolExecutor$ScheduledFutureTask.run(ScheduledThreadPoolExecutor.java:310)
	at java.base/java.util.concurrent.ThreadPoolExecutor.runWorker(ThreadPoolExecutor.java:1090)
	at java.base/java.util.concurrent.ThreadPoolExecutor$Worker.run(ThreadPoolExecutor.java:614)
	at java.base/java.lang.Thread.run(Thread.java:1516)
14:28:16.705 [DEBUG] maestro.Maestro.setPermissionInternal: Failed to set permission com.huawei.android.launcher.permission.CHANGE_BADGE for app fi.iwa.sakani: shell command failed (exit -1): 
Exception occurred while executing 'grant':
java.lang.IllegalArgumentException: Unknown permission: com.huawei.android.launcher.permission.CHANGE_BADGE
	at com.android.server.pm.permission.PermissionManagerServiceImpl.grantRuntimePermissionInternal(PermissionManagerServiceImpl.java:1380)
	at com.android.server.pm.permission.PermissionManagerServiceImpl.grantRuntimePermission(PermissionManagerServiceImpl.java:1337)
	at com.android.server.pm.permission.PermissionManagerService.grantRuntimePermission(PermissionManagerService.java:551)
	at android.permission.PermissionManager.grantRuntimePermission(PermissionManager.java:609)
	at com.android.server.pm.PackageManagerShellCommand.runGrantRevokePermission(PackageManagerShellCommand.java:2672)
	at com.android.server.pm.PackageManagerShellCommand.onCommand(PackageManagerShellCommand.java:291)
	at com.android.modules.utils.BasicShellCommandHandler.exec(BasicShellCommandHandler.java:97)
	at android.os.ShellCommand.exec(ShellCommand.java:38)
	at com.android.server.pm.PackageManagerService$IPackageManagerImpl.onShellCommand(PackageManagerService.java:6350)
	at android.os.Binder.shellCommand(Binder.java:1068)
	at android.os.Binder.onTransact(Binder.java:888)
	at android.content.pm.IPackageManager$Stub.onTransact(IPackageManager.java:4352)
	at com.android.server.pm.PackageManagerService$IPackageManagerImpl.onTransact(PackageManagerService.java:6334)
	at android.os.Binder.execTransactInternal(Binder.java:1344)
	at android.os.Binder.execTransact(Binder.java:1275)

14:28:16.732 [DEBUG] maestro.Maestro.setPermissionInternal: Failed to set permission com.huawei.android.launcher.permission.READ_SETTINGS for app fi.iwa.sakani: shell command failed (exit -1): 
Exception occurred while executing 'grant':
java.lang.IllegalArgumentException: Unknown permission: com.huawei.android.launcher.permission.READ_SETTINGS
	at com.android.server.pm.permission.PermissionManagerServiceImpl.grantRuntimePermissionInternal(PermissionManagerServiceImpl.java:1380)
	at com.android.server.pm.permission.PermissionManagerServiceImpl.grantRuntimePermission(PermissionManagerServiceImpl.java:1337)
	at com.android.server.pm.permission.PermissionManagerService.grantRuntimePermission(PermissionManagerService.java:551)
	at android.permission.PermissionManager.grantRuntimePermission(PermissionManager.java:609)
	at com.android.server.pm.PackageManagerShellCommand.runGrantRevokePermission(PackageManagerShellCommand.java:2672)
	at com.android.server.pm.PackageManagerShellCommand.onCommand(PackageManagerShellCommand.java:291)
	at com.android.modules.utils.BasicShellCommandHandler.exec(BasicShellCommandHandler.java:97)
	at android.os.ShellCommand.exec(ShellCommand.java:38)
	at com.android.server.pm.PackageManagerService$IPackageManagerImpl.onShellCommand(PackageManagerService.java:6350)
	at android.os.Binder.shellCommand(Binder.java:1068)
	at android.os.Binder.onTransact(Binder.java:888)
	at android.content.pm.IPackageManager$Stub.onTransact(IPackageManager.java:4352)
	at com.android.server.pm.PackageManagerService$IPackageManagerImpl.onTransact(PackageManagerService.java:6334)
	at android.os.Binder.execTransactInternal(Binder.java:1344)
	at android.os.Binder.execTransact(Binder.java:1275)

14:28:16.758 [DEBUG] maestro.Maestro.setPermissionInternal: Failed to set permission com.huawei.android.launcher.permission.WRITE_SETTINGS for app fi.iwa.sakani: shell command failed (exit -1): 
Exception occurred while executing 'grant':
java.lang.IllegalArgumentException: Unknown permission: com.huawei.android.launcher.permission.WRITE_SETTINGS
	at com.android.server.pm.permission.PermissionManagerServiceImpl.grantRuntimePermissionInternal(PermissionManagerServiceImpl.java:1380)
	at com.android.server.pm.permission.PermissionManagerServiceImpl.grantRuntimePermission(PermissionManagerServiceImpl.java:1337)
	at com.android.server.pm.permission.PermissionManagerService.grantRuntimePermission(PermissionManagerService.java:551)
	at android.permission.PermissionManager.grantRuntimePermission(PermissionManager.java:609)
	at com.android.server.pm.PackageManagerShellCommand.runGrantRevokePermission(PackageManagerShellCommand.java:2672)
	at com.android.server.pm.PackageManagerShellCommand.onCommand(PackageManagerShellCommand.java:291)
	at com.android.modules.utils.BasicShellCommandHandler.exec(BasicShellCommandHandler.java:97)
	at android.os.ShellCommand.exec(ShellCommand.java:38)
	at com.android.server.pm.PackageManagerService$IPackageManagerImpl.onShellCommand(PackageManagerService.java:6350)
	at android.os.Binder.shellCommand(Binder.java:1068)
	at android.os.Binder.onTransact(Binder.java:888)
	at android.content.pm.IPackageManager$Stub.onTransact(IPackageManager.java:4352)
	at com.android.server.pm.PackageManagerService$IPackageManagerImpl.onTransact(PackageManagerService.java:6334)
	at android.os.Binder.execTransactInternal(Binder.java:1344)
	at android.os.Binder.execTransact(Binder.java:1275)

14:28:16.784 [DEBUG] maestro.Maestro.setPermissionInternal: Failed to set permission android.permission.READ_APP_BADGE for app fi.iwa.sakani: shell command failed (exit -1): 
Exception occurred while executing 'grant':
java.lang.IllegalArgumentException: Unknown permission: android.permission.READ_APP_BADGE
	at com.android.server.pm.permission.PermissionManagerServiceImpl.grantRuntimePermissionInternal(PermissionManagerServiceImpl.java:1380)
	at com.android.server.pm.permission.PermissionManagerServiceImpl.grantRuntimePermission(PermissionManagerServiceImpl.java:1337)
	at com.android.server.pm.permission.PermissionManagerService.grantRuntimePermission(PermissionManagerService.java:551)
	at android.permission.PermissionManager.grantRuntimePermission(PermissionManager.java:609)
	at com.android.server.pm.PackageManagerShellCommand.runGrantRevokePermission(PackageManagerShellCommand.java:2672)
	at com.android.server.pm.PackageManagerShellCommand.onCommand(PackageManagerShellCommand.java:291)
	at com.android.modules.utils.BasicShellCommandHandler.exec(BasicShellCommandHandler.java:97)
	at android.os.ShellCommand.exec(ShellCommand.java:38)
	at com.android.server.pm.PackageManagerService$IPackageManagerImpl.onShellCommand(PackageManagerService.java:6350)
	at android.os.Binder.shellCommand(Binder.java:1068)
	at android.os.Binder.onTransact(Binder.java:888)
	at android.content.pm.IPackageManager$Stub.onTransact(IPackageManager.java:4352)
	at com.android.server.pm.PackageManagerService$IPackageManagerImpl.onTransact(PackageManagerService.java:6334)
	at android.os.Binder.execTransactInternal(Binder.java:1344)
	at android.os.Binder.execTransact(Binder.java:1275)

14:28:16.810 [DEBUG] maestro.Maestro.setPermissionInternal: Failed to set permission com.oppo.launcher.permission.READ_SETTINGS for app fi.iwa.sakani: shell command failed (exit -1): 
Exception occurred while executing 'grant':
java.lang.IllegalArgumentException: Unknown permission: com.oppo.launcher.permission.READ_SETTINGS
	at com.android.server.pm.permission.PermissionManagerServiceImpl.grantRuntimePermissionInternal(PermissionManagerServiceImpl.java:1380)
	at com.android.server.pm.permission.PermissionManagerServiceImpl.grantRuntimePermission(PermissionManagerServiceImpl.java:1337)
	at com.android.server.pm.permission.PermissionManagerService.grantRuntimePermission(PermissionManagerService.java:551)
	at android.permission.PermissionManager.grantRuntimePermission(PermissionManager.java:609)
	at com.android.server.pm.PackageManagerShellCommand.runGrantRevokePermission(PackageManagerShellCommand.java:2672)
	at com.android.server.pm.PackageManagerShellCommand.onCommand(PackageManagerShellCommand.java:291)
	at com.android.modules.utils.BasicShellCommandHandler.exec(BasicShellCommandHandler.java:97)
	at android.os.ShellCommand.exec(ShellCommand.java:38)
	at com.android.server.pm.PackageManagerService$IPackageManagerImpl.onShellCommand(PackageManagerService.java:6350)
	at android.os.Binder.shellCommand(Binder.java:1068)
	at android.os.Binder.onTransact(Binder.java:888)
	at android.content.pm.IPackageManager$Stub.onTransact(IPackageManager.java:4352)
	at com.android.server.pm.PackageManagerService$IPackageManagerImpl.onTransact(PackageManagerService.java:6334)
	at android.os.Binder.execTransactInternal(Binder.java:1344)
	at android.os.Binder.execTransact(Binder.java:1275)

14:28:16.843 [DEBUG] maestro.Maestro.setPermissionInternal: Failed to set permission com.oppo.launcher.permission.WRITE_SETTINGS for app fi.iwa.sakani: shell command failed (exit -1): 
Exception occurred while executing 'grant':
java.lang.IllegalArgumentException: Unknown permission: com.oppo.launcher.permission.WRITE_SETTINGS
	at com.android.server.pm.permission.PermissionManagerServiceImpl.grantRuntimePermissionInternal(PermissionManagerServiceImpl.java:1380)
	at com.android.server.pm.permission.PermissionManagerServiceImpl.grantRuntimePermission(PermissionManagerServiceImpl.java:1337)
	at com.android.server.pm.permission.PermissionManagerService.grantRuntimePermission(PermissionManagerService.java:551)
	at android.permission.PermissionManager.grantRuntimePermission(PermissionManager.java:609)
	at com.android.server.pm.PackageManagerShellCommand.runGrantRevokePermission(PackageManagerShellCommand.java:2672)
	at com.android.server.pm.PackageManagerShellCommand.onCommand(PackageManagerShellCommand.java:291)
	at com.android.modules.utils.BasicShellCommandHandler.exec(BasicShellCommandHandler.java:97)
	at android.os.ShellCommand.exec(ShellCommand.java:38)
	at com.android.server.pm.PackageManagerService$IPackageManagerImpl.onShellCommand(PackageManagerService.java:6350)
	at android.os.Binder.shellCommand(Binder.java:1068)
	at android.os.Binder.onTransact(Binder.java:888)
	at android.content.pm.IPackageManager$Stub.onTransact(IPackageManager.java:4352)
	at com.android.server.pm.PackageManagerService$IPackageManagerImpl.onTransact(PackageManagerService.java:6334)
	at android.os.Binder.execTransactInternal(Binder.java:1344)
	at android.os.Binder.execTransact(Binder.java:1275)

14:28:16.880 [DEBUG] maestro.Maestro.setPermissionInternal: Failed to set permission me.everything.badger.permission.BADGE_COUNT_READ for app fi.iwa.sakani: shell command failed (exit -1): 
Exception occurred while executing 'grant':
java.lang.IllegalArgumentException: Unknown permission: me.everything.badger.permission.BADGE_COUNT_READ
	at com.android.server.pm.permission.PermissionManagerServiceImpl.grantRuntimePermissionInternal(PermissionManagerServiceImpl.java:1380)
	at com.android.server.pm.permission.PermissionManagerServiceImpl.grantRuntimePermission(PermissionManagerServiceImpl.java:1337)
	at com.android.server.pm.permission.PermissionManagerService.grantRuntimePermission(PermissionManagerService.java:551)
	at android.permission.PermissionManager.grantRuntimePermission(PermissionManager.java:609)
	at com.android.server.pm.PackageManagerShellCommand.runGrantRevokePermission(PackageManagerShellCommand.java:2672)
	at com.android.server.pm.PackageManagerShellCommand.onCommand(PackageManagerShellCommand.java:291)
	at com.android.modules.utils.BasicShellCommandHandler.exec(BasicShellCommandHandler.java:97)
	at android.os.ShellCommand.exec(ShellCommand.java:38)
	at com.android.server.pm.PackageManagerService$IPackageManagerImpl.onShellCommand(PackageManagerService.java:6350)
	at android.os.Binder.shellCommand(Binder.java:1068)
	at android.os.Binder.onTransact(Binder.java:888)
	at android.content.pm.IPackageManager$Stub.onTransact(IPackageManager.java:4352)
	at com.android.server.pm.PackageManagerService$IPackageManagerImpl.onTransact(PackageManagerService.java:6334)
	at android.os.Binder.execTransactInternal(Binder.java:1344)
	at android.os.Binder.execTransact(Binder.java:1275)

14:28:16.908 [DEBUG] maestro.Maestro.setPermissionInternal: Failed to set permission me.everything.badger.permission.BADGE_COUNT_WRITE for app fi.iwa.sakani: shell command failed (exit -1): 
Exception occurred while executing 'grant':
java.lang.IllegalArgumentException: Unknown permission: me.everything.badger.permission.BADGE_COUNT_WRITE
	at com.android.server.pm.permission.PermissionManagerServiceImpl.grantRuntimePermissionInternal(PermissionManagerServiceImpl.java:1380)
	at com.android.server.pm.permission.PermissionManagerServiceImpl.grantRuntimePermission(PermissionManagerServiceImpl.java:1337)
	at com.android.server.pm.permission.PermissionManagerService.grantRuntimePermission(PermissionManagerService.java:551)
	at android.permission.PermissionManager.grantRuntimePermission(PermissionManager.java:609)
	at com.android.server.pm.PackageManagerShellCommand.runGrantRevokePermission(PackageManagerShellCommand.java:2672)
	at com.android.server.pm.PackageManagerShellCommand.onCommand(PackageManagerShellCommand.java:291)
	at com.android.modules.utils.BasicShellCommandHandler.exec(BasicShellCommandHandler.java:97)
	at android.os.ShellCommand.exec(ShellCommand.java:38)
	at com.android.server.pm.PackageManagerService$IPackageManagerImpl.onShellCommand(PackageManagerService.java:6350)
	at android.os.Binder.shellCommand(Binder.java:1068)
	at android.os.Binder.onTransact(Binder.java:888)
	at android.content.pm.IPackageManager$Stub.onTransact(IPackageManager.java:4352)
	at com.android.server.pm.PackageManagerService$IPackageManagerImpl.onTransact(PackageManagerService.java:6334)
	at android.os.Binder.execTransactInternal(Binder.java:1344)
	at android.os.Binder.execTransact(Binder.java:1275)

14:28:17.121 [ INFO] maestro.Maestro.launchApp$lambda$5: Launching app fi.iwa.sakani
14:28:17.121 [ INFO] maestro.Maestro.launchApp$lambda$5: Stopping fi.iwa.sakani app during launch
14:28:17.450 [ INFO] maestro.cli.runner.MaestroCommandRunner.runCommands$lambda$2: Launch app "fi.iwa.sakani" COMPLETED
14:28:17.452 [ INFO] maestro.cli.runner.MaestroCommandRunner.runCommands$lambda$0: Run subflows/clear-overlays.yaml RUNNING
14:28:17.476 [ INFO] maestro.cli.runner.MaestroCommandRunner.runCommands$lambda$11: Run subflows/clear-overlays.yaml metadata CommandMetadata(numberOfRuns=null, evaluatedCommand=MaestroCommand(runFlowCommand=RunFlowCommand(commands=[MaestroCommand(defineVariablesCommand=DefineVariablesCommand(env={ANCHOR=Account\s*Tab 4 of 4}, label=null, optional=false)), MaestroCommand(applyConfigurationCommand=ApplyConfigurationCommand(config=MaestroConfig(appId=fi.iwa.sakani, name=Clear first-run and promo overlays, tags=[], ext={}, onFlowStart=null, onFlowComplete=null, properties={}), label=null, optional=false)), MaestroCommand(repeatCommand=RepeatCommand(times=20, condition=Condition(platform=null, visible=null, notVisible=ElementSelector(textRegex=${ANCHOR}, idRegex=null, size=null, below=null, above=null, leftOf=null, rightOf=null, containsChild=null, containsDescendants=null, traits=null, index=null, enabled=null, optional=false, selected=null, checked=null, focused=null, childOf=null, css=null), scriptCondition=null, label=null), commands=[MaestroCommand(runFlowCommand=RunFlowCommand(commands=[MaestroCommand(tapOnElementCommand=TapOnElementCommand(selector=ElementSelector(textRegex=Don.t allow, idRegex=null, size=null, below=null, above=null, leftOf=null, rightOf=null, containsChild=null, containsDescendants=null, traits=null, index=null, enabled=null, optional=false, selected=null, checked=null, focused=null, childOf=null, css=null), retryIfNoChange=false, waitUntilVisible=false, longPress=false, repeat=null, waitToSettleTimeoutMs=null, relativePoint=null, label=null, optional=false)), MaestroCommand(waitForAnimationToEndCommand=WaitForAnimationToEndCommand(timeout=3000, label=null, optional=false))], condition=Condition(platform=null, visible=ElementSelector(textRegex=Don.t allow, idRegex=null, size=null, below=null, above=null, leftOf=null, rightOf=null, containsChild=null, containsDescendants=null, traits=null, index=null, enabled=null, optional=false, selected=null, checked=null, focused=null, childOf=null, css=null), notVisible=null, scriptCondition=null, label=null), sourceDescription=null, config=null, label=null, optional=false)), MaestroCommand(runFlowCommand=RunFlowCommand(commands=[MaestroCommand(tapOnElementCommand=TapOnElementCommand(selector=ElementSelector(textRegex=Skip, idRegex=null, size=null, below=null, above=null, leftOf=null, rightOf=null, containsChild=null, containsDescendants=null, traits=null, index=null, enabled=null, optional=false, selected=null, checked=null, focused=null, childOf=null, css=null), retryIfNoChange=false, waitUntilVisible=false, longPress=false, repeat=null, waitToSettleTimeoutMs=null, relativePoint=null, label=null, optional=false)), MaestroCommand(waitForAnimationToEndCommand=WaitForAnimationToEndCommand(timeout=3000, label=null, optional=false))], condition=Condition(platform=null, visible=ElementSelector(textRegex=Skip, idRegex=null, size=null, below=null, above=null, leftOf=null, rightOf=null, containsChild=null, containsDescendants=null, traits=null, index=null, enabled=null, optional=false, selected=null, checked=null, focused=null, childOf=null, css=null), notVisible=null, scriptCondition=null, label=null), sourceDescription=null, config=null, label=null, optional=false)), MaestroCommand(runFlowCommand=RunFlowCommand(commands=[MaestroCommand(tapOnElementCommand=TapOnElementCommand(selector=ElementSelector(textRegex=Dismiss, idRegex=null, size=null, below=null, above=null, leftOf=null, rightOf=null, containsChild=null, containsDescendants=null, traits=null, index=null, enabled=null, optional=false, selected=null, checked=null, focused=null, childOf=null, css=null), retryIfNoChange=false, waitUntilVisible=false, longPress=false, repeat=null, waitToSettleTimeoutMs=null, relativePoint=null, label=null, optional=false)), MaestroCommand(waitForAnimationToEndCommand=WaitForAnimationToEndCommand(timeout=3000, label=null, optional=false))], condition=Condition(platform=null, visible=ElementSelector(textRegex=Dismiss, idRegex=null, size=null, below=null, above=null, leftOf=null, rightOf=null, containsChild=null, containsDescendants=null, traits=null, index=null, enabled=null, optional=false, selected=null, checked=null, focused=null, childOf=null, css=null), notVisible=null, scriptCondition=null, label=null), sourceDescription=null, config=null, label=null, optional=false)), MaestroCommand(runFlowCommand=RunFlowCommand(commands=[MaestroCommand(tapOnElementCommand=TapOnElementCommand(selector=ElementSelector(textRegex=Ok, idRegex=null, size=null, below=null, above=null, leftOf=null, rightOf=null, containsChild=null, containsDescendants=null, traits=null, index=null, enabled=null, optional=false, selected=null, checked=null, focused=null, childOf=null, css=null), retryIfNoChange=false, waitUntilVisible=false, longPress=false, repeat=null, waitToSettleTimeoutMs=null, relativePoint=null, label=null, optional=false)), MaestroCommand(waitForAnimationToEndCommand=WaitForAnimationToEndCommand(timeout=3000, label=null, optional=false))], condition=Condition(platform=null, visible=ElementSelector(textRegex=Ok, idRegex=null, size=null, below=null, above=null, leftOf=null, rightOf=null, containsChild=null, containsDescendants=null, traits=null, index=null, enabled=null, optional=false, selected=null, checked=null, focused=null, childOf=null, css=null), notVisible=null, scriptCondition=null, label=null), sourceDescription=null, config=null, label=null, optional=false)), MaestroCommand(runFlowCommand=RunFlowCommand(commands=[MaestroCommand(backPressCommand=BackPressCommand()), MaestroCommand(waitForAnimationToEndCommand=WaitForAnimationToEndCommand(timeout=3000, label=null, optional=false))], condition=Condition(platform=null, visible=ElementSelector(textRegex=Marketplace Day, idRegex=null, size=null, below=null, above=null, leftOf=null, rightOf=null, containsChild=null, containsDescendants=null, traits=null, index=null, enabled=null, optional=false, selected=null, checked=null, focused=null, childOf=null, css=null), notVisible=null, scriptCondition=null, label=null), sourceDescription=null, config=null, label=null, optional=false)), MaestroCommand(runFlowCommand=RunFlowCommand(commands=[MaestroCommand(backPressCommand=BackPressCommand()), MaestroCommand(waitForAnimationToEndCommand=WaitForAnimationToEndCommand(timeout=3000, label=null, optional=false))], condition=Condition(platform=null, visible=ElementSelector(textRegex=Start comparing properties, idRegex=null, size=null, below=null, above=null, leftOf=null, rightOf=null, containsChild=null, containsDescendants=null, traits=null, index=null, enabled=null, optional=false, selected=null, checked=null, focused=null, childOf=null, css=null), notVisible=null, scriptCondition=null, label=null), sourceDescription=null, config=null, label=null, optional=false)), MaestroCommand(runFlowCommand=RunFlowCommand(commands=[MaestroCommand(backPressCommand=BackPressCommand()), MaestroCommand(waitForAnimationToEndCommand=WaitForAnimationToEndCommand(timeout=3000, label=null, optional=false))], condition=Condition(platform=null, visible=ElementSelector(textRegex=Go to the weekly (offer|deal), idRegex=null, size=null, below=null, above=null, leftOf=null, rightOf=null, containsChild=null, containsDescendants=null, traits=null, index=null, enabled=null, optional=false, selected=null, checked=null, focused=null, childOf=null, css=null), notVisible=null, scriptCondition=null, label=null), sourceDescription=null, config=null, label=null, optional=false)), MaestroCommand(runFlowCommand=RunFlowCommand(commands=[MaestroCommand(backPressCommand=BackPressCommand()), MaestroCommand(waitForAnimationToEndCommand=WaitForAnimationToEndCommand(timeout=3000, label=null, optional=false))], condition=Condition(platform=null, visible=ElementSelector(textRegex=Update email, idRegex=null, size=null, below=null, above=null, leftOf=null, rightOf=null, containsChild=null, containsDescendants=null, traits=null, index=null, enabled=null, optional=false, selected=null, checked=null, focused=null, childOf=null, css=null), notVisible=null, scriptCondition=null, label=null), sourceDescription=null, config=null, label=null, optional=false)), MaestroCommand(runFlowCommand=RunFlowCommand(commands=[MaestroCommand(tapOnPointV2Command=TapOnPointV2Command(point=7%,9%, retryIfNoChange=false, longPress=false, repeat=null, waitToSettleTimeoutMs=null, label=null, optional=false)), MaestroCommand(waitForAnimationToEndCommand=WaitForAnimationToEndCommand(timeout=4000, label=null, optional=false))], condition=Condition(platform=null, visible=ElementSelector(textRegex=Number and Email Already Linked, idRegex=null, size=null, below=null, above=null, leftOf=null, rightOf=null, containsChild=null, containsDescendants=null, traits=null, index=null, enabled=null, optional=false, selected=null, checked=null, focused=null, childOf=null, css=null), notVisible=null, scriptCondition=null, label=null), sourceDescription=null, config=null, label=null, optional=false)), MaestroCommand(runFlowCommand=RunFlowCommand(commands=[MaestroCommand(swipeCommand=SwipeCommand(direction=null, startPoint=null, endPoint=null, elementSelector=null, startRelative=50%,73%, endRelative=50%,97%, duration=400, waitToSettleTimeoutMs=null, relativePoint=null, label=null, optional=false)), MaestroCommand(waitForAnimationToEndCommand=WaitForAnimationToEndCommand(timeout=4000, label=null, optional=false))], condition=Condition(platform=null, visible=ElementSelector(textRegex=(?s).*would you recommend benefiting from Sakani.*, idRegex=null, size=null, below=null, above=null, leftOf=null, rightOf=null, containsChild=null, containsDescendants=null, traits=null, index=null, enabled=null, optional=false, selected=null, checked=null, focused=null, childOf=null, css=null), notVisible=null, scriptCondition=null, label=null), sourceDescription=null, config=null, label=null, optional=false)), MaestroCommand(runFlowCommand=RunFlowCommand(commands=[MaestroCommand(tapOnElementCommand=TapOnElementCommand(selector=ElementSelector(textRegex=Maybe Later, idRegex=null, size=null, below=null, above=null, leftOf=null, rightOf=null, containsChild=null, containsDescendants=null, traits=null, index=null, enabled=null, optional=false, selected=null, checked=null, focused=null, childOf=null, css=null), retryIfNoChange=false, waitUntilVisible=false, longPress=false, repeat=null, waitToSettleTimeoutMs=null, relativePoint=null, label=null, optional=false)), MaestroCommand(waitForAnimationToEndCommand=WaitForAnimationToEndCommand(timeout=3000, label=null, optional=false))], condition=Condition(platform=null, visible=ElementSelector(textRegex=Maybe Later, idRegex=null, size=null, below=null, above=null, leftOf=null, rightOf=null, containsChild=null, containsDescendants=null, traits=null, index=null, enabled=null, optional=false, selected=null, checked=null, focused=null, childOf=null, css=null), notVisible=null, scriptCondition=null, label=null), sourceDescription=null, config=null, label=null, optional=false)), MaestroCommand(runFlowCommand=RunFlowCommand(commands=[MaestroCommand(tapOnElementCommand=TapOnElementCommand(selector=ElementSelector(textRegex=Reject cookies, idRegex=null, size=null, below=null, above=null, leftOf=null, rightOf=null, containsChild=null, containsDescendants=null, traits=null, index=null, enabled=null, optional=false, selected=null, checked=null, focused=null, childOf=null, css=null), retryIfNoChange=false, waitUntilVisible=false, longPress=false, repeat=null, waitToSettleTimeoutMs=null, relativePoint=null, label=null, optional=false)), MaestroCommand(waitForAnimationToEndCommand=WaitForAnimationToEndCommand(timeout=4000, label=null, optional=false))], condition=Condition(platform=null, visible=ElementSelector(textRegex=Reject cookies, idRegex=null, size=null, below=null, above=null, leftOf=null, rightOf=null, containsChild=null, containsDescendants=null, traits=null, index=null, enabled=null, optional=false, selected=null, checked=null, focused=null, childOf=null, css=null), notVisible=null, scriptCondition=null, label=null), sourceDescription=null, config=null, label=null, optional=false)), MaestroCommand(runFlowCommand=RunFlowCommand(commands=[MaestroCommand(waitForAnimationToEndCommand=WaitForAnimationToEndCommand(timeout=5000, label=null, optional=false))], condition=Condition(platform=null, visible=null, notVisible=ElementSelector(textRegex=${ANCHOR}, idRegex=null, size=null, below=null, above=null, leftOf=null, rightOf=null, containsChild=null, containsDescendants=null, traits=null, index=null, enabled=null, optional=false, selected=null, checked=null, focused=null, childOf=null, css=null), scriptCondition=null, label=null), sourceDescription=null, config=null, label=null, optional=false))], label=null, optional=false))], condition=null, sourceDescription=subflows/clear-overlays.yaml, config=MaestroConfig(appId=fi.iwa.sakani, name=Clear first-run and promo overlays, tags=[], ext={}, onFlowStart=null, onFlowComplete=null, properties={}), label=null, optional=false)), logMessages=[], insight=Insight(message=, level=NONE), aiReasoning=null, labeledCommand=null)
14:28:17.482 [ INFO] maestro.cli.runner.MaestroCommandRunner.runCommands$lambda$0: Define variables RUNNING
14:28:17.483 [ INFO] maestro.cli.runner.MaestroCommandRunner.runCommands$lambda$11: Define variables metadata CommandMetadata(numberOfRuns=null, evaluatedCommand=MaestroCommand(defineVariablesCommand=DefineVariablesCommand(env={ANCHOR=Account\s*Tab 4 of 4}, label=null, optional=false)), logMessages=[], insight=Insight(message=, level=NONE), aiReasoning=null, labeledCommand=null)
14:28:17.484 [ INFO] maestro.cli.runner.MaestroCommandRunner.runCommands$lambda$2: Define variables COMPLETED
14:28:17.485 [ INFO] maestro.cli.runner.MaestroCommandRunner.runCommands$lambda$0: Apply configuration RUNNING
14:28:17.486 [ INFO] maestro.cli.runner.MaestroCommandRunner.runCommands$lambda$11: Apply configuration metadata CommandMetadata(numberOfRuns=null, evaluatedCommand=MaestroCommand(applyConfigurationCommand=ApplyConfigurationCommand(config=MaestroConfig(appId=fi.iwa.sakani, name=Clear first-run and promo overlays, tags=[], ext={}, onFlowStart=null, onFlowComplete=null, properties={}), label=null, optional=false)), logMessages=[], insight=Insight(message=, level=NONE), aiReasoning=null, labeledCommand=null)
14:28:17.487 [ INFO] maestro.cli.runner.MaestroCommandRunner.runCommands$lambda$2: Apply configuration COMPLETED
14:28:17.487 [ INFO] maestro.cli.runner.MaestroCommandRunner.runCommands$lambda$0: Repeat while "${ANCHOR}" is not visible (up to 20 times) RUNNING
14:28:17.490 [ INFO] maestro.cli.runner.MaestroCommandRunner.runCommands$lambda$11: Repeat while "${ANCHOR}" is not visible (up to 20 times) metadata CommandMetadata(numberOfRuns=null, evaluatedCommand=MaestroCommand(repeatCommand=RepeatCommand(times=20, condition=Condition(platform=null, visible=null, notVisible=ElementSelector(textRegex=${ANCHOR}, idRegex=null, size=null, below=null, above=null, leftOf=null, rightOf=null, containsChild=null, containsDescendants=null, traits=null, index=null, enabled=null, optional=false, selected=null, checked=null, focused=null, childOf=null, css=null), scriptCondition=null, label=null), commands=[MaestroCommand(runFlowCommand=RunFlowCommand(commands=[MaestroCommand(tapOnElementCommand=TapOnElementCommand(selector=ElementSelector(textRegex=Don.t allow, idRegex=null, size=null, below=null, above=null, leftOf=null, rightOf=null, containsChild=null, containsDescendants=null, traits=null, index=null, enabled=null, optional=false, selected=null, checked=null, focused=null, childOf=null, css=null), retryIfNoChange=false, waitUntilVisible=false, longPress=false, repeat=null, waitToSettleTimeoutMs=null, relativePoint=null, label=null, optional=false)), MaestroCommand(waitForAnimationToEndCommand=WaitForAnimationToEndCommand(timeout=3000, label=null, optional=false))], condition=Condition(platform=null, visible=ElementSelector(textRegex=Don.t allow, idRegex=null, size=null, below=null, above=null, leftOf=null, rightOf=null, containsChild=null, containsDescendants=null, traits=null, index=null, enabled=null, optional=false, selected=null, checked=null, focused=null, childOf=null, css=null), notVisible=null, scriptCondition=null, label=null), sourceDescription=null, config=null, label=null, optional=false)), MaestroCommand(runFlowCommand=RunFlowCommand(commands=[MaestroCommand(tapOnElementCommand=TapOnElementCommand(selector=ElementSelector(textRegex=Skip, idRegex=null, size=null, below=null, above=null, leftOf=null, rightOf=null, containsChild=null, containsDescendants=null, traits=null, index=null, enabled=null, optional=false, selected=null, checked=null, focused=null, childOf=null, css=null), retryIfNoChange=false, waitUntilVisible=false, longPress=false, repeat=null, waitToSettleTimeoutMs=null, relativePoint=null, label=null, optional=false)), MaestroCommand(waitForAnimationToEndCommand=WaitForAnimationToEndCommand(timeout=3000, label=null, optional=false))], condition=Condition(platform=null, visible=ElementSelector(textRegex=Skip, idRegex=null, size=null, below=null, above=null, leftOf=null, rightOf=null, containsChild=null, containsDescendants=null, traits=null, index=null, enabled=null, optional=false, selected=null, checked=null, focused=null, childOf=null, css=null), notVisible=null, scriptCondition=null, label=null), sourceDescription=null, config=null, label=null, optional=false)), MaestroCommand(runFlowCommand=RunFlowCommand(commands=[MaestroCommand(tapOnElementCommand=TapOnElementCommand(selector=ElementSelector(textRegex=Dismiss, idRegex=null, size=null, below=null, above=null, leftOf=null, rightOf=null, containsChild=null, containsDescendants=null, traits=null, index=null, enabled=null, optional=false, selected=null, checked=null, focused=null, childOf=null, css=null), retryIfNoChange=false, waitUntilVisible=false, longPress=false, repeat=null, waitToSettleTimeoutMs=null, relativePoint=null, label=null, optional=false)), MaestroCommand(waitForAnimationToEndCommand=WaitForAnimationToEndCommand(timeout=3000, label=null, optional=false))], condition=Condition(platform=null, visible=ElementSelector(textRegex=Dismiss, idRegex=null, size=null, below=null, above=null, leftOf=null, rightOf=null, containsChild=null, containsDescendants=null, traits=null, index=null, enabled=null, optional=false, selected=null, checked=null, focused=null, childOf=null, css=null), notVisible=null, scriptCondition=null, label=null), sourceDescription=null, config=null, label=null, optional=false)), MaestroCommand(runFlowCommand=RunFlowCommand(commands=[MaestroCommand(tapOnElementCommand=TapOnElementCommand(selector=ElementSelector(textRegex=Ok, idRegex=null, size=null, below=null, above=null, leftOf=null, rightOf=null, containsChild=null, containsDescendants=null, traits=null, index=null, enabled=null, optional=false, selected=null, checked=null, focused=null, childOf=null, css=null), retryIfNoChange=false, waitUntilVisible=false, longPress=false, repeat=null, waitToSettleTimeoutMs=null, relativePoint=null, label=null, optional=false)), MaestroCommand(waitForAnimationToEndCommand=WaitForAnimationToEndCommand(timeout=3000, label=null, optional=false))], condition=Condition(platform=null, visible=ElementSelector(textRegex=Ok, idRegex=null, size=null, below=null, above=null, leftOf=null, rightOf=null, containsChild=null, containsDescendants=null, traits=null, index=null, enabled=null, optional=false, selected=null, checked=null, focused=null, childOf=null, css=null), notVisible=null, scriptCondition=null, label=null), sourceDescription=null, config=null, label=null, optional=false)), MaestroCommand(runFlowCommand=RunFlowCommand(commands=[MaestroCommand(backPressCommand=BackPressCommand()), MaestroCommand(waitForAnimationToEndCommand=WaitForAnimationToEndCommand(timeout=3000, label=null, optional=false))], condition=Condition(platform=null, visible=ElementSelector(textRegex=Marketplace Day, idRegex=null, size=null, below=null, above=null, leftOf=null, rightOf=null, containsChild=null, containsDescendants=null, traits=null, index=null, enabled=null, optional=false, selected=null, checked=null, focused=null, childOf=null, css=null), notVisible=null, scriptCondition=null, label=null), sourceDescription=null, config=null, label=null, optional=false)), MaestroCommand(runFlowCommand=RunFlowCommand(commands=[MaestroCommand(backPressCommand=BackPressCommand()), MaestroCommand(waitForAnimationToEndCommand=WaitForAnimationToEndCommand(timeout=3000, label=null, optional=false))], condition=Condition(platform=null, visible=ElementSelector(textRegex=Start comparing properties, idRegex=null, size=null, below=null, above=null, leftOf=null, rightOf=null, containsChild=null, containsDescendants=null, traits=null, index=null, enabled=null, optional=false, selected=null, checked=null, focused=null, childOf=null, css=null), notVisible=null, scriptCondition=null, label=null), sourceDescription=null, config=null, label=null, optional=false)), MaestroCommand(runFlowCommand=RunFlowCommand(commands=[MaestroCommand(backPressCommand=BackPressCommand()), MaestroCommand(waitForAnimationToEndCommand=WaitForAnimationToEndCommand(timeout=3000, label=null, optional=false))], condition=Condition(platform=null, visible=ElementSelector(textRegex=Go to the weekly (offer|deal), idRegex=null, size=null, below=null, above=null, leftOf=null, rightOf=null, containsChild=null, containsDescendants=null, traits=null, index=null, enabled=null, optional=false, selected=null, checked=null, focused=null, childOf=null, css=null), notVisible=null, scriptCondition=null, label=null), sourceDescription=null, config=null, label=null, optional=false)), MaestroCommand(runFlowCommand=RunFlowCommand(commands=[MaestroCommand(backPressCommand=BackPressCommand()), MaestroCommand(waitForAnimationToEndCommand=WaitForAnimationToEndCommand(timeout=3000, label=null, optional=false))], condition=Condition(platform=null, visible=ElementSelector(textRegex=Update email, idRegex=null, size=null, below=null, above=null, leftOf=null, rightOf=null, containsChild=null, containsDescendants=null, traits=null, index=null, enabled=null, optional=false, selected=null, checked=null, focused=null, childOf=null, css=null), notVisible=null, scriptCondition=null, label=null), sourceDescription=null, config=null, label=null, optional=false)), MaestroCommand(runFlowCommand=RunFlowCommand(commands=[MaestroCommand(tapOnPointV2Command=TapOnPointV2Command(point=7%,9%, retryIfNoChange=false, longPress=false, repeat=null, waitToSettleTimeoutMs=null, label=null, optional=false)), MaestroCommand(waitForAnimationToEndCommand=WaitForAnimationToEndCommand(timeout=4000, label=null, optional=false))], condition=Condition(platform=null, visible=ElementSelector(textRegex=Number and Email Already Linked, idRegex=null, size=null, below=null, above=null, leftOf=null, rightOf=null, containsChild=null, containsDescendants=null, traits=null, index=null, enabled=null, optional=false, selected=null, checked=null, focused=null, childOf=null, css=null), notVisible=null, scriptCondition=null, label=null), sourceDescription=null, config=null, label=null, optional=false)), MaestroCommand(runFlowCommand=RunFlowCommand(commands=[MaestroCommand(swipeCommand=SwipeCommand(direction=null, startPoint=null, endPoint=null, elementSelector=null, startRelative=50%,73%, endRelative=50%,97%, duration=400, waitToSettleTimeoutMs=null, relativePoint=null, label=null, optional=false)), MaestroCommand(waitForAnimationToEndCommand=WaitForAnimationToEndCommand(timeout=4000, label=null, optional=false))], condition=Condition(platform=null, visible=ElementSelector(textRegex=(?s).*would you recommend benefiting from Sakani.*, idRegex=null, size=null, below=null, above=null, leftOf=null, rightOf=null, containsChild=null, containsDescendants=null, traits=null, index=null, enabled=null, optional=false, selected=null, checked=null, focused=null, childOf=null, css=null), notVisible=null, scriptCondition=null, label=null), sourceDescription=null, config=null, label=null, optional=false)), MaestroCommand(runFlowCommand=RunFlowCommand(commands=[MaestroCommand(tapOnElementCommand=TapOnElementCommand(selector=ElementSelector(textRegex=Maybe Later, idRegex=null, size=null, below=null, above=null, leftOf=null, rightOf=null, containsChild=null, containsDescendants=null, traits=null, index=null, enabled=null, optional=false, selected=null, checked=null, focused=null, childOf=null, css=null), retryIfNoChange=false, waitUntilVisible=false, longPress=false, repeat=null, waitToSettleTimeoutMs=null, relativePoint=null, label=null, optional=false)), MaestroCommand(waitForAnimationToEndCommand=WaitForAnimationToEndCommand(timeout=3000, label=null, optional=false))], condition=Condition(platform=null, visible=ElementSelector(textRegex=Maybe Later, idRegex=null, size=null, below=null, above=null, leftOf=null, rightOf=null, containsChild=null, containsDescendants=null, traits=null, index=null, enabled=null, optional=false, selected=null, checked=null, focused=null, childOf=null, css=null), notVisible=null, scriptCondition=null, label=null), sourceDescription=null, config=null, label=null, optional=false)), MaestroCommand(runFlowCommand=RunFlowCommand(commands=[MaestroCommand(tapOnElementCommand=TapOnElementCommand(selector=ElementSelector(textRegex=Reject cookies, idRegex=null, size=null, below=null, above=null, leftOf=null, rightOf=null, containsChild=null, containsDescendants=null, traits=null, index=null, enabled=null, optional=false, selected=null, checked=null, focused=null, childOf=null, css=null), retryIfNoChange=false, waitUntilVisible=false, longPress=false, repeat=null, waitToSettleTimeoutMs=null, relativePoint=null, label=null, optional=false)), MaestroCommand(waitForAnimationToEndCommand=WaitForAnimationToEndCommand(timeout=4000, label=null, optional=false))], condition=Condition(platform=null, visible=ElementSelector(textRegex=Reject cookies, idRegex=null, size=null, below=null, above=null, leftOf=null, rightOf=null, containsChild=null, containsDescendants=null, traits=null, index=null, enabled=null, optional=false, selected=null, checked=null, focused=null, childOf=null, css=null), notVisible=null, scriptCondition=null, label=null), sourceDescription=null, config=null, label=null, optional=false)), MaestroCommand(runFlowCommand=RunFlowCommand(commands=[MaestroCommand(waitForAnimationToEndCommand=WaitForAnimationToEndCommand(timeout=5000, label=null, optional=false))], condition=Condition(platform=null, visible=null, notVisible=ElementSelector(textRegex=${ANCHOR}, idRegex=null, size=null, below=null, above=null, leftOf=null, rightOf=null, containsChild=null, containsDescendants=null, traits=null, index=null, enabled=null, optional=false, selected=null, checked=null, focused=null, childOf=null, css=null), scriptCondition=null, label=null), sourceDescription=null, config=null, label=null, optional=false))], label=null, optional=false)), logMessages=[], insight=Insight(message=, level=NONE), aiReasoning=null, labeledCommand=null)
14:28:21.684 [ INFO] maestro.cli.runner.MaestroCommandRunner.runCommands$lambda$0: Run flow when "Don.t allow" is visible RUNNING
14:28:21.686 [ INFO] maestro.cli.runner.MaestroCommandRunner.runCommands$lambda$11: Run flow when "Don.t allow" is visible metadata CommandMetadata(numberOfRuns=null, evaluatedCommand=MaestroCommand(runFlowCommand=RunFlowCommand(commands=[MaestroCommand(tapOnElementCommand=TapOnElementCommand(selector=ElementSelector(textRegex=Don.t allow, idRegex=null, size=null, below=null, above=null, leftOf=null, rightOf=null, containsChild=null, containsDescendants=null, traits=null, index=null, enabled=null, optional=false, selected=null, checked=null, focused=null, childOf=null, css=null), retryIfNoChange=false, waitUntilVisible=false, longPress=false, repeat=null, waitToSettleTimeoutMs=null, relativePoint=null, label=null, optional=false)), MaestroCommand(waitForAnimationToEndCommand=WaitForAnimationToEndCommand(timeout=3000, label=null, optional=false))], condition=Condition(platform=null, visible=ElementSelector(textRegex=Don.t allow, idRegex=null, size=null, below=null, above=null, leftOf=null, rightOf=null, containsChild=null, containsDescendants=null, traits=null, index=null, enabled=null, optional=false, selected=null, checked=null, focused=null, childOf=null, css=null), notVisible=null, scriptCondition=null, label=null), sourceDescription=null, config=null, label=null, optional=false)), logMessages=[], insight=Insight(message=, level=NONE), aiReasoning=null, labeledCommand=null)
14:28:21.700 [ERROR] maestro.cli.session.MaestroSessionManager.newSession$lambda$0: Failed to record heartbeat
java.io.IOException: The process cannot access the file because another process has locked a portion of the file
	at java.base/java.io.FileOutputStream.writeBytes(Native Method)
	at java.base/java.io.FileOutputStream.write(FileOutputStream.java:332)
	at kotlin.io.FilesKt__FileReadWriteKt.writeTextImpl(FileReadWrite.kt:160)
	at kotlin.io.FilesKt__FileReadWriteKt.writeText(FileReadWrite.kt:145)
	at kotlin.io.FilesKt__FileReadWriteKt.writeText$default(FileReadWrite.kt:144)
	at maestro.cli.db.KeyValueStore.commit(KeyValueStore.kt:50)
	at maestro.cli.db.KeyValueStore.set$lambda$3$lambda$2(KeyValueStore.kt:23)
	at maestro.cli.db.KeyValueStore.withFileLock(KeyValueStore.kt:62)
	at maestro.cli.db.KeyValueStore.set(KeyValueStore.kt:20)
	at maestro.cli.session.SessionStore.heartbeat(SessionStore.kt:12)
	at maestro.cli.session.MaestroSessionManager.newSession$lambda$0(MaestroSessionManager.kt:98)
	at java.base/java.util.concurrent.Executors$RunnableAdapter.call(Executors.java:545)
	at java.base/java.util.concurrent.FutureTask.runAndReset(FutureTask.java:371)
	at java.base/java.util.concurrent.ScheduledThreadPoolExecutor$ScheduledFutureTask.run(ScheduledThreadPoolExecutor.java:310)
	at java.base/java.util.concurrent.ThreadPoolExecutor.runWorker(ThreadPoolExecutor.java:1090)
	at java.base/java.util.concurrent.ThreadPoolExecutor$Worker.run(ThreadPoolExecutor.java:614)
	at java.base/java.lang.Thread.run(Thread.java:1516)
14:28:24.977 [ INFO] maestro.orchestra.Orchestra.executeSubflowCommands: [Command execution subflow] CommandSkipped: null
14:28:24.978 [ INFO] maestro.cli.runner.MaestroCommandRunner.runCommands$lambda$8: Run flow when "Don.t allow" is visible SKIPPED
14:28:24.979 [ INFO] maestro.cli.runner.MaestroCommandRunner.runCommands$lambda$0: Run flow when "Skip" is visible RUNNING
14:28:24.980 [ INFO] maestro.cli.runner.MaestroCommandRunner.runCommands$lambda$11: Run flow when "Skip" is visible metadata CommandMetadata(numberOfRuns=null, evaluatedCommand=MaestroCommand(runFlowCommand=RunFlowCommand(commands=[MaestroCommand(tapOnElementCommand=TapOnElementCommand(selector=ElementSelector(textRegex=Skip, idRegex=null, size=null, below=null, above=null, leftOf=null, rightOf=null, containsChild=null, containsDescendants=null, traits=null, index=null, enabled=null, optional=false, selected=null, checked=null, focused=null, childOf=null, css=null), retryIfNoChange=false, waitUntilVisible=false, longPress=false, repeat=null, waitToSettleTimeoutMs=null, relativePoint=null, label=null, optional=false)), MaestroCommand(waitForAnimationToEndCommand=WaitForAnimationToEndCommand(timeout=3000, label=null, optional=false))], condition=Condition(platform=null, visible=ElementSelector(textRegex=Skip, idRegex=null, size=null, below=null, above=null, leftOf=null, rightOf=null, containsChild=null, containsDescendants=null, traits=null, index=null, enabled=null, optional=false, selected=null, checked=null, focused=null, childOf=null, css=null), notVisible=null, scriptCondition=null, label=null), sourceDescription=null, config=null, label=null, optional=false)), logMessages=[], insight=Insight(message=, level=NONE), aiReasoning=null, labeledCommand=null)
14:28:25.806 [ INFO] maestro.orchestra.Orchestra.executeSubflowCommands: [Command execution subflow] CommandSkipped: null
14:28:25.807 [ INFO] maestro.cli.runner.MaestroCommandRunner.runCommands$lambda$8: Run flow when "Skip" is visible SKIPPED
14:28:25.809 [ INFO] maestro.cli.runner.MaestroCommandRunner.runCommands$lambda$0: Run flow when "Dismiss" is visible RUNNING
14:28:25.810 [ INFO] maestro.cli.runner.MaestroCommandRunner.runCommands$lambda$11: Run flow when "Dismiss" is visible metadata CommandMetadata(numberOfRuns=null, evaluatedCommand=MaestroCommand(runFlowCommand=RunFlowCommand(commands=[MaestroCommand(tapOnElementCommand=TapOnElementCommand(selector=ElementSelector(textRegex=Dismiss, idRegex=null, size=null, below=null, above=null, leftOf=null, rightOf=null, containsChild=null, containsDescendants=null, traits=null, index=null, enabled=null, optional=false, selected=null, checked=null, focused=null, childOf=null, css=null), retryIfNoChange=false, waitUntilVisible=false, longPress=false, repeat=null, waitToSettleTimeoutMs=null, relativePoint=null, label=null, optional=false)), MaestroCommand(waitForAnimationToEndCommand=WaitForAnimationToEndCommand(timeout=3000, label=null, optional=false))], condition=Condition(platform=null, visible=ElementSelector(textRegex=Dismiss, idRegex=null, size=null, below=null, above=null, leftOf=null, rightOf=null, containsChild=null, containsDescendants=null, traits=null, index=null, enabled=null, optional=false, selected=null, checked=null, focused=null, childOf=null, css=null), notVisible=null, scriptCondition=null, label=null), sourceDescription=null, config=null, label=null, optional=false)), logMessages=[], insight=Insight(message=, level=NONE), aiReasoning=null, labeledCommand=null)
14:28:26.290 [ INFO] maestro.orchestra.Orchestra.executeSubflowCommands: [Command execution subflow] CommandSkipped: null
14:28:26.290 [ INFO] maestro.cli.runner.MaestroCommandRunner.runCommands$lambda$8: Run flow when "Dismiss" is visible SKIPPED
14:28:26.292 [ INFO] maestro.cli.runner.MaestroCommandRunner.runCommands$lambda$0: Run flow when "Ok" is visible RUNNING
14:28:26.293 [ INFO] maestro.cli.runner.MaestroCommandRunner.runCommands$lambda$11: Run flow when "Ok" is visible metadata CommandMetadata(numberOfRuns=null, evaluatedCommand=MaestroCommand(runFlowCommand=RunFlowCommand(commands=[MaestroCommand(tapOnElementCommand=TapOnElementCommand(selector=ElementSelector(textRegex=Ok, idRegex=null, size=null, below=null, above=null, leftOf=null, rightOf=null, containsChild=null, containsDescendants=null, traits=null, index=null, enabled=null, optional=false, selected=null, checked=null, focused=null, childOf=null, css=null), retryIfNoChange=false, waitUntilVisible=false, longPress=false, repeat=null, waitToSettleTimeoutMs=null, relativePoint=null, label=null, optional=false)), MaestroCommand(waitForAnimationToEndCommand=WaitForAnimationToEndCommand(timeout=3000, label=null, optional=false))], condition=Condition(platform=null, visible=ElementSelector(textRegex=Ok, idRegex=null, size=null, below=null, above=null, leftOf=null, rightOf=null, containsChild=null, containsDescendants=null, traits=null, index=null, enabled=null, optional=false, selected=null, checked=null, focused=null, childOf=null, css=null), notVisible=null, scriptCondition=null, label=null), sourceDescription=null, config=null, label=null, optional=false)), logMessages=[], insight=Insight(message=, level=NONE), aiReasoning=null, labeledCommand=null)
14:28:26.701 [ERROR] maestro.cli.session.MaestroSessionManager.newSession$lambda$0: Failed to record heartbeat
java.io.IOException: The process cannot access the file because another process has locked a portion of the file
	at java.base/java.io.FileOutputStream.writeBytes(Native Method)
	at java.base/java.io.FileOutputStream.write(FileOutputStream.java:332)
	at kotlin.io.FilesKt__FileReadWriteKt.writeTextImpl(FileReadWrite.kt:160)
	at kotlin.io.FilesKt__FileReadWriteKt.writeText(FileReadWrite.kt:145)
	at kotlin.io.FilesKt__FileReadWriteKt.writeText$default(FileReadWrite.kt:144)
	at maestro.cli.db.KeyValueStore.commit(KeyValueStore.kt:50)
	at maestro.cli.db.KeyValueStore.set$lambda$3$lambda$2(KeyValueStore.kt:23)
	at maestro.cli.db.KeyValueStore.withFileLock(KeyValueStore.kt:62)
	at maestro.cli.db.KeyValueStore.set(KeyValueStore.kt:20)
	at maestro.cli.session.SessionStore.heartbeat(SessionStore.kt:12)
	at maestro.cli.session.MaestroSessionManager.newSession$lambda$0(MaestroSessionManager.kt:98)
	at java.base/java.util.concurrent.Executors$RunnableAdapter.call(Executors.java:545)
	at java.base/java.util.concurrent.FutureTask.runAndReset(FutureTask.java:371)
	at java.base/java.util.concurrent.ScheduledThreadPoolExecutor$ScheduledFutureTask.run(ScheduledThreadPoolExecutor.java:310)
	at java.base/java.util.concurrent.ThreadPoolExecutor.runWorker(ThreadPoolExecutor.java:1090)
	at java.base/java.util.concurrent.ThreadPoolExecutor$Worker.run(ThreadPoolExecutor.java:614)
	at java.base/java.lang.Thread.run(Thread.java:1516)
14:28:26.775 [ INFO] maestro.orchestra.Orchestra.executeSubflowCommands: [Command execution subflow] CommandSkipped: null
14:28:26.775 [ INFO] maestro.cli.runner.MaestroCommandRunner.runCommands$lambda$8: Run flow when "Ok" is visible SKIPPED
14:28:26.776 [ INFO] maestro.cli.runner.MaestroCommandRunner.runCommands$lambda$0: Run flow when "Marketplace Day" is visible RUNNING
14:28:26.777 [ INFO] maestro.cli.runner.MaestroCommandRunner.runCommands$lambda$11: Run flow when "Marketplace Day" is visible metadata CommandMetadata(numberOfRuns=null, evaluatedCommand=MaestroCommand(runFlowCommand=RunFlowCommand(commands=[MaestroCommand(backPressCommand=BackPressCommand()), MaestroCommand(waitForAnimationToEndCommand=WaitForAnimationToEndCommand(timeout=3000, label=null, optional=false))], condition=Condition(platform=null, visible=ElementSelector(textRegex=Marketplace Day, idRegex=null, size=null, below=null, above=null, leftOf=null, rightOf=null, containsChild=null, containsDescendants=null, traits=null, index=null, enabled=null, optional=false, selected=null, checked=null, focused=null, childOf=null, css=null), notVisible=null, scriptCondition=null, label=null), sourceDescription=null, config=null, label=null, optional=false)), logMessages=[], insight=Insight(message=, level=NONE), aiReasoning=null, labeledCommand=null)
14:28:27.240 [ INFO] maestro.orchestra.Orchestra.executeSubflowCommands: [Command execution subflow] CommandSkipped: null
14:28:27.241 [ INFO] maestro.cli.runner.MaestroCommandRunner.runCommands$lambda$8: Run flow when "Marketplace Day" is visible SKIPPED
14:28:27.242 [ INFO] maestro.cli.runner.MaestroCommandRunner.runCommands$lambda$0: Run flow when "Start comparing properties" is visible RUNNING
14:28:27.243 [ INFO] maestro.cli.runner.MaestroCommandRunner.runCommands$lambda$11: Run flow when "Start comparing properties" is visible metadata CommandMetadata(numberOfRuns=null, evaluatedCommand=MaestroCommand(runFlowCommand=RunFlowCommand(commands=[MaestroCommand(backPressCommand=BackPressCommand()), MaestroCommand(waitForAnimationToEndCommand=WaitForAnimationToEndCommand(timeout=3000, label=null, optional=false))], condition=Condition(platform=null, visible=ElementSelector(textRegex=Start comparing properties, idRegex=null, size=null, below=null, above=null, leftOf=null, rightOf=null, containsChild=null, containsDescendants=null, traits=null, index=null, enabled=null, optional=false, selected=null, checked=null, focused=null, childOf=null, css=null), notVisible=null, scriptCondition=null, label=null), sourceDescription=null, config=null, label=null, optional=false)), logMessages=[], insight=Insight(message=, level=NONE), aiReasoning=null, labeledCommand=null)
14:28:27.827 [ INFO] maestro.orchestra.Orchestra.executeSubflowCommands: [Command execution subflow] CommandSkipped: null
14:28:27.828 [ INFO] maestro.cli.runner.MaestroCommandRunner.runCommands$lambda$8: Run flow when "Start comparing properties" is visible SKIPPED
14:28:27.829 [ INFO] maestro.cli.runner.MaestroCommandRunner.runCommands$lambda$0: Run flow when "Go to the weekly (offer|deal)" is visible RUNNING
14:28:27.830 [ INFO] maestro.cli.runner.MaestroCommandRunner.runCommands$lambda$11: Run flow when "Go to the weekly (offer|deal)" is visible metadata CommandMetadata(numberOfRuns=null, evaluatedCommand=MaestroCommand(runFlowCommand=RunFlowCommand(commands=[MaestroCommand(backPressCommand=BackPressCommand()), MaestroCommand(waitForAnimationToEndCommand=WaitForAnimationToEndCommand(timeout=3000, label=null, optional=false))], condition=Condition(platform=null, visible=ElementSelector(textRegex=Go to the weekly (offer|deal), idRegex=null, size=null, below=null, above=null, leftOf=null, rightOf=null, containsChild=null, containsDescendants=null, traits=null, index=null, enabled=null, optional=false, selected=null, checked=null, focused=null, childOf=null, css=null), notVisible=null, scriptCondition=null, label=null), sourceDescription=null, config=null, label=null, optional=false)), logMessages=[], insight=Insight(message=, level=NONE), aiReasoning=null, labeledCommand=null)
14:28:28.472 [ INFO] maestro.orchestra.Orchestra.executeSubflowCommands: [Command execution subflow] CommandSkipped: null
14:28:28.473 [ INFO] maestro.cli.runner.MaestroCommandRunner.runCommands$lambda$8: Run flow when "Go to the weekly (offer|deal)" is visible SKIPPED
14:28:28.473 [ INFO] maestro.cli.runner.MaestroCommandRunner.runCommands$lambda$0: Run flow when "Update email" is visible RUNNING
14:28:28.476 [ INFO] maestro.cli.runner.MaestroCommandRunner.runCommands$lambda$11: Run flow when "Update email" is visible metadata CommandMetadata(numberOfRuns=null, evaluatedCommand=MaestroCommand(runFlowCommand=RunFlowCommand(commands=[MaestroCommand(backPressCommand=BackPressCommand()), MaestroCommand(waitForAnimationToEndCommand=WaitForAnimationToEndCommand(timeout=3000, label=null, optional=false))], condition=Condition(platform=null, visible=ElementSelector(textRegex=Update email, idRegex=null, size=null, below=null, above=null, leftOf=null, rightOf=null, containsChild=null, containsDescendants=null, traits=null, index=null, enabled=null, optional=false, selected=null, checked=null, focused=null, childOf=null, css=null), notVisible=null, scriptCondition=null, label=null), sourceDescription=null, config=null, label=null, optional=false)), logMessages=[], insight=Insight(message=, level=NONE), aiReasoning=null, labeledCommand=null)
14:28:29.050 [ INFO] maestro.orchestra.Orchestra.executeSubflowCommands: [Command execution subflow] CommandSkipped: null
14:28:29.050 [ INFO] maestro.cli.runner.MaestroCommandRunner.runCommands$lambda$8: Run flow when "Update email" is visible SKIPPED
14:28:29.051 [ INFO] maestro.cli.runner.MaestroCommandRunner.runCommands$lambda$0: Run flow when "Number and Email Already Linked" is visible RUNNING
14:28:29.052 [ INFO] maestro.cli.runner.MaestroCommandRunner.runCommands$lambda$11: Run flow when "Number and Email Already Linked" is visible metadata CommandMetadata(numberOfRuns=null, evaluatedCommand=MaestroCommand(runFlowCommand=RunFlowCommand(commands=[MaestroCommand(tapOnPointV2Command=TapOnPointV2Command(point=7%,9%, retryIfNoChange=false, longPress=false, repeat=null, waitToSettleTimeoutMs=null, label=null, optional=false)), MaestroCommand(waitForAnimationToEndCommand=WaitForAnimationToEndCommand(timeout=4000, label=null, optional=false))], condition=Condition(platform=null, visible=ElementSelector(textRegex=Number and Email Already Linked, idRegex=null, size=null, below=null, above=null, leftOf=null, rightOf=null, containsChild=null, containsDescendants=null, traits=null, index=null, enabled=null, optional=false, selected=null, checked=null, focused=null, childOf=null, css=null), notVisible=null, scriptCondition=null, label=null), sourceDescription=null, config=null, label=null, optional=false)), logMessages=[], insight=Insight(message=, level=NONE), aiReasoning=null, labeledCommand=null)
14:28:29.642 [ INFO] maestro.orchestra.Orchestra.executeSubflowCommands: [Command execution subflow] CommandSkipped: null
14:28:29.642 [ INFO] maestro.cli.runner.MaestroCommandRunner.runCommands$lambda$8: Run flow when "Number and Email Already Linked" is visible SKIPPED
14:28:29.643 [ INFO] maestro.cli.runner.MaestroCommandRunner.runCommands$lambda$0: Run flow when "(?s).*would you recommend benefiting from Sakani.*" is visible RUNNING
14:28:29.644 [ INFO] maestro.cli.runner.MaestroCommandRunner.runCommands$lambda$11: Run flow when "(?s).*would you recommend benefiting from Sakani.*" is visible metadata CommandMetadata(numberOfRuns=null, evaluatedCommand=MaestroCommand(runFlowCommand=RunFlowCommand(commands=[MaestroCommand(swipeCommand=SwipeCommand(direction=null, startPoint=null, endPoint=null, elementSelector=null, startRelative=50%,73%, endRelative=50%,97%, duration=400, waitToSettleTimeoutMs=null, relativePoint=null, label=null, optional=false)), MaestroCommand(waitForAnimationToEndCommand=WaitForAnimationToEndCommand(timeout=4000, label=null, optional=false))], condition=Condition(platform=null, visible=ElementSelector(textRegex=(?s).*would you recommend benefiting from Sakani.*, idRegex=null, size=null, below=null, above=null, leftOf=null, rightOf=null, containsChild=null, containsDescendants=null, traits=null, index=null, enabled=null, optional=false, selected=null, checked=null, focused=null, childOf=null, css=null), notVisible=null, scriptCondition=null, label=null), sourceDescription=null, config=null, label=null, optional=false)), logMessages=[], insight=Insight(message=, level=NONE), aiReasoning=null, labeledCommand=null)
14:28:30.149 [ INFO] maestro.orchestra.Orchestra.executeSubflowCommands: [Command execution subflow] CommandSkipped: null
14:28:30.150 [ INFO] maestro.cli.runner.MaestroCommandRunner.runCommands$lambda$8: Run flow when "(?s).*would you recommend benefiting from Sakani.*" is visible SKIPPED
14:28:30.151 [ INFO] maestro.cli.runner.MaestroCommandRunner.runCommands$lambda$0: Run flow when "Maybe Later" is visible RUNNING
14:28:30.152 [ INFO] maestro.cli.runner.MaestroCommandRunner.runCommands$lambda$11: Run flow when "Maybe Later" is visible metadata CommandMetadata(numberOfRuns=null, evaluatedCommand=MaestroCommand(runFlowCommand=RunFlowCommand(commands=[MaestroCommand(tapOnElementCommand=TapOnElementCommand(selector=ElementSelector(textRegex=Maybe Later, idRegex=null, size=null, below=null, above=null, leftOf=null, rightOf=null, containsChild=null, containsDescendants=null, traits=null, index=null, enabled=null, optional=false, selected=null, checked=null, focused=null, childOf=null, css=null), retryIfNoChange=false, waitUntilVisible=false, longPress=false, repeat=null, waitToSettleTimeoutMs=null, relativePoint=null, label=null, optional=false)), MaestroCommand(waitForAnimationToEndCommand=WaitForAnimationToEndCommand(timeout=3000, label=null, optional=false))], condition=Condition(platform=null, visible=ElementSelector(textRegex=Maybe Later, idRegex=null, size=null, below=null, above=null, leftOf=null, rightOf=null, containsChild=null, containsDescendants=null, traits=null, index=null, enabled=null, optional=false, selected=null, checked=null, focused=null, childOf=null, css=null), notVisible=null, scriptCondition=null, label=null), sourceDescription=null, config=null, label=null, optional=false)), logMessages=[], insight=Insight(message=, level=NONE), aiReasoning=null, labeledCommand=null)
14:28:30.705 [ INFO] maestro.orchestra.Orchestra.executeSubflowCommands: [Command execution subflow] CommandSkipped: null
14:28:30.705 [ INFO] maestro.cli.runner.MaestroCommandRunner.runCommands$lambda$8: Run flow when "Maybe Later" is visible SKIPPED
14:28:30.706 [ INFO] maestro.cli.runner.MaestroCommandRunner.runCommands$lambda$0: Run flow when "Reject cookies" is visible RUNNING
14:28:30.707 [ INFO] maestro.cli.runner.MaestroCommandRunner.runCommands$lambda$11: Run flow when "Reject cookies" is visible metadata CommandMetadata(numberOfRuns=null, evaluatedCommand=MaestroCommand(runFlowCommand=RunFlowCommand(commands=[MaestroCommand(tapOnElementCommand=TapOnElementCommand(selector=ElementSelector(textRegex=Reject cookies, idRegex=null, size=null, below=null, above=null, leftOf=null, rightOf=null, containsChild=null, containsDescendants=null, traits=null, index=null, enabled=null, optional=false, selected=null, checked=null, focused=null, childOf=null, css=null), retryIfNoChange=false, waitUntilVisible=false, longPress=false, repeat=null, waitToSettleTimeoutMs=null, relativePoint=null, label=null, optional=false)), MaestroCommand(waitForAnimationToEndCommand=WaitForAnimationToEndCommand(timeout=4000, label=null, optional=false))], condition=Condition(platform=null, visible=ElementSelector(textRegex=Reject cookies, idRegex=null, size=null, below=null, above=null, leftOf=null, rightOf=null, containsChild=null, containsDescendants=null, traits=null, index=null, enabled=null, optional=false, selected=null, checked=null, focused=null, childOf=null, css=null), notVisible=null, scriptCondition=null, label=null), sourceDescription=null, config=null, label=null, optional=false)), logMessages=[], insight=Insight(message=, level=NONE), aiReasoning=null, labeledCommand=null)
14:28:31.237 [ INFO] maestro.orchestra.Orchestra.executeSubflowCommands: [Command execution subflow] CommandSkipped: null
14:28:31.238 [ INFO] maestro.cli.runner.MaestroCommandRunner.runCommands$lambda$8: Run flow when "Reject cookies" is visible SKIPPED
14:28:31.239 [ INFO] maestro.cli.runner.MaestroCommandRunner.runCommands$lambda$0: Run flow when "${ANCHOR}" is not visible RUNNING
14:28:31.250 [ INFO] maestro.cli.runner.MaestroCommandRunner.runCommands$lambda$11: Run flow when "${ANCHOR}" is not visible metadata CommandMetadata(numberOfRuns=null, evaluatedCommand=MaestroCommand(runFlowCommand=RunFlowCommand(commands=[MaestroCommand(waitForAnimationToEndCommand=WaitForAnimationToEndCommand(timeout=5000, label=null, optional=false))], condition=Condition(platform=null, visible=null, notVisible=ElementSelector(textRegex=Account\s*Tab 4 of 4, idRegex=null, size=null, below=null, above=null, leftOf=null, rightOf=null, containsChild=null, containsDescendants=null, traits=null, index=null, enabled=null, optional=false, selected=null, checked=null, focused=null, childOf=null, css=null), scriptCondition=null, label=null), sourceDescription=null, config=null, label=null, optional=false)), logMessages=[], insight=Insight(message=, level=NONE), aiReasoning=null, labeledCommand=null)
14:28:31.480 [ INFO] maestro.orchestra.Orchestra.executeSubflowCommands: [Command execution subflow] CommandSkipped: null
14:28:31.480 [ INFO] maestro.cli.runner.MaestroCommandRunner.runCommands$lambda$8: Run flow when "${ANCHOR}" is not visible SKIPPED
14:28:31.482 [ INFO] maestro.cli.runner.MaestroCommandRunner.runCommands$lambda$11: Repeat while "${ANCHOR}" is not visible (up to 20 times) metadata CommandMetadata(numberOfRuns=1, evaluatedCommand=MaestroCommand(repeatCommand=RepeatCommand(times=20, condition=Condition(platform=null, visible=null, notVisible=ElementSelector(textRegex=${ANCHOR}, idRegex=null, size=null, below=null, above=null, leftOf=null, rightOf=null, containsChild=null, containsDescendants=null, traits=null, index=null, enabled=null, optional=false, selected=null, checked=null, focused=null, childOf=null, css=null), scriptCondition=null, label=null), commands=[MaestroCommand(runFlowCommand=RunFlowCommand(commands=[MaestroCommand(tapOnElementCommand=TapOnElementCommand(selector=ElementSelector(textRegex=Don.t allow, idRegex=null, size=null, below=null, above=null, leftOf=null, rightOf=null, containsChild=null, containsDescendants=null, traits=null, index=null, enabled=null, optional=false, selected=null, checked=null, focused=null, childOf=null, css=null), retryIfNoChange=false, waitUntilVisible=false, longPress=false, repeat=null, waitToSettleTimeoutMs=null, relativePoint=null, label=null, optional=false)), MaestroCommand(waitForAnimationToEndCommand=WaitForAnimationToEndCommand(timeout=3000, label=null, optional=false))], condition=Condition(platform=null, visible=ElementSelector(textRegex=Don.t allow, idRegex=null, size=null, below=null, above=null, leftOf=null, rightOf=null, containsChild=null, containsDescendants=null, traits=null, index=null, enabled=null, optional=false, selected=null, checked=null, focused=null, childOf=null, css=null), notVisible=null, scriptCondition=null, label=null), sourceDescription=null, config=null, label=null, optional=false)), MaestroCommand(runFlowCommand=RunFlowCommand(commands=[MaestroCommand(tapOnElementCommand=TapOnElementCommand(selector=ElementSelector(textRegex=Skip, idRegex=null, size=null, below=null, above=null, leftOf=null, rightOf=null, containsChild=null, containsDescendants=null, traits=null, index=null, enabled=null, optional=false, selected=null, checked=null, focused=null, childOf=null, css=null), retryIfNoChange=false, waitUntilVisible=false, longPress=false, repeat=null, waitToSettleTimeoutMs=null, relativePoint=null, label=null, optional=false)), MaestroCommand(waitForAnimationToEndCommand=WaitForAnimationToEndCommand(timeout=3000, label=null, optional=false))], condition=Condition(platform=null, visible=ElementSelector(textRegex=Skip, idRegex=null, size=null, below=null, above=null, leftOf=null, rightOf=null, containsChild=null, containsDescendants=null, traits=null, index=null, enabled=null, optional=false, selected=null, checked=null, focused=null, childOf=null, css=null), notVisible=null, scriptCondition=null, label=null), sourceDescription=null, config=null, label=null, optional=false)), MaestroCommand(runFlowCommand=RunFlowCommand(commands=[MaestroCommand(tapOnElementCommand=TapOnElementCommand(selector=ElementSelector(textRegex=Dismiss, idRegex=null, size=null, below=null, above=null, leftOf=null, rightOf=null, containsChild=null, containsDescendants=null, traits=null, index=null, enabled=null, optional=false, selected=null, checked=null, focused=null, childOf=null, css=null), retryIfNoChange=false, waitUntilVisible=false, longPress=false, repeat=null, waitToSettleTimeoutMs=null, relativePoint=null, label=null, optional=false)), MaestroCommand(waitForAnimationToEndCommand=WaitForAnimationToEndCommand(timeout=3000, label=null, optional=false))], condition=Condition(platform=null, visible=ElementSelector(textRegex=Dismiss, idRegex=null, size=null, below=null, above=null, leftOf=null, rightOf=null, containsChild=null, containsDescendants=null, traits=null, index=null, enabled=null, optional=false, selected=null, checked=null, focused=null, childOf=null, css=null), notVisible=null, scriptCondition=null, label=null), sourceDescription=null, config=null, label=null, optional=false)), MaestroCommand(runFlowCommand=RunFlowCommand(commands=[MaestroCommand(tapOnElementCommand=TapOnElementCommand(selector=ElementSelector(textRegex=Ok, idRegex=null, size=null, below=null, above=null, leftOf=null, rightOf=null, containsChild=null, containsDescendants=null, traits=null, index=null, enabled=null, optional=false, selected=null, checked=null, focused=null, childOf=null, css=null), retryIfNoChange=false, waitUntilVisible=false, longPress=false, repeat=null, waitToSettleTimeoutMs=null, relativePoint=null, label=null, optional=false)), MaestroCommand(waitForAnimationToEndCommand=WaitForAnimationToEndCommand(timeout=3000, label=null, optional=false))], condition=Condition(platform=null, visible=ElementSelector(textRegex=Ok, idRegex=null, size=null, below=null, above=null, leftOf=null, rightOf=null, containsChild=null, containsDescendants=null, traits=null, index=null, enabled=null, optional=false, selected=null, checked=null, focused=null, childOf=null, css=null), notVisible=null, scriptCondition=null, label=null), sourceDescription=null, config=null, label=null, optional=false)), MaestroCommand(runFlowCommand=RunFlowCommand(commands=[MaestroCommand(backPressCommand=BackPressCommand()), MaestroCommand(waitForAnimationToEndCommand=WaitForAnimationToEndCommand(timeout=3000, label=null, optional=false))], condition=Condition(platform=null, visible=ElementSelector(textRegex=Marketplace Day, idRegex=null, size=null, below=null, above=null, leftOf=null, rightOf=null, containsChild=null, containsDescendants=null, traits=null, index=null, enabled=null, optional=false, selected=null, checked=null, focused=null, childOf=null, css=null), notVisible=null, scriptCondition=null, label=null), sourceDescription=null, config=null, label=null, optional=false)), MaestroCommand(runFlowCommand=RunFlowCommand(commands=[MaestroCommand(backPressCommand=BackPressCommand()), MaestroCommand(waitForAnimationToEndCommand=WaitForAnimationToEndCommand(timeout=3000, label=null, optional=false))], condition=Condition(platform=null, visible=ElementSelector(textRegex=Start comparing properties, idRegex=null, size=null, below=null, above=null, leftOf=null, rightOf=null, containsChild=null, containsDescendants=null, traits=null, index=null, enabled=null, optional=false, selected=null, checked=null, focused=null, childOf=null, css=null), notVisible=null, scriptCondition=null, label=null), sourceDescription=null, config=null, label=null, optional=false)), MaestroCommand(runFlowCommand=RunFlowCommand(commands=[MaestroCommand(backPressCommand=BackPressCommand()), MaestroCommand(waitForAnimationToEndCommand=WaitForAnimationToEndCommand(timeout=3000, label=null, optional=false))], condition=Condition(platform=null, visible=ElementSelector(textRegex=Go to the weekly (offer|deal), idRegex=null, size=null, below=null, above=null, leftOf=null, rightOf=null, containsChild=null, containsDescendants=null, traits=null, index=null, enabled=null, optional=false, selected=null, checked=null, focused=null, childOf=null, css=null), notVisible=null, scriptCondition=null, label=null), sourceDescription=null, config=null, label=null, optional=false)), MaestroCommand(runFlowCommand=RunFlowCommand(commands=[MaestroCommand(backPressCommand=BackPressCommand()), MaestroCommand(waitForAnimationToEndCommand=WaitForAnimationToEndCommand(timeout=3000, label=null, optional=false))], condition=Condition(platform=null, visible=ElementSelector(textRegex=Update email, idRegex=null, size=null, below=null, above=null, leftOf=null, rightOf=null, containsChild=null, containsDescendants=null, traits=null, index=null, enabled=null, optional=false, selected=null, checked=null, focused=null, childOf=null, css=null), notVisible=null, scriptCondition=null, label=null), sourceDescription=null, config=null, label=null, optional=false)), MaestroCommand(runFlowCommand=RunFlowCommand(commands=[MaestroCommand(tapOnPointV2Command=TapOnPointV2Command(point=7%,9%, retryIfNoChange=false, longPress=false, repeat=null, waitToSettleTimeoutMs=null, label=null, optional=false)), MaestroCommand(waitForAnimationToEndCommand=WaitForAnimationToEndCommand(timeout=4000, label=null, optional=false))], condition=Condition(platform=null, visible=ElementSelector(textRegex=Number and Email Already Linked, idRegex=null, size=null, below=null, above=null, leftOf=null, rightOf=null, containsChild=null, containsDescendants=null, traits=null, index=null, enabled=null, optional=false, selected=null, checked=null, focused=null, childOf=null, css=null), notVisible=null, scriptCondition=null, label=null), sourceDescription=null, config=null, label=null, optional=false)), MaestroCommand(runFlowCommand=RunFlowCommand(commands=[MaestroCommand(swipeCommand=SwipeCommand(direction=null, startPoint=null, endPoint=null, elementSelector=null, startRelative=50%,73%, endRelative=50%,97%, duration=400, waitToSettleTimeoutMs=null, relativePoint=null, label=null, optional=false)), MaestroCommand(waitForAnimationToEndCommand=WaitForAnimationToEndCommand(timeout=4000, label=null, optional=false))], condition=Condition(platform=null, visible=ElementSelector(textRegex=(?s).*would you recommend benefiting from Sakani.*, idRegex=null, size=null, below=null, above=null, leftOf=null, rightOf=null, containsChild=null, containsDescendants=null, traits=null, index=null, enabled=null, optional=false, selected=null, checked=null, focused=null, childOf=null, css=null), notVisible=null, scriptCondition=null, label=null), sourceDescription=null, config=null, label=null, optional=false)), MaestroCommand(runFlowCommand=RunFlowCommand(commands=[MaestroCommand(tapOnElementCommand=TapOnElementCommand(selector=ElementSelector(textRegex=Maybe Later, idRegex=null, size=null, below=null, above=null, leftOf=null, rightOf=null, containsChild=null, containsDescendants=null, traits=null, index=null, enabled=null, optional=false, selected=null, checked=null, focused=null, childOf=null, css=null), retryIfNoChange=false, waitUntilVisible=false, longPress=false, repeat=null, waitToSettleTimeoutMs=null, relativePoint=null, label=null, optional=false)), MaestroCommand(waitForAnimationToEndCommand=WaitForAnimationToEndCommand(timeout=3000, label=null, optional=false))], condition=Condition(platform=null, visible=ElementSelector(textRegex=Maybe Later, idRegex=null, size=null, below=null, above=null, leftOf=null, rightOf=null, containsChild=null, containsDescendants=null, traits=null, index=null, enabled=null, optional=false, selected=null, checked=null, focused=null, childOf=null, css=null), notVisible=null, scriptCondition=null, label=null), sourceDescription=null, config=null, label=null, optional=false)), MaestroCommand(runFlowCommand=RunFlowCommand(commands=[MaestroCommand(tapOnElementCommand=TapOnElementCommand(selector=ElementSelector(textRegex=Reject cookies, idRegex=null, size=null, below=null, above=null, leftOf=null, rightOf=null, containsChild=null, containsDescendants=null, traits=null, index=null, enabled=null, optional=false, selected=null, checked=null, focused=null, childOf=null, css=null), retryIfNoChange=false, waitUntilVisible=false, longPress=false, repeat=null, waitToSettleTimeoutMs=null, relativePoint=null, label=null, optional=false)), MaestroCommand(waitForAnimationToEndCommand=WaitForAnimationToEndCommand(timeout=4000, label=null, optional=false))], condition=Condition(platform=null, visible=ElementSelector(textRegex=Reject cookies, idRegex=null, size=null, below=null, above=null, leftOf=null, rightOf=null, containsChild=null, containsDescendants=null, traits=null, index=null, enabled=null, optional=false, selected=null, checked=null, focused=null, childOf=null, css=null), notVisible=null, scriptCondition=null, label=null), sourceDescription=null, config=null, label=null, optional=false)), MaestroCommand(runFlowCommand=RunFlowCommand(commands=[MaestroCommand(waitForAnimationToEndCommand=WaitForAnimationToEndCommand(timeout=5000, label=null, optional=false))], condition=Condition(platform=null, visible=null, notVisible=ElementSelector(textRegex=${ANCHOR}, idRegex=null, size=null, below=null, above=null, leftOf=null, rightOf=null, containsChild=null, containsDescendants=null, traits=null, index=null, enabled=null, optional=false, selected=null, checked=null, focused=null, childOf=null, css=null), scriptCondition=null, label=null), sourceDescription=null, config=null, label=null, optional=false))], label=null, optional=false)), logMessages=[], insight=Insight(message=, level=NONE), aiReasoning=null, labeledCommand=null)
14:28:31.700 [ERROR] maestro.cli.session.MaestroSessionManager.newSession$lambda$0: Failed to record heartbeat
java.io.IOException: The process cannot access the file because another process has locked a portion of the file
	at java.base/java.io.FileOutputStream.writeBytes(Native Method)
	at java.base/java.io.FileOutputStream.write(FileOutputStream.java:332)
	at kotlin.io.FilesKt__FileReadWriteKt.writeTextImpl(FileReadWrite.kt:160)
	at kotlin.io.FilesKt__FileReadWriteKt.writeText(FileReadWrite.kt:145)
	at kotlin.io.FilesKt__FileReadWriteKt.writeText$default(FileReadWrite.kt:144)
	at maestro.cli.db.KeyValueStore.commit(KeyValueStore.kt:50)
	at maestro.cli.db.KeyValueStore.set$lambda$3$lambda$2(KeyValueStore.kt:23)
	at maestro.cli.db.KeyValueStore.withFileLock(KeyValueStore.kt:62)
	at maestro.cli.db.KeyValueStore.set(KeyValueStore.kt:20)
	at maestro.cli.session.SessionStore.heartbeat(SessionStore.kt:12)
	at maestro.cli.session.MaestroSessionManager.newSession$lambda$0(MaestroSessionManager.kt:98)
	at java.base/java.util.concurrent.Executors$RunnableAdapter.call(Executors.java:545)
	at java.base/java.util.concurrent.FutureTask.runAndReset(FutureTask.java:371)
	at java.base/java.util.concurrent.ScheduledThreadPoolExecutor$ScheduledFutureTask.run(ScheduledThreadPoolExecutor.java:310)
	at java.base/java.util.concurrent.ThreadPoolExecutor.runWorker(ThreadPoolExecutor.java:1090)
	at java.base/java.util.concurrent.ThreadPoolExecutor$Worker.run(ThreadPoolExecutor.java:614)
	at java.base/java.lang.Thread.run(Thread.java:1516)
14:28:31.871 [ INFO] maestro.cli.runner.MaestroCommandRunner.runCommands$lambda$2: Repeat while "${ANCHOR}" is not visible (up to 20 times) COMPLETED
14:28:31.872 [ INFO] maestro.cli.runner.MaestroCommandRunner.runCommands$lambda$2: Run subflows/clear-overlays.yaml COMPLETED
14:28:31.873 [ INFO] maestro.cli.runner.MaestroCommandRunner.runCommands$lambda$0: Tap on "Account\s*Tab 4 of 4" RUNNING
14:28:31.874 [ INFO] maestro.cli.runner.MaestroCommandRunner.runCommands$lambda$11: Tap on "Account\s*Tab 4 of 4" metadata CommandMetadata(numberOfRuns=null, evaluatedCommand=MaestroCommand(tapOnElementCommand=TapOnElementCommand(selector=ElementSelector(textRegex=Account\s*Tab 4 of 4, idRegex=null, size=null, below=null, above=null, leftOf=null, rightOf=null, containsChild=null, containsDescendants=null, traits=null, index=null, enabled=null, optional=false, selected=null, checked=null, focused=null, childOf=null, css=null), retryIfNoChange=false, waitUntilVisible=false, longPress=false, repeat=null, waitToSettleTimeoutMs=null, relativePoint=null, label=null, optional=false)), logMessages=[], insight=Insight(message=, level=NONE), aiReasoning=null, labeledCommand=null)
14:28:32.419 [ INFO] maestro.Maestro.tap-HgV9Ck0: Tapping on element:  UiElement(treeNode=TreeNode(attributes={text=, accessibilityText=Account
Tab 4 of 4, hintText=, ignoreBoundsFiltering=false, resource-id=, clickable=true, bounds=[810,2132][1080,2337], enabled=true, focused=false, checked=false, scrollable=false, selected=false, class=android.widget.ImageView, important-for-accessibility=true, error=}, children=[], clickable=true, enabled=true, focused=false, checked=false, selected=false), bounds=Bounds(x=810, y=2132, width=270, height=205))
14:28:33.890 [ INFO] maestro.Maestro.tap-HgV9Ck0: Tap aimed via settled hierarchy
14:28:33.895 [ INFO] maestro.Maestro.hierarchyBasedTap-ogj28Uc: Tapping at (945, 2234) using hierarchy based logic for wait
14:28:35.001 [ INFO] maestro.Maestro.hierarchyBasedTap-ogj28Uc: Something has changed in the UI judging by view hierarchy. Proceed.
14:28:35.002 [ INFO] maestro.cli.runner.MaestroCommandRunner.runCommands$lambda$2: Tap on "Account\s*Tab 4 of 4" COMPLETED
14:28:35.008 [ INFO] maestro.cli.runner.MaestroCommandRunner.runCommands$lambda$0: Assert that "My bookings" is visible RUNNING
14:28:35.012 [ INFO] maestro.cli.runner.MaestroCommandRunner.runCommands$lambda$11: Assert that "My bookings" is visible metadata CommandMetadata(numberOfRuns=null, evaluatedCommand=MaestroCommand(assertConditionCommand=AssertConditionCommand(condition=Condition(platform=null, visible=ElementSelector(textRegex=My bookings, idRegex=null, size=null, below=null, above=null, leftOf=null, rightOf=null, containsChild=null, containsDescendants=null, traits=null, index=null, enabled=null, optional=false, selected=null, checked=null, focused=null, childOf=null, css=null), notVisible=null, scriptCondition=null, label=null), timeout=60000, label=null, optional=false)), logMessages=[], insight=Insight(message=, level=NONE), aiReasoning=null, labeledCommand=null)
14:28:36.699 [ERROR] maestro.cli.session.MaestroSessionManager.newSession$lambda$0: Failed to record heartbeat
java.io.IOException: The process cannot access the file because another process has locked a portion of the file
	at java.base/java.io.FileOutputStream.writeBytes(Native Method)
	at java.base/java.io.FileOutputStream.write(FileOutputStream.java:332)
	at kotlin.io.FilesKt__FileReadWriteKt.writeTextImpl(FileReadWrite.kt:160)
	at kotlin.io.FilesKt__FileReadWriteKt.writeText(FileReadWrite.kt:145)
	at kotlin.io.FilesKt__FileReadWriteKt.writeText$default(FileReadWrite.kt:144)
	at maestro.cli.db.KeyValueStore.commit(KeyValueStore.kt:50)
	at maestro.cli.db.KeyValueStore.set$lambda$3$lambda$2(KeyValueStore.kt:23)
	at maestro.cli.db.KeyValueStore.withFileLock(KeyValueStore.kt:62)
	at maestro.cli.db.KeyValueStore.set(KeyValueStore.kt:20)
	at maestro.cli.session.SessionStore.heartbeat(SessionStore.kt:12)
	at maestro.cli.session.MaestroSessionManager.newSession$lambda$0(MaestroSessionManager.kt:98)
	at java.base/java.util.concurrent.Executors$RunnableAdapter.call(Executors.java:545)
	at java.base/java.util.concurrent.FutureTask.runAndReset(FutureTask.java:371)
	at java.base/java.util.concurrent.ScheduledThreadPoolExecutor$ScheduledFutureTask.run(ScheduledThreadPoolExecutor.java:310)
	at java.base/java.util.concurrent.ThreadPoolExecutor.runWorker(ThreadPoolExecutor.java:1090)
	at java.base/java.util.concurrent.ThreadPoolExecutor$Worker.run(ThreadPoolExecutor.java:614)
	at java.base/java.lang.Thread.run(Thread.java:1516)
14:28:41.700 [ERROR] maestro.cli.session.MaestroSessionManager.newSession$lambda$0: Failed to record heartbeat
java.io.IOException: The process cannot access the file because another process has locked a portion of the file
	at java.base/java.io.FileOutputStream.writeBytes(Native Method)
	at java.base/java.io.FileOutputStream.write(FileOutputStream.java:332)
	at kotlin.io.FilesKt__FileReadWriteKt.writeTextImpl(FileReadWrite.kt:160)
	at kotlin.io.FilesKt__FileReadWriteKt.writeText(FileReadWrite.kt:145)
	at kotlin.io.FilesKt__FileReadWriteKt.writeText$default(FileReadWrite.kt:144)
	at maestro.cli.db.KeyValueStore.commit(KeyValueStore.kt:50)
	at maestro.cli.db.KeyValueStore.set$lambda$3$lambda$2(KeyValueStore.kt:23)
	at maestro.cli.db.KeyValueStore.withFileLock(KeyValueStore.kt:62)
	at maestro.cli.db.KeyValueStore.set(KeyValueStore.kt:20)
	at maestro.cli.session.SessionStore.heartbeat(SessionStore.kt:12)
	at maestro.cli.session.MaestroSessionManager.newSession$lambda$0(MaestroSessionManager.kt:98)
	at java.base/java.util.concurrent.Executors$RunnableAdapter.call(Executors.java:545)
	at java.base/java.util.concurrent.FutureTask.runAndReset(FutureTask.java:371)
	at java.base/java.util.concurrent.ScheduledThreadPoolExecutor$ScheduledFutureTask.run(ScheduledThreadPoolExecutor.java:310)
	at java.base/java.util.concurrent.ThreadPoolExecutor.runWorker(ThreadPoolExecutor.java:1090)
	at java.base/java.util.concurrent.ThreadPoolExecutor$Worker.run(ThreadPoolExecutor.java:614)
	at java.base/java.lang.Thread.run(Thread.java:1516)
14:28:46.701 [ERROR] maestro.cli.session.MaestroSessionManager.newSession$lambda$0: Failed to record heartbeat
java.io.IOException: The process cannot access the file because another process has locked a portion of the file
	at java.base/java.io.FileOutputStream.writeBytes(Native Method)
	at java.base/java.io.FileOutputStream.write(FileOutputStream.java:332)
	at kotlin.io.FilesKt__FileReadWriteKt.writeTextImpl(FileReadWrite.kt:160)
	at kotlin.io.FilesKt__FileReadWriteKt.writeText(FileReadWrite.kt:145)
	at kotlin.io.FilesKt__FileReadWriteKt.writeText$default(FileReadWrite.kt:144)
	at maestro.cli.db.KeyValueStore.commit(KeyValueStore.kt:50)
	at maestro.cli.db.KeyValueStore.set$lambda$3$lambda$2(KeyValueStore.kt:23)
	at maestro.cli.db.KeyValueStore.withFileLock(KeyValueStore.kt:62)
	at maestro.cli.db.KeyValueStore.set(KeyValueStore.kt:20)
	at maestro.cli.session.SessionStore.heartbeat(SessionStore.kt:12)
	at maestro.cli.session.MaestroSessionManager.newSession$lambda$0(MaestroSessionManager.kt:98)
	at java.base/java.util.concurrent.Executors$RunnableAdapter.call(Executors.java:545)
	at java.base/java.util.concurrent.FutureTask.runAndReset(FutureTask.java:371)
	at java.base/java.util.concurrent.ScheduledThreadPoolExecutor$ScheduledFutureTask.run(ScheduledThreadPoolExecutor.java:310)
	at java.base/java.util.concurrent.ThreadPoolExecutor.runWorker(ThreadPoolExecutor.java:1090)
	at java.base/java.util.concurrent.ThreadPoolExecutor$Worker.run(ThreadPoolExecutor.java:614)
	at java.base/java.lang.Thread.run(Thread.java:1516)
14:28:51.701 [ERROR] maestro.cli.session.MaestroSessionManager.newSession$lambda$0: Failed to record heartbeat
java.io.IOException: The process cannot access the file because another process has locked a portion of the file
	at java.base/java.io.FileOutputStream.writeBytes(Native Method)
	at java.base/java.io.FileOutputStream.write(FileOutputStream.java:332)
	at kotlin.io.FilesKt__FileReadWriteKt.writeTextImpl(FileReadWrite.kt:160)
	at kotlin.io.FilesKt__FileReadWriteKt.writeText(FileReadWrite.kt:145)
	at kotlin.io.FilesKt__FileReadWriteKt.writeText$default(FileReadWrite.kt:144)
	at maestro.cli.db.KeyValueStore.commit(KeyValueStore.kt:50)
	at maestro.cli.db.KeyValueStore.set$lambda$3$lambda$2(KeyValueStore.kt:23)
	at maestro.cli.db.KeyValueStore.withFileLock(KeyValueStore.kt:62)
	at maestro.cli.db.KeyValueStore.set(KeyValueStore.kt:20)
	at maestro.cli.session.SessionStore.heartbeat(SessionStore.kt:12)
	at maestro.cli.session.MaestroSessionManager.newSession$lambda$0(MaestroSessionManager.kt:98)
	at java.base/java.util.concurrent.Executors$RunnableAdapter.call(Executors.java:545)
	at java.base/java.util.concurrent.FutureTask.runAndReset(FutureTask.java:371)
	at java.base/java.util.concurrent.ScheduledThreadPoolExecutor$ScheduledFutureTask.run(ScheduledThreadPoolExecutor.java:310)
	at java.base/java.util.concurrent.ThreadPoolExecutor.runWorker(ThreadPoolExecutor.java:1090)
	at java.base/java.util.concurrent.ThreadPoolExecutor$Worker.run(ThreadPoolExecutor.java:614)
	at java.base/java.lang.Thread.run(Thread.java:1516)
14:28:56.701 [ERROR] maestro.cli.session.MaestroSessionManager.newSession$lambda$0: Failed to record heartbeat
java.io.IOException: The process cannot access the file because another process has locked a portion of the file
	at java.base/java.io.FileOutputStream.writeBytes(Native Method)
	at java.base/java.io.FileOutputStream.write(FileOutputStream.java:332)
	at kotlin.io.FilesKt__FileReadWriteKt.writeTextImpl(FileReadWrite.kt:160)
	at kotlin.io.FilesKt__FileReadWriteKt.writeText(FileReadWrite.kt:145)
	at kotlin.io.FilesKt__FileReadWriteKt.writeText$default(FileReadWrite.kt:144)
	at maestro.cli.db.KeyValueStore.commit(KeyValueStore.kt:50)
	at maestro.cli.db.KeyValueStore.set$lambda$3$lambda$2(KeyValueStore.kt:23)
	at maestro.cli.db.KeyValueStore.withFileLock(KeyValueStore.kt:62)
	at maestro.cli.db.KeyValueStore.set(KeyValueStore.kt:20)
	at maestro.cli.session.SessionStore.heartbeat(SessionStore.kt:12)
	at maestro.cli.session.MaestroSessionManager.newSession$lambda$0(MaestroSessionManager.kt:98)
	at java.base/java.util.concurrent.Executors$RunnableAdapter.call(Executors.java:545)
	at java.base/java.util.concurrent.FutureTask.runAndReset(FutureTask.java:371)
	at java.base/java.util.concurrent.ScheduledThreadPoolExecutor$ScheduledFutureTask.run(ScheduledThreadPoolExecutor.java:310)
	at java.base/java.util.concurrent.ThreadPoolExecutor.runWorker(ThreadPoolExecutor.java:1090)
	at java.base/java.util.concurrent.ThreadPoolExecutor$Worker.run(ThreadPoolExecutor.java:614)
	at java.base/java.lang.Thread.run(Thread.java:1516)
14:29:01.700 [ERROR] maestro.cli.session.MaestroSessionManager.newSession$lambda$0: Failed to record heartbeat
java.io.IOException: The process cannot access the file because another process has locked a portion of the file
	at java.base/java.io.FileOutputStream.writeBytes(Native Method)
	at java.base/java.io.FileOutputStream.write(FileOutputStream.java:332)
	at kotlin.io.FilesKt__FileReadWriteKt.writeTextImpl(FileReadWrite.kt:160)
	at kotlin.io.FilesKt__FileReadWriteKt.writeText(FileReadWrite.kt:145)
	at kotlin.io.FilesKt__FileReadWriteKt.writeText$default(FileReadWrite.kt:144)
	at maestro.cli.db.KeyValueStore.commit(KeyValueStore.kt:50)
	at maestro.cli.db.KeyValueStore.set$lambda$3$lambda$2(KeyValueStore.kt:23)
	at maestro.cli.db.KeyValueStore.withFileLock(KeyValueStore.kt:62)
	at maestro.cli.db.KeyValueStore.set(KeyValueStore.kt:20)
	at maestro.cli.session.SessionStore.heartbeat(SessionStore.kt:12)
	at maestro.cli.session.MaestroSessionManager.newSession$lambda$0(MaestroSessionManager.kt:98)
	at java.base/java.util.concurrent.Executors$RunnableAdapter.call(Executors.java:545)
	at java.base/java.util.concurrent.FutureTask.runAndReset(FutureTask.java:371)
	at java.base/java.util.concurrent.ScheduledThreadPoolExecutor$ScheduledFutureTask.run(ScheduledThreadPoolExecutor.java:310)
	at java.base/java.util.concurrent.ThreadPoolExecutor.runWorker(ThreadPoolExecutor.java:1090)
	at java.base/java.util.concurrent.ThreadPoolExecutor$Worker.run(ThreadPoolExecutor.java:614)
	at java.base/java.lang.Thread.run(Thread.java:1516)
14:29:05.627 [ INFO] maestro.cli.runner.MaestroCommandRunner.runCommands$lambda$2: Assert that "My bookings" is visible COMPLETED
14:29:05.628 [ INFO] maestro.cli.runner.MaestroCommandRunner.runCommands$lambda$0: Tap on "My bookings" RUNNING
14:29:05.629 [ INFO] maestro.cli.runner.MaestroCommandRunner.runCommands$lambda$11: Tap on "My bookings" metadata CommandMetadata(numberOfRuns=null, evaluatedCommand=MaestroCommand(tapOnElementCommand=TapOnElementCommand(selector=ElementSelector(textRegex=My bookings, idRegex=null, size=null, below=null, above=null, leftOf=null, rightOf=null, containsChild=null, containsDescendants=null, traits=null, index=null, enabled=null, optional=false, selected=null, checked=null, focused=null, childOf=null, css=null), retryIfNoChange=false, waitUntilVisible=false, longPress=false, repeat=null, waitToSettleTimeoutMs=null, relativePoint=null, label=null, optional=false)), logMessages=[], insight=Insight(message=, level=NONE), aiReasoning=null, labeledCommand=null)
14:29:06.226 [ INFO] maestro.Maestro.tap-HgV9Ck0: Tapping on element:  UiElement(treeNode=TreeNode(attributes={text=, accessibilityText=My bookings, hintText=, ignoreBoundsFiltering=false, resource-id=, clickable=true, bounds=[42,1715][1038,1862], enabled=true, focused=false, checked=false, scrollable=false, selected=false, class=android.view.View, important-for-accessibility=true, error=}, children=[TreeNode(attributes={text=, accessibilityText=, hintText=, ignoreBoundsFiltering=false, resource-id=, clickable=false, bounds=[68,1773][100,1804], enabled=true, focused=false, checked=false, scrollable=false, selected=false, class=android.widget.ImageView, important-for-accessibility=false, error=}, children=[], clickable=false, enabled=true, focused=false, checked=false, selected=false), TreeNode(attributes={text=, accessibilityText=, hintText=, ignoreBoundsFiltering=false, resource-id=, clickable=false, bounds=[996,1770][1017,1807], enabled=true, focused=false, checked=false, scrollable=false, selected=false, class=android.widget.ImageView, important-for-accessibility=false, error=}, children=[], clickable=false, enabled=true, focused=false, checked=false, selected=false)], clickable=true, enabled=true, focused=false, checked=false, selected=false), bounds=Bounds(x=42, y=1715, width=996, height=147))
14:29:06.699 [ERROR] maestro.cli.session.MaestroSessionManager.newSession$lambda$0: Failed to record heartbeat
java.io.IOException: The process cannot access the file because another process has locked a portion of the file
	at java.base/java.io.FileOutputStream.writeBytes(Native Method)
	at java.base/java.io.FileOutputStream.write(FileOutputStream.java:332)
	at kotlin.io.FilesKt__FileReadWriteKt.writeTextImpl(FileReadWrite.kt:160)
	at kotlin.io.FilesKt__FileReadWriteKt.writeText(FileReadWrite.kt:145)
	at kotlin.io.FilesKt__FileReadWriteKt.writeText$default(FileReadWrite.kt:144)
	at maestro.cli.db.KeyValueStore.commit(KeyValueStore.kt:50)
	at maestro.cli.db.KeyValueStore.set$lambda$3$lambda$2(KeyValueStore.kt:23)
	at maestro.cli.db.KeyValueStore.withFileLock(KeyValueStore.kt:62)
	at maestro.cli.db.KeyValueStore.set(KeyValueStore.kt:20)
	at maestro.cli.session.SessionStore.heartbeat(SessionStore.kt:12)
	at maestro.cli.session.MaestroSessionManager.newSession$lambda$0(MaestroSessionManager.kt:98)
	at java.base/java.util.concurrent.Executors$RunnableAdapter.call(Executors.java:545)
	at java.base/java.util.concurrent.FutureTask.runAndReset(FutureTask.java:371)
	at java.base/java.util.concurrent.ScheduledThreadPoolExecutor$ScheduledFutureTask.run(ScheduledThreadPoolExecutor.java:310)
	at java.base/java.util.concurrent.ThreadPoolExecutor.runWorker(ThreadPoolExecutor.java:1090)
	at java.base/java.util.concurrent.ThreadPoolExecutor$Worker.run(ThreadPoolExecutor.java:614)
	at java.base/java.lang.Thread.run(Thread.java:1516)
14:29:07.689 [ INFO] maestro.Maestro.tap-HgV9Ck0: Tap aimed via settled hierarchy
14:29:07.691 [ INFO] maestro.Maestro.hierarchyBasedTap-ogj28Uc: Tapping at (540, 1788) using hierarchy based logic for wait
14:29:09.197 [ INFO] maestro.Maestro.hierarchyBasedTap-ogj28Uc: Something has changed in the UI judging by view hierarchy. Proceed.
14:29:09.198 [ INFO] maestro.cli.runner.MaestroCommandRunner.runCommands$lambda$2: Tap on "My bookings" COMPLETED
14:29:09.198 [ INFO] maestro.cli.runner.MaestroCommandRunner.runCommands$lambda$0: Assert that "My Bookings" is visible RUNNING
14:29:09.199 [ INFO] maestro.cli.runner.MaestroCommandRunner.runCommands$lambda$11: Assert that "My Bookings" is visible metadata CommandMetadata(numberOfRuns=null, evaluatedCommand=MaestroCommand(assertConditionCommand=AssertConditionCommand(condition=Condition(platform=null, visible=ElementSelector(textRegex=My Bookings, idRegex=null, size=null, below=null, above=null, leftOf=null, rightOf=null, containsChild=null, containsDescendants=null, traits=null, index=null, enabled=null, optional=false, selected=null, checked=null, focused=null, childOf=null, css=null), notVisible=null, scriptCondition=null, label=null), timeout=45000, label=null, optional=false)), logMessages=[], insight=Insight(message=, level=NONE), aiReasoning=null, labeledCommand=null)
14:29:09.433 [ INFO] maestro.cli.runner.MaestroCommandRunner.runCommands$lambda$2: Assert that "My Bookings" is visible COMPLETED
14:29:09.433 [ INFO] maestro.cli.runner.MaestroCommandRunner.runCommands$lambda$0: Tap on "Ready to sign" RUNNING
14:29:09.434 [ INFO] maestro.cli.runner.MaestroCommandRunner.runCommands$lambda$11: Tap on "Ready to sign" metadata CommandMetadata(numberOfRuns=null, evaluatedCommand=MaestroCommand(tapOnElementCommand=TapOnElementCommand(selector=ElementSelector(textRegex=Ready to sign, idRegex=null, size=null, below=null, above=null, leftOf=null, rightOf=null, containsChild=null, containsDescendants=null, traits=null, index=null, enabled=null, optional=false, selected=null, checked=null, focused=null, childOf=null, css=null), retryIfNoChange=false, waitUntilVisible=false, longPress=false, repeat=null, waitToSettleTimeoutMs=null, relativePoint=null, label=null, optional=false)), logMessages=[], insight=Insight(message=, level=NONE), aiReasoning=null, labeledCommand=null)
14:29:09.697 [ INFO] maestro.Maestro.tap-HgV9Ck0: Tapping on element:  UiElement(treeNode=TreeNode(attributes={text=, accessibilityText=Ready to sign, hintText=, ignoreBoundsFiltering=false, resource-id=, clickable=true, bounds=[350,494][614,589], enabled=true, focused=false, checked=false, scrollable=false, selected=false, class=android.view.View, important-for-accessibility=true, error=}, children=[], clickable=true, enabled=true, focused=false, checked=false, selected=false), bounds=Bounds(x=350, y=494, width=264, height=95))
14:29:11.096 [ INFO] maestro.Maestro.tap-HgV9Ck0: Tap aimed via settled hierarchy
14:29:11.098 [ INFO] maestro.Maestro.hierarchyBasedTap-ogj28Uc: Tapping at (482, 541) using hierarchy based logic for wait
14:29:11.700 [ERROR] maestro.cli.session.MaestroSessionManager.newSession$lambda$0: Failed to record heartbeat
java.io.IOException: The process cannot access the file because another process has locked a portion of the file
	at java.base/java.io.FileOutputStream.writeBytes(Native Method)
	at java.base/java.io.FileOutputStream.write(FileOutputStream.java:332)
	at kotlin.io.FilesKt__FileReadWriteKt.writeTextImpl(FileReadWrite.kt:160)
	at kotlin.io.FilesKt__FileReadWriteKt.writeText(FileReadWrite.kt:145)
	at kotlin.io.FilesKt__FileReadWriteKt.writeText$default(FileReadWrite.kt:144)
	at maestro.cli.db.KeyValueStore.commit(KeyValueStore.kt:50)
	at maestro.cli.db.KeyValueStore.set$lambda$3$lambda$2(KeyValueStore.kt:23)
	at maestro.cli.db.KeyValueStore.withFileLock(KeyValueStore.kt:62)
	at maestro.cli.db.KeyValueStore.set(KeyValueStore.kt:20)
	at maestro.cli.session.SessionStore.heartbeat(SessionStore.kt:12)
	at maestro.cli.session.MaestroSessionManager.newSession$lambda$0(MaestroSessionManager.kt:98)
	at java.base/java.util.concurrent.Executors$RunnableAdapter.call(Executors.java:545)
	at java.base/java.util.concurrent.FutureTask.runAndReset(FutureTask.java:371)
	at java.base/java.util.concurrent.ScheduledThreadPoolExecutor$ScheduledFutureTask.run(ScheduledThreadPoolExecutor.java:310)
	at java.base/java.util.concurrent.ThreadPoolExecutor.runWorker(ThreadPoolExecutor.java:1090)
	at java.base/java.util.concurrent.ThreadPoolExecutor$Worker.run(ThreadPoolExecutor.java:614)
	at java.base/java.lang.Thread.run(Thread.java:1516)
14:29:12.318 [ INFO] maestro.Maestro.hierarchyBasedTap-ogj28Uc: Something has changed in the UI judging by view hierarchy. Proceed.
14:29:12.319 [ INFO] maestro.cli.runner.MaestroCommandRunner.runCommands$lambda$2: Tap on "Ready to sign" COMPLETED
14:29:12.320 [ INFO] maestro.cli.runner.MaestroCommandRunner.runCommands$lambda$0: Wait for animation to end within 12000 ms RUNNING
14:29:12.320 [ INFO] maestro.cli.runner.MaestroCommandRunner.runCommands$lambda$11: Wait for animation to end within 12000 ms metadata CommandMetadata(numberOfRuns=null, evaluatedCommand=MaestroCommand(waitForAnimationToEndCommand=WaitForAnimationToEndCommand(timeout=12000, label=null, optional=false)), logMessages=[], insight=Insight(message=, level=NONE), aiReasoning=null, labeledCommand=null)
14:29:12.327 [ INFO] maestro.Maestro.waitForAnimationToEnd$lambda$53: Waiting for animation to end with timeout 12000
14:29:12.328 [TRACE] maestro.utils.ScreenshotUtils.takeScreenshot: Taking screenshot to byte array
14:29:12.328 [TRACE] maestro.utils.ScreenshotUtils.takeScreenshot: Taking screenshot to output sink
14:29:12.678 [TRACE] maestro.utils.ScreenshotUtils.takeScreenshot: Taking screenshot to byte array
14:29:12.679 [TRACE] maestro.utils.ScreenshotUtils.takeScreenshot: Taking screenshot to output sink
14:29:13.275 [ INFO] maestro.cli.runner.MaestroCommandRunner.runCommands$lambda$2: Wait for animation to end within 12000 ms COMPLETED
14:29:14.351 [ INFO] maestro.cli.report.TestDebugReporter.deleteOldFiles: Performing purge of logs older than 14 days from C:\Users\Mohammed Elkatry\.maestro\tests
