09:34:36.126 [ INFO] maestro.cli.report.TestDebugReporter.logSystemInfo: Debug output path: C:\Users\Mohammed Elkatry\.maestro\tests\2026-09-10_093436
09:34:36.129 [ INFO] MAESTRO.logSystemInfo: ---- System Info ----
09:34:36.129 [ INFO] MAESTRO.logSystemInfo: Maestro Version: 2.9.0
09:34:36.130 [ INFO] MAESTRO.logSystemInfo: CI: Undefined
09:34:36.131 [ INFO] MAESTRO.logSystemInfo: OS Name: Windows 11
09:34:36.131 [ INFO] MAESTRO.logSystemInfo: OS Version: 10.0
09:34:36.131 [ INFO] MAESTRO.logSystemInfo: Architecture: amd64
09:34:36.132 [ INFO] MAESTRO.logSystemInfo: Java Version: 26
09:34:36.134 [ INFO] MAESTRO.logSystemInfo: Xcode Version: null
09:34:36.137 [ INFO] MAESTRO.logSystemInfo: Flutter Version: Undefined
09:34:36.143 [ INFO] MAESTRO.logSystemInfo: Flutter Channel: Undefined
09:34:36.143 [ INFO] MAESTRO.logSystemInfo: ---------------------
09:34:37.397 [DEBUG] io.micrometer.common.util.internal.logging.InternalLoggerFactory.newDefaultFactory: Using SLF4J as the default logging framework
09:34:37.652 [ INFO] maestro.cli.command.TestCommand.runShardSuite: [shard 1] Selected device emulator-5554 using port 58190 with execution plan ExecutionPlan(flowsToRun=[D:\Automation\Maestro-Mobile\.maestro\_nid-validation.yaml], sequence=FlowSequence(flows=[], continueOnFailure=true), workspaceConfig=WorkspaceConfig(flows=null, includeTags=null, excludeTags=null, executionOrder=null, baselineBranch=null, notifications=null, disableRetries=false, platform=PlatformConfiguration(android=AndroidConfiguration(disableAnimations=false), ios=IOSConfiguration(disableAnimations=false, snapshotKeyHonorModalViews=null)), testOutputDir=null))
09:34:37.824 [ERROR] maestro.cli.session.MaestroSessionManager.newSession$lambda$0: Failed to record heartbeat
java.io.IOException: The process cannot access the file because another process has locked a portion of the file
	at java.base/java.io.FileOutputStream.writeBytes(Native Method)
	at java.base/java.io.FileOutputStream.write(FileOutputStream.java:332)
	at kotlin.io.FilesKt__FileReadWriteKt.writeTextImpl(FileReadWrite.kt:160)
	at kotlin.io.FilesKt__FileReadWriteKt.writeText(FileReadWrite.kt:145)
	at kotlin.io.FilesKt__FileReadWriteKt.writeText$default(FileReadWrite.kt:144)
	at maestro.cli.db.KeyValueStore.commit(KeyValueStore.kt:50)
	at maestro.cli.db.KeyValueStore.set$lambda$3$lambda$2(KeyValueStore.kt:23)
	at maestro.cli.db.KeyValueStore.withFileLock(KeyValueStore.kt:62)
	at maestro.cli.db.KeyValueStore.set(KeyValueStore.kt:20)
	at maestro.cli.session.SessionStore.heartbeat(SessionStore.kt:12)
	at maestro.cli.session.MaestroSessionManager.newSession$lambda$0(MaestroSessionManager.kt:98)
	at java.base/java.util.concurrent.Executors$RunnableAdapter.call(Executors.java:545)
	at java.base/java.util.concurrent.FutureTask.runAndReset(FutureTask.java:371)
	at java.base/java.util.concurrent.ScheduledThreadPoolExecutor$ScheduledFutureTask.run(ScheduledThreadPoolExecutor.java:310)
	at java.base/java.util.concurrent.ThreadPoolExecutor.runWorker(ThreadPoolExecutor.java:1090)
	at java.base/java.util.concurrent.ThreadPoolExecutor$Worker.run(ThreadPoolExecutor.java:614)
	at java.base/java.lang.Thread.run(Thread.java:1516)
09:34:41.032 [ INFO] maestro.cli.runner.TestRunner.runSingle: Running flow _nid-validation.yaml...
09:34:41.123 [ INFO] maestro.Maestro.cachedDeviceInfo_delegate$lambda$0: Getting device info
09:34:41.627 [ INFO] maestro.Maestro.cachedDeviceInfo_delegate$lambda$0: Got device info: DeviceInfo(platform=ANDROID, widthPixels=1080, heightPixels=2400, widthGrid=1080, heightGrid=2400)
09:34:41.911 [ INFO] maestro.cli.runner.MaestroCommandRunner.runCommands$lambda$0: Define variables RUNNING
09:34:41.931 [ INFO] maestro.cli.runner.MaestroCommandRunner.runCommands$lambda$11: Define variables metadata CommandMetadata(numberOfRuns=null, evaluatedCommand=MaestroCommand(defineVariablesCommand=DefineVariablesCommand(env={NATIONAL_ID=, MAESTRO_FILENAME=_nid-validation, MAESTRO_DEVICE_UDID=emulator-5554, MAESTRO_SHARD_ID=1, MAESTRO_SHARD_INDEX=0}, label=null, optional=false)), logMessages=[], insight=Insight(message=, level=NONE), aiReasoning=null, labeledCommand=null)
09:34:41.942 [ INFO] maestro.cli.runner.MaestroCommandRunner.runCommands$lambda$2: Define variables COMPLETED
09:34:41.949 [ INFO] maestro.cli.runner.MaestroCommandRunner.runCommands$lambda$0: Define variables RUNNING
09:34:42.829 [ERROR] maestro.cli.session.MaestroSessionManager.newSession$lambda$0: Failed to record heartbeat
java.io.IOException: The process cannot access the file because another process has locked a portion of the file
	at java.base/java.io.FileOutputStream.writeBytes(Native Method)
	at java.base/java.io.FileOutputStream.write(FileOutputStream.java:332)
	at kotlin.io.FilesKt__FileReadWriteKt.writeTextImpl(FileReadWrite.kt:160)
	at kotlin.io.FilesKt__FileReadWriteKt.writeText(FileReadWrite.kt:145)
	at kotlin.io.FilesKt__FileReadWriteKt.writeText$default(FileReadWrite.kt:144)
	at maestro.cli.db.KeyValueStore.commit(KeyValueStore.kt:50)
	at maestro.cli.db.KeyValueStore.set$lambda$3$lambda$2(KeyValueStore.kt:23)
	at maestro.cli.db.KeyValueStore.withFileLock(KeyValueStore.kt:62)
	at maestro.cli.db.KeyValueStore.set(KeyValueStore.kt:20)
	at maestro.cli.session.SessionStore.heartbeat(SessionStore.kt:12)
	at maestro.cli.session.MaestroSessionManager.newSession$lambda$0(MaestroSessionManager.kt:98)
	at java.base/java.util.concurrent.Executors$RunnableAdapter.call(Executors.java:545)
	at java.base/java.util.concurrent.FutureTask.runAndReset(FutureTask.java:371)
	at java.base/java.util.concurrent.ScheduledThreadPoolExecutor$ScheduledFutureTask.run(ScheduledThreadPoolExecutor.java:310)
	at java.base/java.util.concurrent.ThreadPoolExecutor.runWorker(ThreadPoolExecutor.java:1090)
	at java.base/java.util.concurrent.ThreadPoolExecutor$Worker.run(ThreadPoolExecutor.java:614)
	at java.base/java.lang.Thread.run(Thread.java:1516)
09:34:44.829 [ INFO] maestro.cli.runner.MaestroCommandRunner.runCommands$lambda$11: Define variables metadata CommandMetadata(numberOfRuns=null, evaluatedCommand=MaestroCommand(defineVariablesCommand=DefineVariablesCommand(env={NATIONAL_ID=, PROJECT=مساكن طيبة المدائن EN, MODULE=Apartment, CARD_NUMBER=4464040000000007, CARD_EXPIRY=1252, CARD_CVV=222, CONTRACT_OTP=1234}, label=null, optional=false)), logMessages=[], insight=Insight(message=, level=NONE), aiReasoning=null, labeledCommand=null)
09:34:44.833 [ INFO] maestro.cli.runner.MaestroCommandRunner.runCommands$lambda$2: Define variables COMPLETED
09:34:44.837 [ INFO] maestro.cli.runner.MaestroCommandRunner.runCommands$lambda$0: Apply configuration RUNNING
09:34:44.846 [ INFO] maestro.cli.runner.MaestroCommandRunner.runCommands$lambda$11: Apply configuration metadata CommandMetadata(numberOfRuns=null, evaluatedCommand=MaestroCommand(applyConfigurationCommand=ApplyConfigurationCommand(config=MaestroConfig(appId=fi.iwa.sakani, name=VALIDATION - Stage 1 only (login + eligibility), no booking, tags=[], ext={}, onFlowStart=null, onFlowComplete=null, properties={}), label=null, optional=false)), logMessages=[], insight=Insight(message=, level=NONE), aiReasoning=null, labeledCommand=null)
09:34:44.852 [ INFO] maestro.cli.runner.MaestroCommandRunner.runCommands$lambda$2: Apply configuration COMPLETED
09:34:44.857 [ INFO] maestro.cli.runner.MaestroCommandRunner.runCommands$lambda$0: Run ${console.log('FULL JOURNEY TARGET NATIONAL_ID = [' + NATIONAL_ID + ']')} RUNNING
09:34:44.861 [ INFO] maestro.cli.runner.MaestroCommandRunner.runCommands$lambda$11: Run ${console.log('FULL JOURNEY TARGET NATIONAL_ID = [' + NATIONAL_ID + ']')} metadata CommandMetadata(numberOfRuns=null, evaluatedCommand=MaestroCommand(evalScriptCommand=EvalScriptCommand(scriptString=${console.log('FULL JOURNEY TARGET NATIONAL_ID = [' + NATIONAL_ID + ']')}, label=null, optional=false)), logMessages=[], insight=Insight(message=, level=NONE), aiReasoning=null, labeledCommand=null)
09:34:44.910 [ INFO] maestro.cli.runner.MaestroCommandRunner.runCommands$lambda$11: Run ${console.log('FULL JOURNEY TARGET NATIONAL_ID = [' + NATIONAL_ID + ']')} metadata CommandMetadata(numberOfRuns=null, evaluatedCommand=MaestroCommand(evalScriptCommand=EvalScriptCommand(scriptString=${console.log('FULL JOURNEY TARGET NATIONAL_ID = [' + NATIONAL_ID + ']')}, label=null, optional=false)), logMessages=[FULL JOURNEY TARGET NATIONAL_ID = []], insight=Insight(message=, level=NONE), aiReasoning=null, labeledCommand=null)
09:34:44.912 [ INFO] maestro.orchestra.Orchestra.executeCommands$lambda$23$lambda$21: JsConsole: FULL JOURNEY TARGET NATIONAL_ID = []
09:34:44.919 [ INFO] maestro.cli.runner.MaestroCommandRunner.runCommands$lambda$2: Run ${console.log('FULL JOURNEY TARGET NATIONAL_ID = [' + NATIONAL_ID + ']')} COMPLETED
09:34:44.922 [ INFO] maestro.cli.runner.MaestroCommandRunner.runCommands$lambda$0: Run ${output.targetNationalId = String(NATIONAL_ID)} RUNNING
09:34:44.926 [ INFO] maestro.cli.runner.MaestroCommandRunner.runCommands$lambda$11: Run ${output.targetNationalId = String(NATIONAL_ID)} metadata CommandMetadata(numberOfRuns=null, evaluatedCommand=MaestroCommand(evalScriptCommand=EvalScriptCommand(scriptString=${output.targetNationalId = String(NATIONAL_ID)}, label=null, optional=false)), logMessages=[], insight=Insight(message=, level=NONE), aiReasoning=null, labeledCommand=null)
09:34:44.989 [ INFO] maestro.cli.runner.MaestroCommandRunner.runCommands$lambda$2: Run ${output.targetNationalId = String(NATIONAL_ID)} COMPLETED
09:34:44.992 [ INFO] maestro.cli.runner.MaestroCommandRunner.runCommands$lambda$0: Assert that ${/^[12][0-9]+$/.test(String(NATIONAL_ID)) && String(NATIONAL_ID).length === 10} is true RUNNING
09:34:45.000 [ INFO] maestro.cli.runner.MaestroCommandRunner.runCommands$lambda$11: Assert that ${/^[12][0-9]+$/.test(String(NATIONAL_ID)) && String(NATIONAL_ID).length === 10} is true metadata CommandMetadata(numberOfRuns=null, evaluatedCommand=MaestroCommand(assertConditionCommand=AssertConditionCommand(condition=Condition(platform=null, visible=null, notVisible=null, scriptCondition=${/^[12][0-9]+$/.test(String(NATIONAL_ID)) && String(NATIONAL_ID).length === 10}, label=null), timeout=null, label=null, optional=false)), logMessages=[], insight=Insight(message=, level=NONE), aiReasoning=null, labeledCommand=null)
09:34:45.005 [ INFO] maestro.cli.runner.MaestroCommandRunner.runCommands$lambda$2: Assert that ${/^[12][0-9]+$/.test(String(NATIONAL_ID)) && String(NATIONAL_ID).length === 10} is true COMPLETED
09:34:45.007 [ INFO] maestro.cli.runner.MaestroCommandRunner.runCommands$lambda$0: Launch app "fi.iwa.sakani" with clear state RUNNING
09:34:45.016 [ INFO] maestro.cli.runner.MaestroCommandRunner.runCommands$lambda$11: Launch app "fi.iwa.sakani" with clear state metadata CommandMetadata(numberOfRuns=null, evaluatedCommand=MaestroCommand(launchAppCommand=LaunchAppCommand(appId=fi.iwa.sakani, clearState=true, clearKeychain=null, stopApp=null, permissions=null, launchArguments=null, label=null, optional=false)), logMessages=[], insight=Insight(message=, level=NONE), aiReasoning=null, labeledCommand=null)
09:34:45.022 [ INFO] maestro.Maestro.clearAppState$lambda$8: Clearing app state fi.iwa.sakani
09:34:47.822 [ERROR] maestro.cli.session.MaestroSessionManager.newSession$lambda$0: Failed to record heartbeat
java.io.IOException: The process cannot access the file because another process has locked a portion of the file
	at java.base/java.io.FileOutputStream.writeBytes(Native Method)
	at java.base/java.io.FileOutputStream.write(FileOutputStream.java:332)
	at kotlin.io.FilesKt__FileReadWriteKt.writeTextImpl(FileReadWrite.kt:160)
	at kotlin.io.FilesKt__FileReadWriteKt.writeText(FileReadWrite.kt:145)
	at kotlin.io.FilesKt__FileReadWriteKt.writeText$default(FileReadWrite.kt:144)
	at maestro.cli.db.KeyValueStore.commit(KeyValueStore.kt:50)
	at maestro.cli.db.KeyValueStore.set$lambda$3$lambda$2(KeyValueStore.kt:23)
	at maestro.cli.db.KeyValueStore.withFileLock(KeyValueStore.kt:62)
	at maestro.cli.db.KeyValueStore.set(KeyValueStore.kt:20)
	at maestro.cli.session.SessionStore.heartbeat(SessionStore.kt:12)
	at maestro.cli.session.MaestroSessionManager.newSession$lambda$0(MaestroSessionManager.kt:98)
	at java.base/java.util.concurrent.Executors$RunnableAdapter.call(Executors.java:545)
	at java.base/java.util.concurrent.FutureTask.runAndReset(FutureTask.java:371)
	at java.base/java.util.concurrent.ScheduledThreadPoolExecutor$ScheduledFutureTask.run(ScheduledThreadPoolExecutor.java:310)
	at java.base/java.util.concurrent.ThreadPoolExecutor.runWorker(ThreadPoolExecutor.java:1090)
	at java.base/java.util.concurrent.ThreadPoolExecutor$Worker.run(ThreadPoolExecutor.java:614)
	at java.base/java.lang.Thread.run(Thread.java:1516)
09:34:49.696 [DEBUG] maestro.Maestro.setPermissionInternal: Failed to set permission android.permission.READ_EXTERNAL_STORAGE for app fi.iwa.sakani: shell command failed (exit -1): 
Exception occurred while executing 'grant':
java.lang.SecurityException: Package fi.iwa.sakani has not requested permission android.permission.READ_EXTERNAL_STORAGE
	at com.android.server.pm.permission.PermissionManagerServiceImpl.grantRuntimePermissionInternal(PermissionManagerServiceImpl.java:1423)
	at com.android.server.pm.permission.PermissionManagerServiceImpl.grantRuntimePermission(PermissionManagerServiceImpl.java:1337)
	at com.android.server.pm.permission.PermissionManagerService.grantRuntimePermission(PermissionManagerService.java:551)
	at android.permission.PermissionManager.grantRuntimePermission(PermissionManager.java:609)
	at com.android.server.pm.PackageManagerShellCommand.runGrantRevokePermission(PackageManagerShellCommand.java:2672)
	at com.android.server.pm.PackageManagerShellCommand.onCommand(PackageManagerShellCommand.java:291)
	at com.android.modules.utils.BasicShellCommandHandler.exec(BasicShellCommandHandler.java:97)
	at android.os.ShellCommand.exec(ShellCommand.java:38)
	at com.android.server.pm.PackageManagerService$IPackageManagerImpl.onShellCommand(PackageManagerService.java:6350)
	at android.os.Binder.shellCommand(Binder.java:1068)
	at android.os.Binder.onTransact(Binder.java:888)
	at android.content.pm.IPackageManager$Stub.onTransact(IPackageManager.java:4352)
	at com.android.server.pm.PackageManagerService$IPackageManagerImpl.onTransact(PackageManagerService.java:6334)
	at android.os.Binder.execTransactInternal(Binder.java:1344)
	at android.os.Binder.execTransact(Binder.java:1275)

09:34:49.745 [DEBUG] maestro.Maestro.setPermissionInternal: Failed to set permission android.permission.WRITE_EXTERNAL_STORAGE for app fi.iwa.sakani: shell command failed (exit -1): 
Exception occurred while executing 'grant':
java.lang.SecurityException: Package fi.iwa.sakani has not requested permission android.permission.WRITE_EXTERNAL_STORAGE
	at com.android.server.pm.permission.PermissionManagerServiceImpl.grantRuntimePermissionInternal(PermissionManagerServiceImpl.java:1423)
	at com.android.server.pm.permission.PermissionManagerServiceImpl.grantRuntimePermission(PermissionManagerServiceImpl.java:1337)
	at com.android.server.pm.permission.PermissionManagerService.grantRuntimePermission(PermissionManagerService.java:551)
	at android.permission.PermissionManager.grantRuntimePermission(PermissionManager.java:609)
	at com.android.server.pm.PackageManagerShellCommand.runGrantRevokePermission(PackageManagerShellCommand.java:2672)
	at com.android.server.pm.PackageManagerShellCommand.onCommand(PackageManagerShellCommand.java:291)
	at com.android.modules.utils.BasicShellCommandHandler.exec(BasicShellCommandHandler.java:97)
	at android.os.ShellCommand.exec(ShellCommand.java:38)
	at com.android.server.pm.PackageManagerService$IPackageManagerImpl.onShellCommand(PackageManagerService.java:6350)
	at android.os.Binder.shellCommand(Binder.java:1068)
	at android.os.Binder.onTransact(Binder.java:888)
	at android.content.pm.IPackageManager$Stub.onTransact(IPackageManager.java:4352)
	at com.android.server.pm.PackageManagerService$IPackageManagerImpl.onTransact(PackageManagerService.java:6334)
	at android.os.Binder.execTransactInternal(Binder.java:1344)
	at android.os.Binder.execTransact(Binder.java:1275)

09:34:50.030 [DEBUG] maestro.Maestro.setPermissionInternal: Failed to set permission com.sec.android.provider.badge.permission.READ for app fi.iwa.sakani: shell command failed (exit -1): 
Exception occurred while executing 'grant':
java.lang.IllegalArgumentException: Unknown permission: com.sec.android.provider.badge.permission.READ
	at com.android.server.pm.permission.PermissionManagerServiceImpl.grantRuntimePermissionInternal(PermissionManagerServiceImpl.java:1380)
	at com.android.server.pm.permission.PermissionManagerServiceImpl.grantRuntimePermission(PermissionManagerServiceImpl.java:1337)
	at com.android.server.pm.permission.PermissionManagerService.grantRuntimePermission(PermissionManagerService.java:551)
	at android.permission.PermissionManager.grantRuntimePermission(PermissionManager.java:609)
	at com.android.server.pm.PackageManagerShellCommand.runGrantRevokePermission(PackageManagerShellCommand.java:2672)
	at com.android.server.pm.PackageManagerShellCommand.onCommand(PackageManagerShellCommand.java:291)
	at com.android.modules.utils.BasicShellCommandHandler.exec(BasicShellCommandHandler.java:97)
	at android.os.ShellCommand.exec(ShellCommand.java:38)
	at com.android.server.pm.PackageManagerService$IPackageManagerImpl.onShellCommand(PackageManagerService.java:6350)
	at android.os.Binder.shellCommand(Binder.java:1068)
	at android.os.Binder.onTransact(Binder.java:888)
	at android.content.pm.IPackageManager$Stub.onTransact(IPackageManager.java:4352)
	at com.android.server.pm.PackageManagerService$IPackageManagerImpl.onTransact(PackageManagerService.java:6334)
	at android.os.Binder.execTransactInternal(Binder.java:1344)
	at android.os.Binder.execTransact(Binder.java:1275)

09:34:50.062 [DEBUG] maestro.Maestro.setPermissionInternal: Failed to set permission com.sec.android.provider.badge.permission.WRITE for app fi.iwa.sakani: shell command failed (exit -1): 
Exception occurred while executing 'grant':
java.lang.IllegalArgumentException: Unknown permission: com.sec.android.provider.badge.permission.WRITE
	at com.android.server.pm.permission.PermissionManagerServiceImpl.grantRuntimePermissionInternal(PermissionManagerServiceImpl.java:1380)
	at com.android.server.pm.permission.PermissionManagerServiceImpl.grantRuntimePermission(PermissionManagerServiceImpl.java:1337)
	at com.android.server.pm.permission.PermissionManagerService.grantRuntimePermission(PermissionManagerService.java:551)
	at android.permission.PermissionManager.grantRuntimePermission(PermissionManager.java:609)
	at com.android.server.pm.PackageManagerShellCommand.runGrantRevokePermission(PackageManagerShellCommand.java:2672)
	at com.android.server.pm.PackageManagerShellCommand.onCommand(PackageManagerShellCommand.java:291)
	at com.android.modules.utils.BasicShellCommandHandler.exec(BasicShellCommandHandler.java:97)
	at android.os.ShellCommand.exec(ShellCommand.java:38)
	at com.android.server.pm.PackageManagerService$IPackageManagerImpl.onShellCommand(PackageManagerService.java:6350)
	at android.os.Binder.shellCommand(Binder.java:1068)
	at android.os.Binder.onTransact(Binder.java:888)
	at android.content.pm.IPackageManager$Stub.onTransact(IPackageManager.java:4352)
	at com.android.server.pm.PackageManagerService$IPackageManagerImpl.onTransact(PackageManagerService.java:6334)
	at android.os.Binder.execTransactInternal(Binder.java:1344)
	at android.os.Binder.execTransact(Binder.java:1275)

09:34:50.094 [DEBUG] maestro.Maestro.setPermissionInternal: Failed to set permission com.htc.launcher.permission.READ_SETTINGS for app fi.iwa.sakani: shell command failed (exit -1): 
Exception occurred while executing 'grant':
java.lang.IllegalArgumentException: Unknown permission: com.htc.launcher.permission.READ_SETTINGS
	at com.android.server.pm.permission.PermissionManagerServiceImpl.grantRuntimePermissionInternal(PermissionManagerServiceImpl.java:1380)
	at com.android.server.pm.permission.PermissionManagerServiceImpl.grantRuntimePermission(PermissionManagerServiceImpl.java:1337)
	at com.android.server.pm.permission.PermissionManagerService.grantRuntimePermission(PermissionManagerService.java:551)
	at android.permission.PermissionManager.grantRuntimePermission(PermissionManager.java:609)
	at com.android.server.pm.PackageManagerShellCommand.runGrantRevokePermission(PackageManagerShellCommand.java:2672)
	at com.android.server.pm.PackageManagerShellCommand.onCommand(PackageManagerShellCommand.java:291)
	at com.android.modules.utils.BasicShellCommandHandler.exec(BasicShellCommandHandler.java:97)
	at android.os.ShellCommand.exec(ShellCommand.java:38)
	at com.android.server.pm.PackageManagerService$IPackageManagerImpl.onShellCommand(PackageManagerService.java:6350)
	at android.os.Binder.shellCommand(Binder.java:1068)
	at android.os.Binder.onTransact(Binder.java:888)
	at android.content.pm.IPackageManager$Stub.onTransact(IPackageManager.java:4352)
	at com.android.server.pm.PackageManagerService$IPackageManagerImpl.onTransact(PackageManagerService.java:6334)
	at android.os.Binder.execTransactInternal(Binder.java:1344)
	at android.os.Binder.execTransact(Binder.java:1275)

09:34:50.129 [DEBUG] maestro.Maestro.setPermissionInternal: Failed to set permission com.htc.launcher.permission.UPDATE_SHORTCUT for app fi.iwa.sakani: shell command failed (exit -1): 
Exception occurred while executing 'grant':
java.lang.IllegalArgumentException: Unknown permission: com.htc.launcher.permission.UPDATE_SHORTCUT
	at com.android.server.pm.permission.PermissionManagerServiceImpl.grantRuntimePermissionInternal(PermissionManagerServiceImpl.java:1380)
	at com.android.server.pm.permission.PermissionManagerServiceImpl.grantRuntimePermission(PermissionManagerServiceImpl.java:1337)
	at com.android.server.pm.permission.PermissionManagerService.grantRuntimePermission(PermissionManagerService.java:551)
	at android.permission.PermissionManager.grantRuntimePermission(PermissionManager.java:609)
	at com.android.server.pm.PackageManagerShellCommand.runGrantRevokePermission(PackageManagerShellCommand.java:2672)
	at com.android.server.pm.PackageManagerShellCommand.onCommand(PackageManagerShellCommand.java:291)
	at com.android.modules.utils.BasicShellCommandHandler.exec(BasicShellCommandHandler.java:97)
	at android.os.ShellCommand.exec(ShellCommand.java:38)
	at com.android.server.pm.PackageManagerService$IPackageManagerImpl.onShellCommand(PackageManagerService.java:6350)
	at android.os.Binder.shellCommand(Binder.java:1068)
	at android.os.Binder.onTransact(Binder.java:888)
	at android.content.pm.IPackageManager$Stub.onTransact(IPackageManager.java:4352)
	at com.android.server.pm.PackageManagerService$IPackageManagerImpl.onTransact(PackageManagerService.java:6334)
	at android.os.Binder.execTransactInternal(Binder.java:1344)
	at android.os.Binder.execTransact(Binder.java:1275)

09:34:50.161 [DEBUG] maestro.Maestro.setPermissionInternal: Failed to set permission com.sonyericsson.home.permission.BROADCAST_BADGE for app fi.iwa.sakani: shell command failed (exit -1): 
Exception occurred while executing 'grant':
java.lang.IllegalArgumentException: Unknown permission: com.sonyericsson.home.permission.BROADCAST_BADGE
	at com.android.server.pm.permission.PermissionManagerServiceImpl.grantRuntimePermissionInternal(PermissionManagerServiceImpl.java:1380)
	at com.android.server.pm.permission.PermissionManagerServiceImpl.grantRuntimePermission(PermissionManagerServiceImpl.java:1337)
	at com.android.server.pm.permission.PermissionManagerService.grantRuntimePermission(PermissionManagerService.java:551)
	at android.permission.PermissionManager.grantRuntimePermission(PermissionManager.java:609)
	at com.android.server.pm.PackageManagerShellCommand.runGrantRevokePermission(PackageManagerShellCommand.java:2672)
	at com.android.server.pm.PackageManagerShellCommand.onCommand(PackageManagerShellCommand.java:291)
	at com.android.modules.utils.BasicShellCommandHandler.exec(BasicShellCommandHandler.java:97)
	at android.os.ShellCommand.exec(ShellCommand.java:38)
	at com.android.server.pm.PackageManagerService$IPackageManagerImpl.onShellCommand(PackageManagerService.java:6350)
	at android.os.Binder.shellCommand(Binder.java:1068)
	at android.os.Binder.onTransact(Binder.java:888)
	at android.content.pm.IPackageManager$Stub.onTransact(IPackageManager.java:4352)
	at com.android.server.pm.PackageManagerService$IPackageManagerImpl.onTransact(PackageManagerService.java:6334)
	at android.os.Binder.execTransactInternal(Binder.java:1344)
	at android.os.Binder.execTransact(Binder.java:1275)

09:34:50.197 [DEBUG] maestro.Maestro.setPermissionInternal: Failed to set permission com.sonymobile.home.permission.PROVIDER_INSERT_BADGE for app fi.iwa.sakani: shell command failed (exit -1): 
Exception occurred while executing 'grant':
java.lang.IllegalArgumentException: Unknown permission: com.sonymobile.home.permission.PROVIDER_INSERT_BADGE
	at com.android.server.pm.permission.PermissionManagerServiceImpl.grantRuntimePermissionInternal(PermissionManagerServiceImpl.java:1380)
	at com.android.server.pm.permission.PermissionManagerServiceImpl.grantRuntimePermission(PermissionManagerServiceImpl.java:1337)
	at com.android.server.pm.permission.PermissionManagerService.grantRuntimePermission(PermissionManagerService.java:551)
	at android.permission.PermissionManager.grantRuntimePermission(PermissionManager.java:609)
	at com.android.server.pm.PackageManagerShellCommand.runGrantRevokePermission(PackageManagerShellCommand.java:2672)
	at com.android.server.pm.PackageManagerShellCommand.onCommand(PackageManagerShellCommand.java:291)
	at com.android.modules.utils.BasicShellCommandHandler.exec(BasicShellCommandHandler.java:97)
	at android.os.ShellCommand.exec(ShellCommand.java:38)
	at com.android.server.pm.PackageManagerService$IPackageManagerImpl.onShellCommand(PackageManagerService.java:6350)
	at android.os.Binder.shellCommand(Binder.java:1068)
	at android.os.Binder.onTransact(Binder.java:888)
	at android.content.pm.IPackageManager$Stub.onTransact(IPackageManager.java:4352)
	at com.android.server.pm.PackageManagerService$IPackageManagerImpl.onTransact(PackageManagerService.java:6334)
	at android.os.Binder.execTransactInternal(Binder.java:1344)
	at android.os.Binder.execTransact(Binder.java:1275)

09:34:50.226 [DEBUG] maestro.Maestro.setPermissionInternal: Failed to set permission com.anddoes.launcher.permission.UPDATE_COUNT for app fi.iwa.sakani: shell command failed (exit -1): 
Exception occurred while executing 'grant':
java.lang.IllegalArgumentException: Unknown permission: com.anddoes.launcher.permission.UPDATE_COUNT
	at com.android.server.pm.permission.PermissionManagerServiceImpl.grantRuntimePermissionInternal(PermissionManagerServiceImpl.java:1380)
	at com.android.server.pm.permission.PermissionManagerServiceImpl.grantRuntimePermission(PermissionManagerServiceImpl.java:1337)
	at com.android.server.pm.permission.PermissionManagerService.grantRuntimePermission(PermissionManagerService.java:551)
	at android.permission.PermissionManager.grantRuntimePermission(PermissionManager.java:609)
	at com.android.server.pm.PackageManagerShellCommand.runGrantRevokePermission(PackageManagerShellCommand.java:2672)
	at com.android.server.pm.PackageManagerShellCommand.onCommand(PackageManagerShellCommand.java:291)
	at com.android.modules.utils.BasicShellCommandHandler.exec(BasicShellCommandHandler.java:97)
	at android.os.ShellCommand.exec(ShellCommand.java:38)
	at com.android.server.pm.PackageManagerService$IPackageManagerImpl.onShellCommand(PackageManagerService.java:6350)
	at android.os.Binder.shellCommand(Binder.java:1068)
	at android.os.Binder.onTransact(Binder.java:888)
	at android.content.pm.IPackageManager$Stub.onTransact(IPackageManager.java:4352)
	at com.android.server.pm.PackageManagerService$IPackageManagerImpl.onTransact(PackageManagerService.java:6334)
	at android.os.Binder.execTransactInternal(Binder.java:1344)
	at android.os.Binder.execTransact(Binder.java:1275)

09:34:50.263 [DEBUG] maestro.Maestro.setPermissionInternal: Failed to set permission com.majeur.launcher.permission.UPDATE_BADGE for app fi.iwa.sakani: shell command failed (exit -1): 
Exception occurred while executing 'grant':
java.lang.IllegalArgumentException: Unknown permission: com.majeur.launcher.permission.UPDATE_BADGE
	at com.android.server.pm.permission.PermissionManagerServiceImpl.grantRuntimePermissionInternal(PermissionManagerServiceImpl.java:1380)
	at com.android.server.pm.permission.PermissionManagerServiceImpl.grantRuntimePermission(PermissionManagerServiceImpl.java:1337)
	at com.android.server.pm.permission.PermissionManagerService.grantRuntimePermission(PermissionManagerService.java:551)
	at android.permission.PermissionManager.grantRuntimePermission(PermissionManager.java:609)
	at com.android.server.pm.PackageManagerShellCommand.runGrantRevokePermission(PackageManagerShellCommand.java:2672)
	at com.android.server.pm.PackageManagerShellCommand.onCommand(PackageManagerShellCommand.java:291)
	at com.android.modules.utils.BasicShellCommandHandler.exec(BasicShellCommandHandler.java:97)
	at android.os.ShellCommand.exec(ShellCommand.java:38)
	at com.android.server.pm.PackageManagerService$IPackageManagerImpl.onShellCommand(PackageManagerService.java:6350)
	at android.os.Binder.shellCommand(Binder.java:1068)
	at android.os.Binder.onTransact(Binder.java:888)
	at android.content.pm.IPackageManager$Stub.onTransact(IPackageManager.java:4352)
	at com.android.server.pm.PackageManagerService$IPackageManagerImpl.onTransact(PackageManagerService.java:6334)
	at android.os.Binder.execTransactInternal(Binder.java:1344)
	at android.os.Binder.execTransact(Binder.java:1275)

09:34:50.301 [DEBUG] maestro.Maestro.setPermissionInternal: Failed to set permission com.huawei.android.launcher.permission.CHANGE_BADGE for app fi.iwa.sakani: shell command failed (exit -1): 
Exception occurred while executing 'grant':
java.lang.IllegalArgumentException: Unknown permission: com.huawei.android.launcher.permission.CHANGE_BADGE
	at com.android.server.pm.permission.PermissionManagerServiceImpl.grantRuntimePermissionInternal(PermissionManagerServiceImpl.java:1380)
	at com.android.server.pm.permission.PermissionManagerServiceImpl.grantRuntimePermission(PermissionManagerServiceImpl.java:1337)
	at com.android.server.pm.permission.PermissionManagerService.grantRuntimePermission(PermissionManagerService.java:551)
	at android.permission.PermissionManager.grantRuntimePermission(PermissionManager.java:609)
	at com.android.server.pm.PackageManagerShellCommand.runGrantRevokePermission(PackageManagerShellCommand.java:2672)
	at com.android.server.pm.PackageManagerShellCommand.onCommand(PackageManagerShellCommand.java:291)
	at com.android.modules.utils.BasicShellCommandHandler.exec(BasicShellCommandHandler.java:97)
	at android.os.ShellCommand.exec(ShellCommand.java:38)
	at com.android.server.pm.PackageManagerService$IPackageManagerImpl.onShellCommand(PackageManagerService.java:6350)
	at android.os.Binder.shellCommand(Binder.java:1068)
	at android.os.Binder.onTransact(Binder.java:888)
	at android.content.pm.IPackageManager$Stub.onTransact(IPackageManager.java:4352)
	at com.android.server.pm.PackageManagerService$IPackageManagerImpl.onTransact(PackageManagerService.java:6334)
	at android.os.Binder.execTransactInternal(Binder.java:1344)
	at android.os.Binder.execTransact(Binder.java:1275)

09:34:50.327 [DEBUG] maestro.Maestro.setPermissionInternal: Failed to set permission com.huawei.android.launcher.permission.READ_SETTINGS for app fi.iwa.sakani: shell command failed (exit -1): 
Exception occurred while executing 'grant':
java.lang.IllegalArgumentException: Unknown permission: com.huawei.android.launcher.permission.READ_SETTINGS
	at com.android.server.pm.permission.PermissionManagerServiceImpl.grantRuntimePermissionInternal(PermissionManagerServiceImpl.java:1380)
	at com.android.server.pm.permission.PermissionManagerServiceImpl.grantRuntimePermission(PermissionManagerServiceImpl.java:1337)
	at com.android.server.pm.permission.PermissionManagerService.grantRuntimePermission(PermissionManagerService.java:551)
	at android.permission.PermissionManager.grantRuntimePermission(PermissionManager.java:609)
	at com.android.server.pm.PackageManagerShellCommand.runGrantRevokePermission(PackageManagerShellCommand.java:2672)
	at com.android.server.pm.PackageManagerShellCommand.onCommand(PackageManagerShellCommand.java:291)
	at com.android.modules.utils.BasicShellCommandHandler.exec(BasicShellCommandHandler.java:97)
	at android.os.ShellCommand.exec(ShellCommand.java:38)
	at com.android.server.pm.PackageManagerService$IPackageManagerImpl.onShellCommand(PackageManagerService.java:6350)
	at android.os.Binder.shellCommand(Binder.java:1068)
	at android.os.Binder.onTransact(Binder.java:888)
	at android.content.pm.IPackageManager$Stub.onTransact(IPackageManager.java:4352)
	at com.android.server.pm.PackageManagerService$IPackageManagerImpl.onTransact(PackageManagerService.java:6334)
	at android.os.Binder.execTransactInternal(Binder.java:1344)
	at android.os.Binder.execTransact(Binder.java:1275)

09:34:50.358 [DEBUG] maestro.Maestro.setPermissionInternal: Failed to set permission com.huawei.android.launcher.permission.WRITE_SETTINGS for app fi.iwa.sakani: shell command failed (exit -1): 
Exception occurred while executing 'grant':
java.lang.IllegalArgumentException: Unknown permission: com.huawei.android.launcher.permission.WRITE_SETTINGS
	at com.android.server.pm.permission.PermissionManagerServiceImpl.grantRuntimePermissionInternal(PermissionManagerServiceImpl.java:1380)
	at com.android.server.pm.permission.PermissionManagerServiceImpl.grantRuntimePermission(PermissionManagerServiceImpl.java:1337)
	at com.android.server.pm.permission.PermissionManagerService.grantRuntimePermission(PermissionManagerService.java:551)
	at android.permission.PermissionManager.grantRuntimePermission(PermissionManager.java:609)
	at com.android.server.pm.PackageManagerShellCommand.runGrantRevokePermission(PackageManagerShellCommand.java:2672)
	at com.android.server.pm.PackageManagerShellCommand.onCommand(PackageManagerShellCommand.java:291)
	at com.android.modules.utils.BasicShellCommandHandler.exec(BasicShellCommandHandler.java:97)
	at android.os.ShellCommand.exec(ShellCommand.java:38)
	at com.android.server.pm.PackageManagerService$IPackageManagerImpl.onShellCommand(PackageManagerService.java:6350)
	at android.os.Binder.shellCommand(Binder.java:1068)
	at android.os.Binder.onTransact(Binder.java:888)
	at android.content.pm.IPackageManager$Stub.onTransact(IPackageManager.java:4352)
	at com.android.server.pm.PackageManagerService$IPackageManagerImpl.onTransact(PackageManagerService.java:6334)
	at android.os.Binder.execTransactInternal(Binder.java:1344)
	at android.os.Binder.execTransact(Binder.java:1275)

09:34:50.389 [DEBUG] maestro.Maestro.setPermissionInternal: Failed to set permission android.permission.READ_APP_BADGE for app fi.iwa.sakani: shell command failed (exit -1): 
Exception occurred while executing 'grant':
java.lang.IllegalArgumentException: Unknown permission: android.permission.READ_APP_BADGE
	at com.android.server.pm.permission.PermissionManagerServiceImpl.grantRuntimePermissionInternal(PermissionManagerServiceImpl.java:1380)
	at com.android.server.pm.permission.PermissionManagerServiceImpl.grantRuntimePermission(PermissionManagerServiceImpl.java:1337)
	at com.android.server.pm.permission.PermissionManagerService.grantRuntimePermission(PermissionManagerService.java:551)
	at android.permission.PermissionManager.grantRuntimePermission(PermissionManager.java:609)
	at com.android.server.pm.PackageManagerShellCommand.runGrantRevokePermission(PackageManagerShellCommand.java:2672)
	at com.android.server.pm.PackageManagerShellCommand.onCommand(PackageManagerShellCommand.java:291)
	at com.android.modules.utils.BasicShellCommandHandler.exec(BasicShellCommandHandler.java:97)
	at android.os.ShellCommand.exec(ShellCommand.java:38)
	at com.android.server.pm.PackageManagerService$IPackageManagerImpl.onShellCommand(PackageManagerService.java:6350)
	at android.os.Binder.shellCommand(Binder.java:1068)
	at android.os.Binder.onTransact(Binder.java:888)
	at android.content.pm.IPackageManager$Stub.onTransact(IPackageManager.java:4352)
	at com.android.server.pm.PackageManagerService$IPackageManagerImpl.onTransact(PackageManagerService.java:6334)
	at android.os.Binder.execTransactInternal(Binder.java:1344)
	at android.os.Binder.execTransact(Binder.java:1275)

09:34:50.424 [DEBUG] maestro.Maestro.setPermissionInternal: Failed to set permission com.oppo.launcher.permission.READ_SETTINGS for app fi.iwa.sakani: shell command failed (exit -1): 
Exception occurred while executing 'grant':
java.lang.IllegalArgumentException: Unknown permission: com.oppo.launcher.permission.READ_SETTINGS
	at com.android.server.pm.permission.PermissionManagerServiceImpl.grantRuntimePermissionInternal(PermissionManagerServiceImpl.java:1380)
	at com.android.server.pm.permission.PermissionManagerServiceImpl.grantRuntimePermission(PermissionManagerServiceImpl.java:1337)
	at com.android.server.pm.permission.PermissionManagerService.grantRuntimePermission(PermissionManagerService.java:551)
	at android.permission.PermissionManager.grantRuntimePermission(PermissionManager.java:609)
	at com.android.server.pm.PackageManagerShellCommand.runGrantRevokePermission(PackageManagerShellCommand.java:2672)
	at com.android.server.pm.PackageManagerShellCommand.onCommand(PackageManagerShellCommand.java:291)
	at com.android.modules.utils.BasicShellCommandHandler.exec(BasicShellCommandHandler.java:97)
	at android.os.ShellCommand.exec(ShellCommand.java:38)
	at com.android.server.pm.PackageManagerService$IPackageManagerImpl.onShellCommand(PackageManagerService.java:6350)
	at android.os.Binder.shellCommand(Binder.java:1068)
	at android.os.Binder.onTransact(Binder.java:888)
	at android.content.pm.IPackageManager$Stub.onTransact(IPackageManager.java:4352)
	at com.android.server.pm.PackageManagerService$IPackageManagerImpl.onTransact(PackageManagerService.java:6334)
	at android.os.Binder.execTransactInternal(Binder.java:1344)
	at android.os.Binder.execTransact(Binder.java:1275)

09:34:50.456 [DEBUG] maestro.Maestro.setPermissionInternal: Failed to set permission com.oppo.launcher.permission.WRITE_SETTINGS for app fi.iwa.sakani: shell command failed (exit -1): 
Exception occurred while executing 'grant':
java.lang.IllegalArgumentException: Unknown permission: com.oppo.launcher.permission.WRITE_SETTINGS
	at com.android.server.pm.permission.PermissionManagerServiceImpl.grantRuntimePermissionInternal(PermissionManagerServiceImpl.java:1380)
	at com.android.server.pm.permission.PermissionManagerServiceImpl.grantRuntimePermission(PermissionManagerServiceImpl.java:1337)
	at com.android.server.pm.permission.PermissionManagerService.grantRuntimePermission(PermissionManagerService.java:551)
	at android.permission.PermissionManager.grantRuntimePermission(PermissionManager.java:609)
	at com.android.server.pm.PackageManagerShellCommand.runGrantRevokePermission(PackageManagerShellCommand.java:2672)
	at com.android.server.pm.PackageManagerShellCommand.onCommand(PackageManagerShellCommand.java:291)
	at com.android.modules.utils.BasicShellCommandHandler.exec(BasicShellCommandHandler.java:97)
	at android.os.ShellCommand.exec(ShellCommand.java:38)
	at com.android.server.pm.PackageManagerService$IPackageManagerImpl.onShellCommand(PackageManagerService.java:6350)
	at android.os.Binder.shellCommand(Binder.java:1068)
	at android.os.Binder.onTransact(Binder.java:888)
	at android.content.pm.IPackageManager$Stub.onTransact(IPackageManager.java:4352)
	at com.android.server.pm.PackageManagerService$IPackageManagerImpl.onTransact(PackageManagerService.java:6334)
	at android.os.Binder.execTransactInternal(Binder.java:1344)
	at android.os.Binder.execTransact(Binder.java:1275)

09:34:50.492 [DEBUG] maestro.Maestro.setPermissionInternal: Failed to set permission me.everything.badger.permission.BADGE_COUNT_READ for app fi.iwa.sakani: shell command failed (exit -1): 
Exception occurred while executing 'grant':
java.lang.IllegalArgumentException: Unknown permission: me.everything.badger.permission.BADGE_COUNT_READ
	at com.android.server.pm.permission.PermissionManagerServiceImpl.grantRuntimePermissionInternal(PermissionManagerServiceImpl.java:1380)
	at com.android.server.pm.permission.PermissionManagerServiceImpl.grantRuntimePermission(PermissionManagerServiceImpl.java:1337)
	at com.android.server.pm.permission.PermissionManagerService.grantRuntimePermission(PermissionManagerService.java:551)
	at android.permission.PermissionManager.grantRuntimePermission(PermissionManager.java:609)
	at com.android.server.pm.PackageManagerShellCommand.runGrantRevokePermission(PackageManagerShellCommand.java:2672)
	at com.android.server.pm.PackageManagerShellCommand.onCommand(PackageManagerShellCommand.java:291)
	at com.android.modules.utils.BasicShellCommandHandler.exec(BasicShellCommandHandler.java:97)
	at android.os.ShellCommand.exec(ShellCommand.java:38)
	at com.android.server.pm.PackageManagerService$IPackageManagerImpl.onShellCommand(PackageManagerService.java:6350)
	at android.os.Binder.shellCommand(Binder.java:1068)
	at android.os.Binder.onTransact(Binder.java:888)
	at android.content.pm.IPackageManager$Stub.onTransact(IPackageManager.java:4352)
	at com.android.server.pm.PackageManagerService$IPackageManagerImpl.onTransact(PackageManagerService.java:6334)
	at android.os.Binder.execTransactInternal(Binder.java:1344)
	at android.os.Binder.execTransact(Binder.java:1275)

09:34:50.525 [DEBUG] maestro.Maestro.setPermissionInternal: Failed to set permission me.everything.badger.permission.BADGE_COUNT_WRITE for app fi.iwa.sakani: shell command failed (exit -1): 
Exception occurred while executing 'grant':
java.lang.IllegalArgumentException: Unknown permission: me.everything.badger.permission.BADGE_COUNT_WRITE
	at com.android.server.pm.permission.PermissionManagerServiceImpl.grantRuntimePermissionInternal(PermissionManagerServiceImpl.java:1380)
	at com.android.server.pm.permission.PermissionManagerServiceImpl.grantRuntimePermission(PermissionManagerServiceImpl.java:1337)
	at com.android.server.pm.permission.PermissionManagerService.grantRuntimePermission(PermissionManagerService.java:551)
	at android.permission.PermissionManager.grantRuntimePermission(PermissionManager.java:609)
	at com.android.server.pm.PackageManagerShellCommand.runGrantRevokePermission(PackageManagerShellCommand.java:2672)
	at com.android.server.pm.PackageManagerShellCommand.onCommand(PackageManagerShellCommand.java:291)
	at com.android.modules.utils.BasicShellCommandHandler.exec(BasicShellCommandHandler.java:97)
	at android.os.ShellCommand.exec(ShellCommand.java:38)
	at com.android.server.pm.PackageManagerService$IPackageManagerImpl.onShellCommand(PackageManagerService.java:6350)
	at android.os.Binder.shellCommand(Binder.java:1068)
	at android.os.Binder.onTransact(Binder.java:888)
	at android.content.pm.IPackageManager$Stub.onTransact(IPackageManager.java:4352)
	at com.android.server.pm.PackageManagerService$IPackageManagerImpl.onTransact(PackageManagerService.java:6334)
	at android.os.Binder.execTransactInternal(Binder.java:1344)
	at android.os.Binder.execTransact(Binder.java:1275)

09:34:50.794 [ INFO] maestro.Maestro.launchApp$lambda$5: Launching app fi.iwa.sakani
09:34:50.794 [ INFO] maestro.Maestro.launchApp$lambda$5: Stopping fi.iwa.sakani app during launch
09:34:51.000 [ INFO] maestro.cli.runner.MaestroCommandRunner.runCommands$lambda$2: Launch app "fi.iwa.sakani" with clear state COMPLETED
09:34:51.003 [ INFO] maestro.cli.runner.MaestroCommandRunner.runCommands$lambda$0: Run subflows/login.yaml RUNNING
09:34:51.042 [ INFO] maestro.cli.runner.MaestroCommandRunner.runCommands$lambda$11: Run subflows/login.yaml metadata CommandMetadata(numberOfRuns=null, evaluatedCommand=MaestroCommand(runFlowCommand=RunFlowCommand(commands=[MaestroCommand(defineVariablesCommand=DefineVariablesCommand(env={NATIONAL_ID=${NATIONAL_ID}}, label=null, optional=false)), MaestroCommand(applyConfigurationCommand=ApplyConfigurationCommand(config=MaestroConfig(appId=fi.iwa.sakani, name=Login with National ID, tags=[], ext={}, onFlowStart=null, onFlowComplete=null, properties={}), label=null, optional=false)), MaestroCommand(assertConditionCommand=AssertConditionCommand(condition=Condition(platform=null, visible=null, notVisible=null, scriptCondition=${typeof NATIONAL_ID !== "undefined" && /^[12][0-9]+$/.test(String(NATIONAL_ID)) && String(NATIONAL_ID).length === 10}, label=null), timeout=null, label=null, optional=false)), MaestroCommand(runFlowCommand=RunFlowCommand(commands=[MaestroCommand(defineVariablesCommand=DefineVariablesCommand(env={ANCHOR=(?s).*Login / Sign up.*}, label=null, optional=false)), MaestroCommand(applyConfigurationCommand=ApplyConfigurationCommand(config=MaestroConfig(appId=fi.iwa.sakani, name=Clear first-run and promo overlays, tags=[], ext={}, onFlowStart=null, onFlowComplete=null, properties={}), label=null, optional=false)), MaestroCommand(evalScriptCommand=EvalScriptCommand(scriptString=${output.npsRecovered = false}, label=null, optional=false)), MaestroCommand(repeatCommand=RepeatCommand(times=20, condition=Condition(platform=null, visible=null, notVisible=ElementSelector(textRegex=${ANCHOR}, idRegex=null, size=null, below=null, above=null, leftOf=null, rightOf=null, containsChild=null, containsDescendants=null, traits=null, index=null, enabled=null, optional=false, selected=null, checked=null, focused=null, childOf=null, css=null), scriptCondition=null, label=null), commands=[MaestroCommand(runFlowCommand=RunFlowCommand(commands=[MaestroCommand(tapOnElementCommand=TapOnElementCommand(selector=ElementSelector(textRegex=Don.t allow, idRegex=null, size=null, below=null, above=null, leftOf=null, rightOf=null, containsChild=null, containsDescendants=null, traits=null, index=null, enabled=null, optional=false, selected=null, checked=null, focused=null, childOf=null, css=null), retryIfNoChange=false, waitUntilVisible=false, longPress=false, repeat=null, waitToSettleTimeoutMs=null, relativePoint=null, label=null, optional=false)), MaestroCommand(waitForAnimationToEndCommand=WaitForAnimationToEndCommand(timeout=3000, label=null, optional=false))], condition=Condition(platform=null, visible=ElementSelector(textRegex=Don.t allow, idRegex=null, size=null, below=null, above=null, leftOf=null, rightOf=null, containsChild=null, containsDescendants=null, traits=null, index=null, enabled=null, optional=false, selected=null, checked=null, focused=null, childOf=null, css=null), notVisible=null, scriptCondition=null, label=null), sourceDescription=null, config=null, label=null, optional=false)), MaestroCommand(runFlowCommand=RunFlowCommand(commands=[MaestroCommand(tapOnElementCommand=TapOnElementCommand(selector=ElementSelector(textRegex=Skip, idRegex=null, size=null, below=null, above=null, leftOf=null, rightOf=null, containsChild=null, containsDescendants=null, traits=null, index=null, enabled=null, optional=false, selected=null, checked=null, focused=null, childOf=null, css=null), retryIfNoChange=false, waitUntilVisible=false, longPress=false, repeat=null, waitToSettleTimeoutMs=null, relativePoint=null, label=null, optional=false)), MaestroCommand(waitForAnimationToEndCommand=WaitForAnimationToEndCommand(timeout=3000, label=null, optional=false))], condition=Condition(platform=null, visible=ElementSelector(textRegex=Skip, idRegex=null, size=null, below=null, above=null, leftOf=null, rightOf=null, containsChild=null, containsDescendants=null, traits=null, index=null, enabled=null, optional=false, selected=null, checked=null, focused=null, childOf=null, css=null), notVisible=null, scriptCondition=null, label=null), sourceDescription=null, config=null, label=null, optional=false)), MaestroCommand(runFlowCommand=RunFlowCommand(commands=[MaestroCommand(tapOnElementCommand=TapOnElementCommand(selector=ElementSelector(textRegex=Dismiss, idRegex=null, size=null, below=null, above=null, leftOf=null, rightOf=null, containsChild=null, containsDescendants=null, traits=null, index=null, enabled=null, optional=false, selected=null, checked=null, focused=null, childOf=null, css=null), retryIfNoChange=false, waitUntilVisible=false, longPress=false, repeat=null, waitToSettleTimeoutMs=null, relativePoint=null, label=null, optional=false)), MaestroCommand(waitForAnimationToEndCommand=WaitForAnimationToEndCommand(timeout=3000, label=null, optional=false))], condition=Condition(platform=null, visible=ElementSelector(textRegex=Dismiss, idRegex=null, size=null, below=null, above=null, leftOf=null, rightOf=null, containsChild=null, containsDescendants=null, traits=null, index=null, enabled=null, optional=false, selected=null, checked=null, focused=null, childOf=null, css=null), notVisible=null, scriptCondition=null, label=null), sourceDescription=null, config=null, label=null, optional=false)), MaestroCommand(runFlowCommand=RunFlowCommand(commands=[MaestroCommand(tapOnElementCommand=TapOnElementCommand(selector=ElementSelector(textRegex=Ok, idRegex=null, size=null, below=null, above=null, leftOf=null, rightOf=null, containsChild=null, containsDescendants=null, traits=null, index=null, enabled=null, optional=false, selected=null, checked=null, focused=null, childOf=null, css=null), retryIfNoChange=false, waitUntilVisible=false, longPress=false, repeat=null, waitToSettleTimeoutMs=null, relativePoint=null, label=null, optional=false)), MaestroCommand(waitForAnimationToEndCommand=WaitForAnimationToEndCommand(timeout=3000, label=null, optional=false))], condition=Condition(platform=null, visible=ElementSelector(textRegex=Ok, idRegex=null, size=null, below=null, above=null, leftOf=null, rightOf=null, containsChild=null, containsDescendants=null, traits=null, index=null, enabled=null, optional=false, selected=null, checked=null, focused=null, childOf=null, css=null), notVisible=null, scriptCondition=null, label=null), sourceDescription=null, config=null, label=null, optional=false)), MaestroCommand(runFlowCommand=RunFlowCommand(commands=[MaestroCommand(backPressCommand=BackPressCommand()), MaestroCommand(waitForAnimationToEndCommand=WaitForAnimationToEndCommand(timeout=3000, label=null, optional=false))], condition=Condition(platform=null, visible=ElementSelector(textRegex=Marketplace Day, idRegex=null, size=null, below=null, above=null, leftOf=null, rightOf=null, containsChild=null, containsDescendants=null, traits=null, index=null, enabled=null, optional=false, selected=null, checked=null, focused=null, childOf=null, css=null), notVisible=null, scriptCondition=null, label=null), sourceDescription=null, config=null, label=null, optional=false)), MaestroCommand(runFlowCommand=RunFlowCommand(commands=[MaestroCommand(backPressCommand=BackPressCommand()), MaestroCommand(waitForAnimationToEndCommand=WaitForAnimationToEndCommand(timeout=3000, label=null, optional=false))], condition=Condition(platform=null, visible=ElementSelector(textRegex=Start comparing properties, idRegex=null, size=null, below=null, above=null, leftOf=null, rightOf=null, containsChild=null, containsDescendants=null, traits=null, index=null, enabled=null, optional=false, selected=null, checked=null, focused=null, childOf=null, css=null), notVisible=null, scriptCondition=null, label=null), sourceDescription=null, config=null, label=null, optional=false)), MaestroCommand(runFlowCommand=RunFlowCommand(commands=[MaestroCommand(backPressCommand=BackPressCommand()), MaestroCommand(waitForAnimationToEndCommand=WaitForAnimationToEndCommand(timeout=3000, label=null, optional=false))], condition=Condition(platform=null, visible=ElementSelector(textRegex=Go to the weekly (offer|deal), idRegex=null, size=null, below=null, above=null, leftOf=null, rightOf=null, containsChild=null, containsDescendants=null, traits=null, index=null, enabled=null, optional=false, selected=null, checked=null, focused=null, childOf=null, css=null), notVisible=null, scriptCondition=null, label=null), sourceDescription=null, config=null, label=null, optional=false)), MaestroCommand(runFlowCommand=RunFlowCommand(commands=[MaestroCommand(backPressCommand=BackPressCommand()), MaestroCommand(waitForAnimationToEndCommand=WaitForAnimationToEndCommand(timeout=3000, label=null, optional=false))], condition=Condition(platform=null, visible=ElementSelector(textRegex=Update email, idRegex=null, size=null, below=null, above=null, leftOf=null, rightOf=null, containsChild=null, containsDescendants=null, traits=null, index=null, enabled=null, optional=false, selected=null, checked=null, focused=null, childOf=null, css=null), notVisible=null, scriptCondition=null, label=null), sourceDescription=null, config=null, label=null, optional=false)), MaestroCommand(runFlowCommand=RunFlowCommand(commands=[MaestroCommand(tapOnPointV2Command=TapOnPointV2Command(point=7%,9%, retryIfNoChange=false, longPress=false, repeat=null, waitToSettleTimeoutMs=null, label=null, optional=false)), MaestroCommand(waitForAnimationToEndCommand=WaitForAnimationToEndCommand(timeout=4000, label=null, optional=false))], condition=Condition(platform=null, visible=ElementSelector(textRegex=Number and Email Already Linked, idRegex=null, size=null, below=null, above=null, leftOf=null, rightOf=null, containsChild=null, containsDescendants=null, traits=null, index=null, enabled=null, optional=false, selected=null, checked=null, focused=null, childOf=null, css=null), notVisible=null, scriptCondition=null, label=null), sourceDescription=null, config=null, label=null, optional=false)), MaestroCommand(runFlowCommand=RunFlowCommand(commands=[MaestroCommand(runFlowCommand=RunFlowCommand(commands=[MaestroCommand(swipeCommand=SwipeCommand(direction=null, startPoint=null, endPoint=null, elementSelector=null, startRelative=50%,58%, endRelative=50%,99%, duration=400, waitToSettleTimeoutMs=null, relativePoint=null, label=null, optional=false)), MaestroCommand(waitForAnimationToEndCommand=WaitForAnimationToEndCommand(timeout=4000, label=null, optional=false)), MaestroCommand(evalScriptCommand=EvalScriptCommand(scriptString=${output.npsRecovered = true}, label=null, optional=false))], condition=Condition(platform=null, visible=null, notVisible=ElementSelector(textRegex=(?s)(.*There.s something wrong.*|.*the service is down.*|Error!), idRegex=null, size=null, below=null, above=null, leftOf=null, rightOf=null, containsChild=null, containsDescendants=null, traits=null, index=null, enabled=null, optional=false, selected=null, checked=null, focused=null, childOf=null, css=null), scriptCondition=null, label=null), sourceDescription=null, config=null, label=null, optional=false))], condition=Condition(platform=null, visible=ElementSelector(textRegex=(?s).*would you recommend benefiting from Sakani.*, idRegex=null, size=null, below=null, above=null, leftOf=null, rightOf=null, containsChild=null, containsDescendants=null, traits=null, index=null, enabled=null, optional=false, selected=null, checked=null, focused=null, childOf=null, css=null), notVisible=null, scriptCondition=null, label=null), sourceDescription=null, config=null, label=null, optional=false)), MaestroCommand(runFlowCommand=RunFlowCommand(commands=[MaestroCommand(tapOnElementCommand=TapOnElementCommand(selector=ElementSelector(textRegex=Maybe Later, idRegex=null, size=null, below=null, above=null, leftOf=null, rightOf=null, containsChild=null, containsDescendants=null, traits=null, index=null, enabled=null, optional=false, selected=null, checked=null, focused=null, childOf=null, css=null), retryIfNoChange=false, waitUntilVisible=false, longPress=false, repeat=null, waitToSettleTimeoutMs=null, relativePoint=null, label=null, optional=false)), MaestroCommand(waitForAnimationToEndCommand=WaitForAnimationToEndCommand(timeout=3000, label=null, optional=false))], condition=Condition(platform=null, visible=ElementSelector(textRegex=Maybe Later, idRegex=null, size=null, below=null, above=null, leftOf=null, rightOf=null, containsChild=null, containsDescendants=null, traits=null, index=null, enabled=null, optional=false, selected=null, checked=null, focused=null, childOf=null, css=null), notVisible=null, scriptCondition=null, label=null), sourceDescription=null, config=null, label=null, optional=false)), MaestroCommand(runFlowCommand=RunFlowCommand(commands=[MaestroCommand(tapOnElementCommand=TapOnElementCommand(selector=ElementSelector(textRegex=Reject cookies, idRegex=null, size=null, below=null, above=null, leftOf=null, rightOf=null, containsChild=null, containsDescendants=null, traits=null, index=null, enabled=null, optional=false, selected=null, checked=null, focused=null, childOf=null, css=null), retryIfNoChange=false, waitUntilVisible=false, longPress=false, repeat=null, waitToSettleTimeoutMs=null, relativePoint=null, label=null, optional=false)), MaestroCommand(waitForAnimationToEndCommand=WaitForAnimationToEndCommand(timeout=4000, label=null, optional=false))], condition=Condition(platform=null, visible=ElementSelector(textRegex=Reject cookies, idRegex=null, size=null, below=null, above=null, leftOf=null, rightOf=null, containsChild=null, containsDescendants=null, traits=null, index=null, enabled=null, optional=false, selected=null, checked=null, focused=null, childOf=null, css=null), notVisible=null, scriptCondition=null, label=null), sourceDescription=null, config=null, label=null, optional=false)), MaestroCommand(runFlowCommand=RunFlowCommand(commands=[MaestroCommand(waitForAnimationToEndCommand=WaitForAnimationToEndCommand(timeout=5000, label=null, optional=false))], condition=Condition(platform=null, visible=null, notVisible=ElementSelector(textRegex=${ANCHOR}, idRegex=null, size=null, below=null, above=null, leftOf=null, rightOf=null, containsChild=null, containsDescendants=null, traits=null, index=null, enabled=null, optional=false, selected=null, checked=null, focused=null, childOf=null, css=null), scriptCondition=null, label=null), sourceDescription=null, config=null, label=null, optional=false))], label=null, optional=false)), MaestroCommand(repeatCommand=RepeatCommand(times=3, condition=Condition(platform=null, visible=ElementSelector(textRegex=(?s).*would you recommend benefiting from Sakani.*, idRegex=null, size=null, below=null, above=null, leftOf=null, rightOf=null, containsChild=null, containsDescendants=null, traits=null, index=null, enabled=null, optional=false, selected=null, checked=null, focused=null, childOf=null, css=null), notVisible=null, scriptCondition=null, label=null), commands=[MaestroCommand(runFlowCommand=RunFlowCommand(commands=[MaestroCommand(swipeCommand=SwipeCommand(direction=null, startPoint=null, endPoint=null, elementSelector=null, startRelative=50%,58%, endRelative=50%,99%, duration=400, waitToSettleTimeoutMs=null, relativePoint=null, label=null, optional=false)), MaestroCommand(waitForAnimationToEndCommand=WaitForAnimationToEndCommand(timeout=4000, label=null, optional=false)), MaestroCommand(evalScriptCommand=EvalScriptCommand(scriptString=${output.npsRecovered = true}, label=null, optional=false))], condition=Condition(platform=null, visible=null, notVisible=ElementSelector(textRegex=(?s)(.*There.s something wrong.*|.*the service is down.*|Error!), idRegex=null, size=null, below=null, above=null, leftOf=null, rightOf=null, containsChild=null, containsDescendants=null, traits=null, index=null, enabled=null, optional=false, selected=null, checked=null, focused=null, childOf=null, css=null), scriptCondition=null, label=null), sourceDescription=null, config=null, label=null, optional=false))], label=null, optional=false)), MaestroCommand(assertConditionCommand=AssertConditionCommand(condition=Condition(platform=null, visible=null, notVisible=ElementSelector(textRegex=(?s).*would you recommend benefiting from Sakani.*, idRegex=null, size=null, below=null, above=null, leftOf=null, rightOf=null, containsChild=null, containsDescendants=null, traits=null, index=null, enabled=null, optional=false, selected=null, checked=null, focused=null, childOf=null, css=null), scriptCondition=null, label=null), timeout=null, label=null, optional=false)), MaestroCommand(runFlowCommand=RunFlowCommand(commands=[MaestroCommand(assertConditionCommand=AssertConditionCommand(condition=Condition(platform=null, visible=ElementSelector(textRegex=${ANCHOR}, idRegex=null, size=null, below=null, above=null, leftOf=null, rightOf=null, containsChild=null, containsDescendants=null, traits=null, index=null, enabled=null, optional=false, selected=null, checked=null, focused=null, childOf=null, css=null), notVisible=null, scriptCondition=null, label=null), timeout=30000, label=null, optional=false))], condition=Condition(platform=null, visible=null, notVisible=null, scriptCondition=${output.npsRecovered === true}, label=null), sourceDescription=null, config=null, label=null, optional=false))], condition=null, sourceDescription=clear-overlays.yaml, config=MaestroConfig(appId=fi.iwa.sakani, name=Clear first-run and promo overlays, tags=[], ext={}, onFlowStart=null, onFlowComplete=null, properties={}), label=null, optional=false)), MaestroCommand(assertConditionCommand=AssertConditionCommand(condition=Condition(platform=null, visible=ElementSelector(textRegex=(?s).*Login / Sign up.*, idRegex=null, size=null, below=null, above=null, leftOf=null, rightOf=null, containsChild=null, containsDescendants=null, traits=null, index=null, enabled=null, optional=false, selected=null, checked=null, focused=null, childOf=null, css=null), notVisible=null, scriptCondition=null, label=null), timeout=120000, label=null, optional=false)), MaestroCommand(tapOnElementCommand=TapOnElementCommand(selector=ElementSelector(textRegex=(?s).*Login / Sign up.*, idRegex=null, size=null, below=null, above=null, leftOf=null, rightOf=null, containsChild=null, containsDescendants=null, traits=null, index=null, enabled=null, optional=false, selected=null, checked=null, focused=null, childOf=null, css=null), retryIfNoChange=false, waitUntilVisible=false, longPress=false, repeat=null, waitToSettleTimeoutMs=null, relativePoint=null, label=null, optional=false)), MaestroCommand(assertConditionCommand=AssertConditionCommand(condition=Condition(platform=null, visible=ElementSelector(textRegex=Continue with N[ae]fath, idRegex=null, size=null, below=null, above=null, leftOf=null, rightOf=null, containsChild=null, containsDescendants=null, traits=null, index=null, enabled=null, optional=false, selected=null, checked=null, focused=null, childOf=null, css=null), notVisible=null, scriptCondition=null, label=null), timeout=45000, label=null, optional=false)), MaestroCommand(tapOnElementCommand=TapOnElementCommand(selector=ElementSelector(textRegex=Enter your ID, phone number,? or email, idRegex=null, size=null, below=null, above=null, leftOf=null, rightOf=null, containsChild=null, containsDescendants=null, traits=null, index=null, enabled=null, optional=false, selected=null, checked=null, focused=null, childOf=null, css=null), retryIfNoChange=false, waitUntilVisible=false, longPress=false, repeat=null, waitToSettleTimeoutMs=null, relativePoint=null, label=null, optional=false)), MaestroCommand(inputTextCommand=InputTextCommand(text=${NATIONAL_ID}, label=null, optional=false)), MaestroCommand(assertConditionCommand=AssertConditionCommand(condition=Condition(platform=null, visible=ElementSelector(textRegex=${NATIONAL_ID}, idRegex=null, size=null, below=null, above=null, leftOf=null, rightOf=null, containsChild=null, containsDescendants=null, traits=null, index=null, enabled=null, optional=false, selected=null, checked=null, focused=null, childOf=null, css=null), notVisible=null, scriptCondition=null, label=null), timeout=null, label=null, optional=false)), MaestroCommand(tapOnElementCommand=TapOnElementCommand(selector=ElementSelector(textRegex=Continue, idRegex=null, size=null, below=null, above=null, leftOf=null, rightOf=null, containsChild=null, containsDescendants=null, traits=null, index=null, enabled=null, optional=false, selected=null, checked=null, focused=null, childOf=null, css=null), retryIfNoChange=false, waitUntilVisible=false, longPress=false, repeat=null, waitToSettleTimeoutMs=null, relativePoint=null, label=null, optional=false)), MaestroCommand(assertConditionCommand=AssertConditionCommand(condition=Condition(platform=null, visible=ElementSelector(textRegex=Login with nafath, idRegex=null, size=null, below=null, above=null, leftOf=null, rightOf=null, containsChild=null, containsDescendants=null, traits=null, index=null, enabled=null, optional=false, selected=null, checked=null, focused=null, childOf=null, css=null), notVisible=null, scriptCondition=null, label=null), timeout=45000, label=null, optional=false)), MaestroCommand(assertConditionCommand=AssertConditionCommand(condition=Condition(platform=null, visible=ElementSelector(textRegex=${NATIONAL_ID}, idRegex=null, size=null, below=null, above=null, leftOf=null, rightOf=null, containsChild=null, containsDescendants=null, traits=null, index=null, enabled=null, optional=false, selected=null, checked=null, focused=null, childOf=null, css=null), notVisible=null, scriptCondition=null, label=null), timeout=null, label=null, optional=false)), MaestroCommand(tapOnElementCommand=TapOnElementCommand(selector=ElementSelector(textRegex=Confirm, idRegex=null, size=null, below=null, above=null, leftOf=null, rightOf=null, containsChild=null, containsDescendants=null, traits=null, index=null, enabled=null, optional=false, selected=null, checked=null, focused=null, childOf=null, css=null), retryIfNoChange=false, waitUntilVisible=false, longPress=false, repeat=null, waitToSettleTimeoutMs=null, relativePoint=null, label=null, optional=false)), MaestroCommand(assertConditionCommand=AssertConditionCommand(condition=Condition(platform=null, visible=null, notVisible=ElementSelector(textRegex=Login with nafath, idRegex=null, size=null, below=null, above=null, leftOf=null, rightOf=null, containsChild=null, containsDescendants=null, traits=null, index=null, enabled=null, optional=false, selected=null, checked=null, focused=null, childOf=null, css=null), scriptCondition=null, label=null), timeout=90000, label=null, optional=false)), MaestroCommand(runFlowCommand=RunFlowCommand(commands=[MaestroCommand(defineVariablesCommand=DefineVariablesCommand(env={ANCHOR=(?si)(Hello|Good (morning|afternoon|evening)),\s*\S.*}, label=null, optional=false)), MaestroCommand(applyConfigurationCommand=ApplyConfigurationCommand(config=MaestroConfig(appId=fi.iwa.sakani, name=Clear first-run and promo overlays, tags=[], ext={}, onFlowStart=null, onFlowComplete=null, properties={}), label=null, optional=false)), MaestroCommand(evalScriptCommand=EvalScriptCommand(scriptString=${output.npsRecovered = false}, label=null, optional=false)), MaestroCommand(repeatCommand=RepeatCommand(times=20, condition=Condition(platform=null, visible=null, notVisible=ElementSelector(textRegex=${ANCHOR}, idRegex=null, size=null, below=null, above=null, leftOf=null, rightOf=null, containsChild=null, containsDescendants=null, traits=null, index=null, enabled=null, optional=false, selected=null, checked=null, focused=null, childOf=null, css=null), scriptCondition=null, label=null), commands=[MaestroCommand(runFlowCommand=RunFlowCommand(commands=[MaestroCommand(tapOnElementCommand=TapOnElementCommand(selector=ElementSelector(textRegex=Don.t allow, idRegex=null, size=null, below=null, above=null, leftOf=null, rightOf=null, containsChild=null, containsDescendants=null, traits=null, index=null, enabled=null, optional=false, selected=null, checked=null, focused=null, childOf=null, css=null), retryIfNoChange=false, waitUntilVisible=false, longPress=false, repeat=null, waitToSettleTimeoutMs=null, relativePoint=null, label=null, optional=false)), MaestroCommand(waitForAnimationToEndCommand=WaitForAnimationToEndCommand(timeout=3000, label=null, optional=false))], condition=Condition(platform=null, visible=ElementSelector(textRegex=Don.t allow, idRegex=null, size=null, below=null, above=null, leftOf=null, rightOf=null, containsChild=null, containsDescendants=null, traits=null, index=null, enabled=null, optional=false, selected=null, checked=null, focused=null, childOf=null, css=null), notVisible=null, scriptCondition=null, label=null), sourceDescription=null, config=null, label=null, optional=false)), MaestroCommand(runFlowCommand=RunFlowCommand(commands=[MaestroCommand(tapOnElementCommand=TapOnElementCommand(selector=ElementSelector(textRegex=Skip, idRegex=null, size=null, below=null, above=null, leftOf=null, rightOf=null, containsChild=null, containsDescendants=null, traits=null, index=null, enabled=null, optional=false, selected=null, checked=null, focused=null, childOf=null, css=null), retryIfNoChange=false, waitUntilVisible=false, longPress=false, repeat=null, waitToSettleTimeoutMs=null, relativePoint=null, label=null, optional=false)), MaestroCommand(waitForAnimationToEndCommand=WaitForAnimationToEndCommand(timeout=3000, label=null, optional=false))], condition=Condition(platform=null, visible=ElementSelector(textRegex=Skip, idRegex=null, size=null, below=null, above=null, leftOf=null, rightOf=null, containsChild=null, containsDescendants=null, traits=null, index=null, enabled=null, optional=false, selected=null, checked=null, focused=null, childOf=null, css=null), notVisible=null, scriptCondition=null, label=null), sourceDescription=null, config=null, label=null, optional=false)), MaestroCommand(runFlowCommand=RunFlowCommand(commands=[MaestroCommand(tapOnElementCommand=TapOnElementCommand(selector=ElementSelector(textRegex=Dismiss, idRegex=null, size=null, below=null, above=null, leftOf=null, rightOf=null, containsChild=null, containsDescendants=null, traits=null, index=null, enabled=null, optional=false, selected=null, checked=null, focused=null, childOf=null, css=null), retryIfNoChange=false, waitUntilVisible=false, longPress=false, repeat=null, waitToSettleTimeoutMs=null, relativePoint=null, label=null, optional=false)), MaestroCommand(waitForAnimationToEndCommand=WaitForAnimationToEndCommand(timeout=3000, label=null, optional=false))], condition=Condition(platform=null, visible=ElementSelector(textRegex=Dismiss, idRegex=null, size=null, below=null, above=null, leftOf=null, rightOf=null, containsChild=null, containsDescendants=null, traits=null, index=null, enabled=null, optional=false, selected=null, checked=null, focused=null, childOf=null, css=null), notVisible=null, scriptCondition=null, label=null), sourceDescription=null, config=null, label=null, optional=false)), MaestroCommand(runFlowCommand=RunFlowCommand(commands=[MaestroCommand(tapOnElementCommand=TapOnElementCommand(selector=ElementSelector(textRegex=Ok, idRegex=null, size=null, below=null, above=null, leftOf=null, rightOf=null, containsChild=null, containsDescendants=null, traits=null, index=null, enabled=null, optional=false, selected=null, checked=null, focused=null, childOf=null, css=null), retryIfNoChange=false, waitUntilVisible=false, longPress=false, repeat=null, waitToSettleTimeoutMs=null, relativePoint=null, label=null, optional=false)), MaestroCommand(waitForAnimationToEndCommand=WaitForAnimationToEndCommand(timeout=3000, label=null, optional=false))], condition=Condition(platform=null, visible=ElementSelector(textRegex=Ok, idRegex=null, size=null, below=null, above=null, leftOf=null, rightOf=null, containsChild=null, containsDescendants=null, traits=null, index=null, enabled=null, optional=false, selected=null, checked=null, focused=null, childOf=null, css=null), notVisible=null, scriptCondition=null, label=null), sourceDescription=null, config=null, label=null, optional=false)), MaestroCommand(runFlowCommand=RunFlowCommand(commands=[MaestroCommand(backPressCommand=BackPressCommand()), MaestroCommand(waitForAnimationToEndCommand=WaitForAnimationToEndCommand(timeout=3000, label=null, optional=false))], condition=Condition(platform=null, visible=ElementSelector(textRegex=Marketplace Day, idRegex=null, size=null, below=null, above=null, leftOf=null, rightOf=null, containsChild=null, containsDescendants=null, traits=null, index=null, enabled=null, optional=false, selected=null, checked=null, focused=null, childOf=null, css=null), notVisible=null, scriptCondition=null, label=null), sourceDescription=null, config=null, label=null, optional=false)), MaestroCommand(runFlowCommand=RunFlowCommand(commands=[MaestroCommand(backPressCommand=BackPressCommand()), MaestroCommand(waitForAnimationToEndCommand=WaitForAnimationToEndCommand(timeout=3000, label=null, optional=false))], condition=Condition(platform=null, visible=ElementSelector(textRegex=Start comparing properties, idRegex=null, size=null, below=null, above=null, leftOf=null, rightOf=null, containsChild=null, containsDescendants=null, traits=null, index=null, enabled=null, optional=false, selected=null, checked=null, focused=null, childOf=null, css=null), notVisible=null, scriptCondition=null, label=null), sourceDescription=null, config=null, label=null, optional=false)), MaestroCommand(runFlowCommand=RunFlowCommand(commands=[MaestroCommand(backPressCommand=BackPressCommand()), MaestroCommand(waitForAnimationToEndCommand=WaitForAnimationToEndCommand(timeout=3000, label=null, optional=false))], condition=Condition(platform=null, visible=ElementSelector(textRegex=Go to the weekly (offer|deal), idRegex=null, size=null, below=null, above=null, leftOf=null, rightOf=null, containsChild=null, containsDescendants=null, traits=null, index=null, enabled=null, optional=false, selected=null, checked=null, focused=null, childOf=null, css=null), notVisible=null, scriptCondition=null, label=null), sourceDescription=null, config=null, label=null, optional=false)), MaestroCommand(runFlowCommand=RunFlowCommand(commands=[MaestroCommand(backPressCommand=BackPressCommand()), MaestroCommand(waitForAnimationToEndCommand=WaitForAnimationToEndCommand(timeout=3000, label=null, optional=false))], condition=Condition(platform=null, visible=ElementSelector(textRegex=Update email, idRegex=null, size=null, below=null, above=null, leftOf=null, rightOf=null, containsChild=null, containsDescendants=null, traits=null, index=null, enabled=null, optional=false, selected=null, checked=null, focused=null, childOf=null, css=null), notVisible=null, scriptCondition=null, label=null), sourceDescription=null, config=null, label=null, optional=false)), MaestroCommand(runFlowCommand=RunFlowCommand(commands=[MaestroCommand(tapOnPointV2Command=TapOnPointV2Command(point=7%,9%, retryIfNoChange=false, longPress=false, repeat=null, waitToSettleTimeoutMs=null, label=null, optional=false)), MaestroCommand(waitForAnimationToEndCommand=WaitForAnimationToEndCommand(timeout=4000, label=null, optional=false))], condition=Condition(platform=null, visible=ElementSelector(textRegex=Number and Email Already Linked, idRegex=null, size=null, below=null, above=null, leftOf=null, rightOf=null, containsChild=null, containsDescendants=null, traits=null, index=null, enabled=null, optional=false, selected=null, checked=null, focused=null, childOf=null, css=null), notVisible=null, scriptCondition=null, label=null), sourceDescription=null, config=null, label=null, optional=false)), MaestroCommand(runFlowCommand=RunFlowCommand(commands=[MaestroCommand(runFlowCommand=RunFlowCommand(commands=[MaestroCommand(swipeCommand=SwipeCommand(direction=null, startPoint=null, endPoint=null, elementSelector=null, startRelative=50%,58%, endRelative=50%,99%, duration=400, waitToSettleTimeoutMs=null, relativePoint=null, label=null, optional=false)), MaestroCommand(waitForAnimationToEndCommand=WaitForAnimationToEndCommand(timeout=4000, label=null, optional=false)), MaestroCommand(evalScriptCommand=EvalScriptCommand(scriptString=${output.npsRecovered = true}, label=null, optional=false))], condition=Condition(platform=null, visible=null, notVisible=ElementSelector(textRegex=(?s)(.*There.s something wrong.*|.*the service is down.*|Error!), idRegex=null, size=null, below=null, above=null, leftOf=null, rightOf=null, containsChild=null, containsDescendants=null, traits=null, index=null, enabled=null, optional=false, selected=null, checked=null, focused=null, childOf=null, css=null), scriptCondition=null, label=null), sourceDescription=null, config=null, label=null, optional=false))], condition=Condition(platform=null, visible=ElementSelector(textRegex=(?s).*would you recommend benefiting from Sakani.*, idRegex=null, size=null, below=null, above=null, leftOf=null, rightOf=null, containsChild=null, containsDescendants=null, traits=null, index=null, enabled=null, optional=false, selected=null, checked=null, focused=null, childOf=null, css=null), notVisible=null, scriptCondition=null, label=null), sourceDescription=null, config=null, label=null, optional=false)), MaestroCommand(runFlowCommand=RunFlowCommand(commands=[MaestroCommand(tapOnElementCommand=TapOnElementCommand(selector=ElementSelector(textRegex=Maybe Later, idRegex=null, size=null, below=null, above=null, leftOf=null, rightOf=null, containsChild=null, containsDescendants=null, traits=null, index=null, enabled=null, optional=false, selected=null, checked=null, focused=null, childOf=null, css=null), retryIfNoChange=false, waitUntilVisible=false, longPress=false, repeat=null, waitToSettleTimeoutMs=null, relativePoint=null, label=null, optional=false)), MaestroCommand(waitForAnimationToEndCommand=WaitForAnimationToEndCommand(timeout=3000, label=null, optional=false))], condition=Condition(platform=null, visible=ElementSelector(textRegex=Maybe Later, idRegex=null, size=null, below=null, above=null, leftOf=null, rightOf=null, containsChild=null, containsDescendants=null, traits=null, index=null, enabled=null, optional=false, selected=null, checked=null, focused=null, childOf=null, css=null), notVisible=null, scriptCondition=null, label=null), sourceDescription=null, config=null, label=null, optional=false)), MaestroCommand(runFlowCommand=RunFlowCommand(commands=[MaestroCommand(tapOnElementCommand=TapOnElementCommand(selector=ElementSelector(textRegex=Reject cookies, idRegex=null, size=null, below=null, above=null, leftOf=null, rightOf=null, containsChild=null, containsDescendants=null, traits=null, index=null, enabled=null, optional=false, selected=null, checked=null, focused=null, childOf=null, css=null), retryIfNoChange=false, waitUntilVisible=false, longPress=false, repeat=null, waitToSettleTimeoutMs=null, relativePoint=null, label=null, optional=false)), MaestroCommand(waitForAnimationToEndCommand=WaitForAnimationToEndCommand(timeout=4000, label=null, optional=false))], condition=Condition(platform=null, visible=ElementSelector(textRegex=Reject cookies, idRegex=null, size=null, below=null, above=null, leftOf=null, rightOf=null, containsChild=null, containsDescendants=null, traits=null, index=null, enabled=null, optional=false, selected=null, checked=null, focused=null, childOf=null, css=null), notVisible=null, scriptCondition=null, label=null), sourceDescription=null, config=null, label=null, optional=false)), MaestroCommand(runFlowCommand=RunFlowCommand(commands=[MaestroCommand(waitForAnimationToEndCommand=WaitForAnimationToEndCommand(timeout=5000, label=null, optional=false))], condition=Condition(platform=null, visible=null, notVisible=ElementSelector(textRegex=${ANCHOR}, idRegex=null, size=null, below=null, above=null, leftOf=null, rightOf=null, containsChild=null, containsDescendants=null, traits=null, index=null, enabled=null, optional=false, selected=null, checked=null, focused=null, childOf=null, css=null), scriptCondition=null, label=null), sourceDescription=null, config=null, label=null, optional=false))], label=null, optional=false)), MaestroCommand(repeatCommand=RepeatCommand(times=3, condition=Condition(platform=null, visible=ElementSelector(textRegex=(?s).*would you recommend benefiting from Sakani.*, idRegex=null, size=null, below=null, above=null, leftOf=null, rightOf=null, containsChild=null, containsDescendants=null, traits=null, index=null, enabled=null, optional=false, selected=null, checked=null, focused=null, childOf=null, css=null), notVisible=null, scriptCondition=null, label=null), commands=[MaestroCommand(runFlowCommand=RunFlowCommand(commands=[MaestroCommand(swipeCommand=SwipeCommand(direction=null, startPoint=null, endPoint=null, elementSelector=null, startRelative=50%,58%, endRelative=50%,99%, duration=400, waitToSettleTimeoutMs=null, relativePoint=null, label=null, optional=false)), MaestroCommand(waitForAnimationToEndCommand=WaitForAnimationToEndCommand(timeout=4000, label=null, optional=false)), MaestroCommand(evalScriptCommand=EvalScriptCommand(scriptString=${output.npsRecovered = true}, label=null, optional=false))], condition=Condition(platform=null, visible=null, notVisible=ElementSelector(textRegex=(?s)(.*There.s something wrong.*|.*the service is down.*|Error!), idRegex=null, size=null, below=null, above=null, leftOf=null, rightOf=null, containsChild=null, containsDescendants=null, traits=null, index=null, enabled=null, optional=false, selected=null, checked=null, focused=null, childOf=null, css=null), scriptCondition=null, label=null), sourceDescription=null, config=null, label=null, optional=false))], label=null, optional=false)), MaestroCommand(assertConditionCommand=AssertConditionCommand(condition=Condition(platform=null, visible=null, notVisible=ElementSelector(textRegex=(?s).*would you recommend benefiting from Sakani.*, idRegex=null, size=null, below=null, above=null, leftOf=null, rightOf=null, containsChild=null, containsDescendants=null, traits=null, index=null, enabled=null, optional=false, selected=null, checked=null, focused=null, childOf=null, css=null), scriptCondition=null, label=null), timeout=null, label=null, optional=false)), MaestroCommand(runFlowCommand=RunFlowCommand(commands=[MaestroCommand(assertConditionCommand=AssertConditionCommand(condition=Condition(platform=null, visible=ElementSelector(textRegex=${ANCHOR}, idRegex=null, size=null, below=null, above=null, leftOf=null, rightOf=null, containsChild=null, containsDescendants=null, traits=null, index=null, enabled=null, optional=false, selected=null, checked=null, focused=null, childOf=null, css=null), notVisible=null, scriptCondition=null, label=null), timeout=30000, label=null, optional=false))], condition=Condition(platform=null, visible=null, notVisible=null, scriptCondition=${output.npsRecovered === true}, label=null), sourceDescription=null, config=null, label=null, optional=false))], condition=null, sourceDescription=clear-overlays.yaml, config=MaestroConfig(appId=fi.iwa.sakani, name=Clear first-run and promo overlays, tags=[], ext={}, onFlowStart=null, onFlowComplete=null, properties={}), label=null, optional=false)), MaestroCommand(runFlowCommand=RunFlowCommand(commands=[MaestroCommand(launchAppCommand=LaunchAppCommand(appId=fi.iwa.sakani, clearState=null, clearKeychain=null, stopApp=null, permissions=null, launchArguments=null, label=null, optional=false)), MaestroCommand(runFlowCommand=RunFlowCommand(commands=[MaestroCommand(defineVariablesCommand=DefineVariablesCommand(env={ANCHOR=(?si)(Hello|Good (morning|afternoon|evening)),\s*\S.*}, label=null, optional=false)), MaestroCommand(applyConfigurationCommand=ApplyConfigurationCommand(config=MaestroConfig(appId=fi.iwa.sakani, name=Clear first-run and promo overlays, tags=[], ext={}, onFlowStart=null, onFlowComplete=null, properties={}), label=null, optional=false)), MaestroCommand(evalScriptCommand=EvalScriptCommand(scriptString=${output.npsRecovered = false}, label=null, optional=false)), MaestroCommand(repeatCommand=RepeatCommand(times=20, condition=Condition(platform=null, visible=null, notVisible=ElementSelector(textRegex=${ANCHOR}, idRegex=null, size=null, below=null, above=null, leftOf=null, rightOf=null, containsChild=null, containsDescendants=null, traits=null, index=null, enabled=null, optional=false, selected=null, checked=null, focused=null, childOf=null, css=null), scriptCondition=null, label=null), commands=[MaestroCommand(runFlowCommand=RunFlowCommand(commands=[MaestroCommand(tapOnElementCommand=TapOnElementCommand(selector=ElementSelector(textRegex=Don.t allow, idRegex=null, size=null, below=null, above=null, leftOf=null, rightOf=null, containsChild=null, containsDescendants=null, traits=null, index=null, enabled=null, optional=false, selected=null, checked=null, focused=null, childOf=null, css=null), retryIfNoChange=false, waitUntilVisible=false, longPress=false, repeat=null, waitToSettleTimeoutMs=null, relativePoint=null, label=null, optional=false)), MaestroCommand(waitForAnimationToEndCommand=WaitForAnimationToEndCommand(timeout=3000, label=null, optional=false))], condition=Condition(platform=null, visible=ElementSelector(textRegex=Don.t allow, idRegex=null, size=null, below=null, above=null, leftOf=null, rightOf=null, containsChild=null, containsDescendants=null, traits=null, index=null, enabled=null, optional=false, selected=null, checked=null, focused=null, childOf=null, css=null), notVisible=null, scriptCondition=null, label=null), sourceDescription=null, config=null, label=null, optional=false)), MaestroCommand(runFlowCommand=RunFlowCommand(commands=[MaestroCommand(tapOnElementCommand=TapOnElementCommand(selector=ElementSelector(textRegex=Skip, idRegex=null, size=null, below=null, above=null, leftOf=null, rightOf=null, containsChild=null, containsDescendants=null, traits=null, index=null, enabled=null, optional=false, selected=null, checked=null, focused=null, childOf=null, css=null), retryIfNoChange=false, waitUntilVisible=false, longPress=false, repeat=null, waitToSettleTimeoutMs=null, relativePoint=null, label=null, optional=false)), MaestroCommand(waitForAnimationToEndCommand=WaitForAnimationToEndCommand(timeout=3000, label=null, optional=false))], condition=Condition(platform=null, visible=ElementSelector(textRegex=Skip, idRegex=null, size=null, below=null, above=null, leftOf=null, rightOf=null, containsChild=null, containsDescendants=null, traits=null, index=null, enabled=null, optional=false, selected=null, checked=null, focused=null, childOf=null, css=null), notVisible=null, scriptCondition=null, label=null), sourceDescription=null, config=null, label=null, optional=false)), MaestroCommand(runFlowCommand=RunFlowCommand(commands=[MaestroCommand(tapOnElementCommand=TapOnElementCommand(selector=ElementSelector(textRegex=Dismiss, idRegex=null, size=null, below=null, above=null, leftOf=null, rightOf=null, containsChild=null, containsDescendants=null, traits=null, index=null, enabled=null, optional=false, selected=null, checked=null, focused=null, childOf=null, css=null), retryIfNoChange=false, waitUntilVisible=false, longPress=false, repeat=null, waitToSettleTimeoutMs=null, relativePoint=null, label=null, optional=false)), MaestroCommand(waitForAnimationToEndCommand=WaitForAnimationToEndCommand(timeout=3000, label=null, optional=false))], condition=Condition(platform=null, visible=ElementSelector(textRegex=Dismiss, idRegex=null, size=null, below=null, above=null, leftOf=null, rightOf=null, containsChild=null, containsDescendants=null, traits=null, index=null, enabled=null, optional=false, selected=null, checked=null, focused=null, childOf=null, css=null), notVisible=null, scriptCondition=null, label=null), sourceDescription=null, config=null, label=null, optional=false)), MaestroCommand(runFlowCommand=RunFlowCommand(commands=[MaestroCommand(tapOnElementCommand=TapOnElementCommand(selector=ElementSelector(textRegex=Ok, idRegex=null, size=null, below=null, above=null, leftOf=null, rightOf=null, containsChild=null, containsDescendants=null, traits=null, index=null, enabled=null, optional=false, selected=null, checked=null, focused=null, childOf=null, css=null), retryIfNoChange=false, waitUntilVisible=false, longPress=false, repeat=null, waitToSettleTimeoutMs=null, relativePoint=null, label=null, optional=false)), MaestroCommand(waitForAnimationToEndCommand=WaitForAnimationToEndCommand(timeout=3000, label=null, optional=false))], condition=Condition(platform=null, visible=ElementSelector(textRegex=Ok, idRegex=null, size=null, below=null, above=null, leftOf=null, rightOf=null, containsChild=null, containsDescendants=null, traits=null, index=null, enabled=null, optional=false, selected=null, checked=null, focused=null, childOf=null, css=null), notVisible=null, scriptCondition=null, label=null), sourceDescription=null, config=null, label=null, optional=false)), MaestroCommand(runFlowCommand=RunFlowCommand(commands=[MaestroCommand(backPressCommand=BackPressCommand()), MaestroCommand(waitForAnimationToEndCommand=WaitForAnimationToEndCommand(timeout=3000, label=null, optional=false))], condition=Condition(platform=null, visible=ElementSelector(textRegex=Marketplace Day, idRegex=null, size=null, below=null, above=null, leftOf=null, rightOf=null, containsChild=null, containsDescendants=null, traits=null, index=null, enabled=null, optional=false, selected=null, checked=null, focused=null, childOf=null, css=null), notVisible=null, scriptCondition=null, label=null), sourceDescription=null, config=null, label=null, optional=false)), MaestroCommand(runFlowCommand=RunFlowCommand(commands=[MaestroCommand(backPressCommand=BackPressCommand()), MaestroCommand(waitForAnimationToEndCommand=WaitForAnimationToEndCommand(timeout=3000, label=null, optional=false))], condition=Condition(platform=null, visible=ElementSelector(textRegex=Start comparing properties, idRegex=null, size=null, below=null, above=null, leftOf=null, rightOf=null, containsChild=null, containsDescendants=null, traits=null, index=null, enabled=null, optional=false, selected=null, checked=null, focused=null, childOf=null, css=null), notVisible=null, scriptCondition=null, label=null), sourceDescription=null, config=null, label=null, optional=false)), MaestroCommand(runFlowCommand=RunFlowCommand(commands=[MaestroCommand(backPressCommand=BackPressCommand()), MaestroCommand(waitForAnimationToEndCommand=WaitForAnimationToEndCommand(timeout=3000, label=null, optional=false))], condition=Condition(platform=null, visible=ElementSelector(textRegex=Go to the weekly (offer|deal), idRegex=null, size=null, below=null, above=null, leftOf=null, rightOf=null, containsChild=null, containsDescendants=null, traits=null, index=null, enabled=null, optional=false, selected=null, checked=null, focused=null, childOf=null, css=null), notVisible=null, scriptCondition=null, label=null), sourceDescription=null, config=null, label=null, optional=false)), MaestroCommand(runFlowCommand=RunFlowCommand(commands=[MaestroCommand(backPressCommand=BackPressCommand()), MaestroCommand(waitForAnimationToEndCommand=WaitForAnimationToEndCommand(timeout=3000, label=null, optional=false))], condition=Condition(platform=null, visible=ElementSelector(textRegex=Update email, idRegex=null, size=null, below=null, above=null, leftOf=null, rightOf=null, containsChild=null, containsDescendants=null, traits=null, index=null, enabled=null, optional=false, selected=null, checked=null, focused=null, childOf=null, css=null), notVisible=null, scriptCondition=null, label=null), sourceDescription=null, config=null, label=null, optional=false)), MaestroCommand(runFlowCommand=RunFlowCommand(commands=[MaestroCommand(tapOnPointV2Command=TapOnPointV2Command(point=7%,9%, retryIfNoChange=false, longPress=false, repeat=null, waitToSettleTimeoutMs=null, label=null, optional=false)), MaestroCommand(waitForAnimationToEndCommand=WaitForAnimationToEndCommand(timeout=4000, label=null, optional=false))], condition=Condition(platform=null, visible=ElementSelector(textRegex=Number and Email Already Linked, idRegex=null, size=null, below=null, above=null, leftOf=null, rightOf=null, containsChild=null, containsDescendants=null, traits=null, index=null, enabled=null, optional=false, selected=null, checked=null, focused=null, childOf=null, css=null), notVisible=null, scriptCondition=null, label=null), sourceDescription=null, config=null, label=null, optional=false)), MaestroCommand(runFlowCommand=RunFlowCommand(commands=[MaestroCommand(runFlowCommand=RunFlowCommand(commands=[MaestroCommand(swipeCommand=SwipeCommand(direction=null, startPoint=null, endPoint=null, elementSelector=null, startRelative=50%,58%, endRelative=50%,99%, duration=400, waitToSettleTimeoutMs=null, relativePoint=null, label=null, optional=false)), MaestroCommand(waitForAnimationToEndCommand=WaitForAnimationToEndCommand(timeout=4000, label=null, optional=false)), MaestroCommand(evalScriptCommand=EvalScriptCommand(scriptString=${output.npsRecovered = true}, label=null, optional=false))], condition=Condition(platform=null, visible=null, notVisible=ElementSelector(textRegex=(?s)(.*There.s something wrong.*|.*the service is down.*|Error!), idRegex=null, size=null, below=null, above=null, leftOf=null, rightOf=null, containsChild=null, containsDescendants=null, traits=null, index=null, enabled=null, optional=false, selected=null, checked=null, focused=null, childOf=null, css=null), scriptCondition=null, label=null), sourceDescription=null, config=null, label=null, optional=false))], condition=Condition(platform=null, visible=ElementSelector(textRegex=(?s).*would you recommend benefiting from Sakani.*, idRegex=null, size=null, below=null, above=null, leftOf=null, rightOf=null, containsChild=null, containsDescendants=null, traits=null, index=null, enabled=null, optional=false, selected=null, checked=null, focused=null, childOf=null, css=null), notVisible=null, scriptCondition=null, label=null), sourceDescription=null, config=null, label=null, optional=false)), MaestroCommand(runFlowCommand=RunFlowCommand(commands=[MaestroCommand(tapOnElementCommand=TapOnElementCommand(selector=ElementSelector(textRegex=Maybe Later, idRegex=null, size=null, below=null, above=null, leftOf=null, rightOf=null, containsChild=null, containsDescendants=null, traits=null, index=null, enabled=null, optional=false, selected=null, checked=null, focused=null, childOf=null, css=null), retryIfNoChange=false, waitUntilVisible=false, longPress=false, repeat=null, waitToSettleTimeoutMs=null, relativePoint=null, label=null, optional=false)), MaestroCommand(waitForAnimationToEndCommand=WaitForAnimationToEndCommand(timeout=3000, label=null, optional=false))], condition=Condition(platform=null, visible=ElementSelector(textRegex=Maybe Later, idRegex=null, size=null, below=null, above=null, leftOf=null, rightOf=null, containsChild=null, containsDescendants=null, traits=null, index=null, enabled=null, optional=false, selected=null, checked=null, focused=null, childOf=null, css=null), notVisible=null, scriptCondition=null, label=null), sourceDescription=null, config=null, label=null, optional=false)), MaestroCommand(runFlowCommand=RunFlowCommand(commands=[MaestroCommand(tapOnElementCommand=TapOnElementCommand(selector=ElementSelector(textRegex=Reject cookies, idRegex=null, size=null, below=null, above=null, leftOf=null, rightOf=null, containsChild=null, containsDescendants=null, traits=null, index=null, enabled=null, optional=false, selected=null, checked=null, focused=null, childOf=null, css=null), retryIfNoChange=false, waitUntilVisible=false, longPress=false, repeat=null, waitToSettleTimeoutMs=null, relativePoint=null, label=null, optional=false)), MaestroCommand(waitForAnimationToEndCommand=WaitForAnimationToEndCommand(timeout=4000, label=null, optional=false))], condition=Condition(platform=null, visible=ElementSelector(textRegex=Reject cookies, idRegex=null, size=null, below=null, above=null, leftOf=null, rightOf=null, containsChild=null, containsDescendants=null, traits=null, index=null, enabled=null, optional=false, selected=null, checked=null, focused=null, childOf=null, css=null), notVisible=null, scriptCondition=null, label=null), sourceDescription=null, config=null, label=null, optional=false)), MaestroCommand(runFlowCommand=RunFlowCommand(commands=[MaestroCommand(waitForAnimationToEndCommand=WaitForAnimationToEndCommand(timeout=5000, label=null, optional=false))], condition=Condition(platform=null, visible=null, notVisible=ElementSelector(textRegex=${ANCHOR}, idRegex=null, size=null, below=null, above=null, leftOf=null, rightOf=null, containsChild=null, containsDescendants=null, traits=null, index=null, enabled=null, optional=false, selected=null, checked=null, focused=null, childOf=null, css=null), scriptCondition=null, label=null), sourceDescription=null, config=null, label=null, optional=false))], label=null, optional=false)), MaestroCommand(repeatCommand=RepeatCommand(times=3, condition=Condition(platform=null, visible=ElementSelector(textRegex=(?s).*would you recommend benefiting from Sakani.*, idRegex=null, size=null, below=null, above=null, leftOf=null, rightOf=null, containsChild=null, containsDescendants=null, traits=null, index=null, enabled=null, optional=false, selected=null, checked=null, focused=null, childOf=null, css=null), notVisible=null, scriptCondition=null, label=null), commands=[MaestroCommand(runFlowCommand=RunFlowCommand(commands=[MaestroCommand(swipeCommand=SwipeCommand(direction=null, startPoint=null, endPoint=null, elementSelector=null, startRelative=50%,58%, endRelative=50%,99%, duration=400, waitToSettleTimeoutMs=null, relativePoint=null, label=null, optional=false)), MaestroCommand(waitForAnimationToEndCommand=WaitForAnimationToEndCommand(timeout=4000, label=null, optional=false)), MaestroCommand(evalScriptCommand=EvalScriptCommand(scriptString=${output.npsRecovered = true}, label=null, optional=false))], condition=Condition(platform=null, visible=null, notVisible=ElementSelector(textRegex=(?s)(.*There.s something wrong.*|.*the service is down.*|Error!), idRegex=null, size=null, below=null, above=null, leftOf=null, rightOf=null, containsChild=null, containsDescendants=null, traits=null, index=null, enabled=null, optional=false, selected=null, checked=null, focused=null, childOf=null, css=null), scriptCondition=null, label=null), sourceDescription=null, config=null, label=null, optional=false))], label=null, optional=false)), MaestroCommand(assertConditionCommand=AssertConditionCommand(condition=Condition(platform=null, visible=null, notVisible=ElementSelector(textRegex=(?s).*would you recommend benefiting from Sakani.*, idRegex=null, size=null, below=null, above=null, leftOf=null, rightOf=null, containsChild=null, containsDescendants=null, traits=null, index=null, enabled=null, optional=false, selected=null, checked=null, focused=null, childOf=null, css=null), scriptCondition=null, label=null), timeout=null, label=null, optional=false)), MaestroCommand(runFlowCommand=RunFlowCommand(commands=[MaestroCommand(assertConditionCommand=AssertConditionCommand(condition=Condition(platform=null, visible=ElementSelector(textRegex=${ANCHOR}, idRegex=null, size=null, below=null, above=null, leftOf=null, rightOf=null, containsChild=null, containsDescendants=null, traits=null, index=null, enabled=null, optional=false, selected=null, checked=null, focused=null, childOf=null, css=null), notVisible=null, scriptCondition=null, label=null), timeout=30000, label=null, optional=false))], condition=Condition(platform=null, visible=null, notVisible=null, scriptCondition=${output.npsRecovered === true}, label=null), sourceDescription=null, config=null, label=null, optional=false))], condition=null, sourceDescription=clear-overlays.yaml, config=MaestroConfig(appId=fi.iwa.sakani, name=Clear first-run and promo overlays, tags=[], ext={}, onFlowStart=null, onFlowComplete=null, properties={}), label=null, optional=false))], condition=Condition(platform=null, visible=ElementSelector(textRegex=Go to the weekly (offer|deal), idRegex=null, size=null, below=null, above=null, leftOf=null, rightOf=null, containsChild=null, containsDescendants=null, traits=null, index=null, enabled=null, optional=false, selected=null, checked=null, focused=null, childOf=null, css=null), notVisible=null, scriptCondition=null, label=null), sourceDescription=null, config=null, label=null, optional=false)), MaestroCommand(assertConditionCommand=AssertConditionCommand(condition=Condition(platform=null, visible=ElementSelector(textRegex=(?si)(Hello|Good (morning|afternoon|evening)),\s*\S.*, idRegex=null, size=null, below=null, above=null, leftOf=null, rightOf=null, containsChild=null, containsDescendants=null, traits=null, index=null, enabled=null, optional=false, selected=null, checked=null, focused=null, childOf=null, css=null), notVisible=null, scriptCondition=null, label=null), timeout=90000, label=null, optional=false)), MaestroCommand(assertConditionCommand=AssertConditionCommand(condition=Condition(platform=null, visible=null, notVisible=ElementSelector(textRegex=(?s).*Login / Sign up.*, idRegex=null, size=null, below=null, above=null, leftOf=null, rightOf=null, containsChild=null, containsDescendants=null, traits=null, index=null, enabled=null, optional=false, selected=null, checked=null, focused=null, childOf=null, css=null), scriptCondition=null, label=null), timeout=null, label=null, optional=false))], condition=null, sourceDescription=subflows/login.yaml, config=MaestroConfig(appId=fi.iwa.sakani, name=Login with National ID, tags=[], ext={}, onFlowStart=null, onFlowComplete=null, properties={}), label=null, optional=false)), logMessages=[], insight=Insight(message=, level=NONE), aiReasoning=null, labeledCommand=null)
09:34:51.049 [ INFO] maestro.cli.runner.MaestroCommandRunner.runCommands$lambda$0: Define variables RUNNING
09:34:51.064 [ INFO] maestro.cli.runner.MaestroCommandRunner.runCommands$lambda$11: Define variables metadata CommandMetadata(numberOfRuns=null, evaluatedCommand=MaestroCommand(defineVariablesCommand=DefineVariablesCommand(env={NATIONAL_ID=}, label=null, optional=false)), logMessages=[], insight=Insight(message=, level=NONE), aiReasoning=null, labeledCommand=null)
09:34:51.066 [ INFO] maestro.cli.runner.MaestroCommandRunner.runCommands$lambda$2: Define variables COMPLETED
09:34:51.070 [ INFO] maestro.cli.runner.MaestroCommandRunner.runCommands$lambda$0: Apply configuration RUNNING
09:34:51.071 [ INFO] maestro.cli.runner.MaestroCommandRunner.runCommands$lambda$11: Apply configuration metadata CommandMetadata(numberOfRuns=null, evaluatedCommand=MaestroCommand(applyConfigurationCommand=ApplyConfigurationCommand(config=MaestroConfig(appId=fi.iwa.sakani, name=Login with National ID, tags=[], ext={}, onFlowStart=null, onFlowComplete=null, properties={}), label=null, optional=false)), logMessages=[], insight=Insight(message=, level=NONE), aiReasoning=null, labeledCommand=null)
09:34:51.072 [ INFO] maestro.cli.runner.MaestroCommandRunner.runCommands$lambda$2: Apply configuration COMPLETED
09:34:51.074 [ INFO] maestro.cli.runner.MaestroCommandRunner.runCommands$lambda$0: Assert that ${typeof NATIONAL_ID !== "undefined" && /^[12][0-9]+$/.test(String(NATIONAL_ID)) && String(NATIONAL_ID).length === 10} is true RUNNING
09:34:51.076 [ INFO] maestro.cli.runner.MaestroCommandRunner.runCommands$lambda$11: Assert that ${typeof NATIONAL_ID !== "undefined" && /^[12][0-9]+$/.test(String(NATIONAL_ID)) && String(NATIONAL_ID).length === 10} is true metadata CommandMetadata(numberOfRuns=null, evaluatedCommand=MaestroCommand(assertConditionCommand=AssertConditionCommand(condition=Condition(platform=null, visible=null, notVisible=null, scriptCondition=${typeof NATIONAL_ID !== "undefined" && /^[12][0-9]+$/.test(String(NATIONAL_ID)) && String(NATIONAL_ID).length === 10}, label=null), timeout=null, label=null, optional=false)), logMessages=[], insight=Insight(message=, level=NONE), aiReasoning=null, labeledCommand=null)
09:34:51.077 [ INFO] maestro.cli.runner.MaestroCommandRunner.runCommands$lambda$2: Assert that ${typeof NATIONAL_ID !== "undefined" && /^[12][0-9]+$/.test(String(NATIONAL_ID)) && String(NATIONAL_ID).length === 10} is true COMPLETED
09:34:51.079 [ INFO] maestro.cli.runner.MaestroCommandRunner.runCommands$lambda$0: Run clear-overlays.yaml RUNNING
09:34:51.086 [ INFO] maestro.cli.runner.MaestroCommandRunner.runCommands$lambda$11: Run clear-overlays.yaml metadata CommandMetadata(numberOfRuns=null, evaluatedCommand=MaestroCommand(runFlowCommand=RunFlowCommand(commands=[MaestroCommand(defineVariablesCommand=DefineVariablesCommand(env={ANCHOR=(?s).*Login / Sign up.*}, label=null, optional=false)), MaestroCommand(applyConfigurationCommand=ApplyConfigurationCommand(config=MaestroConfig(appId=fi.iwa.sakani, name=Clear first-run and promo overlays, tags=[], ext={}, onFlowStart=null, onFlowComplete=null, properties={}), label=null, optional=false)), MaestroCommand(evalScriptCommand=EvalScriptCommand(scriptString=${output.npsRecovered = false}, label=null, optional=false)), MaestroCommand(repeatCommand=RepeatCommand(times=20, condition=Condition(platform=null, visible=null, notVisible=ElementSelector(textRegex=${ANCHOR}, idRegex=null, size=null, below=null, above=null, leftOf=null, rightOf=null, containsChild=null, containsDescendants=null, traits=null, index=null, enabled=null, optional=false, selected=null, checked=null, focused=null, childOf=null, css=null), scriptCondition=null, label=null), commands=[MaestroCommand(runFlowCommand=RunFlowCommand(commands=[MaestroCommand(tapOnElementCommand=TapOnElementCommand(selector=ElementSelector(textRegex=Don.t allow, idRegex=null, size=null, below=null, above=null, leftOf=null, rightOf=null, containsChild=null, containsDescendants=null, traits=null, index=null, enabled=null, optional=false, selected=null, checked=null, focused=null, childOf=null, css=null), retryIfNoChange=false, waitUntilVisible=false, longPress=false, repeat=null, waitToSettleTimeoutMs=null, relativePoint=null, label=null, optional=false)), MaestroCommand(waitForAnimationToEndCommand=WaitForAnimationToEndCommand(timeout=3000, label=null, optional=false))], condition=Condition(platform=null, visible=ElementSelector(textRegex=Don.t allow, idRegex=null, size=null, below=null, above=null, leftOf=null, rightOf=null, containsChild=null, containsDescendants=null, traits=null, index=null, enabled=null, optional=false, selected=null, checked=null, focused=null, childOf=null, css=null), notVisible=null, scriptCondition=null, label=null), sourceDescription=null, config=null, label=null, optional=false)), MaestroCommand(runFlowCommand=RunFlowCommand(commands=[MaestroCommand(tapOnElementCommand=TapOnElementCommand(selector=ElementSelector(textRegex=Skip, idRegex=null, size=null, below=null, above=null, leftOf=null, rightOf=null, containsChild=null, containsDescendants=null, traits=null, index=null, enabled=null, optional=false, selected=null, checked=null, focused=null, childOf=null, css=null), retryIfNoChange=false, waitUntilVisible=false, longPress=false, repeat=null, waitToSettleTimeoutMs=null, relativePoint=null, label=null, optional=false)), MaestroCommand(waitForAnimationToEndCommand=WaitForAnimationToEndCommand(timeout=3000, label=null, optional=false))], condition=Condition(platform=null, visible=ElementSelector(textRegex=Skip, idRegex=null, size=null, below=null, above=null, leftOf=null, rightOf=null, containsChild=null, containsDescendants=null, traits=null, index=null, enabled=null, optional=false, selected=null, checked=null, focused=null, childOf=null, css=null), notVisible=null, scriptCondition=null, label=null), sourceDescription=null, config=null, label=null, optional=false)), MaestroCommand(runFlowCommand=RunFlowCommand(commands=[MaestroCommand(tapOnElementCommand=TapOnElementCommand(selector=ElementSelector(textRegex=Dismiss, idRegex=null, size=null, below=null, above=null, leftOf=null, rightOf=null, containsChild=null, containsDescendants=null, traits=null, index=null, enabled=null, optional=false, selected=null, checked=null, focused=null, childOf=null, css=null), retryIfNoChange=false, waitUntilVisible=false, longPress=false, repeat=null, waitToSettleTimeoutMs=null, relativePoint=null, label=null, optional=false)), MaestroCommand(waitForAnimationToEndCommand=WaitForAnimationToEndCommand(timeout=3000, label=null, optional=false))], condition=Condition(platform=null, visible=ElementSelector(textRegex=Dismiss, idRegex=null, size=null, below=null, above=null, leftOf=null, rightOf=null, containsChild=null, containsDescendants=null, traits=null, index=null, enabled=null, optional=false, selected=null, checked=null, focused=null, childOf=null, css=null), notVisible=null, scriptCondition=null, label=null), sourceDescription=null, config=null, label=null, optional=false)), MaestroCommand(runFlowCommand=RunFlowCommand(commands=[MaestroCommand(tapOnElementCommand=TapOnElementCommand(selector=ElementSelector(textRegex=Ok, idRegex=null, size=null, below=null, above=null, leftOf=null, rightOf=null, containsChild=null, containsDescendants=null, traits=null, index=null, enabled=null, optional=false, selected=null, checked=null, focused=null, childOf=null, css=null), retryIfNoChange=false, waitUntilVisible=false, longPress=false, repeat=null, waitToSettleTimeoutMs=null, relativePoint=null, label=null, optional=false)), MaestroCommand(waitForAnimationToEndCommand=WaitForAnimationToEndCommand(timeout=3000, label=null, optional=false))], condition=Condition(platform=null, visible=ElementSelector(textRegex=Ok, idRegex=null, size=null, below=null, above=null, leftOf=null, rightOf=null, containsChild=null, containsDescendants=null, traits=null, index=null, enabled=null, optional=false, selected=null, checked=null, focused=null, childOf=null, css=null), notVisible=null, scriptCondition=null, label=null), sourceDescription=null, config=null, label=null, optional=false)), MaestroCommand(runFlowCommand=RunFlowCommand(commands=[MaestroCommand(backPressCommand=BackPressCommand()), MaestroCommand(waitForAnimationToEndCommand=WaitForAnimationToEndCommand(timeout=3000, label=null, optional=false))], condition=Condition(platform=null, visible=ElementSelector(textRegex=Marketplace Day, idRegex=null, size=null, below=null, above=null, leftOf=null, rightOf=null, containsChild=null, containsDescendants=null, traits=null, index=null, enabled=null, optional=false, selected=null, checked=null, focused=null, childOf=null, css=null), notVisible=null, scriptCondition=null, label=null), sourceDescription=null, config=null, label=null, optional=false)), MaestroCommand(runFlowCommand=RunFlowCommand(commands=[MaestroCommand(backPressCommand=BackPressCommand()), MaestroCommand(waitForAnimationToEndCommand=WaitForAnimationToEndCommand(timeout=3000, label=null, optional=false))], condition=Condition(platform=null, visible=ElementSelector(textRegex=Start comparing properties, idRegex=null, size=null, below=null, above=null, leftOf=null, rightOf=null, containsChild=null, containsDescendants=null, traits=null, index=null, enabled=null, optional=false, selected=null, checked=null, focused=null, childOf=null, css=null), notVisible=null, scriptCondition=null, label=null), sourceDescription=null, config=null, label=null, optional=false)), MaestroCommand(runFlowCommand=RunFlowCommand(commands=[MaestroCommand(backPressCommand=BackPressCommand()), MaestroCommand(waitForAnimationToEndCommand=WaitForAnimationToEndCommand(timeout=3000, label=null, optional=false))], condition=Condition(platform=null, visible=ElementSelector(textRegex=Go to the weekly (offer|deal), idRegex=null, size=null, below=null, above=null, leftOf=null, rightOf=null, containsChild=null, containsDescendants=null, traits=null, index=null, enabled=null, optional=false, selected=null, checked=null, focused=null, childOf=null, css=null), notVisible=null, scriptCondition=null, label=null), sourceDescription=null, config=null, label=null, optional=false)), MaestroCommand(runFlowCommand=RunFlowCommand(commands=[MaestroCommand(backPressCommand=BackPressCommand()), MaestroCommand(waitForAnimationToEndCommand=WaitForAnimationToEndCommand(timeout=3000, label=null, optional=false))], condition=Condition(platform=null, visible=ElementSelector(textRegex=Update email, idRegex=null, size=null, below=null, above=null, leftOf=null, rightOf=null, containsChild=null, containsDescendants=null, traits=null, index=null, enabled=null, optional=false, selected=null, checked=null, focused=null, childOf=null, css=null), notVisible=null, scriptCondition=null, label=null), sourceDescription=null, config=null, label=null, optional=false)), MaestroCommand(runFlowCommand=RunFlowCommand(commands=[MaestroCommand(tapOnPointV2Command=TapOnPointV2Command(point=7%,9%, retryIfNoChange=false, longPress=false, repeat=null, waitToSettleTimeoutMs=null, label=null, optional=false)), MaestroCommand(waitForAnimationToEndCommand=WaitForAnimationToEndCommand(timeout=4000, label=null, optional=false))], condition=Condition(platform=null, visible=ElementSelector(textRegex=Number and Email Already Linked, idRegex=null, size=null, below=null, above=null, leftOf=null, rightOf=null, containsChild=null, containsDescendants=null, traits=null, index=null, enabled=null, optional=false, selected=null, checked=null, focused=null, childOf=null, css=null), notVisible=null, scriptCondition=null, label=null), sourceDescription=null, config=null, label=null, optional=false)), MaestroCommand(runFlowCommand=RunFlowCommand(commands=[MaestroCommand(runFlowCommand=RunFlowCommand(commands=[MaestroCommand(swipeCommand=SwipeCommand(direction=null, startPoint=null, endPoint=null, elementSelector=null, startRelative=50%,58%, endRelative=50%,99%, duration=400, waitToSettleTimeoutMs=null, relativePoint=null, label=null, optional=false)), MaestroCommand(waitForAnimationToEndCommand=WaitForAnimationToEndCommand(timeout=4000, label=null, optional=false)), MaestroCommand(evalScriptCommand=EvalScriptCommand(scriptString=${output.npsRecovered = true}, label=null, optional=false))], condition=Condition(platform=null, visible=null, notVisible=ElementSelector(textRegex=(?s)(.*There.s something wrong.*|.*the service is down.*|Error!), idRegex=null, size=null, below=null, above=null, leftOf=null, rightOf=null, containsChild=null, containsDescendants=null, traits=null, index=null, enabled=null, optional=false, selected=null, checked=null, focused=null, childOf=null, css=null), scriptCondition=null, label=null), sourceDescription=null, config=null, label=null, optional=false))], condition=Condition(platform=null, visible=ElementSelector(textRegex=(?s).*would you recommend benefiting from Sakani.*, idRegex=null, size=null, below=null, above=null, leftOf=null, rightOf=null, containsChild=null, containsDescendants=null, traits=null, index=null, enabled=null, optional=false, selected=null, checked=null, focused=null, childOf=null, css=null), notVisible=null, scriptCondition=null, label=null), sourceDescription=null, config=null, label=null, optional=false)), MaestroCommand(runFlowCommand=RunFlowCommand(commands=[MaestroCommand(tapOnElementCommand=TapOnElementCommand(selector=ElementSelector(textRegex=Maybe Later, idRegex=null, size=null, below=null, above=null, leftOf=null, rightOf=null, containsChild=null, containsDescendants=null, traits=null, index=null, enabled=null, optional=false, selected=null, checked=null, focused=null, childOf=null, css=null), retryIfNoChange=false, waitUntilVisible=false, longPress=false, repeat=null, waitToSettleTimeoutMs=null, relativePoint=null, label=null, optional=false)), MaestroCommand(waitForAnimationToEndCommand=WaitForAnimationToEndCommand(timeout=3000, label=null, optional=false))], condition=Condition(platform=null, visible=ElementSelector(textRegex=Maybe Later, idRegex=null, size=null, below=null, above=null, leftOf=null, rightOf=null, containsChild=null, containsDescendants=null, traits=null, index=null, enabled=null, optional=false, selected=null, checked=null, focused=null, childOf=null, css=null), notVisible=null, scriptCondition=null, label=null), sourceDescription=null, config=null, label=null, optional=false)), MaestroCommand(runFlowCommand=RunFlowCommand(commands=[MaestroCommand(tapOnElementCommand=TapOnElementCommand(selector=ElementSelector(textRegex=Reject cookies, idRegex=null, size=null, below=null, above=null, leftOf=null, rightOf=null, containsChild=null, containsDescendants=null, traits=null, index=null, enabled=null, optional=false, selected=null, checked=null, focused=null, childOf=null, css=null), retryIfNoChange=false, waitUntilVisible=false, longPress=false, repeat=null, waitToSettleTimeoutMs=null, relativePoint=null, label=null, optional=false)), MaestroCommand(waitForAnimationToEndCommand=WaitForAnimationToEndCommand(timeout=4000, label=null, optional=false))], condition=Condition(platform=null, visible=ElementSelector(textRegex=Reject cookies, idRegex=null, size=null, below=null, above=null, leftOf=null, rightOf=null, containsChild=null, containsDescendants=null, traits=null, index=null, enabled=null, optional=false, selected=null, checked=null, focused=null, childOf=null, css=null), notVisible=null, scriptCondition=null, label=null), sourceDescription=null, config=null, label=null, optional=false)), MaestroCommand(runFlowCommand=RunFlowCommand(commands=[MaestroCommand(waitForAnimationToEndCommand=WaitForAnimationToEndCommand(timeout=5000, label=null, optional=false))], condition=Condition(platform=null, visible=null, notVisible=ElementSelector(textRegex=${ANCHOR}, idRegex=null, size=null, below=null, above=null, leftOf=null, rightOf=null, containsChild=null, containsDescendants=null, traits=null, index=null, enabled=null, optional=false, selected=null, checked=null, focused=null, childOf=null, css=null), scriptCondition=null, label=null), sourceDescription=null, config=null, label=null, optional=false))], label=null, optional=false)), MaestroCommand(repeatCommand=RepeatCommand(times=3, condition=Condition(platform=null, visible=ElementSelector(textRegex=(?s).*would you recommend benefiting from Sakani.*, idRegex=null, size=null, below=null, above=null, leftOf=null, rightOf=null, containsChild=null, containsDescendants=null, traits=null, index=null, enabled=null, optional=false, selected=null, checked=null, focused=null, childOf=null, css=null), notVisible=null, scriptCondition=null, label=null), commands=[MaestroCommand(runFlowCommand=RunFlowCommand(commands=[MaestroCommand(swipeCommand=SwipeCommand(direction=null, startPoint=null, endPoint=null, elementSelector=null, startRelative=50%,58%, endRelative=50%,99%, duration=400, waitToSettleTimeoutMs=null, relativePoint=null, label=null, optional=false)), MaestroCommand(waitForAnimationToEndCommand=WaitForAnimationToEndCommand(timeout=4000, label=null, optional=false)), MaestroCommand(evalScriptCommand=EvalScriptCommand(scriptString=${output.npsRecovered = true}, label=null, optional=false))], condition=Condition(platform=null, visible=null, notVisible=ElementSelector(textRegex=(?s)(.*There.s something wrong.*|.*the service is down.*|Error!), idRegex=null, size=null, below=null, above=null, leftOf=null, rightOf=null, containsChild=null, containsDescendants=null, traits=null, index=null, enabled=null, optional=false, selected=null, checked=null, focused=null, childOf=null, css=null), scriptCondition=null, label=null), sourceDescription=null, config=null, label=null, optional=false))], label=null, optional=false)), MaestroCommand(assertConditionCommand=AssertConditionCommand(condition=Condition(platform=null, visible=null, notVisible=ElementSelector(textRegex=(?s).*would you recommend benefiting from Sakani.*, idRegex=null, size=null, below=null, above=null, leftOf=null, rightOf=null, containsChild=null, containsDescendants=null, traits=null, index=null, enabled=null, optional=false, selected=null, checked=null, focused=null, childOf=null, css=null), scriptCondition=null, label=null), timeout=null, label=null, optional=false)), MaestroCommand(runFlowCommand=RunFlowCommand(commands=[MaestroCommand(assertConditionCommand=AssertConditionCommand(condition=Condition(platform=null, visible=ElementSelector(textRegex=${ANCHOR}, idRegex=null, size=null, below=null, above=null, leftOf=null, rightOf=null, containsChild=null, containsDescendants=null, traits=null, index=null, enabled=null, optional=false, selected=null, checked=null, focused=null, childOf=null, css=null), notVisible=null, scriptCondition=null, label=null), timeout=30000, label=null, optional=false))], condition=Condition(platform=null, visible=null, notVisible=null, scriptCondition=${output.npsRecovered === true}, label=null), sourceDescription=null, config=null, label=null, optional=false))], condition=null, sourceDescription=clear-overlays.yaml, config=MaestroConfig(appId=fi.iwa.sakani, name=Clear first-run and promo overlays, tags=[], ext={}, onFlowStart=null, onFlowComplete=null, properties={}), label=null, optional=false)), logMessages=[], insight=Insight(message=, level=NONE), aiReasoning=null, labeledCommand=null)
09:34:51.090 [ INFO] maestro.cli.runner.MaestroCommandRunner.runCommands$lambda$0: Define variables RUNNING
09:34:51.092 [ INFO] maestro.cli.runner.MaestroCommandRunner.runCommands$lambda$11: Define variables metadata CommandMetadata(numberOfRuns=null, evaluatedCommand=MaestroCommand(defineVariablesCommand=DefineVariablesCommand(env={ANCHOR=(?s).*Login / Sign up.*}, label=null, optional=false)), logMessages=[], insight=Insight(message=, level=NONE), aiReasoning=null, labeledCommand=null)
09:34:51.094 [ INFO] maestro.cli.runner.MaestroCommandRunner.runCommands$lambda$2: Define variables COMPLETED
09:34:51.098 [ INFO] maestro.cli.runner.MaestroCommandRunner.runCommands$lambda$0: Apply configuration RUNNING
09:34:51.102 [ INFO] maestro.cli.runner.MaestroCommandRunner.runCommands$lambda$11: Apply configuration metadata CommandMetadata(numberOfRuns=null, evaluatedCommand=MaestroCommand(applyConfigurationCommand=ApplyConfigurationCommand(config=MaestroConfig(appId=fi.iwa.sakani, name=Clear first-run and promo overlays, tags=[], ext={}, onFlowStart=null, onFlowComplete=null, properties={}), label=null, optional=false)), logMessages=[], insight=Insight(message=, level=NONE), aiReasoning=null, labeledCommand=null)
09:34:51.106 [ INFO] maestro.cli.runner.MaestroCommandRunner.runCommands$lambda$2: Apply configuration COMPLETED
09:34:51.108 [ INFO] maestro.cli.runner.MaestroCommandRunner.runCommands$lambda$0: Run ${output.npsRecovered = false} RUNNING
09:34:51.110 [ INFO] maestro.cli.runner.MaestroCommandRunner.runCommands$lambda$11: Run ${output.npsRecovered = false} metadata CommandMetadata(numberOfRuns=null, evaluatedCommand=MaestroCommand(evalScriptCommand=EvalScriptCommand(scriptString=${output.npsRecovered = false}, label=null, optional=false)), logMessages=[], insight=Insight(message=, level=NONE), aiReasoning=null, labeledCommand=null)
09:34:51.126 [ INFO] maestro.cli.runner.MaestroCommandRunner.runCommands$lambda$2: Run ${output.npsRecovered = false} COMPLETED
09:34:51.129 [ INFO] maestro.cli.runner.MaestroCommandRunner.runCommands$lambda$0: Repeat while "${ANCHOR}" is not visible (up to 20 times) RUNNING
09:34:51.133 [ INFO] maestro.cli.runner.MaestroCommandRunner.runCommands$lambda$11: Repeat while "${ANCHOR}" is not visible (up to 20 times) metadata CommandMetadata(numberOfRuns=null, evaluatedCommand=MaestroCommand(repeatCommand=RepeatCommand(times=20, condition=Condition(platform=null, visible=null, notVisible=ElementSelector(textRegex=${ANCHOR}, idRegex=null, size=null, below=null, above=null, leftOf=null, rightOf=null, containsChild=null, containsDescendants=null, traits=null, index=null, enabled=null, optional=false, selected=null, checked=null, focused=null, childOf=null, css=null), scriptCondition=null, label=null), commands=[MaestroCommand(runFlowCommand=RunFlowCommand(commands=[MaestroCommand(tapOnElementCommand=TapOnElementCommand(selector=ElementSelector(textRegex=Don.t allow, idRegex=null, size=null, below=null, above=null, leftOf=null, rightOf=null, containsChild=null, containsDescendants=null, traits=null, index=null, enabled=null, optional=false, selected=null, checked=null, focused=null, childOf=null, css=null), retryIfNoChange=false, waitUntilVisible=false, longPress=false, repeat=null, waitToSettleTimeoutMs=null, relativePoint=null, label=null, optional=false)), MaestroCommand(waitForAnimationToEndCommand=WaitForAnimationToEndCommand(timeout=3000, label=null, optional=false))], condition=Condition(platform=null, visible=ElementSelector(textRegex=Don.t allow, idRegex=null, size=null, below=null, above=null, leftOf=null, rightOf=null, containsChild=null, containsDescendants=null, traits=null, index=null, enabled=null, optional=false, selected=null, checked=null, focused=null, childOf=null, css=null), notVisible=null, scriptCondition=null, label=null), sourceDescription=null, config=null, label=null, optional=false)), MaestroCommand(runFlowCommand=RunFlowCommand(commands=[MaestroCommand(tapOnElementCommand=TapOnElementCommand(selector=ElementSelector(textRegex=Skip, idRegex=null, size=null, below=null, above=null, leftOf=null, rightOf=null, containsChild=null, containsDescendants=null, traits=null, index=null, enabled=null, optional=false, selected=null, checked=null, focused=null, childOf=null, css=null), retryIfNoChange=false, waitUntilVisible=false, longPress=false, repeat=null, waitToSettleTimeoutMs=null, relativePoint=null, label=null, optional=false)), MaestroCommand(waitForAnimationToEndCommand=WaitForAnimationToEndCommand(timeout=3000, label=null, optional=false))], condition=Condition(platform=null, visible=ElementSelector(textRegex=Skip, idRegex=null, size=null, below=null, above=null, leftOf=null, rightOf=null, containsChild=null, containsDescendants=null, traits=null, index=null, enabled=null, optional=false, selected=null, checked=null, focused=null, childOf=null, css=null), notVisible=null, scriptCondition=null, label=null), sourceDescription=null, config=null, label=null, optional=false)), MaestroCommand(runFlowCommand=RunFlowCommand(commands=[MaestroCommand(tapOnElementCommand=TapOnElementCommand(selector=ElementSelector(textRegex=Dismiss, idRegex=null, size=null, below=null, above=null, leftOf=null, rightOf=null, containsChild=null, containsDescendants=null, traits=null, index=null, enabled=null, optional=false, selected=null, checked=null, focused=null, childOf=null, css=null), retryIfNoChange=false, waitUntilVisible=false, longPress=false, repeat=null, waitToSettleTimeoutMs=null, relativePoint=null, label=null, optional=false)), MaestroCommand(waitForAnimationToEndCommand=WaitForAnimationToEndCommand(timeout=3000, label=null, optional=false))], condition=Condition(platform=null, visible=ElementSelector(textRegex=Dismiss, idRegex=null, size=null, below=null, above=null, leftOf=null, rightOf=null, containsChild=null, containsDescendants=null, traits=null, index=null, enabled=null, optional=false, selected=null, checked=null, focused=null, childOf=null, css=null), notVisible=null, scriptCondition=null, label=null), sourceDescription=null, config=null, label=null, optional=false)), MaestroCommand(runFlowCommand=RunFlowCommand(commands=[MaestroCommand(tapOnElementCommand=TapOnElementCommand(selector=ElementSelector(textRegex=Ok, idRegex=null, size=null, below=null, above=null, leftOf=null, rightOf=null, containsChild=null, containsDescendants=null, traits=null, index=null, enabled=null, optional=false, selected=null, checked=null, focused=null, childOf=null, css=null), retryIfNoChange=false, waitUntilVisible=false, longPress=false, repeat=null, waitToSettleTimeoutMs=null, relativePoint=null, label=null, optional=false)), MaestroCommand(waitForAnimationToEndCommand=WaitForAnimationToEndCommand(timeout=3000, label=null, optional=false))], condition=Condition(platform=null, visible=ElementSelector(textRegex=Ok, idRegex=null, size=null, below=null, above=null, leftOf=null, rightOf=null, containsChild=null, containsDescendants=null, traits=null, index=null, enabled=null, optional=false, selected=null, checked=null, focused=null, childOf=null, css=null), notVisible=null, scriptCondition=null, label=null), sourceDescription=null, config=null, label=null, optional=false)), MaestroCommand(runFlowCommand=RunFlowCommand(commands=[MaestroCommand(backPressCommand=BackPressCommand()), MaestroCommand(waitForAnimationToEndCommand=WaitForAnimationToEndCommand(timeout=3000, label=null, optional=false))], condition=Condition(platform=null, visible=ElementSelector(textRegex=Marketplace Day, idRegex=null, size=null, below=null, above=null, leftOf=null, rightOf=null, containsChild=null, containsDescendants=null, traits=null, index=null, enabled=null, optional=false, selected=null, checked=null, focused=null, childOf=null, css=null), notVisible=null, scriptCondition=null, label=null), sourceDescription=null, config=null, label=null, optional=false)), MaestroCommand(runFlowCommand=RunFlowCommand(commands=[MaestroCommand(backPressCommand=BackPressCommand()), MaestroCommand(waitForAnimationToEndCommand=WaitForAnimationToEndCommand(timeout=3000, label=null, optional=false))], condition=Condition(platform=null, visible=ElementSelector(textRegex=Start comparing properties, idRegex=null, size=null, below=null, above=null, leftOf=null, rightOf=null, containsChild=null, containsDescendants=null, traits=null, index=null, enabled=null, optional=false, selected=null, checked=null, focused=null, childOf=null, css=null), notVisible=null, scriptCondition=null, label=null), sourceDescription=null, config=null, label=null, optional=false)), MaestroCommand(runFlowCommand=RunFlowCommand(commands=[MaestroCommand(backPressCommand=BackPressCommand()), MaestroCommand(waitForAnimationToEndCommand=WaitForAnimationToEndCommand(timeout=3000, label=null, optional=false))], condition=Condition(platform=null, visible=ElementSelector(textRegex=Go to the weekly (offer|deal), idRegex=null, size=null, below=null, above=null, leftOf=null, rightOf=null, containsChild=null, containsDescendants=null, traits=null, index=null, enabled=null, optional=false, selected=null, checked=null, focused=null, childOf=null, css=null), notVisible=null, scriptCondition=null, label=null), sourceDescription=null, config=null, label=null, optional=false)), MaestroCommand(runFlowCommand=RunFlowCommand(commands=[MaestroCommand(backPressCommand=BackPressCommand()), MaestroCommand(waitForAnimationToEndCommand=WaitForAnimationToEndCommand(timeout=3000, label=null, optional=false))], condition=Condition(platform=null, visible=ElementSelector(textRegex=Update email, idRegex=null, size=null, below=null, above=null, leftOf=null, rightOf=null, containsChild=null, containsDescendants=null, traits=null, index=null, enabled=null, optional=false, selected=null, checked=null, focused=null, childOf=null, css=null), notVisible=null, scriptCondition=null, label=null), sourceDescription=null, config=null, label=null, optional=false)), MaestroCommand(runFlowCommand=RunFlowCommand(commands=[MaestroCommand(tapOnPointV2Command=TapOnPointV2Command(point=7%,9%, retryIfNoChange=false, longPress=false, repeat=null, waitToSettleTimeoutMs=null, label=null, optional=false)), MaestroCommand(waitForAnimationToEndCommand=WaitForAnimationToEndCommand(timeout=4000, label=null, optional=false))], condition=Condition(platform=null, visible=ElementSelector(textRegex=Number and Email Already Linked, idRegex=null, size=null, below=null, above=null, leftOf=null, rightOf=null, containsChild=null, containsDescendants=null, traits=null, index=null, enabled=null, optional=false, selected=null, checked=null, focused=null, childOf=null, css=null), notVisible=null, scriptCondition=null, label=null), sourceDescription=null, config=null, label=null, optional=false)), MaestroCommand(runFlowCommand=RunFlowCommand(commands=[MaestroCommand(runFlowCommand=RunFlowCommand(commands=[MaestroCommand(swipeCommand=SwipeCommand(direction=null, startPoint=null, endPoint=null, elementSelector=null, startRelative=50%,58%, endRelative=50%,99%, duration=400, waitToSettleTimeoutMs=null, relativePoint=null, label=null, optional=false)), MaestroCommand(waitForAnimationToEndCommand=WaitForAnimationToEndCommand(timeout=4000, label=null, optional=false)), MaestroCommand(evalScriptCommand=EvalScriptCommand(scriptString=${output.npsRecovered = true}, label=null, optional=false))], condition=Condition(platform=null, visible=null, notVisible=ElementSelector(textRegex=(?s)(.*There.s something wrong.*|.*the service is down.*|Error!), idRegex=null, size=null, below=null, above=null, leftOf=null, rightOf=null, containsChild=null, containsDescendants=null, traits=null, index=null, enabled=null, optional=false, selected=null, checked=null, focused=null, childOf=null, css=null), scriptCondition=null, label=null), sourceDescription=null, config=null, label=null, optional=false))], condition=Condition(platform=null, visible=ElementSelector(textRegex=(?s).*would you recommend benefiting from Sakani.*, idRegex=null, size=null, below=null, above=null, leftOf=null, rightOf=null, containsChild=null, containsDescendants=null, traits=null, index=null, enabled=null, optional=false, selected=null, checked=null, focused=null, childOf=null, css=null), notVisible=null, scriptCondition=null, label=null), sourceDescription=null, config=null, label=null, optional=false)), MaestroCommand(runFlowCommand=RunFlowCommand(commands=[MaestroCommand(tapOnElementCommand=TapOnElementCommand(selector=ElementSelector(textRegex=Maybe Later, idRegex=null, size=null, below=null, above=null, leftOf=null, rightOf=null, containsChild=null, containsDescendants=null, traits=null, index=null, enabled=null, optional=false, selected=null, checked=null, focused=null, childOf=null, css=null), retryIfNoChange=false, waitUntilVisible=false, longPress=false, repeat=null, waitToSettleTimeoutMs=null, relativePoint=null, label=null, optional=false)), MaestroCommand(waitForAnimationToEndCommand=WaitForAnimationToEndCommand(timeout=3000, label=null, optional=false))], condition=Condition(platform=null, visible=ElementSelector(textRegex=Maybe Later, idRegex=null, size=null, below=null, above=null, leftOf=null, rightOf=null, containsChild=null, containsDescendants=null, traits=null, index=null, enabled=null, optional=false, selected=null, checked=null, focused=null, childOf=null, css=null), notVisible=null, scriptCondition=null, label=null), sourceDescription=null, config=null, label=null, optional=false)), MaestroCommand(runFlowCommand=RunFlowCommand(commands=[MaestroCommand(tapOnElementCommand=TapOnElementCommand(selector=ElementSelector(textRegex=Reject cookies, idRegex=null, size=null, below=null, above=null, leftOf=null, rightOf=null, containsChild=null, containsDescendants=null, traits=null, index=null, enabled=null, optional=false, selected=null, checked=null, focused=null, childOf=null, css=null), retryIfNoChange=false, waitUntilVisible=false, longPress=false, repeat=null, waitToSettleTimeoutMs=null, relativePoint=null, label=null, optional=false)), MaestroCommand(waitForAnimationToEndCommand=WaitForAnimationToEndCommand(timeout=4000, label=null, optional=false))], condition=Condition(platform=null, visible=ElementSelector(textRegex=Reject cookies, idRegex=null, size=null, below=null, above=null, leftOf=null, rightOf=null, containsChild=null, containsDescendants=null, traits=null, index=null, enabled=null, optional=false, selected=null, checked=null, focused=null, childOf=null, css=null), notVisible=null, scriptCondition=null, label=null), sourceDescription=null, config=null, label=null, optional=false)), MaestroCommand(runFlowCommand=RunFlowCommand(commands=[MaestroCommand(waitForAnimationToEndCommand=WaitForAnimationToEndCommand(timeout=5000, label=null, optional=false))], condition=Condition(platform=null, visible=null, notVisible=ElementSelector(textRegex=${ANCHOR}, idRegex=null, size=null, below=null, above=null, leftOf=null, rightOf=null, containsChild=null, containsDescendants=null, traits=null, index=null, enabled=null, optional=false, selected=null, checked=null, focused=null, childOf=null, css=null), scriptCondition=null, label=null), sourceDescription=null, config=null, label=null, optional=false))], label=null, optional=false)), logMessages=[], insight=Insight(message=, level=NONE), aiReasoning=null, labeledCommand=null)
09:34:51.987 [ INFO] maestro.cli.runner.MaestroCommandRunner.runCommands$lambda$0: Run flow when "Don.t allow" is visible RUNNING
09:34:51.990 [ INFO] maestro.cli.runner.MaestroCommandRunner.runCommands$lambda$11: Run flow when "Don.t allow" is visible metadata CommandMetadata(numberOfRuns=null, evaluatedCommand=MaestroCommand(runFlowCommand=RunFlowCommand(commands=[MaestroCommand(tapOnElementCommand=TapOnElementCommand(selector=ElementSelector(textRegex=Don.t allow, idRegex=null, size=null, below=null, above=null, leftOf=null, rightOf=null, containsChild=null, containsDescendants=null, traits=null, index=null, enabled=null, optional=false, selected=null, checked=null, focused=null, childOf=null, css=null), retryIfNoChange=false, waitUntilVisible=false, longPress=false, repeat=null, waitToSettleTimeoutMs=null, relativePoint=null, label=null, optional=false)), MaestroCommand(waitForAnimationToEndCommand=WaitForAnimationToEndCommand(timeout=3000, label=null, optional=false))], condition=Condition(platform=null, visible=ElementSelector(textRegex=Don.t allow, idRegex=null, size=null, below=null, above=null, leftOf=null, rightOf=null, containsChild=null, containsDescendants=null, traits=null, index=null, enabled=null, optional=false, selected=null, checked=null, focused=null, childOf=null, css=null), notVisible=null, scriptCondition=null, label=null), sourceDescription=null, config=null, label=null, optional=false)), logMessages=[], insight=Insight(message=, level=NONE), aiReasoning=null, labeledCommand=null)
09:34:52.826 [ERROR] maestro.cli.session.MaestroSessionManager.newSession$lambda$0: Failed to record heartbeat
java.io.IOException: The process cannot access the file because another process has locked a portion of the file
	at java.base/java.io.FileOutputStream.writeBytes(Native Method)
	at java.base/java.io.FileOutputStream.write(FileOutputStream.java:332)
	at kotlin.io.FilesKt__FileReadWriteKt.writeTextImpl(FileReadWrite.kt:160)
	at kotlin.io.FilesKt__FileReadWriteKt.writeText(FileReadWrite.kt:145)
	at kotlin.io.FilesKt__FileReadWriteKt.writeText$default(FileReadWrite.kt:144)
	at maestro.cli.db.KeyValueStore.commit(KeyValueStore.kt:50)
	at maestro.cli.db.KeyValueStore.set$lambda$3$lambda$2(KeyValueStore.kt:23)
	at maestro.cli.db.KeyValueStore.withFileLock(KeyValueStore.kt:62)
	at maestro.cli.db.KeyValueStore.set(KeyValueStore.kt:20)
	at maestro.cli.session.SessionStore.heartbeat(SessionStore.kt:12)
	at maestro.cli.session.MaestroSessionManager.newSession$lambda$0(MaestroSessionManager.kt:98)
	at java.base/java.util.concurrent.Executors$RunnableAdapter.call(Executors.java:545)
	at java.base/java.util.concurrent.FutureTask.runAndReset(FutureTask.java:371)
	at java.base/java.util.concurrent.ScheduledThreadPoolExecutor$ScheduledFutureTask.run(ScheduledThreadPoolExecutor.java:310)
	at java.base/java.util.concurrent.ThreadPoolExecutor.runWorker(ThreadPoolExecutor.java:1090)
	at java.base/java.util.concurrent.ThreadPoolExecutor$Worker.run(ThreadPoolExecutor.java:614)
	at java.base/java.lang.Thread.run(Thread.java:1516)
09:34:57.820 [ERROR] maestro.cli.session.MaestroSessionManager.newSession$lambda$0: Failed to record heartbeat
java.io.IOException: The process cannot access the file because another process has locked a portion of the file
	at java.base/java.io.FileOutputStream.writeBytes(Native Method)
	at java.base/java.io.FileOutputStream.write(FileOutputStream.java:332)
	at kotlin.io.FilesKt__FileReadWriteKt.writeTextImpl(FileReadWrite.kt:160)
	at kotlin.io.FilesKt__FileReadWriteKt.writeText(FileReadWrite.kt:145)
	at kotlin.io.FilesKt__FileReadWriteKt.writeText$default(FileReadWrite.kt:144)
	at maestro.cli.db.KeyValueStore.commit(KeyValueStore.kt:50)
	at maestro.cli.db.KeyValueStore.set$lambda$3$lambda$2(KeyValueStore.kt:23)
	at maestro.cli.db.KeyValueStore.withFileLock(KeyValueStore.kt:62)
	at maestro.cli.db.KeyValueStore.set(KeyValueStore.kt:20)
	at maestro.cli.session.SessionStore.heartbeat(SessionStore.kt:12)
	at maestro.cli.session.MaestroSessionManager.newSession$lambda$0(MaestroSessionManager.kt:98)
	at java.base/java.util.concurrent.Executors$RunnableAdapter.call(Executors.java:545)
	at java.base/java.util.concurrent.FutureTask.runAndReset(FutureTask.java:371)
	at java.base/java.util.concurrent.ScheduledThreadPoolExecutor$ScheduledFutureTask.run(ScheduledThreadPoolExecutor.java:310)
	at java.base/java.util.concurrent.ThreadPoolExecutor.runWorker(ThreadPoolExecutor.java:1090)
	at java.base/java.util.concurrent.ThreadPoolExecutor$Worker.run(ThreadPoolExecutor.java:614)
	at java.base/java.lang.Thread.run(Thread.java:1516)
09:34:58.758 [ INFO] maestro.orchestra.Orchestra.executeSubflowCommands: [Command execution subflow] CommandSkipped: null
09:34:58.759 [ INFO] maestro.cli.runner.MaestroCommandRunner.runCommands$lambda$8: Run flow when "Don.t allow" is visible SKIPPED
09:34:58.761 [ INFO] maestro.cli.runner.MaestroCommandRunner.runCommands$lambda$0: Run flow when "Skip" is visible RUNNING
09:34:58.765 [ INFO] maestro.cli.runner.MaestroCommandRunner.runCommands$lambda$11: Run flow when "Skip" is visible metadata CommandMetadata(numberOfRuns=null, evaluatedCommand=MaestroCommand(runFlowCommand=RunFlowCommand(commands=[MaestroCommand(tapOnElementCommand=TapOnElementCommand(selector=ElementSelector(textRegex=Skip, idRegex=null, size=null, below=null, above=null, leftOf=null, rightOf=null, containsChild=null, containsDescendants=null, traits=null, index=null, enabled=null, optional=false, selected=null, checked=null, focused=null, childOf=null, css=null), retryIfNoChange=false, waitUntilVisible=false, longPress=false, repeat=null, waitToSettleTimeoutMs=null, relativePoint=null, label=null, optional=false)), MaestroCommand(waitForAnimationToEndCommand=WaitForAnimationToEndCommand(timeout=3000, label=null, optional=false))], condition=Condition(platform=null, visible=ElementSelector(textRegex=Skip, idRegex=null, size=null, below=null, above=null, leftOf=null, rightOf=null, containsChild=null, containsDescendants=null, traits=null, index=null, enabled=null, optional=false, selected=null, checked=null, focused=null, childOf=null, css=null), notVisible=null, scriptCondition=null, label=null), sourceDescription=null, config=null, label=null, optional=false)), logMessages=[], insight=Insight(message=, level=NONE), aiReasoning=null, labeledCommand=null)
09:34:59.032 [ INFO] maestro.cli.runner.MaestroCommandRunner.runCommands$lambda$0: Tap on "Skip" RUNNING
09:34:59.035 [ INFO] maestro.cli.runner.MaestroCommandRunner.runCommands$lambda$11: Tap on "Skip" metadata CommandMetadata(numberOfRuns=null, evaluatedCommand=MaestroCommand(tapOnElementCommand=TapOnElementCommand(selector=ElementSelector(textRegex=Skip, idRegex=null, size=null, below=null, above=null, leftOf=null, rightOf=null, containsChild=null, containsDescendants=null, traits=null, index=null, enabled=null, optional=false, selected=null, checked=null, focused=null, childOf=null, css=null), retryIfNoChange=false, waitUntilVisible=false, longPress=false, repeat=null, waitToSettleTimeoutMs=null, relativePoint=null, label=null, optional=false)), logMessages=[], insight=Insight(message=, level=NONE), aiReasoning=null, labeledCommand=null)
09:35:00.052 [ INFO] maestro.Maestro.tap-HgV9Ck0: Tapping on element:  UiElement(treeNode=TreeNode(attributes={text=, accessibilityText=Skip, hintText=, ignoreBoundsFiltering=false, resource-id=, clickable=true, bounds=[912,132][1080,279], enabled=true, focused=false, checked=false, scrollable=false, selected=false, class=android.widget.Button, important-for-accessibility=true, error=}, children=[], clickable=true, enabled=true, focused=false, checked=false, selected=false), bounds=Bounds(x=912, y=132, width=168, height=147))
09:35:01.457 [ INFO] maestro.Maestro.tap-HgV9Ck0: Tap aimed via settled hierarchy
09:35:01.463 [ INFO] maestro.Maestro.hierarchyBasedTap-ogj28Uc: Tapping at (996, 205) using hierarchy based logic for wait
09:35:02.817 [ERROR] maestro.cli.session.MaestroSessionManager.newSession$lambda$0: Failed to record heartbeat
java.io.IOException: The process cannot access the file because another process has locked a portion of the file
	at java.base/java.io.FileOutputStream.writeBytes(Native Method)
	at java.base/java.io.FileOutputStream.write(FileOutputStream.java:332)
	at kotlin.io.FilesKt__FileReadWriteKt.writeTextImpl(FileReadWrite.kt:160)
	at kotlin.io.FilesKt__FileReadWriteKt.writeText(FileReadWrite.kt:145)
	at kotlin.io.FilesKt__FileReadWriteKt.writeText$default(FileReadWrite.kt:144)
	at maestro.cli.db.KeyValueStore.commit(KeyValueStore.kt:50)
	at maestro.cli.db.KeyValueStore.set$lambda$3$lambda$2(KeyValueStore.kt:23)
	at maestro.cli.db.KeyValueStore.withFileLock(KeyValueStore.kt:62)
	at maestro.cli.db.KeyValueStore.set(KeyValueStore.kt:20)
	at maestro.cli.session.SessionStore.heartbeat(SessionStore.kt:12)
	at maestro.cli.session.MaestroSessionManager.newSession$lambda$0(MaestroSessionManager.kt:98)
	at java.base/java.util.concurrent.Executors$RunnableAdapter.call(Executors.java:545)
	at java.base/java.util.concurrent.FutureTask.runAndReset(FutureTask.java:371)
	at java.base/java.util.concurrent.ScheduledThreadPoolExecutor$ScheduledFutureTask.run(ScheduledThreadPoolExecutor.java:310)
	at java.base/java.util.concurrent.ThreadPoolExecutor.runWorker(ThreadPoolExecutor.java:1090)
	at java.base/java.util.concurrent.ThreadPoolExecutor$Worker.run(ThreadPoolExecutor.java:614)
	at java.base/java.lang.Thread.run(Thread.java:1516)
09:35:03.094 [ INFO] maestro.Maestro.hierarchyBasedTap-ogj28Uc: Something has changed in the UI judging by view hierarchy. Proceed.
09:35:03.095 [ INFO] maestro.cli.runner.MaestroCommandRunner.runCommands$lambda$2: Tap on "Skip" COMPLETED
09:35:03.096 [ INFO] maestro.cli.runner.MaestroCommandRunner.runCommands$lambda$0: Wait for animation to end within 3000 ms RUNNING
09:35:03.098 [ INFO] maestro.cli.runner.MaestroCommandRunner.runCommands$lambda$11: Wait for animation to end within 3000 ms metadata CommandMetadata(numberOfRuns=null, evaluatedCommand=MaestroCommand(waitForAnimationToEndCommand=WaitForAnimationToEndCommand(timeout=3000, label=null, optional=false)), logMessages=[], insight=Insight(message=, level=NONE), aiReasoning=null, labeledCommand=null)
09:35:03.122 [ INFO] maestro.Maestro.waitForAnimationToEnd$lambda$53: Waiting for animation to end with timeout 3000
09:35:03.124 [TRACE] maestro.utils.ScreenshotUtils.takeScreenshot: Taking screenshot to byte array
09:35:03.125 [TRACE] maestro.utils.ScreenshotUtils.takeScreenshot: Taking screenshot to output sink
09:35:03.930 [TRACE] maestro.utils.ScreenshotUtils.takeScreenshot: Taking screenshot to byte array
09:35:03.930 [TRACE] maestro.utils.ScreenshotUtils.takeScreenshot: Taking screenshot to output sink
09:35:06.194 [ INFO] maestro.cli.runner.MaestroCommandRunner.runCommands$lambda$2: Wait for animation to end within 3000 ms COMPLETED
09:35:06.195 [ INFO] maestro.cli.runner.MaestroCommandRunner.runCommands$lambda$2: Run flow when "Skip" is visible COMPLETED
09:35:06.196 [ INFO] maestro.cli.runner.MaestroCommandRunner.runCommands$lambda$0: Run flow when "Dismiss" is visible RUNNING
09:35:06.198 [ INFO] maestro.cli.runner.MaestroCommandRunner.runCommands$lambda$11: Run flow when "Dismiss" is visible metadata CommandMetadata(numberOfRuns=null, evaluatedCommand=MaestroCommand(runFlowCommand=RunFlowCommand(commands=[MaestroCommand(tapOnElementCommand=TapOnElementCommand(selector=ElementSelector(textRegex=Dismiss, idRegex=null, size=null, below=null, above=null, leftOf=null, rightOf=null, containsChild=null, containsDescendants=null, traits=null, index=null, enabled=null, optional=false, selected=null, checked=null, focused=null, childOf=null, css=null), retryIfNoChange=false, waitUntilVisible=false, longPress=false, repeat=null, waitToSettleTimeoutMs=null, relativePoint=null, label=null, optional=false)), MaestroCommand(waitForAnimationToEndCommand=WaitForAnimationToEndCommand(timeout=3000, label=null, optional=false))], condition=Condition(platform=null, visible=ElementSelector(textRegex=Dismiss, idRegex=null, size=null, below=null, above=null, leftOf=null, rightOf=null, containsChild=null, containsDescendants=null, traits=null, index=null, enabled=null, optional=false, selected=null, checked=null, focused=null, childOf=null, css=null), notVisible=null, scriptCondition=null, label=null), sourceDescription=null, config=null, label=null, optional=false)), logMessages=[], insight=Insight(message=, level=NONE), aiReasoning=null, labeledCommand=null)
09:35:07.813 [ERROR] maestro.cli.session.MaestroSessionManager.newSession$lambda$0: Failed to record heartbeat
java.io.IOException: The process cannot access the file because another process has locked a portion of the file
	at java.base/java.io.FileOutputStream.writeBytes(Native Method)
	at java.base/java.io.FileOutputStream.write(FileOutputStream.java:332)
	at kotlin.io.FilesKt__FileReadWriteKt.writeTextImpl(FileReadWrite.kt:160)
	at kotlin.io.FilesKt__FileReadWriteKt.writeText(FileReadWrite.kt:145)
	at kotlin.io.FilesKt__FileReadWriteKt.writeText$default(FileReadWrite.kt:144)
	at maestro.cli.db.KeyValueStore.commit(KeyValueStore.kt:50)
	at maestro.cli.db.KeyValueStore.set$lambda$3$lambda$2(KeyValueStore.kt:23)
	at maestro.cli.db.KeyValueStore.withFileLock(KeyValueStore.kt:62)
	at maestro.cli.db.KeyValueStore.set(KeyValueStore.kt:20)
	at maestro.cli.session.SessionStore.heartbeat(SessionStore.kt:12)
	at maestro.cli.session.MaestroSessionManager.newSession$lambda$0(MaestroSessionManager.kt:98)
	at java.base/java.util.concurrent.Executors$RunnableAdapter.call(Executors.java:545)
	at java.base/java.util.concurrent.FutureTask.runAndReset(FutureTask.java:371)
	at java.base/java.util.concurrent.ScheduledThreadPoolExecutor$ScheduledFutureTask.run(ScheduledThreadPoolExecutor.java:310)
	at java.base/java.util.concurrent.ThreadPoolExecutor.runWorker(ThreadPoolExecutor.java:1090)
	at java.base/java.util.concurrent.ThreadPoolExecutor$Worker.run(ThreadPoolExecutor.java:614)
	at java.base/java.lang.Thread.run(Thread.java:1516)
09:35:12.823 [ERROR] maestro.cli.session.MaestroSessionManager.newSession$lambda$0: Failed to record heartbeat
java.io.IOException: The process cannot access the file because another process has locked a portion of the file
	at java.base/java.io.FileOutputStream.writeBytes(Native Method)
	at java.base/java.io.FileOutputStream.write(FileOutputStream.java:332)
	at kotlin.io.FilesKt__FileReadWriteKt.writeTextImpl(FileReadWrite.kt:160)
	at kotlin.io.FilesKt__FileReadWriteKt.writeText(FileReadWrite.kt:145)
	at kotlin.io.FilesKt__FileReadWriteKt.writeText$default(FileReadWrite.kt:144)
	at maestro.cli.db.KeyValueStore.commit(KeyValueStore.kt:50)
	at maestro.cli.db.KeyValueStore.set$lambda$3$lambda$2(KeyValueStore.kt:23)
	at maestro.cli.db.KeyValueStore.withFileLock(KeyValueStore.kt:62)
	at maestro.cli.db.KeyValueStore.set(KeyValueStore.kt:20)
	at maestro.cli.session.SessionStore.heartbeat(SessionStore.kt:12)
	at maestro.cli.session.MaestroSessionManager.newSession$lambda$0(MaestroSessionManager.kt:98)
	at java.base/java.util.concurrent.Executors$RunnableAdapter.call(Executors.java:545)
	at java.base/java.util.concurrent.FutureTask.runAndReset(FutureTask.java:371)
	at java.base/java.util.concurrent.ScheduledThreadPoolExecutor$ScheduledFutureTask.run(ScheduledThreadPoolExecutor.java:310)
	at java.base/java.util.concurrent.ThreadPoolExecutor.runWorker(ThreadPoolExecutor.java:1090)
	at java.base/java.util.concurrent.ThreadPoolExecutor$Worker.run(ThreadPoolExecutor.java:614)
	at java.base/java.lang.Thread.run(Thread.java:1516)
09:35:13.635 [ INFO] maestro.orchestra.Orchestra.executeSubflowCommands: [Command execution subflow] CommandSkipped: null
09:35:13.636 [ INFO] maestro.cli.runner.MaestroCommandRunner.runCommands$lambda$8: Run flow when "Dismiss" is visible SKIPPED
09:35:13.638 [ INFO] maestro.cli.runner.MaestroCommandRunner.runCommands$lambda$0: Run flow when "Ok" is visible RUNNING
09:35:13.644 [ INFO] maestro.cli.runner.MaestroCommandRunner.runCommands$lambda$11: Run flow when "Ok" is visible metadata CommandMetadata(numberOfRuns=null, evaluatedCommand=MaestroCommand(runFlowCommand=RunFlowCommand(commands=[MaestroCommand(tapOnElementCommand=TapOnElementCommand(selector=ElementSelector(textRegex=Ok, idRegex=null, size=null, below=null, above=null, leftOf=null, rightOf=null, containsChild=null, containsDescendants=null, traits=null, index=null, enabled=null, optional=false, selected=null, checked=null, focused=null, childOf=null, css=null), retryIfNoChange=false, waitUntilVisible=false, longPress=false, repeat=null, waitToSettleTimeoutMs=null, relativePoint=null, label=null, optional=false)), MaestroCommand(waitForAnimationToEndCommand=WaitForAnimationToEndCommand(timeout=3000, label=null, optional=false))], condition=Condition(platform=null, visible=ElementSelector(textRegex=Ok, idRegex=null, size=null, below=null, above=null, leftOf=null, rightOf=null, containsChild=null, containsDescendants=null, traits=null, index=null, enabled=null, optional=false, selected=null, checked=null, focused=null, childOf=null, css=null), notVisible=null, scriptCondition=null, label=null), sourceDescription=null, config=null, label=null, optional=false)), logMessages=[], insight=Insight(message=, level=NONE), aiReasoning=null, labeledCommand=null)
09:35:14.484 [ INFO] maestro.orchestra.Orchestra.executeSubflowCommands: [Command execution subflow] CommandSkipped: null
09:35:14.484 [ INFO] maestro.cli.runner.MaestroCommandRunner.runCommands$lambda$8: Run flow when "Ok" is visible SKIPPED
09:35:14.486 [ INFO] maestro.cli.runner.MaestroCommandRunner.runCommands$lambda$0: Run flow when "Marketplace Day" is visible RUNNING
09:35:14.491 [ INFO] maestro.cli.runner.MaestroCommandRunner.runCommands$lambda$11: Run flow when "Marketplace Day" is visible metadata CommandMetadata(numberOfRuns=null, evaluatedCommand=MaestroCommand(runFlowCommand=RunFlowCommand(commands=[MaestroCommand(backPressCommand=BackPressCommand()), MaestroCommand(waitForAnimationToEndCommand=WaitForAnimationToEndCommand(timeout=3000, label=null, optional=false))], condition=Condition(platform=null, visible=ElementSelector(textRegex=Marketplace Day, idRegex=null, size=null, below=null, above=null, leftOf=null, rightOf=null, containsChild=null, containsDescendants=null, traits=null, index=null, enabled=null, optional=false, selected=null, checked=null, focused=null, childOf=null, css=null), notVisible=null, scriptCondition=null, label=null), sourceDescription=null, config=null, label=null, optional=false)), logMessages=[], insight=Insight(message=, level=NONE), aiReasoning=null, labeledCommand=null)
09:35:15.223 [ INFO] maestro.orchestra.Orchestra.executeSubflowCommands: [Command execution subflow] CommandSkipped: null
09:35:15.224 [ INFO] maestro.cli.runner.MaestroCommandRunner.runCommands$lambda$8: Run flow when "Marketplace Day" is visible SKIPPED
09:35:15.226 [ INFO] maestro.cli.runner.MaestroCommandRunner.runCommands$lambda$0: Run flow when "Start comparing properties" is visible RUNNING
09:35:15.229 [ INFO] maestro.cli.runner.MaestroCommandRunner.runCommands$lambda$11: Run flow when "Start comparing properties" is visible metadata CommandMetadata(numberOfRuns=null, evaluatedCommand=MaestroCommand(runFlowCommand=RunFlowCommand(commands=[MaestroCommand(backPressCommand=BackPressCommand()), MaestroCommand(waitForAnimationToEndCommand=WaitForAnimationToEndCommand(timeout=3000, label=null, optional=false))], condition=Condition(platform=null, visible=ElementSelector(textRegex=Start comparing properties, idRegex=null, size=null, below=null, above=null, leftOf=null, rightOf=null, containsChild=null, containsDescendants=null, traits=null, index=null, enabled=null, optional=false, selected=null, checked=null, focused=null, childOf=null, css=null), notVisible=null, scriptCondition=null, label=null), sourceDescription=null, config=null, label=null, optional=false)), logMessages=[], insight=Insight(message=, level=NONE), aiReasoning=null, labeledCommand=null)
09:35:15.522 [ INFO] maestro.cli.runner.MaestroCommandRunner.runCommands$lambda$0: Press back RUNNING
09:35:15.524 [ INFO] maestro.cli.runner.MaestroCommandRunner.runCommands$lambda$11: Press back metadata CommandMetadata(numberOfRuns=null, evaluatedCommand=MaestroCommand(backPressCommand=BackPressCommand()), logMessages=[], insight=Insight(message=, level=NONE), aiReasoning=null, labeledCommand=null)
09:35:15.527 [ INFO] maestro.Maestro.backPress: Pressing back
09:35:16.803 [ INFO] maestro.cli.runner.MaestroCommandRunner.runCommands$lambda$2: Press back COMPLETED
09:35:16.805 [ INFO] maestro.cli.runner.MaestroCommandRunner.runCommands$lambda$0: Wait for animation to end within 3000 ms RUNNING
09:35:16.807 [ INFO] maestro.cli.runner.MaestroCommandRunner.runCommands$lambda$11: Wait for animation to end within 3000 ms metadata CommandMetadata(numberOfRuns=null, evaluatedCommand=MaestroCommand(waitForAnimationToEndCommand=WaitForAnimationToEndCommand(timeout=3000, label=null, optional=false)), logMessages=[], insight=Insight(message=, level=NONE), aiReasoning=null, labeledCommand=null)
09:35:16.809 [ INFO] maestro.Maestro.waitForAnimationToEnd$lambda$53: Waiting for animation to end with timeout 3000
09:35:16.810 [TRACE] maestro.utils.ScreenshotUtils.takeScreenshot: Taking screenshot to byte array
09:35:16.811 [TRACE] maestro.utils.ScreenshotUtils.takeScreenshot: Taking screenshot to output sink
09:35:17.684 [TRACE] maestro.utils.ScreenshotUtils.takeScreenshot: Taking screenshot to byte array
09:35:17.685 [TRACE] maestro.utils.ScreenshotUtils.takeScreenshot: Taking screenshot to output sink
09:35:17.819 [ERROR] maestro.cli.session.MaestroSessionManager.newSession$lambda$0: Failed to record heartbeat
java.io.IOException: The process cannot access the file because another process has locked a portion of the file
	at java.base/java.io.FileOutputStream.writeBytes(Native Method)
	at java.base/java.io.FileOutputStream.write(FileOutputStream.java:332)
	at kotlin.io.FilesKt__FileReadWriteKt.writeTextImpl(FileReadWrite.kt:160)
	at kotlin.io.FilesKt__FileReadWriteKt.writeText(FileReadWrite.kt:145)
	at kotlin.io.FilesKt__FileReadWriteKt.writeText$default(FileReadWrite.kt:144)
	at maestro.cli.db.KeyValueStore.commit(KeyValueStore.kt:50)
	at maestro.cli.db.KeyValueStore.set$lambda$3$lambda$2(KeyValueStore.kt:23)
	at maestro.cli.db.KeyValueStore.withFileLock(KeyValueStore.kt:62)
	at maestro.cli.db.KeyValueStore.set(KeyValueStore.kt:20)
	at maestro.cli.session.SessionStore.heartbeat(SessionStore.kt:12)
	at maestro.cli.session.MaestroSessionManager.newSession$lambda$0(MaestroSessionManager.kt:98)
	at java.base/java.util.concurrent.Executors$RunnableAdapter.call(Executors.java:545)
	at java.base/java.util.concurrent.FutureTask.runAndReset(FutureTask.java:371)
	at java.base/java.util.concurrent.ScheduledThreadPoolExecutor$ScheduledFutureTask.run(ScheduledThreadPoolExecutor.java:310)
	at java.base/java.util.concurrent.ThreadPoolExecutor.runWorker(ThreadPoolExecutor.java:1090)
	at java.base/java.util.concurrent.ThreadPoolExecutor$Worker.run(ThreadPoolExecutor.java:614)
	at java.base/java.lang.Thread.run(Thread.java:1516)
09:35:19.792 [TRACE] maestro.utils.ScreenshotUtils.takeScreenshot: Taking screenshot to byte array
09:35:19.793 [TRACE] maestro.utils.ScreenshotUtils.takeScreenshot: Taking screenshot to output sink
09:35:20.944 [TRACE] maestro.utils.ScreenshotUtils.takeScreenshot: Taking screenshot to byte array
09:35:20.945 [TRACE] maestro.utils.ScreenshotUtils.takeScreenshot: Taking screenshot to output sink
09:35:22.829 [ERROR] maestro.cli.session.MaestroSessionManager.newSession$lambda$0: Failed to record heartbeat
java.io.IOException: The process cannot access the file because another process has locked a portion of the file
	at java.base/java.io.FileOutputStream.writeBytes(Native Method)
	at java.base/java.io.FileOutputStream.write(FileOutputStream.java:332)
	at kotlin.io.FilesKt__FileReadWriteKt.writeTextImpl(FileReadWrite.kt:160)
	at kotlin.io.FilesKt__FileReadWriteKt.writeText(FileReadWrite.kt:145)
	at kotlin.io.FilesKt__FileReadWriteKt.writeText$default(FileReadWrite.kt:144)
	at maestro.cli.db.KeyValueStore.commit(KeyValueStore.kt:50)
	at maestro.cli.db.KeyValueStore.set$lambda$3$lambda$2(KeyValueStore.kt:23)
	at maestro.cli.db.KeyValueStore.withFileLock(KeyValueStore.kt:62)
	at maestro.cli.db.KeyValueStore.set(KeyValueStore.kt:20)
	at maestro.cli.session.SessionStore.heartbeat(SessionStore.kt:12)
	at maestro.cli.session.MaestroSessionManager.newSession$lambda$0(MaestroSessionManager.kt:98)
	at java.base/java.util.concurrent.Executors$RunnableAdapter.call(Executors.java:545)
	at java.base/java.util.concurrent.FutureTask.runAndReset(FutureTask.java:371)
	at java.base/java.util.concurrent.ScheduledThreadPoolExecutor$ScheduledFutureTask.run(ScheduledThreadPoolExecutor.java:310)
	at java.base/java.util.concurrent.ThreadPoolExecutor.runWorker(ThreadPoolExecutor.java:1090)
	at java.base/java.util.concurrent.ThreadPoolExecutor$Worker.run(ThreadPoolExecutor.java:614)
	at java.base/java.lang.Thread.run(Thread.java:1516)
09:35:23.036 [ INFO] maestro.cli.runner.MaestroCommandRunner.runCommands$lambda$2: Wait for animation to end within 3000 ms COMPLETED
09:35:23.039 [ INFO] maestro.cli.runner.MaestroCommandRunner.runCommands$lambda$2: Run flow when "Start comparing properties" is visible COMPLETED
09:35:23.041 [ INFO] maestro.cli.runner.MaestroCommandRunner.runCommands$lambda$0: Run flow when "Go to the weekly (offer|deal)" is visible RUNNING
09:35:23.043 [ INFO] maestro.cli.runner.MaestroCommandRunner.runCommands$lambda$11: Run flow when "Go to the weekly (offer|deal)" is visible metadata CommandMetadata(numberOfRuns=null, evaluatedCommand=MaestroCommand(runFlowCommand=RunFlowCommand(commands=[MaestroCommand(backPressCommand=BackPressCommand()), MaestroCommand(waitForAnimationToEndCommand=WaitForAnimationToEndCommand(timeout=3000, label=null, optional=false))], condition=Condition(platform=null, visible=ElementSelector(textRegex=Go to the weekly (offer|deal), idRegex=null, size=null, below=null, above=null, leftOf=null, rightOf=null, containsChild=null, containsDescendants=null, traits=null, index=null, enabled=null, optional=false, selected=null, checked=null, focused=null, childOf=null, css=null), notVisible=null, scriptCondition=null, label=null), sourceDescription=null, config=null, label=null, optional=false)), logMessages=[], insight=Insight(message=, level=NONE), aiReasoning=null, labeledCommand=null)
09:35:27.826 [ERROR] maestro.cli.session.MaestroSessionManager.newSession$lambda$0: Failed to record heartbeat
java.io.IOException: The process cannot access the file because another process has locked a portion of the file
	at java.base/java.io.FileOutputStream.writeBytes(Native Method)
	at java.base/java.io.FileOutputStream.write(FileOutputStream.java:332)
	at kotlin.io.FilesKt__FileReadWriteKt.writeTextImpl(FileReadWrite.kt:160)
	at kotlin.io.FilesKt__FileReadWriteKt.writeText(FileReadWrite.kt:145)
	at kotlin.io.FilesKt__FileReadWriteKt.writeText$default(FileReadWrite.kt:144)
	at maestro.cli.db.KeyValueStore.commit(KeyValueStore.kt:50)
	at maestro.cli.db.KeyValueStore.set$lambda$3$lambda$2(KeyValueStore.kt:23)
	at maestro.cli.db.KeyValueStore.withFileLock(KeyValueStore.kt:62)
	at maestro.cli.db.KeyValueStore.set(KeyValueStore.kt:20)
	at maestro.cli.session.SessionStore.heartbeat(SessionStore.kt:12)
	at maestro.cli.session.MaestroSessionManager.newSession$lambda$0(MaestroSessionManager.kt:98)
	at java.base/java.util.concurrent.Executors$RunnableAdapter.call(Executors.java:545)
	at java.base/java.util.concurrent.FutureTask.runAndReset(FutureTask.java:371)
	at java.base/java.util.concurrent.ScheduledThreadPoolExecutor$ScheduledFutureTask.run(ScheduledThreadPoolExecutor.java:310)
	at java.base/java.util.concurrent.ThreadPoolExecutor.runWorker(ThreadPoolExecutor.java:1090)
	at java.base/java.util.concurrent.ThreadPoolExecutor$Worker.run(ThreadPoolExecutor.java:614)
	at java.base/java.lang.Thread.run(Thread.java:1516)
09:35:30.713 [ INFO] maestro.orchestra.Orchestra.executeSubflowCommands: [Command execution subflow] CommandSkipped: null
09:35:30.714 [ INFO] maestro.cli.runner.MaestroCommandRunner.runCommands$lambda$8: Run flow when "Go to the weekly (offer|deal)" is visible SKIPPED
09:35:30.715 [ INFO] maestro.cli.runner.MaestroCommandRunner.runCommands$lambda$0: Run flow when "Update email" is visible RUNNING
09:35:30.720 [ INFO] maestro.cli.runner.MaestroCommandRunner.runCommands$lambda$11: Run flow when "Update email" is visible metadata CommandMetadata(numberOfRuns=null, evaluatedCommand=MaestroCommand(runFlowCommand=RunFlowCommand(commands=[MaestroCommand(backPressCommand=BackPressCommand()), MaestroCommand(waitForAnimationToEndCommand=WaitForAnimationToEndCommand(timeout=3000, label=null, optional=false))], condition=Condition(platform=null, visible=ElementSelector(textRegex=Update email, idRegex=null, size=null, below=null, above=null, leftOf=null, rightOf=null, containsChild=null, containsDescendants=null, traits=null, index=null, enabled=null, optional=false, selected=null, checked=null, focused=null, childOf=null, css=null), notVisible=null, scriptCondition=null, label=null), sourceDescription=null, config=null, label=null, optional=false)), logMessages=[], insight=Insight(message=, level=NONE), aiReasoning=null, labeledCommand=null)
09:35:31.213 [ INFO] maestro.orchestra.Orchestra.executeSubflowCommands: [Command execution subflow] CommandSkipped: null
09:35:31.213 [ INFO] maestro.cli.runner.MaestroCommandRunner.runCommands$lambda$8: Run flow when "Update email" is visible SKIPPED
09:35:31.216 [ INFO] maestro.cli.runner.MaestroCommandRunner.runCommands$lambda$0: Run flow when "Number and Email Already Linked" is visible RUNNING
09:35:31.217 [ INFO] maestro.cli.runner.MaestroCommandRunner.runCommands$lambda$11: Run flow when "Number and Email Already Linked" is visible metadata CommandMetadata(numberOfRuns=null, evaluatedCommand=MaestroCommand(runFlowCommand=RunFlowCommand(commands=[MaestroCommand(tapOnPointV2Command=TapOnPointV2Command(point=7%,9%, retryIfNoChange=false, longPress=false, repeat=null, waitToSettleTimeoutMs=null, label=null, optional=false)), MaestroCommand(waitForAnimationToEndCommand=WaitForAnimationToEndCommand(timeout=4000, label=null, optional=false))], condition=Condition(platform=null, visible=ElementSelector(textRegex=Number and Email Already Linked, idRegex=null, size=null, below=null, above=null, leftOf=null, rightOf=null, containsChild=null, containsDescendants=null, traits=null, index=null, enabled=null, optional=false, selected=null, checked=null, focused=null, childOf=null, css=null), notVisible=null, scriptCondition=null, label=null), sourceDescription=null, config=null, label=null, optional=false)), logMessages=[], insight=Insight(message=, level=NONE), aiReasoning=null, labeledCommand=null)
09:35:31.776 [ INFO] maestro.orchestra.Orchestra.executeSubflowCommands: [Command execution subflow] CommandSkipped: null
09:35:31.777 [ INFO] maestro.cli.runner.MaestroCommandRunner.runCommands$lambda$8: Run flow when "Number and Email Already Linked" is visible SKIPPED
09:35:31.778 [ INFO] maestro.cli.runner.MaestroCommandRunner.runCommands$lambda$0: Run flow when "(?s).*would you recommend benefiting from Sakani.*" is visible RUNNING
09:35:31.779 [ INFO] maestro.cli.runner.MaestroCommandRunner.runCommands$lambda$11: Run flow when "(?s).*would you recommend benefiting from Sakani.*" is visible metadata CommandMetadata(numberOfRuns=null, evaluatedCommand=MaestroCommand(runFlowCommand=RunFlowCommand(commands=[MaestroCommand(runFlowCommand=RunFlowCommand(commands=[MaestroCommand(swipeCommand=SwipeCommand(direction=null, startPoint=null, endPoint=null, elementSelector=null, startRelative=50%,58%, endRelative=50%,99%, duration=400, waitToSettleTimeoutMs=null, relativePoint=null, label=null, optional=false)), MaestroCommand(waitForAnimationToEndCommand=WaitForAnimationToEndCommand(timeout=4000, label=null, optional=false)), MaestroCommand(evalScriptCommand=EvalScriptCommand(scriptString=${output.npsRecovered = true}, label=null, optional=false))], condition=Condition(platform=null, visible=null, notVisible=ElementSelector(textRegex=(?s)(.*There.s something wrong.*|.*the service is down.*|Error!), idRegex=null, size=null, below=null, above=null, leftOf=null, rightOf=null, containsChild=null, containsDescendants=null, traits=null, index=null, enabled=null, optional=false, selected=null, checked=null, focused=null, childOf=null, css=null), scriptCondition=null, label=null), sourceDescription=null, config=null, label=null, optional=false))], condition=Condition(platform=null, visible=ElementSelector(textRegex=(?s).*would you recommend benefiting from Sakani.*, idRegex=null, size=null, below=null, above=null, leftOf=null, rightOf=null, containsChild=null, containsDescendants=null, traits=null, index=null, enabled=null, optional=false, selected=null, checked=null, focused=null, childOf=null, css=null), notVisible=null, scriptCondition=null, label=null), sourceDescription=null, config=null, label=null, optional=false)), logMessages=[], insight=Insight(message=, level=NONE), aiReasoning=null, labeledCommand=null)
09:35:32.542 [ INFO] maestro.orchestra.Orchestra.executeSubflowCommands: [Command execution subflow] CommandSkipped: null
09:35:32.543 [ INFO] maestro.cli.runner.MaestroCommandRunner.runCommands$lambda$8: Run flow when "(?s).*would you recommend benefiting from Sakani.*" is visible SKIPPED
09:35:32.544 [ INFO] maestro.cli.runner.MaestroCommandRunner.runCommands$lambda$0: Run flow when "Maybe Later" is visible RUNNING
09:35:32.546 [ INFO] maestro.cli.runner.MaestroCommandRunner.runCommands$lambda$11: Run flow when "Maybe Later" is visible metadata CommandMetadata(numberOfRuns=null, evaluatedCommand=MaestroCommand(runFlowCommand=RunFlowCommand(commands=[MaestroCommand(tapOnElementCommand=TapOnElementCommand(selector=ElementSelector(textRegex=Maybe Later, idRegex=null, size=null, below=null, above=null, leftOf=null, rightOf=null, containsChild=null, containsDescendants=null, traits=null, index=null, enabled=null, optional=false, selected=null, checked=null, focused=null, childOf=null, css=null), retryIfNoChange=false, waitUntilVisible=false, longPress=false, repeat=null, waitToSettleTimeoutMs=null, relativePoint=null, label=null, optional=false)), MaestroCommand(waitForAnimationToEndCommand=WaitForAnimationToEndCommand(timeout=3000, label=null, optional=false))], condition=Condition(platform=null, visible=ElementSelector(textRegex=Maybe Later, idRegex=null, size=null, below=null, above=null, leftOf=null, rightOf=null, containsChild=null, containsDescendants=null, traits=null, index=null, enabled=null, optional=false, selected=null, checked=null, focused=null, childOf=null, css=null), notVisible=null, scriptCondition=null, label=null), sourceDescription=null, config=null, label=null, optional=false)), logMessages=[], insight=Insight(message=, level=NONE), aiReasoning=null, labeledCommand=null)
09:35:32.827 [ERROR] maestro.cli.session.MaestroSessionManager.newSession$lambda$0: Failed to record heartbeat
java.io.IOException: The process cannot access the file because another process has locked a portion of the file
	at java.base/java.io.FileOutputStream.writeBytes(Native Method)
	at java.base/java.io.FileOutputStream.write(FileOutputStream.java:332)
	at kotlin.io.FilesKt__FileReadWriteKt.writeTextImpl(FileReadWrite.kt:160)
	at kotlin.io.FilesKt__FileReadWriteKt.writeText(FileReadWrite.kt:145)
	at kotlin.io.FilesKt__FileReadWriteKt.writeText$default(FileReadWrite.kt:144)
	at maestro.cli.db.KeyValueStore.commit(KeyValueStore.kt:50)
	at maestro.cli.db.KeyValueStore.set$lambda$3$lambda$2(KeyValueStore.kt:23)
	at maestro.cli.db.KeyValueStore.withFileLock(KeyValueStore.kt:62)
	at maestro.cli.db.KeyValueStore.set(KeyValueStore.kt:20)
	at maestro.cli.session.SessionStore.heartbeat(SessionStore.kt:12)
	at maestro.cli.session.MaestroSessionManager.newSession$lambda$0(MaestroSessionManager.kt:98)
	at java.base/java.util.concurrent.Executors$RunnableAdapter.call(Executors.java:545)
	at java.base/java.util.concurrent.FutureTask.runAndReset(FutureTask.java:371)
	at java.base/java.util.concurrent.ScheduledThreadPoolExecutor$ScheduledFutureTask.run(ScheduledThreadPoolExecutor.java:310)
	at java.base/java.util.concurrent.ThreadPoolExecutor.runWorker(ThreadPoolExecutor.java:1090)
	at java.base/java.util.concurrent.ThreadPoolExecutor$Worker.run(ThreadPoolExecutor.java:614)
	at java.base/java.lang.Thread.run(Thread.java:1516)
09:35:33.052 [ INFO] maestro.orchestra.Orchestra.executeSubflowCommands: [Command execution subflow] CommandSkipped: null
09:35:33.052 [ INFO] maestro.cli.runner.MaestroCommandRunner.runCommands$lambda$8: Run flow when "Maybe Later" is visible SKIPPED
09:35:33.053 [ INFO] maestro.cli.runner.MaestroCommandRunner.runCommands$lambda$0: Run flow when "Reject cookies" is visible RUNNING
09:35:33.055 [ INFO] maestro.cli.runner.MaestroCommandRunner.runCommands$lambda$11: Run flow when "Reject cookies" is visible metadata CommandMetadata(numberOfRuns=null, evaluatedCommand=MaestroCommand(runFlowCommand=RunFlowCommand(commands=[MaestroCommand(tapOnElementCommand=TapOnElementCommand(selector=ElementSelector(textRegex=Reject cookies, idRegex=null, size=null, below=null, above=null, leftOf=null, rightOf=null, containsChild=null, containsDescendants=null, traits=null, index=null, enabled=null, optional=false, selected=null, checked=null, focused=null, childOf=null, css=null), retryIfNoChange=false, waitUntilVisible=false, longPress=false, repeat=null, waitToSettleTimeoutMs=null, relativePoint=null, label=null, optional=false)), MaestroCommand(waitForAnimationToEndCommand=WaitForAnimationToEndCommand(timeout=4000, label=null, optional=false))], condition=Condition(platform=null, visible=ElementSelector(textRegex=Reject cookies, idRegex=null, size=null, below=null, above=null, leftOf=null, rightOf=null, containsChild=null, containsDescendants=null, traits=null, index=null, enabled=null, optional=false, selected=null, checked=null, focused=null, childOf=null, css=null), notVisible=null, scriptCondition=null, label=null), sourceDescription=null, config=null, label=null, optional=false)), logMessages=[], insight=Insight(message=, level=NONE), aiReasoning=null, labeledCommand=null)
09:35:34.567 [ INFO] maestro.orchestra.Orchestra.executeSubflowCommands: [Command execution subflow] CommandSkipped: null
09:35:34.569 [ INFO] maestro.cli.runner.MaestroCommandRunner.runCommands$lambda$8: Run flow when "Reject cookies" is visible SKIPPED
09:35:34.572 [ INFO] maestro.cli.runner.MaestroCommandRunner.runCommands$lambda$0: Run flow when "${ANCHOR}" is not visible RUNNING
09:35:34.589 [ INFO] maestro.cli.runner.MaestroCommandRunner.runCommands$lambda$11: Run flow when "${ANCHOR}" is not visible metadata CommandMetadata(numberOfRuns=null, evaluatedCommand=MaestroCommand(runFlowCommand=RunFlowCommand(commands=[MaestroCommand(waitForAnimationToEndCommand=WaitForAnimationToEndCommand(timeout=5000, label=null, optional=false))], condition=Condition(platform=null, visible=null, notVisible=ElementSelector(textRegex=(?s).*Login / Sign up.*, idRegex=null, size=null, below=null, above=null, leftOf=null, rightOf=null, containsChild=null, containsDescendants=null, traits=null, index=null, enabled=null, optional=false, selected=null, checked=null, focused=null, childOf=null, css=null), scriptCondition=null, label=null), sourceDescription=null, config=null, label=null, optional=false)), logMessages=[], insight=Insight(message=, level=NONE), aiReasoning=null, labeledCommand=null)
09:35:34.866 [ INFO] maestro.orchestra.Orchestra.executeSubflowCommands: [Command execution subflow] CommandSkipped: null
09:35:34.867 [ INFO] maestro.cli.runner.MaestroCommandRunner.runCommands$lambda$8: Run flow when "${ANCHOR}" is not visible SKIPPED
09:35:34.870 [ INFO] maestro.cli.runner.MaestroCommandRunner.runCommands$lambda$11: Repeat while "${ANCHOR}" is not visible (up to 20 times) metadata CommandMetadata(numberOfRuns=1, evaluatedCommand=MaestroCommand(repeatCommand=RepeatCommand(times=20, condition=Condition(platform=null, visible=null, notVisible=ElementSelector(textRegex=${ANCHOR}, idRegex=null, size=null, below=null, above=null, leftOf=null, rightOf=null, containsChild=null, containsDescendants=null, traits=null, index=null, enabled=null, optional=false, selected=null, checked=null, focused=null, childOf=null, css=null), scriptCondition=null, label=null), commands=[MaestroCommand(runFlowCommand=RunFlowCommand(commands=[MaestroCommand(tapOnElementCommand=TapOnElementCommand(selector=ElementSelector(textRegex=Don.t allow, idRegex=null, size=null, below=null, above=null, leftOf=null, rightOf=null, containsChild=null, containsDescendants=null, traits=null, index=null, enabled=null, optional=false, selected=null, checked=null, focused=null, childOf=null, css=null), retryIfNoChange=false, waitUntilVisible=false, longPress=false, repeat=null, waitToSettleTimeoutMs=null, relativePoint=null, label=null, optional=false)), MaestroCommand(waitForAnimationToEndCommand=WaitForAnimationToEndCommand(timeout=3000, label=null, optional=false))], condition=Condition(platform=null, visible=ElementSelector(textRegex=Don.t allow, idRegex=null, size=null, below=null, above=null, leftOf=null, rightOf=null, containsChild=null, containsDescendants=null, traits=null, index=null, enabled=null, optional=false, selected=null, checked=null, focused=null, childOf=null, css=null), notVisible=null, scriptCondition=null, label=null), sourceDescription=null, config=null, label=null, optional=false)), MaestroCommand(runFlowCommand=RunFlowCommand(commands=[MaestroCommand(tapOnElementCommand=TapOnElementCommand(selector=ElementSelector(textRegex=Skip, idRegex=null, size=null, below=null, above=null, leftOf=null, rightOf=null, containsChild=null, containsDescendants=null, traits=null, index=null, enabled=null, optional=false, selected=null, checked=null, focused=null, childOf=null, css=null), retryIfNoChange=false, waitUntilVisible=false, longPress=false, repeat=null, waitToSettleTimeoutMs=null, relativePoint=null, label=null, optional=false)), MaestroCommand(waitForAnimationToEndCommand=WaitForAnimationToEndCommand(timeout=3000, label=null, optional=false))], condition=Condition(platform=null, visible=ElementSelector(textRegex=Skip, idRegex=null, size=null, below=null, above=null, leftOf=null, rightOf=null, containsChild=null, containsDescendants=null, traits=null, index=null, enabled=null, optional=false, selected=null, checked=null, focused=null, childOf=null, css=null), notVisible=null, scriptCondition=null, label=null), sourceDescription=null, config=null, label=null, optional=false)), MaestroCommand(runFlowCommand=RunFlowCommand(commands=[MaestroCommand(tapOnElementCommand=TapOnElementCommand(selector=ElementSelector(textRegex=Dismiss, idRegex=null, size=null, below=null, above=null, leftOf=null, rightOf=null, containsChild=null, containsDescendants=null, traits=null, index=null, enabled=null, optional=false, selected=null, checked=null, focused=null, childOf=null, css=null), retryIfNoChange=false, waitUntilVisible=false, longPress=false, repeat=null, waitToSettleTimeoutMs=null, relativePoint=null, label=null, optional=false)), MaestroCommand(waitForAnimationToEndCommand=WaitForAnimationToEndCommand(timeout=3000, label=null, optional=false))], condition=Condition(platform=null, visible=ElementSelector(textRegex=Dismiss, idRegex=null, size=null, below=null, above=null, leftOf=null, rightOf=null, containsChild=null, containsDescendants=null, traits=null, index=null, enabled=null, optional=false, selected=null, checked=null, focused=null, childOf=null, css=null), notVisible=null, scriptCondition=null, label=null), sourceDescription=null, config=null, label=null, optional=false)), MaestroCommand(runFlowCommand=RunFlowCommand(commands=[MaestroCommand(tapOnElementCommand=TapOnElementCommand(selector=ElementSelector(textRegex=Ok, idRegex=null, size=null, below=null, above=null, leftOf=null, rightOf=null, containsChild=null, containsDescendants=null, traits=null, index=null, enabled=null, optional=false, selected=null, checked=null, focused=null, childOf=null, css=null), retryIfNoChange=false, waitUntilVisible=false, longPress=false, repeat=null, waitToSettleTimeoutMs=null, relativePoint=null, label=null, optional=false)), MaestroCommand(waitForAnimationToEndCommand=WaitForAnimationToEndCommand(timeout=3000, label=null, optional=false))], condition=Condition(platform=null, visible=ElementSelector(textRegex=Ok, idRegex=null, size=null, below=null, above=null, leftOf=null, rightOf=null, containsChild=null, containsDescendants=null, traits=null, index=null, enabled=null, optional=false, selected=null, checked=null, focused=null, childOf=null, css=null), notVisible=null, scriptCondition=null, label=null), sourceDescription=null, config=null, label=null, optional=false)), MaestroCommand(runFlowCommand=RunFlowCommand(commands=[MaestroCommand(backPressCommand=BackPressCommand()), MaestroCommand(waitForAnimationToEndCommand=WaitForAnimationToEndCommand(timeout=3000, label=null, optional=false))], condition=Condition(platform=null, visible=ElementSelector(textRegex=Marketplace Day, idRegex=null, size=null, below=null, above=null, leftOf=null, rightOf=null, containsChild=null, containsDescendants=null, traits=null, index=null, enabled=null, optional=false, selected=null, checked=null, focused=null, childOf=null, css=null), notVisible=null, scriptCondition=null, label=null), sourceDescription=null, config=null, label=null, optional=false)), MaestroCommand(runFlowCommand=RunFlowCommand(commands=[MaestroCommand(backPressCommand=BackPressCommand()), MaestroCommand(waitForAnimationToEndCommand=WaitForAnimationToEndCommand(timeout=3000, label=null, optional=false))], condition=Condition(platform=null, visible=ElementSelector(textRegex=Start comparing properties, idRegex=null, size=null, below=null, above=null, leftOf=null, rightOf=null, containsChild=null, containsDescendants=null, traits=null, index=null, enabled=null, optional=false, selected=null, checked=null, focused=null, childOf=null, css=null), notVisible=null, scriptCondition=null, label=null), sourceDescription=null, config=null, label=null, optional=false)), MaestroCommand(runFlowCommand=RunFlowCommand(commands=[MaestroCommand(backPressCommand=BackPressCommand()), MaestroCommand(waitForAnimationToEndCommand=WaitForAnimationToEndCommand(timeout=3000, label=null, optional=false))], condition=Condition(platform=null, visible=ElementSelector(textRegex=Go to the weekly (offer|deal), idRegex=null, size=null, below=null, above=null, leftOf=null, rightOf=null, containsChild=null, containsDescendants=null, traits=null, index=null, enabled=null, optional=false, selected=null, checked=null, focused=null, childOf=null, css=null), notVisible=null, scriptCondition=null, label=null), sourceDescription=null, config=null, label=null, optional=false)), MaestroCommand(runFlowCommand=RunFlowCommand(commands=[MaestroCommand(backPressCommand=BackPressCommand()), MaestroCommand(waitForAnimationToEndCommand=WaitForAnimationToEndCommand(timeout=3000, label=null, optional=false))], condition=Condition(platform=null, visible=ElementSelector(textRegex=Update email, idRegex=null, size=null, below=null, above=null, leftOf=null, rightOf=null, containsChild=null, containsDescendants=null, traits=null, index=null, enabled=null, optional=false, selected=null, checked=null, focused=null, childOf=null, css=null), notVisible=null, scriptCondition=null, label=null), sourceDescription=null, config=null, label=null, optional=false)), MaestroCommand(runFlowCommand=RunFlowCommand(commands=[MaestroCommand(tapOnPointV2Command=TapOnPointV2Command(point=7%,9%, retryIfNoChange=false, longPress=false, repeat=null, waitToSettleTimeoutMs=null, label=null, optional=false)), MaestroCommand(waitForAnimationToEndCommand=WaitForAnimationToEndCommand(timeout=4000, label=null, optional=false))], condition=Condition(platform=null, visible=ElementSelector(textRegex=Number and Email Already Linked, idRegex=null, size=null, below=null, above=null, leftOf=null, rightOf=null, containsChild=null, containsDescendants=null, traits=null, index=null, enabled=null, optional=false, selected=null, checked=null, focused=null, childOf=null, css=null), notVisible=null, scriptCondition=null, label=null), sourceDescription=null, config=null, label=null, optional=false)), MaestroCommand(runFlowCommand=RunFlowCommand(commands=[MaestroCommand(runFlowCommand=RunFlowCommand(commands=[MaestroCommand(swipeCommand=SwipeCommand(direction=null, startPoint=null, endPoint=null, elementSelector=null, startRelative=50%,58%, endRelative=50%,99%, duration=400, waitToSettleTimeoutMs=null, relativePoint=null, label=null, optional=false)), MaestroCommand(waitForAnimationToEndCommand=WaitForAnimationToEndCommand(timeout=4000, label=null, optional=false)), MaestroCommand(evalScriptCommand=EvalScriptCommand(scriptString=${output.npsRecovered = true}, label=null, optional=false))], condition=Condition(platform=null, visible=null, notVisible=ElementSelector(textRegex=(?s)(.*There.s something wrong.*|.*the service is down.*|Error!), idRegex=null, size=null, below=null, above=null, leftOf=null, rightOf=null, containsChild=null, containsDescendants=null, traits=null, index=null, enabled=null, optional=false, selected=null, checked=null, focused=null, childOf=null, css=null), scriptCondition=null, label=null), sourceDescription=null, config=null, label=null, optional=false))], condition=Condition(platform=null, visible=ElementSelector(textRegex=(?s).*would you recommend benefiting from Sakani.*, idRegex=null, size=null, below=null, above=null, leftOf=null, rightOf=null, containsChild=null, containsDescendants=null, traits=null, index=null, enabled=null, optional=false, selected=null, checked=null, focused=null, childOf=null, css=null), notVisible=null, scriptCondition=null, label=null), sourceDescription=null, config=null, label=null, optional=false)), MaestroCommand(runFlowCommand=RunFlowCommand(commands=[MaestroCommand(tapOnElementCommand=TapOnElementCommand(selector=ElementSelector(textRegex=Maybe Later, idRegex=null, size=null, below=null, above=null, leftOf=null, rightOf=null, containsChild=null, containsDescendants=null, traits=null, index=null, enabled=null, optional=false, selected=null, checked=null, focused=null, childOf=null, css=null), retryIfNoChange=false, waitUntilVisible=false, longPress=false, repeat=null, waitToSettleTimeoutMs=null, relativePoint=null, label=null, optional=false)), MaestroCommand(waitForAnimationToEndCommand=WaitForAnimationToEndCommand(timeout=3000, label=null, optional=false))], condition=Condition(platform=null, visible=ElementSelector(textRegex=Maybe Later, idRegex=null, size=null, below=null, above=null, leftOf=null, rightOf=null, containsChild=null, containsDescendants=null, traits=null, index=null, enabled=null, optional=false, selected=null, checked=null, focused=null, childOf=null, css=null), notVisible=null, scriptCondition=null, label=null), sourceDescription=null, config=null, label=null, optional=false)), MaestroCommand(runFlowCommand=RunFlowCommand(commands=[MaestroCommand(tapOnElementCommand=TapOnElementCommand(selector=ElementSelector(textRegex=Reject cookies, idRegex=null, size=null, below=null, above=null, leftOf=null, rightOf=null, containsChild=null, containsDescendants=null, traits=null, index=null, enabled=null, optional=false, selected=null, checked=null, focused=null, childOf=null, css=null), retryIfNoChange=false, waitUntilVisible=false, longPress=false, repeat=null, waitToSettleTimeoutMs=null, relativePoint=null, label=null, optional=false)), MaestroCommand(waitForAnimationToEndCommand=WaitForAnimationToEndCommand(timeout=4000, label=null, optional=false))], condition=Condition(platform=null, visible=ElementSelector(textRegex=Reject cookies, idRegex=null, size=null, below=null, above=null, leftOf=null, rightOf=null, containsChild=null, containsDescendants=null, traits=null, index=null, enabled=null, optional=false, selected=null, checked=null, focused=null, childOf=null, css=null), notVisible=null, scriptCondition=null, label=null), sourceDescription=null, config=null, label=null, optional=false)), MaestroCommand(runFlowCommand=RunFlowCommand(commands=[MaestroCommand(waitForAnimationToEndCommand=WaitForAnimationToEndCommand(timeout=5000, label=null, optional=false))], condition=Condition(platform=null, visible=null, notVisible=ElementSelector(textRegex=${ANCHOR}, idRegex=null, size=null, below=null, above=null, leftOf=null, rightOf=null, containsChild=null, containsDescendants=null, traits=null, index=null, enabled=null, optional=false, selected=null, checked=null, focused=null, childOf=null, css=null), scriptCondition=null, label=null), sourceDescription=null, config=null, label=null, optional=false))], label=null, optional=false)), logMessages=[], insight=Insight(message=, level=NONE), aiReasoning=null, labeledCommand=null)
09:35:35.130 [ INFO] maestro.cli.runner.MaestroCommandRunner.runCommands$lambda$2: Repeat while "${ANCHOR}" is not visible (up to 20 times) COMPLETED
09:35:35.132 [ INFO] maestro.cli.runner.MaestroCommandRunner.runCommands$lambda$0: Repeat while "(?s).*would you recommend benefiting from Sakani.*" is visible (up to 3 times) RUNNING
09:35:35.134 [ INFO] maestro.cli.runner.MaestroCommandRunner.runCommands$lambda$11: Repeat while "(?s).*would you recommend benefiting from Sakani.*" is visible (up to 3 times) metadata CommandMetadata(numberOfRuns=null, evaluatedCommand=MaestroCommand(repeatCommand=RepeatCommand(times=3, condition=Condition(platform=null, visible=ElementSelector(textRegex=(?s).*would you recommend benefiting from Sakani.*, idRegex=null, size=null, below=null, above=null, leftOf=null, rightOf=null, containsChild=null, containsDescendants=null, traits=null, index=null, enabled=null, optional=false, selected=null, checked=null, focused=null, childOf=null, css=null), notVisible=null, scriptCondition=null, label=null), commands=[MaestroCommand(runFlowCommand=RunFlowCommand(commands=[MaestroCommand(swipeCommand=SwipeCommand(direction=null, startPoint=null, endPoint=null, elementSelector=null, startRelative=50%,58%, endRelative=50%,99%, duration=400, waitToSettleTimeoutMs=null, relativePoint=null, label=null, optional=false)), MaestroCommand(waitForAnimationToEndCommand=WaitForAnimationToEndCommand(timeout=4000, label=null, optional=false)), MaestroCommand(evalScriptCommand=EvalScriptCommand(scriptString=${output.npsRecovered = true}, label=null, optional=false))], condition=Condition(platform=null, visible=null, notVisible=ElementSelector(textRegex=(?s)(.*There.s something wrong.*|.*the service is down.*|Error!), idRegex=null, size=null, below=null, above=null, leftOf=null, rightOf=null, containsChild=null, containsDescendants=null, traits=null, index=null, enabled=null, optional=false, selected=null, checked=null, focused=null, childOf=null, css=null), scriptCondition=null, label=null), sourceDescription=null, config=null, label=null, optional=false))], label=null, optional=false)), logMessages=[], insight=Insight(message=, level=NONE), aiReasoning=null, labeledCommand=null)
09:35:37.821 [ERROR] maestro.cli.session.MaestroSessionManager.newSession$lambda$0: Failed to record heartbeat
java.io.IOException: The process cannot access the file because another process has locked a portion of the file
	at java.base/java.io.FileOutputStream.writeBytes(Native Method)
	at java.base/java.io.FileOutputStream.write(FileOutputStream.java:332)
	at kotlin.io.FilesKt__FileReadWriteKt.writeTextImpl(FileReadWrite.kt:160)
	at kotlin.io.FilesKt__FileReadWriteKt.writeText(FileReadWrite.kt:145)
	at kotlin.io.FilesKt__FileReadWriteKt.writeText$default(FileReadWrite.kt:144)
	at maestro.cli.db.KeyValueStore.commit(KeyValueStore.kt:50)
	at maestro.cli.db.KeyValueStore.set$lambda$3$lambda$2(KeyValueStore.kt:23)
	at maestro.cli.db.KeyValueStore.withFileLock(KeyValueStore.kt:62)
	at maestro.cli.db.KeyValueStore.set(KeyValueStore.kt:20)
	at maestro.cli.session.SessionStore.heartbeat(SessionStore.kt:12)
	at maestro.cli.session.MaestroSessionManager.newSession$lambda$0(MaestroSessionManager.kt:98)
	at java.base/java.util.concurrent.Executors$RunnableAdapter.call(Executors.java:545)
	at java.base/java.util.concurrent.FutureTask.runAndReset(FutureTask.java:371)
	at java.base/java.util.concurrent.ScheduledThreadPoolExecutor$ScheduledFutureTask.run(ScheduledThreadPoolExecutor.java:310)
	at java.base/java.util.concurrent.ThreadPoolExecutor.runWorker(ThreadPoolExecutor.java:1090)
	at java.base/java.util.concurrent.ThreadPoolExecutor$Worker.run(ThreadPoolExecutor.java:614)
	at java.base/java.lang.Thread.run(Thread.java:1516)
09:35:42.689 [ INFO] maestro.orchestra.Orchestra.executeSubflowCommands: [Command execution subflow] CommandSkipped: null
09:35:42.689 [ INFO] maestro.cli.runner.MaestroCommandRunner.runCommands$lambda$8: Repeat while "(?s).*would you recommend benefiting from Sakani.*" is visible (up to 3 times) SKIPPED
09:35:42.691 [ INFO] maestro.cli.runner.MaestroCommandRunner.runCommands$lambda$0: Assert that "(?s).*would you recommend benefiting from Sakani.*" is not visible RUNNING
09:35:42.694 [ INFO] maestro.cli.runner.MaestroCommandRunner.runCommands$lambda$11: Assert that "(?s).*would you recommend benefiting from Sakani.*" is not visible metadata CommandMetadata(numberOfRuns=null, evaluatedCommand=MaestroCommand(assertConditionCommand=AssertConditionCommand(condition=Condition(platform=null, visible=null, notVisible=ElementSelector(textRegex=(?s).*would you recommend benefiting from Sakani.*, idRegex=null, size=null, below=null, above=null, leftOf=null, rightOf=null, containsChild=null, containsDescendants=null, traits=null, index=null, enabled=null, optional=false, selected=null, checked=null, focused=null, childOf=null, css=null), scriptCondition=null, label=null), timeout=null, label=null, optional=false)), logMessages=[], insight=Insight(message=, level=NONE), aiReasoning=null, labeledCommand=null)
09:35:42.826 [ERROR] maestro.cli.session.MaestroSessionManager.newSession$lambda$0: Failed to record heartbeat
java.io.IOException: The process cannot access the file because another process has locked a portion of the file
	at java.base/java.io.FileOutputStream.writeBytes(Native Method)
	at java.base/java.io.FileOutputStream.write(FileOutputStream.java:332)
	at kotlin.io.FilesKt__FileReadWriteKt.writeTextImpl(FileReadWrite.kt:160)
	at kotlin.io.FilesKt__FileReadWriteKt.writeText(FileReadWrite.kt:145)
	at kotlin.io.FilesKt__FileReadWriteKt.writeText$default(FileReadWrite.kt:144)
	at maestro.cli.db.KeyValueStore.commit(KeyValueStore.kt:50)
	at maestro.cli.db.KeyValueStore.set$lambda$3$lambda$2(KeyValueStore.kt:23)
	at maestro.cli.db.KeyValueStore.withFileLock(KeyValueStore.kt:62)
	at maestro.cli.db.KeyValueStore.set(KeyValueStore.kt:20)
	at maestro.cli.session.SessionStore.heartbeat(SessionStore.kt:12)
	at maestro.cli.session.MaestroSessionManager.newSession$lambda$0(MaestroSessionManager.kt:98)
	at java.base/java.util.concurrent.Executors$RunnableAdapter.call(Executors.java:545)
	at java.base/java.util.concurrent.FutureTask.runAndReset(FutureTask.java:371)
	at java.base/java.util.concurrent.ScheduledThreadPoolExecutor$ScheduledFutureTask.run(ScheduledThreadPoolExecutor.java:310)
	at java.base/java.util.concurrent.ThreadPoolExecutor.runWorker(ThreadPoolExecutor.java:1090)
	at java.base/java.util.concurrent.ThreadPoolExecutor$Worker.run(ThreadPoolExecutor.java:614)
	at java.base/java.lang.Thread.run(Thread.java:1516)
09:35:43.701 [ INFO] maestro.cli.runner.MaestroCommandRunner.runCommands$lambda$2: Assert that "(?s).*would you recommend benefiting from Sakani.*" is not visible COMPLETED
09:35:43.703 [ INFO] maestro.cli.runner.MaestroCommandRunner.runCommands$lambda$0: Run flow when ${output.npsRecovered === true} is true RUNNING
09:35:43.723 [ INFO] maestro.cli.runner.MaestroCommandRunner.runCommands$lambda$11: Run flow when ${output.npsRecovered === true} is true metadata CommandMetadata(numberOfRuns=null, evaluatedCommand=MaestroCommand(runFlowCommand=RunFlowCommand(commands=[MaestroCommand(assertConditionCommand=AssertConditionCommand(condition=Condition(platform=null, visible=ElementSelector(textRegex=${ANCHOR}, idRegex=null, size=null, below=null, above=null, leftOf=null, rightOf=null, containsChild=null, containsDescendants=null, traits=null, index=null, enabled=null, optional=false, selected=null, checked=null, focused=null, childOf=null, css=null), notVisible=null, scriptCondition=null, label=null), timeout=30000, label=null, optional=false))], condition=Condition(platform=null, visible=null, notVisible=null, scriptCondition=false, label=null), sourceDescription=null, config=null, label=null, optional=false)), logMessages=[], insight=Insight(message=, level=NONE), aiReasoning=null, labeledCommand=null)
09:35:43.725 [ INFO] maestro.orchestra.Orchestra.executeSubflowCommands: [Command execution subflow] CommandSkipped: null
09:35:43.725 [ INFO] maestro.cli.runner.MaestroCommandRunner.runCommands$lambda$8: Run flow when ${output.npsRecovered === true} is true SKIPPED
09:35:43.726 [ INFO] maestro.cli.runner.MaestroCommandRunner.runCommands$lambda$2: Run clear-overlays.yaml COMPLETED
09:35:43.727 [ INFO] maestro.cli.runner.MaestroCommandRunner.runCommands$lambda$0: Assert that "(?s).*Login / Sign up.*" is visible RUNNING
09:35:43.728 [ INFO] maestro.cli.runner.MaestroCommandRunner.runCommands$lambda$11: Assert that "(?s).*Login / Sign up.*" is visible metadata CommandMetadata(numberOfRuns=null, evaluatedCommand=MaestroCommand(assertConditionCommand=AssertConditionCommand(condition=Condition(platform=null, visible=ElementSelector(textRegex=(?s).*Login / Sign up.*, idRegex=null, size=null, below=null, above=null, leftOf=null, rightOf=null, containsChild=null, containsDescendants=null, traits=null, index=null, enabled=null, optional=false, selected=null, checked=null, focused=null, childOf=null, css=null), notVisible=null, scriptCondition=null, label=null), timeout=120000, label=null, optional=false)), logMessages=[], insight=Insight(message=, level=NONE), aiReasoning=null, labeledCommand=null)
09:35:43.930 [ INFO] maestro.cli.runner.MaestroCommandRunner.runCommands$lambda$2: Assert that "(?s).*Login / Sign up.*" is visible COMPLETED
09:35:43.932 [ INFO] maestro.cli.runner.MaestroCommandRunner.runCommands$lambda$0: Tap on "(?s).*Login / Sign up.*" RUNNING
09:35:43.933 [ INFO] maestro.cli.runner.MaestroCommandRunner.runCommands$lambda$11: Tap on "(?s).*Login / Sign up.*" metadata CommandMetadata(numberOfRuns=null, evaluatedCommand=MaestroCommand(tapOnElementCommand=TapOnElementCommand(selector=ElementSelector(textRegex=(?s).*Login / Sign up.*, idRegex=null, size=null, below=null, above=null, leftOf=null, rightOf=null, containsChild=null, containsDescendants=null, traits=null, index=null, enabled=null, optional=false, selected=null, checked=null, focused=null, childOf=null, css=null), retryIfNoChange=false, waitUntilVisible=false, longPress=false, repeat=null, waitToSettleTimeoutMs=null, relativePoint=null, label=null, optional=false)), logMessages=[], insight=Insight(message=, level=NONE), aiReasoning=null, labeledCommand=null)
09:35:44.122 [ INFO] maestro.Maestro.tap-HgV9Ck0: Tapping on element:  UiElement(treeNode=TreeNode(attributes={text=, accessibilityText=Welcome
Login / Sign up, hintText=, ignoreBoundsFiltering=false, resource-id=, clickable=true, bounds=[168,154][402,257], enabled=true, focused=false, checked=false, scrollable=false, selected=false, class=android.view.View, important-for-accessibility=true, error=}, children=[], clickable=true, enabled=true, focused=false, checked=false, selected=false), bounds=Bounds(x=168, y=154, width=234, height=103))
09:35:46.797 [ INFO] maestro.Maestro.tap-HgV9Ck0: Tap aimed via settled hierarchy
09:35:46.799 [ INFO] maestro.Maestro.hierarchyBasedTap-ogj28Uc: Tapping at (285, 205) using hierarchy based logic for wait
09:35:47.826 [ERROR] maestro.cli.session.MaestroSessionManager.newSession$lambda$0: Failed to record heartbeat
java.io.IOException: The process cannot access the file because another process has locked a portion of the file
	at java.base/java.io.FileOutputStream.writeBytes(Native Method)
	at java.base/java.io.FileOutputStream.write(FileOutputStream.java:332)
	at kotlin.io.FilesKt__FileReadWriteKt.writeTextImpl(FileReadWrite.kt:160)
	at kotlin.io.FilesKt__FileReadWriteKt.writeText(FileReadWrite.kt:145)
	at kotlin.io.FilesKt__FileReadWriteKt.writeText$default(FileReadWrite.kt:144)
	at maestro.cli.db.KeyValueStore.commit(KeyValueStore.kt:50)
	at maestro.cli.db.KeyValueStore.set$lambda$3$lambda$2(KeyValueStore.kt:23)
	at maestro.cli.db.KeyValueStore.withFileLock(KeyValueStore.kt:62)
	at maestro.cli.db.KeyValueStore.set(KeyValueStore.kt:20)
	at maestro.cli.session.SessionStore.heartbeat(SessionStore.kt:12)
	at maestro.cli.session.MaestroSessionManager.newSession$lambda$0(MaestroSessionManager.kt:98)
	at java.base/java.util.concurrent.Executors$RunnableAdapter.call(Executors.java:545)
	at java.base/java.util.concurrent.FutureTask.runAndReset(FutureTask.java:371)
	at java.base/java.util.concurrent.ScheduledThreadPoolExecutor$ScheduledFutureTask.run(ScheduledThreadPoolExecutor.java:310)
	at java.base/java.util.concurrent.ThreadPoolExecutor.runWorker(ThreadPoolExecutor.java:1090)
	at java.base/java.util.concurrent.ThreadPoolExecutor$Worker.run(ThreadPoolExecutor.java:614)
	at java.base/java.lang.Thread.run(Thread.java:1516)
09:35:48.109 [ INFO] maestro.Maestro.hierarchyBasedTap-ogj28Uc: Something has changed in the UI judging by view hierarchy. Proceed.
09:35:48.109 [ INFO] maestro.cli.runner.MaestroCommandRunner.runCommands$lambda$2: Tap on "(?s).*Login / Sign up.*" COMPLETED
09:35:48.110 [ INFO] maestro.cli.runner.MaestroCommandRunner.runCommands$lambda$0: Assert that "Continue with N[ae]fath" is visible RUNNING
09:35:48.111 [ INFO] maestro.cli.runner.MaestroCommandRunner.runCommands$lambda$11: Assert that "Continue with N[ae]fath" is visible metadata CommandMetadata(numberOfRuns=null, evaluatedCommand=MaestroCommand(assertConditionCommand=AssertConditionCommand(condition=Condition(platform=null, visible=ElementSelector(textRegex=Continue with N[ae]fath, idRegex=null, size=null, below=null, above=null, leftOf=null, rightOf=null, containsChild=null, containsDescendants=null, traits=null, index=null, enabled=null, optional=false, selected=null, checked=null, focused=null, childOf=null, css=null), notVisible=null, scriptCondition=null, label=null), timeout=45000, label=null, optional=false)), logMessages=[], insight=Insight(message=, level=NONE), aiReasoning=null, labeledCommand=null)
09:35:48.219 [ INFO] maestro.cli.runner.MaestroCommandRunner.runCommands$lambda$2: Assert that "Continue with N[ae]fath" is visible COMPLETED
09:35:48.221 [ INFO] maestro.cli.runner.MaestroCommandRunner.runCommands$lambda$0: Tap on "Enter your ID, phone number,? or email" RUNNING
09:35:48.222 [ INFO] maestro.cli.runner.MaestroCommandRunner.runCommands$lambda$11: Tap on "Enter your ID, phone number,? or email" metadata CommandMetadata(numberOfRuns=null, evaluatedCommand=MaestroCommand(tapOnElementCommand=TapOnElementCommand(selector=ElementSelector(textRegex=Enter your ID, phone number,? or email, idRegex=null, size=null, below=null, above=null, leftOf=null, rightOf=null, containsChild=null, containsDescendants=null, traits=null, index=null, enabled=null, optional=false, selected=null, checked=null, focused=null, childOf=null, css=null), retryIfNoChange=false, waitUntilVisible=false, longPress=false, repeat=null, waitToSettleTimeoutMs=null, relativePoint=null, label=null, optional=false)), logMessages=[], insight=Insight(message=, level=NONE), aiReasoning=null, labeledCommand=null)
09:35:48.288 [ INFO] maestro.Maestro.tap-HgV9Ck0: Tapping on element:  UiElement(treeNode=TreeNode(attributes={text=, accessibilityText=, hintText=Enter your ID, phone number or email, ignoreBoundsFiltering=false, resource-id=, clickable=true, bounds=[76,948][962,1011], enabled=true, focused=false, checked=false, scrollable=false, selected=false, class=android.widget.EditText, important-for-accessibility=true, error=}, children=[], clickable=true, enabled=true, focused=false, checked=false, selected=false), bounds=Bounds(x=76, y=948, width=886, height=63))
09:35:49.589 [ INFO] maestro.Maestro.tap-HgV9Ck0: Tap aimed via settled hierarchy
09:35:49.598 [ INFO] maestro.Maestro.hierarchyBasedTap-ogj28Uc: Tapping at (519, 979) using hierarchy based logic for wait
09:35:50.639 [ INFO] maestro.Maestro.hierarchyBasedTap-ogj28Uc: Something has changed in the UI judging by view hierarchy. Proceed.
09:35:50.639 [ INFO] maestro.cli.runner.MaestroCommandRunner.runCommands$lambda$2: Tap on "Enter your ID, phone number,? or email" COMPLETED
09:35:50.640 [ INFO] maestro.cli.runner.MaestroCommandRunner.runCommands$lambda$0: Input text ${NATIONAL_ID} RUNNING
09:35:50.648 [ INFO] maestro.cli.runner.MaestroCommandRunner.runCommands$lambda$11: Input text ${NATIONAL_ID} metadata CommandMetadata(numberOfRuns=null, evaluatedCommand=MaestroCommand(inputTextCommand=InputTextCommand(text=, label=null, optional=false)), logMessages=[], insight=Insight(message=, level=NONE), aiReasoning=null, labeledCommand=null)
09:35:50.650 [ INFO] maestro.Maestro.inputText: Inputting text: 
09:35:52.817 [ERROR] maestro.cli.session.MaestroSessionManager.newSession$lambda$0: Failed to record heartbeat
java.io.IOException: The process cannot access the file because another process has locked a portion of the file
	at java.base/java.io.FileOutputStream.writeBytes(Native Method)
	at java.base/java.io.FileOutputStream.write(FileOutputStream.java:332)
	at kotlin.io.FilesKt__FileReadWriteKt.writeTextImpl(FileReadWrite.kt:160)
	at kotlin.io.FilesKt__FileReadWriteKt.writeText(FileReadWrite.kt:145)
	at kotlin.io.FilesKt__FileReadWriteKt.writeText$default(FileReadWrite.kt:144)
	at maestro.cli.db.KeyValueStore.commit(KeyValueStore.kt:50)
	at maestro.cli.db.KeyValueStore.set$lambda$3$lambda$2(KeyValueStore.kt:23)
	at maestro.cli.db.KeyValueStore.withFileLock(KeyValueStore.kt:62)
	at maestro.cli.db.KeyValueStore.set(KeyValueStore.kt:20)
	at maestro.cli.session.SessionStore.heartbeat(SessionStore.kt:12)
	at maestro.cli.session.MaestroSessionManager.newSession$lambda$0(MaestroSessionManager.kt:98)
	at java.base/java.util.concurrent.Executors$RunnableAdapter.call(Executors.java:545)
	at java.base/java.util.concurrent.FutureTask.runAndReset(FutureTask.java:371)
	at java.base/java.util.concurrent.ScheduledThreadPoolExecutor$ScheduledFutureTask.run(ScheduledThreadPoolExecutor.java:310)
	at java.base/java.util.concurrent.ThreadPoolExecutor.runWorker(ThreadPoolExecutor.java:1090)
	at java.base/java.util.concurrent.ThreadPoolExecutor$Worker.run(ThreadPoolExecutor.java:614)
	at java.base/java.lang.Thread.run(Thread.java:1516)
09:35:53.025 [ INFO] maestro.cli.runner.MaestroCommandRunner.runCommands$lambda$2: Input text ${NATIONAL_ID} COMPLETED
09:35:53.027 [ INFO] maestro.cli.runner.MaestroCommandRunner.runCommands$lambda$0: Assert that "${NATIONAL_ID}" is visible RUNNING
09:35:53.036 [ INFO] maestro.cli.runner.MaestroCommandRunner.runCommands$lambda$11: Assert that "${NATIONAL_ID}" is visible metadata CommandMetadata(numberOfRuns=null, evaluatedCommand=MaestroCommand(assertConditionCommand=AssertConditionCommand(condition=Condition(platform=null, visible=ElementSelector(textRegex=, idRegex=null, size=null, below=null, above=null, leftOf=null, rightOf=null, containsChild=null, containsDescendants=null, traits=null, index=null, enabled=null, optional=false, selected=null, checked=null, focused=null, childOf=null, css=null), notVisible=null, scriptCondition=null, label=null), timeout=null, label=null, optional=false)), logMessages=[], insight=Insight(message=, level=NONE), aiReasoning=null, labeledCommand=null)
09:35:53.282 [ INFO] maestro.cli.runner.MaestroCommandRunner.runCommands$lambda$2: Assert that "${NATIONAL_ID}" is visible COMPLETED
09:35:53.283 [ INFO] maestro.cli.runner.MaestroCommandRunner.runCommands$lambda$0: Tap on "Continue" RUNNING
09:35:53.285 [ INFO] maestro.cli.runner.MaestroCommandRunner.runCommands$lambda$11: Tap on "Continue" metadata CommandMetadata(numberOfRuns=null, evaluatedCommand=MaestroCommand(tapOnElementCommand=TapOnElementCommand(selector=ElementSelector(textRegex=Continue, idRegex=null, size=null, below=null, above=null, leftOf=null, rightOf=null, containsChild=null, containsDescendants=null, traits=null, index=null, enabled=null, optional=false, selected=null, checked=null, focused=null, childOf=null, css=null), retryIfNoChange=false, waitUntilVisible=false, longPress=false, repeat=null, waitToSettleTimeoutMs=null, relativePoint=null, label=null, optional=false)), logMessages=[], insight=Insight(message=, level=NONE), aiReasoning=null, labeledCommand=null)
09:35:53.568 [ INFO] maestro.Maestro.tap-HgV9Ck0: Tapping on element:  UiElement(treeNode=TreeNode(attributes={text=, accessibilityText=Continue, hintText=, ignoreBoundsFiltering=false, resource-id=, clickable=false, bounds=[42,1085][1038,1211], enabled=true, focused=false, checked=false, scrollable=false, selected=false, class=android.view.View, important-for-accessibility=true, error=}, children=[], clickable=false, enabled=true, focused=false, checked=false, selected=false), bounds=Bounds(x=42, y=1085, width=996, height=126))
09:35:54.976 [ INFO] maestro.Maestro.tap-HgV9Ck0: Tap aimed via settled hierarchy
09:35:54.980 [ INFO] maestro.Maestro.hierarchyBasedTap-ogj28Uc: Tapping at (540, 1148) using hierarchy based logic for wait
09:35:56.012 [ INFO] maestro.Maestro.hierarchyBasedTap-ogj28Uc: Something has changed in the UI judging by view hierarchy. Proceed.
09:35:56.013 [ INFO] maestro.cli.runner.MaestroCommandRunner.runCommands$lambda$2: Tap on "Continue" COMPLETED
09:35:56.015 [ INFO] maestro.cli.runner.MaestroCommandRunner.runCommands$lambda$0: Assert that "Login with nafath" is visible RUNNING
09:35:56.016 [ INFO] maestro.cli.runner.MaestroCommandRunner.runCommands$lambda$11: Assert that "Login with nafath" is visible metadata CommandMetadata(numberOfRuns=null, evaluatedCommand=MaestroCommand(assertConditionCommand=AssertConditionCommand(condition=Condition(platform=null, visible=ElementSelector(textRegex=Login with nafath, idRegex=null, size=null, below=null, above=null, leftOf=null, rightOf=null, containsChild=null, containsDescendants=null, traits=null, index=null, enabled=null, optional=false, selected=null, checked=null, focused=null, childOf=null, css=null), notVisible=null, scriptCondition=null, label=null), timeout=45000, label=null, optional=false)), logMessages=[], insight=Insight(message=, level=NONE), aiReasoning=null, labeledCommand=null)
09:35:57.815 [ERROR] maestro.cli.session.MaestroSessionManager.newSession$lambda$0: Failed to record heartbeat
java.io.IOException: The process cannot access the file because another process has locked a portion of the file
	at java.base/java.io.FileOutputStream.writeBytes(Native Method)
	at java.base/java.io.FileOutputStream.write(FileOutputStream.java:332)
	at kotlin.io.FilesKt__FileReadWriteKt.writeTextImpl(FileReadWrite.kt:160)
	at kotlin.io.FilesKt__FileReadWriteKt.writeText(FileReadWrite.kt:145)
	at kotlin.io.FilesKt__FileReadWriteKt.writeText$default(FileReadWrite.kt:144)
	at maestro.cli.db.KeyValueStore.commit(KeyValueStore.kt:50)
	at maestro.cli.db.KeyValueStore.set$lambda$3$lambda$2(KeyValueStore.kt:23)
	at maestro.cli.db.KeyValueStore.withFileLock(KeyValueStore.kt:62)
	at maestro.cli.db.KeyValueStore.set(KeyValueStore.kt:20)
	at maestro.cli.session.SessionStore.heartbeat(SessionStore.kt:12)
	at maestro.cli.session.MaestroSessionManager.newSession$lambda$0(MaestroSessionManager.kt:98)
	at java.base/java.util.concurrent.Executors$RunnableAdapter.call(Executors.java:545)
	at java.base/java.util.concurrent.FutureTask.runAndReset(FutureTask.java:371)
	at java.base/java.util.concurrent.ScheduledThreadPoolExecutor$ScheduledFutureTask.run(ScheduledThreadPoolExecutor.java:310)
	at java.base/java.util.concurrent.ThreadPoolExecutor.runWorker(ThreadPoolExecutor.java:1090)
	at java.base/java.util.concurrent.ThreadPoolExecutor$Worker.run(ThreadPoolExecutor.java:614)
	at java.base/java.lang.Thread.run(Thread.java:1516)
09:36:02.819 [ERROR] maestro.cli.session.MaestroSessionManager.newSession$lambda$0: Failed to record heartbeat
java.io.IOException: The process cannot access the file because another process has locked a portion of the file
	at java.base/java.io.FileOutputStream.writeBytes(Native Method)
	at java.base/java.io.FileOutputStream.write(FileOutputStream.java:332)
	at kotlin.io.FilesKt__FileReadWriteKt.writeTextImpl(FileReadWrite.kt:160)
	at kotlin.io.FilesKt__FileReadWriteKt.writeText(FileReadWrite.kt:145)
	at kotlin.io.FilesKt__FileReadWriteKt.writeText$default(FileReadWrite.kt:144)
	at maestro.cli.db.KeyValueStore.commit(KeyValueStore.kt:50)
	at maestro.cli.db.KeyValueStore.set$lambda$3$lambda$2(KeyValueStore.kt:23)
	at maestro.cli.db.KeyValueStore.withFileLock(KeyValueStore.kt:62)
	at maestro.cli.db.KeyValueStore.set(KeyValueStore.kt:20)
	at maestro.cli.session.SessionStore.heartbeat(SessionStore.kt:12)
	at maestro.cli.session.MaestroSessionManager.newSession$lambda$0(MaestroSessionManager.kt:98)
	at java.base/java.util.concurrent.Executors$RunnableAdapter.call(Executors.java:545)
	at java.base/java.util.concurrent.FutureTask.runAndReset(FutureTask.java:371)
	at java.base/java.util.concurrent.ScheduledThreadPoolExecutor$ScheduledFutureTask.run(ScheduledThreadPoolExecutor.java:310)
	at java.base/java.util.concurrent.ThreadPoolExecutor.runWorker(ThreadPoolExecutor.java:1090)
	at java.base/java.util.concurrent.ThreadPoolExecutor$Worker.run(ThreadPoolExecutor.java:614)
	at java.base/java.lang.Thread.run(Thread.java:1516)
09:36:07.826 [ERROR] maestro.cli.session.MaestroSessionManager.newSession$lambda$0: Failed to record heartbeat
java.io.IOException: The process cannot access the file because another process has locked a portion of the file
	at java.base/java.io.FileOutputStream.writeBytes(Native Method)
	at java.base/java.io.FileOutputStream.write(FileOutputStream.java:332)
	at kotlin.io.FilesKt__FileReadWriteKt.writeTextImpl(FileReadWrite.kt:160)
	at kotlin.io.FilesKt__FileReadWriteKt.writeText(FileReadWrite.kt:145)
	at kotlin.io.FilesKt__FileReadWriteKt.writeText$default(FileReadWrite.kt:144)
	at maestro.cli.db.KeyValueStore.commit(KeyValueStore.kt:50)
	at maestro.cli.db.KeyValueStore.set$lambda$3$lambda$2(KeyValueStore.kt:23)
	at maestro.cli.db.KeyValueStore.withFileLock(KeyValueStore.kt:62)
	at maestro.cli.db.KeyValueStore.set(KeyValueStore.kt:20)
	at maestro.cli.session.SessionStore.heartbeat(SessionStore.kt:12)
	at maestro.cli.session.MaestroSessionManager.newSession$lambda$0(MaestroSessionManager.kt:98)
	at java.base/java.util.concurrent.Executors$RunnableAdapter.call(Executors.java:545)
	at java.base/java.util.concurrent.FutureTask.runAndReset(FutureTask.java:371)
	at java.base/java.util.concurrent.ScheduledThreadPoolExecutor$ScheduledFutureTask.run(ScheduledThreadPoolExecutor.java:310)
	at java.base/java.util.concurrent.ThreadPoolExecutor.runWorker(ThreadPoolExecutor.java:1090)
	at java.base/java.util.concurrent.ThreadPoolExecutor$Worker.run(ThreadPoolExecutor.java:614)
	at java.base/java.lang.Thread.run(Thread.java:1516)
09:36:12.820 [ERROR] maestro.cli.session.MaestroSessionManager.newSession$lambda$0: Failed to record heartbeat
java.io.IOException: The process cannot access the file because another process has locked a portion of the file
	at java.base/java.io.FileOutputStream.writeBytes(Native Method)
	at java.base/java.io.FileOutputStream.write(FileOutputStream.java:332)
	at kotlin.io.FilesKt__FileReadWriteKt.writeTextImpl(FileReadWrite.kt:160)
	at kotlin.io.FilesKt__FileReadWriteKt.writeText(FileReadWrite.kt:145)
	at kotlin.io.FilesKt__FileReadWriteKt.writeText$default(FileReadWrite.kt:144)
	at maestro.cli.db.KeyValueStore.commit(KeyValueStore.kt:50)
	at maestro.cli.db.KeyValueStore.set$lambda$3$lambda$2(KeyValueStore.kt:23)
	at maestro.cli.db.KeyValueStore.withFileLock(KeyValueStore.kt:62)
	at maestro.cli.db.KeyValueStore.set(KeyValueStore.kt:20)
	at maestro.cli.session.SessionStore.heartbeat(SessionStore.kt:12)
	at maestro.cli.session.MaestroSessionManager.newSession$lambda$0(MaestroSessionManager.kt:98)
	at java.base/java.util.concurrent.Executors$RunnableAdapter.call(Executors.java:545)
	at java.base/java.util.concurrent.FutureTask.runAndReset(FutureTask.java:371)
	at java.base/java.util.concurrent.ScheduledThreadPoolExecutor$ScheduledFutureTask.run(ScheduledThreadPoolExecutor.java:310)
	at java.base/java.util.concurrent.ThreadPoolExecutor.runWorker(ThreadPoolExecutor.java:1090)
	at java.base/java.util.concurrent.ThreadPoolExecutor$Worker.run(ThreadPoolExecutor.java:614)
	at java.base/java.lang.Thread.run(Thread.java:1516)
09:36:17.827 [ERROR] maestro.cli.session.MaestroSessionManager.newSession$lambda$0: Failed to record heartbeat
java.io.IOException: The process cannot access the file because another process has locked a portion of the file
	at java.base/java.io.FileOutputStream.writeBytes(Native Method)
	at java.base/java.io.FileOutputStream.write(FileOutputStream.java:332)
	at kotlin.io.FilesKt__FileReadWriteKt.writeTextImpl(FileReadWrite.kt:160)
	at kotlin.io.FilesKt__FileReadWriteKt.writeText(FileReadWrite.kt:145)
	at kotlin.io.FilesKt__FileReadWriteKt.writeText$default(FileReadWrite.kt:144)
	at maestro.cli.db.KeyValueStore.commit(KeyValueStore.kt:50)
	at maestro.cli.db.KeyValueStore.set$lambda$3$lambda$2(KeyValueStore.kt:23)
	at maestro.cli.db.KeyValueStore.withFileLock(KeyValueStore.kt:62)
	at maestro.cli.db.KeyValueStore.set(KeyValueStore.kt:20)
	at maestro.cli.session.SessionStore.heartbeat(SessionStore.kt:12)
	at maestro.cli.session.MaestroSessionManager.newSession$lambda$0(MaestroSessionManager.kt:98)
	at java.base/java.util.concurrent.Executors$RunnableAdapter.call(Executors.java:545)
	at java.base/java.util.concurrent.FutureTask.runAndReset(FutureTask.java:371)
	at java.base/java.util.concurrent.ScheduledThreadPoolExecutor$ScheduledFutureTask.run(ScheduledThreadPoolExecutor.java:310)
	at java.base/java.util.concurrent.ThreadPoolExecutor.runWorker(ThreadPoolExecutor.java:1090)
	at java.base/java.util.concurrent.ThreadPoolExecutor$Worker.run(ThreadPoolExecutor.java:614)
	at java.base/java.lang.Thread.run(Thread.java:1516)
09:36:22.817 [ERROR] maestro.cli.session.MaestroSessionManager.newSession$lambda$0: Failed to record heartbeat
java.io.IOException: The process cannot access the file because another process has locked a portion of the file
	at java.base/java.io.FileOutputStream.writeBytes(Native Method)
	at java.base/java.io.FileOutputStream.write(FileOutputStream.java:332)
	at kotlin.io.FilesKt__FileReadWriteKt.writeTextImpl(FileReadWrite.kt:160)
	at kotlin.io.FilesKt__FileReadWriteKt.writeText(FileReadWrite.kt:145)
	at kotlin.io.FilesKt__FileReadWriteKt.writeText$default(FileReadWrite.kt:144)
	at maestro.cli.db.KeyValueStore.commit(KeyValueStore.kt:50)
	at maestro.cli.db.KeyValueStore.set$lambda$3$lambda$2(KeyValueStore.kt:23)
	at maestro.cli.db.KeyValueStore.withFileLock(KeyValueStore.kt:62)
	at maestro.cli.db.KeyValueStore.set(KeyValueStore.kt:20)
	at maestro.cli.session.SessionStore.heartbeat(SessionStore.kt:12)
	at maestro.cli.session.MaestroSessionManager.newSession$lambda$0(MaestroSessionManager.kt:98)
	at java.base/java.util.concurrent.Executors$RunnableAdapter.call(Executors.java:545)
	at java.base/java.util.concurrent.FutureTask.runAndReset(FutureTask.java:371)
	at java.base/java.util.concurrent.ScheduledThreadPoolExecutor$ScheduledFutureTask.run(ScheduledThreadPoolExecutor.java:310)
	at java.base/java.util.concurrent.ThreadPoolExecutor.runWorker(ThreadPoolExecutor.java:1090)
	at java.base/java.util.concurrent.ThreadPoolExecutor$Worker.run(ThreadPoolExecutor.java:614)
	at java.base/java.lang.Thread.run(Thread.java:1516)
09:36:27.832 [ERROR] maestro.cli.session.MaestroSessionManager.newSession$lambda$0: Failed to record heartbeat
java.io.IOException: The process cannot access the file because another process has locked a portion of the file
	at java.base/java.io.FileOutputStream.writeBytes(Native Method)
	at java.base/java.io.FileOutputStream.write(FileOutputStream.java:332)
	at kotlin.io.FilesKt__FileReadWriteKt.writeTextImpl(FileReadWrite.kt:160)
	at kotlin.io.FilesKt__FileReadWriteKt.writeText(FileReadWrite.kt:145)
	at kotlin.io.FilesKt__FileReadWriteKt.writeText$default(FileReadWrite.kt:144)
	at maestro.cli.db.KeyValueStore.commit(KeyValueStore.kt:50)
	at maestro.cli.db.KeyValueStore.set$lambda$3$lambda$2(KeyValueStore.kt:23)
	at maestro.cli.db.KeyValueStore.withFileLock(KeyValueStore.kt:62)
	at maestro.cli.db.KeyValueStore.set(KeyValueStore.kt:20)
	at maestro.cli.session.SessionStore.heartbeat(SessionStore.kt:12)
	at maestro.cli.session.MaestroSessionManager.newSession$lambda$0(MaestroSessionManager.kt:98)
	at java.base/java.util.concurrent.Executors$RunnableAdapter.call(Executors.java:545)
	at java.base/java.util.concurrent.FutureTask.runAndReset(FutureTask.java:371)
	at java.base/java.util.concurrent.ScheduledThreadPoolExecutor$ScheduledFutureTask.run(ScheduledThreadPoolExecutor.java:310)
	at java.base/java.util.concurrent.ThreadPoolExecutor.runWorker(ThreadPoolExecutor.java:1090)
	at java.base/java.util.concurrent.ThreadPoolExecutor$Worker.run(ThreadPoolExecutor.java:614)
	at java.base/java.lang.Thread.run(Thread.java:1516)
09:36:32.815 [ERROR] maestro.cli.session.MaestroSessionManager.newSession$lambda$0: Failed to record heartbeat
java.io.IOException: The process cannot access the file because another process has locked a portion of the file
	at java.base/java.io.FileOutputStream.writeBytes(Native Method)
	at java.base/java.io.FileOutputStream.write(FileOutputStream.java:332)
	at kotlin.io.FilesKt__FileReadWriteKt.writeTextImpl(FileReadWrite.kt:160)
	at kotlin.io.FilesKt__FileReadWriteKt.writeText(FileReadWrite.kt:145)
	at kotlin.io.FilesKt__FileReadWriteKt.writeText$default(FileReadWrite.kt:144)
	at maestro.cli.db.KeyValueStore.commit(KeyValueStore.kt:50)
	at maestro.cli.db.KeyValueStore.set$lambda$3$lambda$2(KeyValueStore.kt:23)
	at maestro.cli.db.KeyValueStore.withFileLock(KeyValueStore.kt:62)
	at maestro.cli.db.KeyValueStore.set(KeyValueStore.kt:20)
	at maestro.cli.session.SessionStore.heartbeat(SessionStore.kt:12)
	at maestro.cli.session.MaestroSessionManager.newSession$lambda$0(MaestroSessionManager.kt:98)
	at java.base/java.util.concurrent.Executors$RunnableAdapter.call(Executors.java:545)
	at java.base/java.util.concurrent.FutureTask.runAndReset(FutureTask.java:371)
	at java.base/java.util.concurrent.ScheduledThreadPoolExecutor$ScheduledFutureTask.run(ScheduledThreadPoolExecutor.java:310)
	at java.base/java.util.concurrent.ThreadPoolExecutor.runWorker(ThreadPoolExecutor.java:1090)
	at java.base/java.util.concurrent.ThreadPoolExecutor$Worker.run(ThreadPoolExecutor.java:614)
	at java.base/java.lang.Thread.run(Thread.java:1516)
09:36:37.815 [ERROR] maestro.cli.session.MaestroSessionManager.newSession$lambda$0: Failed to record heartbeat
java.io.IOException: The process cannot access the file because another process has locked a portion of the file
	at java.base/java.io.FileOutputStream.writeBytes(Native Method)
	at java.base/java.io.FileOutputStream.write(FileOutputStream.java:332)
	at kotlin.io.FilesKt__FileReadWriteKt.writeTextImpl(FileReadWrite.kt:160)
	at kotlin.io.FilesKt__FileReadWriteKt.writeText(FileReadWrite.kt:145)
	at kotlin.io.FilesKt__FileReadWriteKt.writeText$default(FileReadWrite.kt:144)
	at maestro.cli.db.KeyValueStore.commit(KeyValueStore.kt:50)
	at maestro.cli.db.KeyValueStore.set$lambda$3$lambda$2(KeyValueStore.kt:23)
	at maestro.cli.db.KeyValueStore.withFileLock(KeyValueStore.kt:62)
	at maestro.cli.db.KeyValueStore.set(KeyValueStore.kt:20)
	at maestro.cli.session.SessionStore.heartbeat(SessionStore.kt:12)
	at maestro.cli.session.MaestroSessionManager.newSession$lambda$0(MaestroSessionManager.kt:98)
	at java.base/java.util.concurrent.Executors$RunnableAdapter.call(Executors.java:545)
	at java.base/java.util.concurrent.FutureTask.runAndReset(FutureTask.java:371)
	at java.base/java.util.concurrent.ScheduledThreadPoolExecutor$ScheduledFutureTask.run(ScheduledThreadPoolExecutor.java:310)
	at java.base/java.util.concurrent.ThreadPoolExecutor.runWorker(ThreadPoolExecutor.java:1090)
	at java.base/java.util.concurrent.ThreadPoolExecutor$Worker.run(ThreadPoolExecutor.java:614)
	at java.base/java.lang.Thread.run(Thread.java:1516)
09:36:42.190 [ INFO] maestro.Maestro.takeScreenshot: Taking screenshot
09:36:42.192 [TRACE] maestro.utils.ScreenshotUtils.takeScreenshot: Taking screenshot to output sink
09:36:42.416 [ INFO] maestro.cli.runner.MaestroCommandRunner.runCommands$lambda$4: Assert that "Login with nafath" is visible FAILED
09:36:42.422 [ERROR] maestro.orchestra.Orchestra.executeCommands: [Command execution] CommandFailed: Assertion is false: "Login with nafath" is visible
09:36:42.426 [ INFO] maestro.Maestro.takeScreenshot: Taking screenshot
09:36:42.427 [TRACE] maestro.utils.ScreenshotUtils.takeScreenshot: Taking screenshot to output sink
09:36:42.578 [ INFO] maestro.cli.runner.MaestroCommandRunner.runCommands$lambda$4: Run subflows/login.yaml FAILED
09:36:42.821 [ERROR] maestro.cli.session.MaestroSessionManager.newSession$lambda$0: Failed to record heartbeat
java.io.IOException: The process cannot access the file because another process has locked a portion of the file
	at java.base/java.io.FileOutputStream.writeBytes(Native Method)
	at java.base/java.io.FileOutputStream.write(FileOutputStream.java:332)
	at kotlin.io.FilesKt__FileReadWriteKt.writeTextImpl(FileReadWrite.kt:160)
	at kotlin.io.FilesKt__FileReadWriteKt.writeText(FileReadWrite.kt:145)
	at kotlin.io.FilesKt__FileReadWriteKt.writeText$default(FileReadWrite.kt:144)
	at maestro.cli.db.KeyValueStore.commit(KeyValueStore.kt:50)
	at maestro.cli.db.KeyValueStore.set$lambda$3$lambda$2(KeyValueStore.kt:23)
	at maestro.cli.db.KeyValueStore.withFileLock(KeyValueStore.kt:62)
	at maestro.cli.db.KeyValueStore.set(KeyValueStore.kt:20)
	at maestro.cli.session.SessionStore.heartbeat(SessionStore.kt:12)
	at maestro.cli.session.MaestroSessionManager.newSession$lambda$0(MaestroSessionManager.kt:98)
	at java.base/java.util.concurrent.Executors$RunnableAdapter.call(Executors.java:545)
	at java.base/java.util.concurrent.FutureTask.runAndReset(FutureTask.java:371)
	at java.base/java.util.concurrent.ScheduledThreadPoolExecutor$ScheduledFutureTask.run(ScheduledThreadPoolExecutor.java:310)
	at java.base/java.util.concurrent.ThreadPoolExecutor.runWorker(ThreadPoolExecutor.java:1090)
	at java.base/java.util.concurrent.ThreadPoolExecutor$Worker.run(ThreadPoolExecutor.java:614)
	at java.base/java.lang.Thread.run(Thread.java:1516)
09:36:44.569 [ INFO] maestro.cli.report.TestDebugReporter.deleteOldFiles: Performing purge of logs older than 14 days from C:\Users\Mohammed Elkatry\.maestro\tests
