14:47:16.430 [ INFO] maestro.cli.runner.MaestroCommandRunner.runCommands$lambda$0: Define variables RUNNING
14:47:17.894 [ INFO] maestro.cli.runner.MaestroCommandRunner.runCommands$lambda$11: Define variables metadata CommandMetadata(numberOfRuns=null, evaluatedCommand=MaestroCommand(defineVariablesCommand=DefineVariablesCommand(env={MAESTRO_FILENAME=full-journey, MAESTRO_DEVICE_UDID=emulator-5554, MAESTRO_SHARD_ID=1, MAESTRO_SHARD_INDEX=0}, label=null, optional=false)), logMessages=[], insight=Insight(message=, level=NONE), aiReasoning=null, labeledCommand=null)
14:47:19.187 [ INFO] maestro.cli.runner.MaestroCommandRunner.runCommands$lambda$2: Define variables COMPLETED
14:47:20.463 [ INFO] maestro.cli.runner.MaestroCommandRunner.runCommands$lambda$0: Define variables RUNNING
14:47:21.183 [ERROR] maestro.cli.session.MaestroSessionManager.newSession$lambda$0: Failed to record heartbeat
java.io.IOException: The process cannot access the file because another process has locked a portion of the file
	at java.base/java.io.FileOutputStream.writeBytes(Native Method)
	at java.base/java.io.FileOutputStream.write(FileOutputStream.java:332)
	at kotlin.io.FilesKt__FileReadWriteKt.writeTextImpl(FileReadWrite.kt:160)
	at kotlin.io.FilesKt__FileReadWriteKt.writeText(FileReadWrite.kt:145)
	at kotlin.io.FilesKt__FileReadWriteKt.writeText$default(FileReadWrite.kt:144)
	at maestro.cli.db.KeyValueStore.commit(KeyValueStore.kt:50)
	at maestro.cli.db.KeyValueStore.set$lambda$3$lambda$2(KeyValueStore.kt:23)
	at maestro.cli.db.KeyValueStore.withFileLock(KeyValueStore.kt:62)
	at maestro.cli.db.KeyValueStore.set(KeyValueStore.kt:20)
	at maestro.cli.session.SessionStore.heartbeat(SessionStore.kt:12)
	at maestro.cli.session.MaestroSessionManager.newSession$lambda$0(MaestroSessionManager.kt:98)
	at java.base/java.util.concurrent.Executors$RunnableAdapter.call(Executors.java:545)
	at java.base/java.util.concurrent.FutureTask.runAndReset(FutureTask.java:371)
	at java.base/java.util.concurrent.ScheduledThreadPoolExecutor$ScheduledFutureTask.run(ScheduledThreadPoolExecutor.java:310)
	at java.base/java.util.concurrent.ThreadPoolExecutor.runWorker(ThreadPoolExecutor.java:1090)
	at java.base/java.util.concurrent.ThreadPoolExecutor$Worker.run(ThreadPoolExecutor.java:614)
	at java.base/java.lang.Thread.run(Thread.java:1516)
14:47:22.491 [ INFO] maestro.cli.runner.MaestroCommandRunner.runCommands$lambda$11: Define variables metadata CommandMetadata(numberOfRuns=null, evaluatedCommand=MaestroCommand(defineVariablesCommand=DefineVariablesCommand(env={NATIONAL_ID=1119880062, PROJECT=مساكن طيبة المدائن EN, MODULE=Apartment, CARD_NUMBER=4464040000000007, CARD_EXPIRY=1252, CARD_CVV=222, CONTRACT_OTP=1234}, label=null, optional=false)), logMessages=[], insight=Insight(message=, level=NONE), aiReasoning=null, labeledCommand=null)
14:47:23.745 [ INFO] maestro.cli.runner.MaestroCommandRunner.runCommands$lambda$2: Define variables COMPLETED
14:47:25.269 [ INFO] maestro.cli.runner.MaestroCommandRunner.runCommands$lambda$0: Apply configuration RUNNING
14:47:26.183 [ERROR] maestro.cli.session.MaestroSessionManager.newSession$lambda$0: Failed to record heartbeat
java.io.IOException: The process cannot access the file because another process has locked a portion of the file
	at java.base/java.io.FileOutputStream.writeBytes(Native Method)
	at java.base/java.io.FileOutputStream.write(FileOutputStream.java:332)
	at kotlin.io.FilesKt__FileReadWriteKt.writeTextImpl(FileReadWrite.kt:160)
	at kotlin.io.FilesKt__FileReadWriteKt.writeText(FileReadWrite.kt:145)
	at kotlin.io.FilesKt__FileReadWriteKt.writeText$default(FileReadWrite.kt:144)
	at maestro.cli.db.KeyValueStore.commit(KeyValueStore.kt:50)
	at maestro.cli.db.KeyValueStore.set$lambda$3$lambda$2(KeyValueStore.kt:23)
	at maestro.cli.db.KeyValueStore.withFileLock(KeyValueStore.kt:62)
	at maestro.cli.db.KeyValueStore.set(KeyValueStore.kt:20)
	at maestro.cli.session.SessionStore.heartbeat(SessionStore.kt:12)
	at maestro.cli.session.MaestroSessionManager.newSession$lambda$0(MaestroSessionManager.kt:98)
	at java.base/java.util.concurrent.Executors$RunnableAdapter.call(Executors.java:545)
	at java.base/java.util.concurrent.FutureTask.runAndReset(FutureTask.java:371)
	at java.base/java.util.concurrent.ScheduledThreadPoolExecutor$ScheduledFutureTask.run(ScheduledThreadPoolExecutor.java:310)
	at java.base/java.util.concurrent.ThreadPoolExecutor.runWorker(ThreadPoolExecutor.java:1090)
	at java.base/java.util.concurrent.ThreadPoolExecutor$Worker.run(ThreadPoolExecutor.java:614)
	at java.base/java.lang.Thread.run(Thread.java:1516)
14:47:26.517 [ INFO] maestro.cli.runner.MaestroCommandRunner.runCommands$lambda$11: Apply configuration metadata CommandMetadata(numberOfRuns=null, evaluatedCommand=MaestroCommand(applyConfigurationCommand=ApplyConfigurationCommand(config=MaestroConfig(appId=fi.iwa.sakani, name=Full Journey - login to signed sales contract (Offplan), tags=[], ext={}, onFlowStart=null, onFlowComplete=null, properties={}), label=null, optional=false)), logMessages=[], insight=Insight(message=, level=NONE), aiReasoning=null, labeledCommand=null)
14:47:27.881 [ INFO] maestro.cli.runner.MaestroCommandRunner.runCommands$lambda$2: Apply configuration COMPLETED
14:47:29.255 [ INFO] maestro.cli.runner.MaestroCommandRunner.runCommands$lambda$0: Run ${console.log('FULL JOURNEY TARGET NATIONAL_ID = [' + NATIONAL_ID + ']')} RUNNING
14:47:30.530 [ INFO] maestro.cli.runner.MaestroCommandRunner.runCommands$lambda$11: Run ${console.log('FULL JOURNEY TARGET NATIONAL_ID = [' + NATIONAL_ID + ']')} metadata CommandMetadata(numberOfRuns=null, evaluatedCommand=MaestroCommand(evalScriptCommand=EvalScriptCommand(scriptString=${console.log('FULL JOURNEY TARGET NATIONAL_ID = [' + NATIONAL_ID + ']')}, label=null, optional=false)), logMessages=[], insight=Insight(message=, level=NONE), aiReasoning=null, labeledCommand=null)
14:47:31.185 [ERROR] maestro.cli.session.MaestroSessionManager.newSession$lambda$0: Failed to record heartbeat
java.io.IOException: The process cannot access the file because another process has locked a portion of the file
	at java.base/java.io.FileOutputStream.writeBytes(Native Method)
	at java.base/java.io.FileOutputStream.write(FileOutputStream.java:332)
	at kotlin.io.FilesKt__FileReadWriteKt.writeTextImpl(FileReadWrite.kt:160)
	at kotlin.io.FilesKt__FileReadWriteKt.writeText(FileReadWrite.kt:145)
	at kotlin.io.FilesKt__FileReadWriteKt.writeText$default(FileReadWrite.kt:144)
	at maestro.cli.db.KeyValueStore.commit(KeyValueStore.kt:50)
	at maestro.cli.db.KeyValueStore.set$lambda$3$lambda$2(KeyValueStore.kt:23)
	at maestro.cli.db.KeyValueStore.withFileLock(KeyValueStore.kt:62)
	at maestro.cli.db.KeyValueStore.set(KeyValueStore.kt:20)
	at maestro.cli.session.SessionStore.heartbeat(SessionStore.kt:12)
	at maestro.cli.session.MaestroSessionManager.newSession$lambda$0(MaestroSessionManager.kt:98)
	at java.base/java.util.concurrent.Executors$RunnableAdapter.call(Executors.java:545)
	at java.base/java.util.concurrent.FutureTask.runAndReset(FutureTask.java:371)
	at java.base/java.util.concurrent.ScheduledThreadPoolExecutor$ScheduledFutureTask.run(ScheduledThreadPoolExecutor.java:310)
	at java.base/java.util.concurrent.ThreadPoolExecutor.runWorker(ThreadPoolExecutor.java:1090)
	at java.base/java.util.concurrent.ThreadPoolExecutor$Worker.run(ThreadPoolExecutor.java:614)
	at java.base/java.lang.Thread.run(Thread.java:1516)
14:47:32.266 [ INFO] maestro.cli.runner.MaestroCommandRunner.runCommands$lambda$11: Run ${console.log('FULL JOURNEY TARGET NATIONAL_ID = [' + NATIONAL_ID + ']')} metadata CommandMetadata(numberOfRuns=null, evaluatedCommand=MaestroCommand(evalScriptCommand=EvalScriptCommand(scriptString=${console.log('FULL JOURNEY TARGET NATIONAL_ID = [' + NATIONAL_ID + ']')}, label=null, optional=false)), logMessages=[FULL JOURNEY TARGET NATIONAL_ID = [1119880062]], insight=Insight(message=, level=NONE), aiReasoning=null, labeledCommand=null)
14:47:33.782 [ INFO] maestro.orchestra.Orchestra.executeCommands$lambda$23$lambda$21: JsConsole: FULL JOURNEY TARGET NATIONAL_ID = [1119880062]
14:47:33.784 [ INFO] maestro.cli.runner.MaestroCommandRunner.runCommands$lambda$2: Run ${console.log('FULL JOURNEY TARGET NATIONAL_ID = [' + NATIONAL_ID + ']')} COMPLETED
14:47:35.286 [ INFO] maestro.cli.runner.MaestroCommandRunner.runCommands$lambda$0: Run ${output.targetNationalId = String(NATIONAL_ID)} RUNNING
14:47:36.183 [ERROR] maestro.cli.session.MaestroSessionManager.newSession$lambda$0: Failed to record heartbeat
java.io.IOException: The process cannot access the file because another process has locked a portion of the file
	at java.base/java.io.FileOutputStream.writeBytes(Native Method)
	at java.base/java.io.FileOutputStream.write(FileOutputStream.java:332)
	at kotlin.io.FilesKt__FileReadWriteKt.writeTextImpl(FileReadWrite.kt:160)
	at kotlin.io.FilesKt__FileReadWriteKt.writeText(FileReadWrite.kt:145)
	at kotlin.io.FilesKt__FileReadWriteKt.writeText$default(FileReadWrite.kt:144)
	at maestro.cli.db.KeyValueStore.commit(KeyValueStore.kt:50)
	at maestro.cli.db.KeyValueStore.set$lambda$3$lambda$2(KeyValueStore.kt:23)
	at maestro.cli.db.KeyValueStore.withFileLock(KeyValueStore.kt:62)
	at maestro.cli.db.KeyValueStore.set(KeyValueStore.kt:20)
	at maestro.cli.session.SessionStore.heartbeat(SessionStore.kt:12)
	at maestro.cli.session.MaestroSessionManager.newSession$lambda$0(MaestroSessionManager.kt:98)
	at java.base/java.util.concurrent.Executors$RunnableAdapter.call(Executors.java:545)
	at java.base/java.util.concurrent.FutureTask.runAndReset(FutureTask.java:371)
	at java.base/java.util.concurrent.ScheduledThreadPoolExecutor$ScheduledFutureTask.run(ScheduledThreadPoolExecutor.java:310)
	at java.base/java.util.concurrent.ThreadPoolExecutor.runWorker(ThreadPoolExecutor.java:1090)
	at java.base/java.util.concurrent.ThreadPoolExecutor$Worker.run(ThreadPoolExecutor.java:614)
	at java.base/java.lang.Thread.run(Thread.java:1516)
14:47:36.853 [ INFO] maestro.cli.runner.MaestroCommandRunner.runCommands$lambda$11: Run ${output.targetNationalId = String(NATIONAL_ID)} metadata CommandMetadata(numberOfRuns=null, evaluatedCommand=MaestroCommand(evalScriptCommand=EvalScriptCommand(scriptString=${output.targetNationalId = String(NATIONAL_ID)}, label=null, optional=false)), logMessages=[], insight=Insight(message=, level=NONE), aiReasoning=null, labeledCommand=null)
14:47:38.414 [ INFO] maestro.cli.runner.MaestroCommandRunner.runCommands$lambda$2: Run ${output.targetNationalId = String(NATIONAL_ID)} COMPLETED
14:47:39.863 [ INFO] maestro.cli.runner.MaestroCommandRunner.runCommands$lambda$0: Assert that ${String(NATIONAL_ID).length === 10 && !/[^0-9]/.test(String(NATIONAL_ID)) && (String(NATIONAL_ID).charAt(0) === "1" || String(NATIONAL_ID).charAt(0) === "2")} is true RUNNING
14:47:41.183 [ERROR] maestro.cli.session.MaestroSessionManager.newSession$lambda$0: Failed to record heartbeat
java.io.IOException: The process cannot access the file because another process has locked a portion of the file
	at java.base/java.io.FileOutputStream.writeBytes(Native Method)
	at java.base/java.io.FileOutputStream.write(FileOutputStream.java:332)
	at kotlin.io.FilesKt__FileReadWriteKt.writeTextImpl(FileReadWrite.kt:160)
	at kotlin.io.FilesKt__FileReadWriteKt.writeText(FileReadWrite.kt:145)
	at kotlin.io.FilesKt__FileReadWriteKt.writeText$default(FileReadWrite.kt:144)
	at maestro.cli.db.KeyValueStore.commit(KeyValueStore.kt:50)
	at maestro.cli.db.KeyValueStore.set$lambda$3$lambda$2(KeyValueStore.kt:23)
	at maestro.cli.db.KeyValueStore.withFileLock(KeyValueStore.kt:62)
	at maestro.cli.db.KeyValueStore.set(KeyValueStore.kt:20)
	at maestro.cli.session.SessionStore.heartbeat(SessionStore.kt:12)
	at maestro.cli.session.MaestroSessionManager.newSession$lambda$0(MaestroSessionManager.kt:98)
	at java.base/java.util.concurrent.Executors$RunnableAdapter.call(Executors.java:545)
	at java.base/java.util.concurrent.FutureTask.runAndReset(FutureTask.java:371)
	at java.base/java.util.concurrent.ScheduledThreadPoolExecutor$ScheduledFutureTask.run(ScheduledThreadPoolExecutor.java:310)
	at java.base/java.util.concurrent.ThreadPoolExecutor.runWorker(ThreadPoolExecutor.java:1090)
	at java.base/java.util.concurrent.ThreadPoolExecutor$Worker.run(ThreadPoolExecutor.java:614)
	at java.base/java.lang.Thread.run(Thread.java:1516)
14:47:41.472 [ INFO] maestro.cli.runner.MaestroCommandRunner.runCommands$lambda$11: Assert that ${String(NATIONAL_ID).length === 10 && !/[^0-9]/.test(String(NATIONAL_ID)) && (String(NATIONAL_ID).charAt(0) === "1" || String(NATIONAL_ID).charAt(0) === "2")} is true metadata CommandMetadata(numberOfRuns=null, evaluatedCommand=MaestroCommand(assertConditionCommand=AssertConditionCommand(condition=Condition(platform=null, visible=null, notVisible=null, scriptCondition=true, label=null), timeout=null, label=null, optional=false)), logMessages=[], insight=Insight(message=, level=NONE), aiReasoning=null, labeledCommand=null)
14:47:43.134 [ INFO] maestro.cli.runner.MaestroCommandRunner.runCommands$lambda$2: Assert that ${String(NATIONAL_ID).length === 10 && !/[^0-9]/.test(String(NATIONAL_ID)) && (String(NATIONAL_ID).charAt(0) === "1" || String(NATIONAL_ID).charAt(0) === "2")} is true COMPLETED
14:47:44.706 [ INFO] maestro.cli.runner.MaestroCommandRunner.runCommands$lambda$0: Launch app "fi.iwa.sakani" with clear state RUNNING
14:47:46.184 [ERROR] maestro.cli.session.MaestroSessionManager.newSession$lambda$0: Failed to record heartbeat
java.io.IOException: The process cannot access the file because another process has locked a portion of the file
	at java.base/java.io.FileOutputStream.writeBytes(Native Method)
	at java.base/java.io.FileOutputStream.write(FileOutputStream.java:332)
	at kotlin.io.FilesKt__FileReadWriteKt.writeTextImpl(FileReadWrite.kt:160)
	at kotlin.io.FilesKt__FileReadWriteKt.writeText(FileReadWrite.kt:145)
	at kotlin.io.FilesKt__FileReadWriteKt.writeText$default(FileReadWrite.kt:144)
	at maestro.cli.db.KeyValueStore.commit(KeyValueStore.kt:50)
	at maestro.cli.db.KeyValueStore.set$lambda$3$lambda$2(KeyValueStore.kt:23)
	at maestro.cli.db.KeyValueStore.withFileLock(KeyValueStore.kt:62)
	at maestro.cli.db.KeyValueStore.set(KeyValueStore.kt:20)
	at maestro.cli.session.SessionStore.heartbeat(SessionStore.kt:12)
	at maestro.cli.session.MaestroSessionManager.newSession$lambda$0(MaestroSessionManager.kt:98)
	at java.base/java.util.concurrent.Executors$RunnableAdapter.call(Executors.java:545)
	at java.base/java.util.concurrent.FutureTask.runAndReset(FutureTask.java:371)
	at java.base/java.util.concurrent.ScheduledThreadPoolExecutor$ScheduledFutureTask.run(ScheduledThreadPoolExecutor.java:310)
	at java.base/java.util.concurrent.ThreadPoolExecutor.runWorker(ThreadPoolExecutor.java:1090)
	at java.base/java.util.concurrent.ThreadPoolExecutor$Worker.run(ThreadPoolExecutor.java:614)
	at java.base/java.lang.Thread.run(Thread.java:1516)
14:47:46.394 [ INFO] maestro.cli.runner.MaestroCommandRunner.runCommands$lambda$11: Launch app "fi.iwa.sakani" with clear state metadata CommandMetadata(numberOfRuns=null, evaluatedCommand=MaestroCommand(launchAppCommand=LaunchAppCommand(appId=fi.iwa.sakani, clearState=true, clearKeychain=null, stopApp=null, permissions=null, launchArguments=null, label=null, optional=false)), logMessages=[], insight=Insight(message=, level=NONE), aiReasoning=null, labeledCommand=null)
14:47:47.965 [ INFO] maestro.Maestro.clearAppState$lambda$8: Clearing app state fi.iwa.sakani
14:47:51.184 [ERROR] maestro.cli.session.MaestroSessionManager.newSession$lambda$0: Failed to record heartbeat
java.io.IOException: The process cannot access the file because another process has locked a portion of the file
	at java.base/java.io.FileOutputStream.writeBytes(Native Method)
	at java.base/java.io.FileOutputStream.write(FileOutputStream.java:332)
	at kotlin.io.FilesKt__FileReadWriteKt.writeTextImpl(FileReadWrite.kt:160)
	at kotlin.io.FilesKt__FileReadWriteKt.writeText(FileReadWrite.kt:145)
	at kotlin.io.FilesKt__FileReadWriteKt.writeText$default(FileReadWrite.kt:144)
	at maestro.cli.db.KeyValueStore.commit(KeyValueStore.kt:50)
	at maestro.cli.db.KeyValueStore.set$lambda$3$lambda$2(KeyValueStore.kt:23)
	at maestro.cli.db.KeyValueStore.withFileLock(KeyValueStore.kt:62)
	at maestro.cli.db.KeyValueStore.set(KeyValueStore.kt:20)
	at maestro.cli.session.SessionStore.heartbeat(SessionStore.kt:12)
	at maestro.cli.session.MaestroSessionManager.newSession$lambda$0(MaestroSessionManager.kt:98)
	at java.base/java.util.concurrent.Executors$RunnableAdapter.call(Executors.java:545)
	at java.base/java.util.concurrent.FutureTask.runAndReset(FutureTask.java:371)
	at java.base/java.util.concurrent.ScheduledThreadPoolExecutor$ScheduledFutureTask.run(ScheduledThreadPoolExecutor.java:310)
	at java.base/java.util.concurrent.ThreadPoolExecutor.runWorker(ThreadPoolExecutor.java:1090)
	at java.base/java.util.concurrent.ThreadPoolExecutor$Worker.run(ThreadPoolExecutor.java:614)
	at java.base/java.lang.Thread.run(Thread.java:1516)
14:47:53.203 [DEBUG] maestro.Maestro.setPermissionInternal: Failed to set permission android.permission.READ_EXTERNAL_STORAGE for app fi.iwa.sakani: shell command failed (exit -1): 
Exception occurred while executing 'grant':
java.lang.SecurityException: Package fi.iwa.sakani has not requested permission android.permission.READ_EXTERNAL_STORAGE
	at com.android.server.pm.permission.PermissionManagerServiceImpl.grantRuntimePermissionInternal(PermissionManagerServiceImpl.java:1423)
	at com.android.server.pm.permission.PermissionManagerServiceImpl.grantRuntimePermission(PermissionManagerServiceImpl.java:1337)
	at com.android.server.pm.permission.PermissionManagerService.grantRuntimePermission(PermissionManagerService.java:551)
	at android.permission.PermissionManager.grantRuntimePermission(PermissionManager.java:609)
	at com.android.server.pm.PackageManagerShellCommand.runGrantRevokePermission(PackageManagerShellCommand.java:2672)
	at com.android.server.pm.PackageManagerShellCommand.onCommand(PackageManagerShellCommand.java:291)
	at com.android.modules.utils.BasicShellCommandHandler.exec(BasicShellCommandHandler.java:97)
	at android.os.ShellCommand.exec(ShellCommand.java:38)
	at com.android.server.pm.PackageManagerService$IPackageManagerImpl.onShellCommand(PackageManagerService.java:6350)
	at android.os.Binder.shellCommand(Binder.java:1068)
	at android.os.Binder.onTransact(Binder.java:888)
	at android.content.pm.IPackageManager$Stub.onTransact(IPackageManager.java:4352)
	at com.android.server.pm.PackageManagerService$IPackageManagerImpl.onTransact(PackageManagerService.java:6334)
	at android.os.Binder.execTransactInternal(Binder.java:1344)
	at android.os.Binder.execTransact(Binder.java:1275)

14:47:53.223 [DEBUG] maestro.Maestro.setPermissionInternal: Failed to set permission android.permission.WRITE_EXTERNAL_STORAGE for app fi.iwa.sakani: shell command failed (exit -1): 
Exception occurred while executing 'grant':
java.lang.SecurityException: Package fi.iwa.sakani has not requested permission android.permission.WRITE_EXTERNAL_STORAGE
	at com.android.server.pm.permission.PermissionManagerServiceImpl.grantRuntimePermissionInternal(PermissionManagerServiceImpl.java:1423)
	at com.android.server.pm.permission.PermissionManagerServiceImpl.grantRuntimePermission(PermissionManagerServiceImpl.java:1337)
	at com.android.server.pm.permission.PermissionManagerService.grantRuntimePermission(PermissionManagerService.java:551)
	at android.permission.PermissionManager.grantRuntimePermission(PermissionManager.java:609)
	at com.android.server.pm.PackageManagerShellCommand.runGrantRevokePermission(PackageManagerShellCommand.java:2672)
	at com.android.server.pm.PackageManagerShellCommand.onCommand(PackageManagerShellCommand.java:291)
	at com.android.modules.utils.BasicShellCommandHandler.exec(BasicShellCommandHandler.java:97)
	at android.os.ShellCommand.exec(ShellCommand.java:38)
	at com.android.server.pm.PackageManagerService$IPackageManagerImpl.onShellCommand(PackageManagerService.java:6350)
	at android.os.Binder.shellCommand(Binder.java:1068)
	at android.os.Binder.onTransact(Binder.java:888)
	at android.content.pm.IPackageManager$Stub.onTransact(IPackageManager.java:4352)
	at com.android.server.pm.PackageManagerService$IPackageManagerImpl.onTransact(PackageManagerService.java:6334)
	at android.os.Binder.execTransactInternal(Binder.java:1344)
	at android.os.Binder.execTransact(Binder.java:1275)

14:47:53.395 [DEBUG] maestro.Maestro.setPermissionInternal: Failed to set permission com.sec.android.provider.badge.permission.READ for app fi.iwa.sakani: shell command failed (exit -1): 
Exception occurred while executing 'grant':
java.lang.IllegalArgumentException: Unknown permission: com.sec.android.provider.badge.permission.READ
	at com.android.server.pm.permission.PermissionManagerServiceImpl.grantRuntimePermissionInternal(PermissionManagerServiceImpl.java:1380)
	at com.android.server.pm.permission.PermissionManagerServiceImpl.grantRuntimePermission(PermissionManagerServiceImpl.java:1337)
	at com.android.server.pm.permission.PermissionManagerService.grantRuntimePermission(PermissionManagerService.java:551)
	at android.permission.PermissionManager.grantRuntimePermission(PermissionManager.java:609)
	at com.android.server.pm.PackageManagerShellCommand.runGrantRevokePermission(PackageManagerShellCommand.java:2672)
	at com.android.server.pm.PackageManagerShellCommand.onCommand(PackageManagerShellCommand.java:291)
	at com.android.modules.utils.BasicShellCommandHandler.exec(BasicShellCommandHandler.java:97)
	at android.os.ShellCommand.exec(ShellCommand.java:38)
	at com.android.server.pm.PackageManagerService$IPackageManagerImpl.onShellCommand(PackageManagerService.java:6350)
	at android.os.Binder.shellCommand(Binder.java:1068)
	at android.os.Binder.onTransact(Binder.java:888)
	at android.content.pm.IPackageManager$Stub.onTransact(IPackageManager.java:4352)
	at com.android.server.pm.PackageManagerService$IPackageManagerImpl.onTransact(PackageManagerService.java:6334)
	at android.os.Binder.execTransactInternal(Binder.java:1344)
	at android.os.Binder.execTransact(Binder.java:1275)

14:47:53.415 [DEBUG] maestro.Maestro.setPermissionInternal: Failed to set permission com.sec.android.provider.badge.permission.WRITE for app fi.iwa.sakani: shell command failed (exit -1): 
Exception occurred while executing 'grant':
java.lang.IllegalArgumentException: Unknown permission: com.sec.android.provider.badge.permission.WRITE
	at com.android.server.pm.permission.PermissionManagerServiceImpl.grantRuntimePermissionInternal(PermissionManagerServiceImpl.java:1380)
	at com.android.server.pm.permission.PermissionManagerServiceImpl.grantRuntimePermission(PermissionManagerServiceImpl.java:1337)
	at com.android.server.pm.permission.PermissionManagerService.grantRuntimePermission(PermissionManagerService.java:551)
	at android.permission.PermissionManager.grantRuntimePermission(PermissionManager.java:609)
	at com.android.server.pm.PackageManagerShellCommand.runGrantRevokePermission(PackageManagerShellCommand.java:2672)
	at com.android.server.pm.PackageManagerShellCommand.onCommand(PackageManagerShellCommand.java:291)
	at com.android.modules.utils.BasicShellCommandHandler.exec(BasicShellCommandHandler.java:97)
	at android.os.ShellCommand.exec(ShellCommand.java:38)
	at com.android.server.pm.PackageManagerService$IPackageManagerImpl.onShellCommand(PackageManagerService.java:6350)
	at android.os.Binder.shellCommand(Binder.java:1068)
	at android.os.Binder.onTransact(Binder.java:888)
	at android.content.pm.IPackageManager$Stub.onTransact(IPackageManager.java:4352)
	at com.android.server.pm.PackageManagerService$IPackageManagerImpl.onTransact(PackageManagerService.java:6334)
	at android.os.Binder.execTransactInternal(Binder.java:1344)
	at android.os.Binder.execTransact(Binder.java:1275)

14:47:53.435 [DEBUG] maestro.Maestro.setPermissionInternal: Failed to set permission com.htc.launcher.permission.READ_SETTINGS for app fi.iwa.sakani: shell command failed (exit -1): 
Exception occurred while executing 'grant':
java.lang.IllegalArgumentException: Unknown permission: com.htc.launcher.permission.READ_SETTINGS
	at com.android.server.pm.permission.PermissionManagerServiceImpl.grantRuntimePermissionInternal(PermissionManagerServiceImpl.java:1380)
	at com.android.server.pm.permission.PermissionManagerServiceImpl.grantRuntimePermission(PermissionManagerServiceImpl.java:1337)
	at com.android.server.pm.permission.PermissionManagerService.grantRuntimePermission(PermissionManagerService.java:551)
	at android.permission.PermissionManager.grantRuntimePermission(PermissionManager.java:609)
	at com.android.server.pm.PackageManagerShellCommand.runGrantRevokePermission(PackageManagerShellCommand.java:2672)
	at com.android.server.pm.PackageManagerShellCommand.onCommand(PackageManagerShellCommand.java:291)
	at com.android.modules.utils.BasicShellCommandHandler.exec(BasicShellCommandHandler.java:97)
	at android.os.ShellCommand.exec(ShellCommand.java:38)
	at com.android.server.pm.PackageManagerService$IPackageManagerImpl.onShellCommand(PackageManagerService.java:6350)
	at android.os.Binder.shellCommand(Binder.java:1068)
	at android.os.Binder.onTransact(Binder.java:888)
	at android.content.pm.IPackageManager$Stub.onTransact(IPackageManager.java:4352)
	at com.android.server.pm.PackageManagerService$IPackageManagerImpl.onTransact(PackageManagerService.java:6334)
	at android.os.Binder.execTransactInternal(Binder.java:1344)
	at android.os.Binder.execTransact(Binder.java:1275)

14:47:53.454 [DEBUG] maestro.Maestro.setPermissionInternal: Failed to set permission com.htc.launcher.permission.UPDATE_SHORTCUT for app fi.iwa.sakani: shell command failed (exit -1): 
Exception occurred while executing 'grant':
java.lang.IllegalArgumentException: Unknown permission: com.htc.launcher.permission.UPDATE_SHORTCUT
	at com.android.server.pm.permission.PermissionManagerServiceImpl.grantRuntimePermissionInternal(PermissionManagerServiceImpl.java:1380)
	at com.android.server.pm.permission.PermissionManagerServiceImpl.grantRuntimePermission(PermissionManagerServiceImpl.java:1337)
	at com.android.server.pm.permission.PermissionManagerService.grantRuntimePermission(PermissionManagerService.java:551)
	at android.permission.PermissionManager.grantRuntimePermission(PermissionManager.java:609)
	at com.android.server.pm.PackageManagerShellCommand.runGrantRevokePermission(PackageManagerShellCommand.java:2672)
	at com.android.server.pm.PackageManagerShellCommand.onCommand(PackageManagerShellCommand.java:291)
	at com.android.modules.utils.BasicShellCommandHandler.exec(BasicShellCommandHandler.java:97)
	at android.os.ShellCommand.exec(ShellCommand.java:38)
	at com.android.server.pm.PackageManagerService$IPackageManagerImpl.onShellCommand(PackageManagerService.java:6350)
	at android.os.Binder.shellCommand(Binder.java:1068)
	at android.os.Binder.onTransact(Binder.java:888)
	at android.content.pm.IPackageManager$Stub.onTransact(IPackageManager.java:4352)
	at com.android.server.pm.PackageManagerService$IPackageManagerImpl.onTransact(PackageManagerService.java:6334)
	at android.os.Binder.execTransactInternal(Binder.java:1344)
	at android.os.Binder.execTransact(Binder.java:1275)

14:47:53.473 [DEBUG] maestro.Maestro.setPermissionInternal: Failed to set permission com.sonyericsson.home.permission.BROADCAST_BADGE for app fi.iwa.sakani: shell command failed (exit -1): 
Exception occurred while executing 'grant':
java.lang.IllegalArgumentException: Unknown permission: com.sonyericsson.home.permission.BROADCAST_BADGE
	at com.android.server.pm.permission.PermissionManagerServiceImpl.grantRuntimePermissionInternal(PermissionManagerServiceImpl.java:1380)
	at com.android.server.pm.permission.PermissionManagerServiceImpl.grantRuntimePermission(PermissionManagerServiceImpl.java:1337)
	at com.android.server.pm.permission.PermissionManagerService.grantRuntimePermission(PermissionManagerService.java:551)
	at android.permission.PermissionManager.grantRuntimePermission(PermissionManager.java:609)
	at com.android.server.pm.PackageManagerShellCommand.runGrantRevokePermission(PackageManagerShellCommand.java:2672)
	at com.android.server.pm.PackageManagerShellCommand.onCommand(PackageManagerShellCommand.java:291)
	at com.android.modules.utils.BasicShellCommandHandler.exec(BasicShellCommandHandler.java:97)
	at android.os.ShellCommand.exec(ShellCommand.java:38)
	at com.android.server.pm.PackageManagerService$IPackageManagerImpl.onShellCommand(PackageManagerService.java:6350)
	at android.os.Binder.shellCommand(Binder.java:1068)
	at android.os.Binder.onTransact(Binder.java:888)
	at android.content.pm.IPackageManager$Stub.onTransact(IPackageManager.java:4352)
	at com.android.server.pm.PackageManagerService$IPackageManagerImpl.onTransact(PackageManagerService.java:6334)
	at android.os.Binder.execTransactInternal(Binder.java:1344)
	at android.os.Binder.execTransact(Binder.java:1275)

14:47:53.490 [DEBUG] maestro.Maestro.setPermissionInternal: Failed to set permission com.sonymobile.home.permission.PROVIDER_INSERT_BADGE for app fi.iwa.sakani: shell command failed (exit -1): 
Exception occurred while executing 'grant':
java.lang.IllegalArgumentException: Unknown permission: com.sonymobile.home.permission.PROVIDER_INSERT_BADGE
	at com.android.server.pm.permission.PermissionManagerServiceImpl.grantRuntimePermissionInternal(PermissionManagerServiceImpl.java:1380)
	at com.android.server.pm.permission.PermissionManagerServiceImpl.grantRuntimePermission(PermissionManagerServiceImpl.java:1337)
	at com.android.server.pm.permission.PermissionManagerService.grantRuntimePermission(PermissionManagerService.java:551)
	at android.permission.PermissionManager.grantRuntimePermission(PermissionManager.java:609)
	at com.android.server.pm.PackageManagerShellCommand.runGrantRevokePermission(PackageManagerShellCommand.java:2672)
	at com.android.server.pm.PackageManagerShellCommand.onCommand(PackageManagerShellCommand.java:291)
	at com.android.modules.utils.BasicShellCommandHandler.exec(BasicShellCommandHandler.java:97)
	at android.os.ShellCommand.exec(ShellCommand.java:38)
	at com.android.server.pm.PackageManagerService$IPackageManagerImpl.onShellCommand(PackageManagerService.java:6350)
	at android.os.Binder.shellCommand(Binder.java:1068)
	at android.os.Binder.onTransact(Binder.java:888)
	at android.content.pm.IPackageManager$Stub.onTransact(IPackageManager.java:4352)
	at com.android.server.pm.PackageManagerService$IPackageManagerImpl.onTransact(PackageManagerService.java:6334)
	at android.os.Binder.execTransactInternal(Binder.java:1344)
	at android.os.Binder.execTransact(Binder.java:1275)

14:47:53.508 [DEBUG] maestro.Maestro.setPermissionInternal: Failed to set permission com.anddoes.launcher.permission.UPDATE_COUNT for app fi.iwa.sakani: shell command failed (exit -1): 
Exception occurred while executing 'grant':
java.lang.IllegalArgumentException: Unknown permission: com.anddoes.launcher.permission.UPDATE_COUNT
	at com.android.server.pm.permission.PermissionManagerServiceImpl.grantRuntimePermissionInternal(PermissionManagerServiceImpl.java:1380)
	at com.android.server.pm.permission.PermissionManagerServiceImpl.grantRuntimePermission(PermissionManagerServiceImpl.java:1337)
	at com.android.server.pm.permission.PermissionManagerService.grantRuntimePermission(PermissionManagerService.java:551)
	at android.permission.PermissionManager.grantRuntimePermission(PermissionManager.java:609)
	at com.android.server.pm.PackageManagerShellCommand.runGrantRevokePermission(PackageManagerShellCommand.java:2672)
	at com.android.server.pm.PackageManagerShellCommand.onCommand(PackageManagerShellCommand.java:291)
	at com.android.modules.utils.BasicShellCommandHandler.exec(BasicShellCommandHandler.java:97)
	at android.os.ShellCommand.exec(ShellCommand.java:38)
	at com.android.server.pm.PackageManagerService$IPackageManagerImpl.onShellCommand(PackageManagerService.java:6350)
	at android.os.Binder.shellCommand(Binder.java:1068)
	at android.os.Binder.onTransact(Binder.java:888)
	at android.content.pm.IPackageManager$Stub.onTransact(IPackageManager.java:4352)
	at com.android.server.pm.PackageManagerService$IPackageManagerImpl.onTransact(PackageManagerService.java:6334)
	at android.os.Binder.execTransactInternal(Binder.java:1344)
	at android.os.Binder.execTransact(Binder.java:1275)

14:47:53.527 [DEBUG] maestro.Maestro.setPermissionInternal: Failed to set permission com.majeur.launcher.permission.UPDATE_BADGE for app fi.iwa.sakani: shell command failed (exit -1): 
Exception occurred while executing 'grant':
java.lang.IllegalArgumentException: Unknown permission: com.majeur.launcher.permission.UPDATE_BADGE
	at com.android.server.pm.permission.PermissionManagerServiceImpl.grantRuntimePermissionInternal(PermissionManagerServiceImpl.java:1380)
	at com.android.server.pm.permission.PermissionManagerServiceImpl.grantRuntimePermission(PermissionManagerServiceImpl.java:1337)
	at com.android.server.pm.permission.PermissionManagerService.grantRuntimePermission(PermissionManagerService.java:551)
	at android.permission.PermissionManager.grantRuntimePermission(PermissionManager.java:609)
	at com.android.server.pm.PackageManagerShellCommand.runGrantRevokePermission(PackageManagerShellCommand.java:2672)
	at com.android.server.pm.PackageManagerShellCommand.onCommand(PackageManagerShellCommand.java:291)
	at com.android.modules.utils.BasicShellCommandHandler.exec(BasicShellCommandHandler.java:97)
	at android.os.ShellCommand.exec(ShellCommand.java:38)
	at com.android.server.pm.PackageManagerService$IPackageManagerImpl.onShellCommand(PackageManagerService.java:6350)
	at android.os.Binder.shellCommand(Binder.java:1068)
	at android.os.Binder.onTransact(Binder.java:888)
	at android.content.pm.IPackageManager$Stub.onTransact(IPackageManager.java:4352)
	at com.android.server.pm.PackageManagerService$IPackageManagerImpl.onTransact(PackageManagerService.java:6334)
	at android.os.Binder.execTransactInternal(Binder.java:1344)
	at android.os.Binder.execTransact(Binder.java:1275)

14:47:53.544 [DEBUG] maestro.Maestro.setPermissionInternal: Failed to set permission com.huawei.android.launcher.permission.CHANGE_BADGE for app fi.iwa.sakani: shell command failed (exit -1): 
Exception occurred while executing 'grant':
java.lang.IllegalArgumentException: Unknown permission: com.huawei.android.launcher.permission.CHANGE_BADGE
	at com.android.server.pm.permission.PermissionManagerServiceImpl.grantRuntimePermissionInternal(PermissionManagerServiceImpl.java:1380)
	at com.android.server.pm.permission.PermissionManagerServiceImpl.grantRuntimePermission(PermissionManagerServiceImpl.java:1337)
	at com.android.server.pm.permission.PermissionManagerService.grantRuntimePermission(PermissionManagerService.java:551)
	at android.permission.PermissionManager.grantRuntimePermission(PermissionManager.java:609)
	at com.android.server.pm.PackageManagerShellCommand.runGrantRevokePermission(PackageManagerShellCommand.java:2672)
	at com.android.server.pm.PackageManagerShellCommand.onCommand(PackageManagerShellCommand.java:291)
	at com.android.modules.utils.BasicShellCommandHandler.exec(BasicShellCommandHandler.java:97)
	at android.os.ShellCommand.exec(ShellCommand.java:38)
	at com.android.server.pm.PackageManagerService$IPackageManagerImpl.onShellCommand(PackageManagerService.java:6350)
	at android.os.Binder.shellCommand(Binder.java:1068)
	at android.os.Binder.onTransact(Binder.java:888)
	at android.content.pm.IPackageManager$Stub.onTransact(IPackageManager.java:4352)
	at com.android.server.pm.PackageManagerService$IPackageManagerImpl.onTransact(PackageManagerService.java:6334)
	at android.os.Binder.execTransactInternal(Binder.java:1344)
	at android.os.Binder.execTransact(Binder.java:1275)

14:47:53.565 [DEBUG] maestro.Maestro.setPermissionInternal: Failed to set permission com.huawei.android.launcher.permission.READ_SETTINGS for app fi.iwa.sakani: shell command failed (exit -1): 
Exception occurred while executing 'grant':
java.lang.IllegalArgumentException: Unknown permission: com.huawei.android.launcher.permission.READ_SETTINGS
	at com.android.server.pm.permission.PermissionManagerServiceImpl.grantRuntimePermissionInternal(PermissionManagerServiceImpl.java:1380)
	at com.android.server.pm.permission.PermissionManagerServiceImpl.grantRuntimePermission(PermissionManagerServiceImpl.java:1337)
	at com.android.server.pm.permission.PermissionManagerService.grantRuntimePermission(PermissionManagerService.java:551)
	at android.permission.PermissionManager.grantRuntimePermission(PermissionManager.java:609)
	at com.android.server.pm.PackageManagerShellCommand.runGrantRevokePermission(PackageManagerShellCommand.java:2672)
	at com.android.server.pm.PackageManagerShellCommand.onCommand(PackageManagerShellCommand.java:291)
	at com.android.modules.utils.BasicShellCommandHandler.exec(BasicShellCommandHandler.java:97)
	at android.os.ShellCommand.exec(ShellCommand.java:38)
	at com.android.server.pm.PackageManagerService$IPackageManagerImpl.onShellCommand(PackageManagerService.java:6350)
	at android.os.Binder.shellCommand(Binder.java:1068)
	at android.os.Binder.onTransact(Binder.java:888)
	at android.content.pm.IPackageManager$Stub.onTransact(IPackageManager.java:4352)
	at com.android.server.pm.PackageManagerService$IPackageManagerImpl.onTransact(PackageManagerService.java:6334)
	at android.os.Binder.execTransactInternal(Binder.java:1344)
	at android.os.Binder.execTransact(Binder.java:1275)

14:47:53.585 [DEBUG] maestro.Maestro.setPermissionInternal: Failed to set permission com.huawei.android.launcher.permission.WRITE_SETTINGS for app fi.iwa.sakani: shell command failed (exit -1): 
Exception occurred while executing 'grant':
java.lang.IllegalArgumentException: Unknown permission: com.huawei.android.launcher.permission.WRITE_SETTINGS
	at com.android.server.pm.permission.PermissionManagerServiceImpl.grantRuntimePermissionInternal(PermissionManagerServiceImpl.java:1380)
	at com.android.server.pm.permission.PermissionManagerServiceImpl.grantRuntimePermission(PermissionManagerServiceImpl.java:1337)
	at com.android.server.pm.permission.PermissionManagerService.grantRuntimePermission(PermissionManagerService.java:551)
	at android.permission.PermissionManager.grantRuntimePermission(PermissionManager.java:609)
	at com.android.server.pm.PackageManagerShellCommand.runGrantRevokePermission(PackageManagerShellCommand.java:2672)
	at com.android.server.pm.PackageManagerShellCommand.onCommand(PackageManagerShellCommand.java:291)
	at com.android.modules.utils.BasicShellCommandHandler.exec(BasicShellCommandHandler.java:97)
	at android.os.ShellCommand.exec(ShellCommand.java:38)
	at com.android.server.pm.PackageManagerService$IPackageManagerImpl.onShellCommand(PackageManagerService.java:6350)
	at android.os.Binder.shellCommand(Binder.java:1068)
	at android.os.Binder.onTransact(Binder.java:888)
	at android.content.pm.IPackageManager$Stub.onTransact(IPackageManager.java:4352)
	at com.android.server.pm.PackageManagerService$IPackageManagerImpl.onTransact(PackageManagerService.java:6334)
	at android.os.Binder.execTransactInternal(Binder.java:1344)
	at android.os.Binder.execTransact(Binder.java:1275)

14:47:53.603 [DEBUG] maestro.Maestro.setPermissionInternal: Failed to set permission android.permission.READ_APP_BADGE for app fi.iwa.sakani: shell command failed (exit -1): 
Exception occurred while executing 'grant':
java.lang.IllegalArgumentException: Unknown permission: android.permission.READ_APP_BADGE
	at com.android.server.pm.permission.PermissionManagerServiceImpl.grantRuntimePermissionInternal(PermissionManagerServiceImpl.java:1380)
	at com.android.server.pm.permission.PermissionManagerServiceImpl.grantRuntimePermission(PermissionManagerServiceImpl.java:1337)
	at com.android.server.pm.permission.PermissionManagerService.grantRuntimePermission(PermissionManagerService.java:551)
	at android.permission.PermissionManager.grantRuntimePermission(PermissionManager.java:609)
	at com.android.server.pm.PackageManagerShellCommand.runGrantRevokePermission(PackageManagerShellCommand.java:2672)
	at com.android.server.pm.PackageManagerShellCommand.onCommand(PackageManagerShellCommand.java:291)
	at com.android.modules.utils.BasicShellCommandHandler.exec(BasicShellCommandHandler.java:97)
	at android.os.ShellCommand.exec(ShellCommand.java:38)
	at com.android.server.pm.PackageManagerService$IPackageManagerImpl.onShellCommand(PackageManagerService.java:6350)
	at android.os.Binder.shellCommand(Binder.java:1068)
	at android.os.Binder.onTransact(Binder.java:888)
	at android.content.pm.IPackageManager$Stub.onTransact(IPackageManager.java:4352)
	at com.android.server.pm.PackageManagerService$IPackageManagerImpl.onTransact(PackageManagerService.java:6334)
	at android.os.Binder.execTransactInternal(Binder.java:1344)
	at android.os.Binder.execTransact(Binder.java:1275)

14:47:53.624 [DEBUG] maestro.Maestro.setPermissionInternal: Failed to set permission com.oppo.launcher.permission.READ_SETTINGS for app fi.iwa.sakani: shell command failed (exit -1): 
Exception occurred while executing 'grant':
java.lang.IllegalArgumentException: Unknown permission: com.oppo.launcher.permission.READ_SETTINGS
	at com.android.server.pm.permission.PermissionManagerServiceImpl.grantRuntimePermissionInternal(PermissionManagerServiceImpl.java:1380)
	at com.android.server.pm.permission.PermissionManagerServiceImpl.grantRuntimePermission(PermissionManagerServiceImpl.java:1337)
	at com.android.server.pm.permission.PermissionManagerService.grantRuntimePermission(PermissionManagerService.java:551)
	at android.permission.PermissionManager.grantRuntimePermission(PermissionManager.java:609)
	at com.android.server.pm.PackageManagerShellCommand.runGrantRevokePermission(PackageManagerShellCommand.java:2672)
	at com.android.server.pm.PackageManagerShellCommand.onCommand(PackageManagerShellCommand.java:291)
	at com.android.modules.utils.BasicShellCommandHandler.exec(BasicShellCommandHandler.java:97)
	at android.os.ShellCommand.exec(ShellCommand.java:38)
	at com.android.server.pm.PackageManagerService$IPackageManagerImpl.onShellCommand(PackageManagerService.java:6350)
	at android.os.Binder.shellCommand(Binder.java:1068)
	at android.os.Binder.onTransact(Binder.java:888)
	at android.content.pm.IPackageManager$Stub.onTransact(IPackageManager.java:4352)
	at com.android.server.pm.PackageManagerService$IPackageManagerImpl.onTransact(PackageManagerService.java:6334)
	at android.os.Binder.execTransactInternal(Binder.java:1344)
	at android.os.Binder.execTransact(Binder.java:1275)

14:47:53.645 [DEBUG] maestro.Maestro.setPermissionInternal: Failed to set permission com.oppo.launcher.permission.WRITE_SETTINGS for app fi.iwa.sakani: shell command failed (exit -1): 
Exception occurred while executing 'grant':
java.lang.IllegalArgumentException: Unknown permission: com.oppo.launcher.permission.WRITE_SETTINGS
	at com.android.server.pm.permission.PermissionManagerServiceImpl.grantRuntimePermissionInternal(PermissionManagerServiceImpl.java:1380)
	at com.android.server.pm.permission.PermissionManagerServiceImpl.grantRuntimePermission(PermissionManagerServiceImpl.java:1337)
	at com.android.server.pm.permission.PermissionManagerService.grantRuntimePermission(PermissionManagerService.java:551)
	at android.permission.PermissionManager.grantRuntimePermission(PermissionManager.java:609)
	at com.android.server.pm.PackageManagerShellCommand.runGrantRevokePermission(PackageManagerShellCommand.java:2672)
	at com.android.server.pm.PackageManagerShellCommand.onCommand(PackageManagerShellCommand.java:291)
	at com.android.modules.utils.BasicShellCommandHandler.exec(BasicShellCommandHandler.java:97)
	at android.os.ShellCommand.exec(ShellCommand.java:38)
	at com.android.server.pm.PackageManagerService$IPackageManagerImpl.onShellCommand(PackageManagerService.java:6350)
	at android.os.Binder.shellCommand(Binder.java:1068)
	at android.os.Binder.onTransact(Binder.java:888)
	at android.content.pm.IPackageManager$Stub.onTransact(IPackageManager.java:4352)
	at com.android.server.pm.PackageManagerService$IPackageManagerImpl.onTransact(PackageManagerService.java:6334)
	at android.os.Binder.execTransactInternal(Binder.java:1344)
	at android.os.Binder.execTransact(Binder.java:1275)

14:47:53.668 [DEBUG] maestro.Maestro.setPermissionInternal: Failed to set permission me.everything.badger.permission.BADGE_COUNT_READ for app fi.iwa.sakani: shell command failed (exit -1): 
Exception occurred while executing 'grant':
java.lang.IllegalArgumentException: Unknown permission: me.everything.badger.permission.BADGE_COUNT_READ
	at com.android.server.pm.permission.PermissionManagerServiceImpl.grantRuntimePermissionInternal(PermissionManagerServiceImpl.java:1380)
	at com.android.server.pm.permission.PermissionManagerServiceImpl.grantRuntimePermission(PermissionManagerServiceImpl.java:1337)
	at com.android.server.pm.permission.PermissionManagerService.grantRuntimePermission(PermissionManagerService.java:551)
	at android.permission.PermissionManager.grantRuntimePermission(PermissionManager.java:609)
	at com.android.server.pm.PackageManagerShellCommand.runGrantRevokePermission(PackageManagerShellCommand.java:2672)
	at com.android.server.pm.PackageManagerShellCommand.onCommand(PackageManagerShellCommand.java:291)
	at com.android.modules.utils.BasicShellCommandHandler.exec(BasicShellCommandHandler.java:97)
	at android.os.ShellCommand.exec(ShellCommand.java:38)
	at com.android.server.pm.PackageManagerService$IPackageManagerImpl.onShellCommand(PackageManagerService.java:6350)
	at android.os.Binder.shellCommand(Binder.java:1068)
	at android.os.Binder.onTransact(Binder.java:888)
	at android.content.pm.IPackageManager$Stub.onTransact(IPackageManager.java:4352)
	at com.android.server.pm.PackageManagerService$IPackageManagerImpl.onTransact(PackageManagerService.java:6334)
	at android.os.Binder.execTransactInternal(Binder.java:1344)
	at android.os.Binder.execTransact(Binder.java:1275)

14:47:53.686 [DEBUG] maestro.Maestro.setPermissionInternal: Failed to set permission me.everything.badger.permission.BADGE_COUNT_WRITE for app fi.iwa.sakani: shell command failed (exit -1): 
Exception occurred while executing 'grant':
java.lang.IllegalArgumentException: Unknown permission: me.everything.badger.permission.BADGE_COUNT_WRITE
	at com.android.server.pm.permission.PermissionManagerServiceImpl.grantRuntimePermissionInternal(PermissionManagerServiceImpl.java:1380)
	at com.android.server.pm.permission.PermissionManagerServiceImpl.grantRuntimePermission(PermissionManagerServiceImpl.java:1337)
	at com.android.server.pm.permission.PermissionManagerService.grantRuntimePermission(PermissionManagerService.java:551)
	at android.permission.PermissionManager.grantRuntimePermission(PermissionManager.java:609)
	at com.android.server.pm.PackageManagerShellCommand.runGrantRevokePermission(PackageManagerShellCommand.java:2672)
	at com.android.server.pm.PackageManagerShellCommand.onCommand(PackageManagerShellCommand.java:291)
	at com.android.modules.utils.BasicShellCommandHandler.exec(BasicShellCommandHandler.java:97)
	at android.os.ShellCommand.exec(ShellCommand.java:38)
	at com.android.server.pm.PackageManagerService$IPackageManagerImpl.onShellCommand(PackageManagerService.java:6350)
	at android.os.Binder.shellCommand(Binder.java:1068)
	at android.os.Binder.onTransact(Binder.java:888)
	at android.content.pm.IPackageManager$Stub.onTransact(IPackageManager.java:4352)
	at com.android.server.pm.PackageManagerService$IPackageManagerImpl.onTransact(PackageManagerService.java:6334)
	at android.os.Binder.execTransactInternal(Binder.java:1344)
	at android.os.Binder.execTransact(Binder.java:1275)

14:47:53.831 [ INFO] maestro.Maestro.launchApp$lambda$5: Launching app fi.iwa.sakani
14:47:53.831 [ INFO] maestro.Maestro.launchApp$lambda$5: Stopping fi.iwa.sakani app during launch
14:47:53.912 [ INFO] maestro.cli.runner.MaestroCommandRunner.runCommands$lambda$2: Launch app "fi.iwa.sakani" with clear state COMPLETED
14:47:56.087 [ INFO] maestro.cli.runner.MaestroCommandRunner.runCommands$lambda$0: Run subflows/login.yaml RUNNING
14:47:56.187 [ERROR] maestro.cli.session.MaestroSessionManager.newSession$lambda$0: Failed to record heartbeat
java.io.IOException: The process cannot access the file because another process has locked a portion of the file
	at java.base/java.io.FileOutputStream.writeBytes(Native Method)
	at java.base/java.io.FileOutputStream.write(FileOutputStream.java:332)
	at kotlin.io.FilesKt__FileReadWriteKt.writeTextImpl(FileReadWrite.kt:160)
	at kotlin.io.FilesKt__FileReadWriteKt.writeText(FileReadWrite.kt:145)
	at kotlin.io.FilesKt__FileReadWriteKt.writeText$default(FileReadWrite.kt:144)
	at maestro.cli.db.KeyValueStore.commit(KeyValueStore.kt:50)
	at maestro.cli.db.KeyValueStore.set$lambda$3$lambda$2(KeyValueStore.kt:23)
	at maestro.cli.db.KeyValueStore.withFileLock(KeyValueStore.kt:62)
	at maestro.cli.db.KeyValueStore.set(KeyValueStore.kt:20)
	at maestro.cli.session.SessionStore.heartbeat(SessionStore.kt:12)
	at maestro.cli.session.MaestroSessionManager.newSession$lambda$0(MaestroSessionManager.kt:98)
	at java.base/java.util.concurrent.Executors$RunnableAdapter.call(Executors.java:545)
	at java.base/java.util.concurrent.FutureTask.runAndReset(FutureTask.java:371)
	at java.base/java.util.concurrent.ScheduledThreadPoolExecutor$ScheduledFutureTask.run(ScheduledThreadPoolExecutor.java:310)
	at java.base/java.util.concurrent.ThreadPoolExecutor.runWorker(ThreadPoolExecutor.java:1090)
	at java.base/java.util.concurrent.ThreadPoolExecutor$Worker.run(ThreadPoolExecutor.java:614)
	at java.base/java.lang.Thread.run(Thread.java:1516)
14:47:58.418 [ INFO] maestro.cli.runner.MaestroCommandRunner.runCommands$lambda$11: Run subflows/login.yaml metadata CommandMetadata(numberOfRuns=null, evaluatedCommand=MaestroCommand(runFlowCommand=RunFlowCommand(commands=[MaestroCommand(defineVariablesCommand=DefineVariablesCommand(env={NATIONAL_ID=${NATIONAL_ID}}, label=null, optional=false)), MaestroCommand(applyConfigurationCommand=ApplyConfigurationCommand(config=MaestroConfig(appId=fi.iwa.sakani, name=Login with National ID, tags=[], ext={}, onFlowStart=null, onFlowComplete=null, properties={}), label=null, optional=false)), MaestroCommand(assertConditionCommand=AssertConditionCommand(condition=Condition(platform=null, visible=null, notVisible=null, scriptCondition=${typeof NATIONAL_ID !== "undefined" && String(NATIONAL_ID).length === 10 && !/[^0-9]/.test(String(NATIONAL_ID)) && (String(NATIONAL_ID).charAt(0) === "1" || String(NATIONAL_ID).charAt(0) === "2")}, label=null), timeout=null, label=null, optional=false)), MaestroCommand(runFlowCommand=RunFlowCommand(commands=[MaestroCommand(defineVariablesCommand=DefineVariablesCommand(env={ANCHOR=(?s).*Login / Sign up.*}, label=null, optional=false)), MaestroCommand(applyConfigurationCommand=ApplyConfigurationCommand(config=MaestroConfig(appId=fi.iwa.sakani, name=Clear first-run and promo overlays, tags=[], ext={}, onFlowStart=null, onFlowComplete=null, properties={}), label=null, optional=false)), MaestroCommand(repeatCommand=RepeatCommand(times=20, condition=Condition(platform=null, visible=null, notVisible=ElementSelector(textRegex=${ANCHOR}, idRegex=null, size=null, below=null, above=null, leftOf=null, rightOf=null, containsChild=null, containsDescendants=null, traits=null, index=null, enabled=null, optional=false, selected=null, checked=null, focused=null, childOf=null, css=null), scriptCondition=null, label=null), commands=[MaestroCommand(runFlowCommand=RunFlowCommand(commands=[MaestroCommand(tapOnElementCommand=TapOnElementCommand(selector=ElementSelector(textRegex=Don.t allow, idRegex=null, size=null, below=null, above=null, leftOf=null, rightOf=null, containsChild=null, containsDescendants=null, traits=null, index=null, enabled=null, optional=false, selected=null, checked=null, focused=null, childOf=null, css=null), retryIfNoChange=false, waitUntilVisible=false, longPress=false, repeat=null, waitToSettleTimeoutMs=null, relativePoint=null, label=null, optional=false)), MaestroCommand(waitForAnimationToEndCommand=WaitForAnimationToEndCommand(timeout=3000, label=null, optional=false))], condition=Condition(platform=null, visible=ElementSelector(textRegex=Don.t allow, idRegex=null, size=null, below=null, above=null, leftOf=null, rightOf=null, containsChild=null, containsDescendants=null, traits=null, index=null, enabled=null, optional=false, selected=null, checked=null, focused=null, childOf=null, css=null), notVisible=null, scriptCondition=null, label=null), sourceDescription=null, config=null, label=null, optional=false)), MaestroCommand(runFlowCommand=RunFlowCommand(commands=[MaestroCommand(tapOnElementCommand=TapOnElementCommand(selector=ElementSelector(textRegex=Skip, idRegex=null, size=null, below=null, above=null, leftOf=null, rightOf=null, containsChild=null, containsDescendants=null, traits=null, index=null, enabled=null, optional=false, selected=null, checked=null, focused=null, childOf=null, css=null), retryIfNoChange=false, waitUntilVisible=false, longPress=false, repeat=null, waitToSettleTimeoutMs=null, relativePoint=null, label=null, optional=false)), MaestroCommand(waitForAnimationToEndCommand=WaitForAnimationToEndCommand(timeout=3000, label=null, optional=false))], condition=Condition(platform=null, visible=ElementSelector(textRegex=Skip, idRegex=null, size=null, below=null, above=null, leftOf=null, rightOf=null, containsChild=null, containsDescendants=null, traits=null, index=null, enabled=null, optional=false, selected=null, checked=null, focused=null, childOf=null, css=null), notVisible=null, scriptCondition=null, label=null), sourceDescription=null, config=null, label=null, optional=false)), MaestroCommand(runFlowCommand=RunFlowCommand(commands=[MaestroCommand(tapOnElementCommand=TapOnElementCommand(selector=ElementSelector(textRegex=Dismiss, idRegex=null, size=null, below=null, above=null, leftOf=null, rightOf=null, containsChild=null, containsDescendants=null, traits=null, index=null, enabled=null, optional=false, selected=null, checked=null, focused=null, childOf=null, css=null), retryIfNoChange=false, waitUntilVisible=false, longPress=false, repeat=null, waitToSettleTimeoutMs=null, relativePoint=null, label=null, optional=false)), MaestroCommand(waitForAnimationToEndCommand=WaitForAnimationToEndCommand(timeout=3000, label=null, optional=false))], condition=Condition(platform=null, visible=ElementSelector(textRegex=Dismiss, idRegex=null, size=null, below=null, above=null, leftOf=null, rightOf=null, containsChild=null, containsDescendants=null, traits=null, index=null, enabled=null, optional=false, selected=null, checked=null, focused=null, childOf=null, css=null), notVisible=null, scriptCondition=null, label=null), sourceDescription=null, config=null, label=null, optional=false)), MaestroCommand(runFlowCommand=RunFlowCommand(commands=[MaestroCommand(runFlowCommand=RunFlowCommand(commands=[MaestroCommand(evalScriptCommand=EvalScriptCommand(scriptString=${console.log('CLEAR-OVERLAYS OK-HANDLER: dismissing the ERROR dialog (there is something wrong / please try again later). If this line sits after a reservation, payment or signature step, the business outcome MUST be re-read from the product records before the run is called green.')}, label=null, optional=false))], condition=Condition(platform=null, visible=ElementSelector(textRegex=There's something wrong. Please try again later!, idRegex=null, size=null, below=null, above=null, leftOf=null, rightOf=null, containsChild=null, containsDescendants=null, traits=null, index=null, enabled=null, optional=false, selected=null, checked=null, focused=null, childOf=null, css=null), notVisible=null, scriptCondition=null, label=null), sourceDescription=null, config=null, label=null, optional=false)), MaestroCommand(evalScriptCommand=EvalScriptCommand(scriptString=${console.log('CLEAR-OVERLAYS OK-HANDLER: tapping Ok')}, label=null, optional=false)), MaestroCommand(tapOnElementCommand=TapOnElementCommand(selector=ElementSelector(textRegex=Ok, idRegex=null, size=null, below=null, above=null, leftOf=null, rightOf=null, containsChild=null, containsDescendants=null, traits=null, index=null, enabled=null, optional=false, selected=null, checked=null, focused=null, childOf=null, css=null), retryIfNoChange=false, waitUntilVisible=false, longPress=false, repeat=null, waitToSettleTimeoutMs=null, relativePoint=null, label=null, optional=false)), MaestroCommand(waitForAnimationToEndCommand=WaitForAnimationToEndCommand(timeout=3000, label=null, optional=false))], condition=Condition(platform=null, visible=ElementSelector(textRegex=Ok, idRegex=null, size=null, below=null, above=null, leftOf=null, rightOf=null, containsChild=null, containsDescendants=null, traits=null, index=null, enabled=null, optional=false, selected=null, checked=null, focused=null, childOf=null, css=null), notVisible=null, scriptCondition=null, label=null), sourceDescription=null, config=null, label=null, optional=false)), MaestroCommand(runFlowCommand=RunFlowCommand(commands=[MaestroCommand(backPressCommand=BackPressCommand()), MaestroCommand(waitForAnimationToEndCommand=WaitForAnimationToEndCommand(timeout=3000, label=null, optional=false))], condition=Condition(platform=null, visible=ElementSelector(textRegex=Marketplace Day, idRegex=null, size=null, below=null, above=null, leftOf=null, rightOf=null, containsChild=null, containsDescendants=null, traits=null, index=null, enabled=null, optional=false, selected=null, checked=null, focused=null, childOf=null, css=null), notVisible=null, scriptCondition=null, label=null), sourceDescription=null, config=null, label=null, optional=false)), MaestroCommand(runFlowCommand=RunFlowCommand(commands=[MaestroCommand(backPressCommand=BackPressCommand()), MaestroCommand(waitForAnimationToEndCommand=WaitForAnimationToEndCommand(timeout=3000, label=null, optional=false))], condition=Condition(platform=null, visible=ElementSelector(textRegex=Start comparing properties, idRegex=null, size=null, below=null, above=null, leftOf=null, rightOf=null, containsChild=null, containsDescendants=null, traits=null, index=null, enabled=null, optional=false, selected=null, checked=null, focused=null, childOf=null, css=null), notVisible=null, scriptCondition=null, label=null), sourceDescription=null, config=null, label=null, optional=false)), MaestroCommand(runFlowCommand=RunFlowCommand(commands=[MaestroCommand(backPressCommand=BackPressCommand()), MaestroCommand(waitForAnimationToEndCommand=WaitForAnimationToEndCommand(timeout=3000, label=null, optional=false))], condition=Condition(platform=null, visible=ElementSelector(textRegex=Go to the weekly (offer|deal), idRegex=null, size=null, below=null, above=null, leftOf=null, rightOf=null, containsChild=null, containsDescendants=null, traits=null, index=null, enabled=null, optional=false, selected=null, checked=null, focused=null, childOf=null, css=null), notVisible=null, scriptCondition=null, label=null), sourceDescription=null, config=null, label=null, optional=false)), MaestroCommand(runFlowCommand=RunFlowCommand(commands=[MaestroCommand(backPressCommand=BackPressCommand()), MaestroCommand(waitForAnimationToEndCommand=WaitForAnimationToEndCommand(timeout=3000, label=null, optional=false))], condition=Condition(platform=null, visible=ElementSelector(textRegex=Update email, idRegex=null, size=null, below=null, above=null, leftOf=null, rightOf=null, containsChild=null, containsDescendants=null, traits=null, index=null, enabled=null, optional=false, selected=null, checked=null, focused=null, childOf=null, css=null), notVisible=null, scriptCondition=null, label=null), sourceDescription=null, config=null, label=null, optional=false)), MaestroCommand(runFlowCommand=RunFlowCommand(commands=[MaestroCommand(tapOnPointV2Command=TapOnPointV2Command(point=7%,9%, retryIfNoChange=false, longPress=false, repeat=null, waitToSettleTimeoutMs=null, label=null, optional=false)), MaestroCommand(waitForAnimationToEndCommand=WaitForAnimationToEndCommand(timeout=4000, label=null, optional=false))], condition=Condition(platform=null, visible=ElementSelector(textRegex=Number and Email Already Linked, idRegex=null, size=null, below=null, above=null, leftOf=null, rightOf=null, containsChild=null, containsDescendants=null, traits=null, index=null, enabled=null, optional=false, selected=null, checked=null, focused=null, childOf=null, css=null), notVisible=null, scriptCondition=null, label=null), sourceDescription=null, config=null, label=null, optional=false)), MaestroCommand(runFlowCommand=RunFlowCommand(commands=[MaestroCommand(runFlowCommand=RunFlowCommand(commands=[MaestroCommand(swipeCommand=SwipeCommand(direction=null, startPoint=null, endPoint=null, elementSelector=null, startRelative=50%,58%, endRelative=50%,99%, duration=400, waitToSettleTimeoutMs=null, relativePoint=null, label=null, optional=false)), MaestroCommand(waitForAnimationToEndCommand=WaitForAnimationToEndCommand(timeout=4000, label=null, optional=false))], condition=Condition(platform=null, visible=null, notVisible=ElementSelector(textRegex=(?s)(.*There.s something wrong.*|.*the service is down.*|Error!), idRegex=null, size=null, below=null, above=null, leftOf=null, rightOf=null, containsChild=null, containsDescendants=null, traits=null, index=null, enabled=null, optional=false, selected=null, checked=null, focused=null, childOf=null, css=null), scriptCondition=null, label=null), sourceDescription=null, config=null, label=null, optional=false))], condition=Condition(platform=null, visible=ElementSelector(textRegex=(?s).*would you recommend benefiting from Sakani.*, idRegex=null, size=null, below=null, above=null, leftOf=null, rightOf=null, containsChild=null, containsDescendants=null, traits=null, index=null, enabled=null, optional=false, selected=null, checked=null, focused=null, childOf=null, css=null), notVisible=null, scriptCondition=null, label=null), sourceDescription=null, config=null, label=null, optional=false)), MaestroCommand(runFlowCommand=RunFlowCommand(commands=[MaestroCommand(tapOnElementCommand=TapOnElementCommand(selector=ElementSelector(textRegex=Maybe Later, idRegex=null, size=null, below=null, above=null, leftOf=null, rightOf=null, containsChild=null, containsDescendants=null, traits=null, index=null, enabled=null, optional=false, selected=null, checked=null, focused=null, childOf=null, css=null), retryIfNoChange=false, waitUntilVisible=false, longPress=false, repeat=null, waitToSettleTimeoutMs=null, relativePoint=null, label=null, optional=false)), MaestroCommand(waitForAnimationToEndCommand=WaitForAnimationToEndCommand(timeout=3000, label=null, optional=false))], condition=Condition(platform=null, visible=ElementSelector(textRegex=Maybe Later, idRegex=null, size=null, below=null, above=null, leftOf=null, rightOf=null, containsChild=null, containsDescendants=null, traits=null, index=null, enabled=null, optional=false, selected=null, checked=null, focused=null, childOf=null, css=null), notVisible=null, scriptCondition=null, label=null), sourceDescription=null, config=null, label=null, optional=false)), MaestroCommand(runFlowCommand=RunFlowCommand(commands=[MaestroCommand(tapOnElementCommand=TapOnElementCommand(selector=ElementSelector(textRegex=Reject cookies, idRegex=null, size=null, below=null, above=null, leftOf=null, rightOf=null, containsChild=null, containsDescendants=null, traits=null, index=null, enabled=null, optional=false, selected=null, checked=null, focused=null, childOf=null, css=null), retryIfNoChange=false, waitUntilVisible=false, longPress=false, repeat=null, waitToSettleTimeoutMs=null, relativePoint=null, label=null, optional=false)), MaestroCommand(waitForAnimationToEndCommand=WaitForAnimationToEndCommand(timeout=4000, label=null, optional=false))], condition=Condition(platform=null, visible=ElementSelector(textRegex=Reject cookies, idRegex=null, size=null, below=null, above=null, leftOf=null, rightOf=null, containsChild=null, containsDescendants=null, traits=null, index=null, enabled=null, optional=false, selected=null, checked=null, focused=null, childOf=null, css=null), notVisible=null, scriptCondition=null, label=null), sourceDescription=null, config=null, label=null, optional=false)), MaestroCommand(runFlowCommand=RunFlowCommand(commands=[MaestroCommand(waitForAnimationToEndCommand=WaitForAnimationToEndCommand(timeout=5000, label=null, optional=false))], condition=Condition(platform=null, visible=null, notVisible=ElementSelector(textRegex=${ANCHOR}, idRegex=null, size=null, below=null, above=null, leftOf=null, rightOf=null, containsChild=null, containsDescendants=null, traits=null, index=null, enabled=null, optional=false, selected=null, checked=null, focused=null, childOf=null, css=null), scriptCondition=null, label=null), sourceDescription=null, config=null, label=null, optional=false))], label=null, optional=false)), MaestroCommand(repeatCommand=RepeatCommand(times=3, condition=Condition(platform=null, visible=ElementSelector(textRegex=(?s).*would you recommend benefiting from Sakani.*, idRegex=null, size=null, below=null, above=null, leftOf=null, rightOf=null, containsChild=null, containsDescendants=null, traits=null, index=null, enabled=null, optional=false, selected=null, checked=null, focused=null, childOf=null, css=null), notVisible=null, scriptCondition=null, label=null), commands=[MaestroCommand(runFlowCommand=RunFlowCommand(commands=[MaestroCommand(swipeCommand=SwipeCommand(direction=null, startPoint=null, endPoint=null, elementSelector=null, startRelative=50%,58%, endRelative=50%,99%, duration=400, waitToSettleTimeoutMs=null, relativePoint=null, label=null, optional=false)), MaestroCommand(waitForAnimationToEndCommand=WaitForAnimationToEndCommand(timeout=4000, label=null, optional=false))], condition=Condition(platform=null, visible=null, notVisible=ElementSelector(textRegex=(?s)(.*There.s something wrong.*|.*the service is down.*|Error!), idRegex=null, size=null, below=null, above=null, leftOf=null, rightOf=null, containsChild=null, containsDescendants=null, traits=null, index=null, enabled=null, optional=false, selected=null, checked=null, focused=null, childOf=null, css=null), scriptCondition=null, label=null), sourceDescription=null, config=null, label=null, optional=false))], label=null, optional=false)), MaestroCommand(assertConditionCommand=AssertConditionCommand(condition=Condition(platform=null, visible=null, notVisible=ElementSelector(textRegex=(?s).*would you recommend benefiting from Sakani.*, idRegex=null, size=null, below=null, above=null, leftOf=null, rightOf=null, containsChild=null, containsDescendants=null, traits=null, index=null, enabled=null, optional=false, selected=null, checked=null, focused=null, childOf=null, css=null), scriptCondition=null, label=null), timeout=null, label=null, optional=false)), MaestroCommand(runFlowCommand=RunFlowCommand(commands=[MaestroCommand(assertConditionCommand=AssertConditionCommand(condition=Condition(platform=null, visible=ElementSelector(textRegex=${ANCHOR}, idRegex=null, size=null, below=null, above=null, leftOf=null, rightOf=null, containsChild=null, containsDescendants=null, traits=null, index=null, enabled=null, optional=false, selected=null, checked=null, focused=null, childOf=null, css=null), notVisible=null, scriptCondition=null, label=null), timeout=120000, label=null, optional=false))], condition=Condition(platform=null, visible=null, notVisible=null, scriptCondition=${output.anchorOptional !== true}, label=null), sourceDescription=null, config=null, label=null, optional=false))], condition=null, sourceDescription=clear-overlays.yaml, config=MaestroConfig(appId=fi.iwa.sakani, name=Clear first-run and promo overlays, tags=[], ext={}, onFlowStart=null, onFlowComplete=null, properties={}), label=null, optional=false)), MaestroCommand(assertConditionCommand=AssertConditionCommand(condition=Condition(platform=null, visible=ElementSelector(textRegex=(?s).*Login / Sign up.*, idRegex=null, size=null, below=null, above=null, leftOf=null, rightOf=null, containsChild=null, containsDescendants=null, traits=null, index=null, enabled=null, optional=false, selected=null, checked=null, focused=null, childOf=null, css=null), notVisible=null, scriptCondition=null, label=null), timeout=120000, label=null, optional=false)), MaestroCommand(tapOnElementCommand=TapOnElementCommand(selector=ElementSelector(textRegex=(?s).*Login / Sign up.*, idRegex=null, size=null, below=null, above=null, leftOf=null, rightOf=null, containsChild=null, containsDescendants=null, traits=null, index=null, enabled=null, optional=false, selected=null, checked=null, focused=null, childOf=null, css=null), retryIfNoChange=false, waitUntilVisible=false, longPress=false, repeat=null, waitToSettleTimeoutMs=null, relativePoint=null, label=null, optional=false)), MaestroCommand(assertConditionCommand=AssertConditionCommand(condition=Condition(platform=null, visible=ElementSelector(textRegex=Continue with N[ae]fath, idRegex=null, size=null, below=null, above=null, leftOf=null, rightOf=null, containsChild=null, containsDescendants=null, traits=null, index=null, enabled=null, optional=false, selected=null, checked=null, focused=null, childOf=null, css=null), notVisible=null, scriptCondition=null, label=null), timeout=45000, label=null, optional=false)), MaestroCommand(tapOnElementCommand=TapOnElementCommand(selector=ElementSelector(textRegex=Enter your ID, phone number,? or email, idRegex=null, size=null, below=null, above=null, leftOf=null, rightOf=null, containsChild=null, containsDescendants=null, traits=null, index=null, enabled=null, optional=false, selected=null, checked=null, focused=null, childOf=null, css=null), retryIfNoChange=false, waitUntilVisible=false, longPress=false, repeat=null, waitToSettleTimeoutMs=null, relativePoint=null, label=null, optional=false)), MaestroCommand(inputTextCommand=InputTextCommand(text=${NATIONAL_ID}, label=null, optional=false)), MaestroCommand(assertConditionCommand=AssertConditionCommand(condition=Condition(platform=null, visible=ElementSelector(textRegex=${NATIONAL_ID}, idRegex=null, size=null, below=null, above=null, leftOf=null, rightOf=null, containsChild=null, containsDescendants=null, traits=null, index=null, enabled=null, optional=false, selected=null, checked=null, focused=null, childOf=null, css=null), notVisible=null, scriptCondition=null, label=null), timeout=null, label=null, optional=false)), MaestroCommand(tapOnElementCommand=TapOnElementCommand(selector=ElementSelector(textRegex=Continue, idRegex=null, size=null, below=null, above=null, leftOf=null, rightOf=null, containsChild=null, containsDescendants=null, traits=null, index=null, enabled=null, optional=false, selected=null, checked=null, focused=null, childOf=null, css=null), retryIfNoChange=false, waitUntilVisible=false, longPress=false, repeat=null, waitToSettleTimeoutMs=null, relativePoint=null, label=null, optional=false)), MaestroCommand(assertConditionCommand=AssertConditionCommand(condition=Condition(platform=null, visible=ElementSelector(textRegex=Login with nafath, idRegex=null, size=null, below=null, above=null, leftOf=null, rightOf=null, containsChild=null, containsDescendants=null, traits=null, index=null, enabled=null, optional=false, selected=null, checked=null, focused=null, childOf=null, css=null), notVisible=null, scriptCondition=null, label=null), timeout=45000, label=null, optional=false)), MaestroCommand(assertConditionCommand=AssertConditionCommand(condition=Condition(platform=null, visible=ElementSelector(textRegex=${NATIONAL_ID}, idRegex=null, size=null, below=null, above=null, leftOf=null, rightOf=null, containsChild=null, containsDescendants=null, traits=null, index=null, enabled=null, optional=false, selected=null, checked=null, focused=null, childOf=null, css=null), notVisible=null, scriptCondition=null, label=null), timeout=null, label=null, optional=false)), MaestroCommand(evalScriptCommand=EvalScriptCommand(scriptString=${output.loginNationalId = String(NATIONAL_ID)}, label=null, optional=false)), MaestroCommand(tapOnElementCommand=TapOnElementCommand(selector=ElementSelector(textRegex=Confirm, idRegex=null, size=null, below=null, above=null, leftOf=null, rightOf=null, containsChild=null, containsDescendants=null, traits=null, index=null, enabled=null, optional=false, selected=null, checked=null, focused=null, childOf=null, css=null), retryIfNoChange=false, waitUntilVisible=false, longPress=false, repeat=null, waitToSettleTimeoutMs=null, relativePoint=null, label=null, optional=false)), MaestroCommand(assertConditionCommand=AssertConditionCommand(condition=Condition(platform=null, visible=null, notVisible=ElementSelector(textRegex=Login with nafath, idRegex=null, size=null, below=null, above=null, leftOf=null, rightOf=null, containsChild=null, containsDescendants=null, traits=null, index=null, enabled=null, optional=false, selected=null, checked=null, focused=null, childOf=null, css=null), scriptCondition=null, label=null), timeout=90000, label=null, optional=false)), MaestroCommand(evalScriptCommand=EvalScriptCommand(scriptString=${output.anchorOptional = true}, label=null, optional=false)), MaestroCommand(runFlowCommand=RunFlowCommand(commands=[MaestroCommand(defineVariablesCommand=DefineVariablesCommand(env={ANCHOR=(?si)(Hello|Good (morning|afternoon|evening)),\s*\S.*}, label=null, optional=false)), MaestroCommand(applyConfigurationCommand=ApplyConfigurationCommand(config=MaestroConfig(appId=fi.iwa.sakani, name=Clear first-run and promo overlays, tags=[], ext={}, onFlowStart=null, onFlowComplete=null, properties={}), label=null, optional=false)), MaestroCommand(repeatCommand=RepeatCommand(times=20, condition=Condition(platform=null, visible=null, notVisible=ElementSelector(textRegex=${ANCHOR}, idRegex=null, size=null, below=null, above=null, leftOf=null, rightOf=null, containsChild=null, containsDescendants=null, traits=null, index=null, enabled=null, optional=false, selected=null, checked=null, focused=null, childOf=null, css=null), scriptCondition=null, label=null), commands=[MaestroCommand(runFlowCommand=RunFlowCommand(commands=[MaestroCommand(tapOnElementCommand=TapOnElementCommand(selector=ElementSelector(textRegex=Don.t allow, idRegex=null, size=null, below=null, above=null, leftOf=null, rightOf=null, containsChild=null, containsDescendants=null, traits=null, index=null, enabled=null, optional=false, selected=null, checked=null, focused=null, childOf=null, css=null), retryIfNoChange=false, waitUntilVisible=false, longPress=false, repeat=null, waitToSettleTimeoutMs=null, relativePoint=null, label=null, optional=false)), MaestroCommand(waitForAnimationToEndCommand=WaitForAnimationToEndCommand(timeout=3000, label=null, optional=false))], condition=Condition(platform=null, visible=ElementSelector(textRegex=Don.t allow, idRegex=null, size=null, below=null, above=null, leftOf=null, rightOf=null, containsChild=null, containsDescendants=null, traits=null, index=null, enabled=null, optional=false, selected=null, checked=null, focused=null, childOf=null, css=null), notVisible=null, scriptCondition=null, label=null), sourceDescription=null, config=null, label=null, optional=false)), MaestroCommand(runFlowCommand=RunFlowCommand(commands=[MaestroCommand(tapOnElementCommand=TapOnElementCommand(selector=ElementSelector(textRegex=Skip, idRegex=null, size=null, below=null, above=null, leftOf=null, rightOf=null, containsChild=null, containsDescendants=null, traits=null, index=null, enabled=null, optional=false, selected=null, checked=null, focused=null, childOf=null, css=null), retryIfNoChange=false, waitUntilVisible=false, longPress=false, repeat=null, waitToSettleTimeoutMs=null, relativePoint=null, label=null, optional=false)), MaestroCommand(waitForAnimationToEndCommand=WaitForAnimationToEndCommand(timeout=3000, label=null, optional=false))], condition=Condition(platform=null, visible=ElementSelector(textRegex=Skip, idRegex=null, size=null, below=null, above=null, leftOf=null, rightOf=null, containsChild=null, containsDescendants=null, traits=null, index=null, enabled=null, optional=false, selected=null, checked=null, focused=null, childOf=null, css=null), notVisible=null, scriptCondition=null, label=null), sourceDescription=null, config=null, label=null, optional=false)), MaestroCommand(runFlowCommand=RunFlowCommand(commands=[MaestroCommand(tapOnElementCommand=TapOnElementCommand(selector=ElementSelector(textRegex=Dismiss, idRegex=null, size=null, below=null, above=null, leftOf=null, rightOf=null, containsChild=null, containsDescendants=null, traits=null, index=null, enabled=null, optional=false, selected=null, checked=null, focused=null, childOf=null, css=null), retryIfNoChange=false, waitUntilVisible=false, longPress=false, repeat=null, waitToSettleTimeoutMs=null, relativePoint=null, label=null, optional=false)), MaestroCommand(waitForAnimationToEndCommand=WaitForAnimationToEndCommand(timeout=3000, label=null, optional=false))], condition=Condition(platform=null, visible=ElementSelector(textRegex=Dismiss, idRegex=null, size=null, below=null, above=null, leftOf=null, rightOf=null, containsChild=null, containsDescendants=null, traits=null, index=null, enabled=null, optional=false, selected=null, checked=null, focused=null, childOf=null, css=null), notVisible=null, scriptCondition=null, label=null), sourceDescription=null, config=null, label=null, optional=false)), MaestroCommand(runFlowCommand=RunFlowCommand(commands=[MaestroCommand(runFlowCommand=RunFlowCommand(commands=[MaestroCommand(evalScriptCommand=EvalScriptCommand(scriptString=${console.log('CLEAR-OVERLAYS OK-HANDLER: dismissing the ERROR dialog (there is something wrong / please try again later). If this line sits after a reservation, payment or signature step, the business outcome MUST be re-read from the product records before the run is called green.')}, label=null, optional=false))], condition=Condition(platform=null, visible=ElementSelector(textRegex=There's something wrong. Please try again later!, idRegex=null, size=null, below=null, above=null, leftOf=null, rightOf=null, containsChild=null, containsDescendants=null, traits=null, index=null, enabled=null, optional=false, selected=null, checked=null, focused=null, childOf=null, css=null), notVisible=null, scriptCondition=null, label=null), sourceDescription=null, config=null, label=null, optional=false)), MaestroCommand(evalScriptCommand=EvalScriptCommand(scriptString=${console.log('CLEAR-OVERLAYS OK-HANDLER: tapping Ok')}, label=null, optional=false)), MaestroCommand(tapOnElementCommand=TapOnElementCommand(selector=ElementSelector(textRegex=Ok, idRegex=null, size=null, below=null, above=null, leftOf=null, rightOf=null, containsChild=null, containsDescendants=null, traits=null, index=null, enabled=null, optional=false, selected=null, checked=null, focused=null, childOf=null, css=null), retryIfNoChange=false, waitUntilVisible=false, longPress=false, repeat=null, waitToSettleTimeoutMs=null, relativePoint=null, label=null, optional=false)), MaestroCommand(waitForAnimationToEndCommand=WaitForAnimationToEndCommand(timeout=3000, label=null, optional=false))], condition=Condition(platform=null, visible=ElementSelector(textRegex=Ok, idRegex=null, size=null, below=null, above=null, leftOf=null, rightOf=null, containsChild=null, containsDescendants=null, traits=null, index=null, enabled=null, optional=false, selected=null, checked=null, focused=null, childOf=null, css=null), notVisible=null, scriptCondition=null, label=null), sourceDescription=null, config=null, label=null, optional=false)), MaestroCommand(runFlowCommand=RunFlowCommand(commands=[MaestroCommand(backPressCommand=BackPressCommand()), MaestroCommand(waitForAnimationToEndCommand=WaitForAnimationToEndCommand(timeout=3000, label=null, optional=false))], condition=Condition(platform=null, visible=ElementSelector(textRegex=Marketplace Day, idRegex=null, size=null, below=null, above=null, leftOf=null, rightOf=null, containsChild=null, containsDescendants=null, traits=null, index=null, enabled=null, optional=false, selected=null, checked=null, focused=null, childOf=null, css=null), notVisible=null, scriptCondition=null, label=null), sourceDescription=null, config=null, label=null, optional=false)), MaestroCommand(runFlowCommand=RunFlowCommand(commands=[MaestroCommand(backPressCommand=BackPressCommand()), MaestroCommand(waitForAnimationToEndCommand=WaitForAnimationToEndCommand(timeout=3000, label=null, optional=false))], condition=Condition(platform=null, visible=ElementSelector(textRegex=Start comparing properties, idRegex=null, size=null, below=null, above=null, leftOf=null, rightOf=null, containsChild=null, containsDescendants=null, traits=null, index=null, enabled=null, optional=false, selected=null, checked=null, focused=null, childOf=null, css=null), notVisible=null, scriptCondition=null, label=null), sourceDescription=null, config=null, label=null, optional=false)), MaestroCommand(runFlowCommand=RunFlowCommand(commands=[MaestroCommand(backPressCommand=BackPressCommand()), MaestroCommand(waitForAnimationToEndCommand=WaitForAnimationToEndCommand(timeout=3000, label=null, optional=false))], condition=Condition(platform=null, visible=ElementSelector(textRegex=Go to the weekly (offer|deal), idRegex=null, size=null, below=null, above=null, leftOf=null, rightOf=null, containsChild=null, containsDescendants=null, traits=null, index=null, enabled=null, optional=false, selected=null, checked=null, focused=null, childOf=null, css=null), notVisible=null, scriptCondition=null, label=null), sourceDescription=null, config=null, label=null, optional=false)), MaestroCommand(runFlowCommand=RunFlowCommand(commands=[MaestroCommand(backPressCommand=BackPressCommand()), MaestroCommand(waitForAnimationToEndCommand=WaitForAnimationToEndCommand(timeout=3000, label=null, optional=false))], condition=Condition(platform=null, visible=ElementSelector(textRegex=Update email, idRegex=null, size=null, below=null, above=null, leftOf=null, rightOf=null, containsChild=null, containsDescendants=null, traits=null, index=null, enabled=null, optional=false, selected=null, checked=null, focused=null, childOf=null, css=null), notVisible=null, scriptCondition=null, label=null), sourceDescription=null, config=null, label=null, optional=false)), MaestroCommand(runFlowCommand=RunFlowCommand(commands=[MaestroCommand(tapOnPointV2Command=TapOnPointV2Command(point=7%,9%, retryIfNoChange=false, longPress=false, repeat=null, waitToSettleTimeoutMs=null, label=null, optional=false)), MaestroCommand(waitForAnimationToEndCommand=WaitForAnimationToEndCommand(timeout=4000, label=null, optional=false))], condition=Condition(platform=null, visible=ElementSelector(textRegex=Number and Email Already Linked, idRegex=null, size=null, below=null, above=null, leftOf=null, rightOf=null, containsChild=null, containsDescendants=null, traits=null, index=null, enabled=null, optional=false, selected=null, checked=null, focused=null, childOf=null, css=null), notVisible=null, scriptCondition=null, label=null), sourceDescription=null, config=null, label=null, optional=false)), MaestroCommand(runFlowCommand=RunFlowCommand(commands=[MaestroCommand(runFlowCommand=RunFlowCommand(commands=[MaestroCommand(swipeCommand=SwipeCommand(direction=null, startPoint=null, endPoint=null, elementSelector=null, startRelative=50%,58%, endRelative=50%,99%, duration=400, waitToSettleTimeoutMs=null, relativePoint=null, label=null, optional=false)), MaestroCommand(waitForAnimationToEndCommand=WaitForAnimationToEndCommand(timeout=4000, label=null, optional=false))], condition=Condition(platform=null, visible=null, notVisible=ElementSelector(textRegex=(?s)(.*There.s something wrong.*|.*the service is down.*|Error!), idRegex=null, size=null, below=null, above=null, leftOf=null, rightOf=null, containsChild=null, containsDescendants=null, traits=null, index=null, enabled=null, optional=false, selected=null, checked=null, focused=null, childOf=null, css=null), scriptCondition=null, label=null), sourceDescription=null, config=null, label=null, optional=false))], condition=Condition(platform=null, visible=ElementSelector(textRegex=(?s).*would you recommend benefiting from Sakani.*, idRegex=null, size=null, below=null, above=null, leftOf=null, rightOf=null, containsChild=null, containsDescendants=null, traits=null, index=null, enabled=null, optional=false, selected=null, checked=null, focused=null, childOf=null, css=null), notVisible=null, scriptCondition=null, label=null), sourceDescription=null, config=null, label=null, optional=false)), MaestroCommand(runFlowCommand=RunFlowCommand(commands=[MaestroCommand(tapOnElementCommand=TapOnElementCommand(selector=ElementSelector(textRegex=Maybe Later, idRegex=null, size=null, below=null, above=null, leftOf=null, rightOf=null, containsChild=null, containsDescendants=null, traits=null, index=null, enabled=null, optional=false, selected=null, checked=null, focused=null, childOf=null, css=null), retryIfNoChange=false, waitUntilVisible=false, longPress=false, repeat=null, waitToSettleTimeoutMs=null, relativePoint=null, label=null, optional=false)), MaestroCommand(waitForAnimationToEndCommand=WaitForAnimationToEndCommand(timeout=3000, label=null, optional=false))], condition=Condition(platform=null, visible=ElementSelector(textRegex=Maybe Later, idRegex=null, size=null, below=null, above=null, leftOf=null, rightOf=null, containsChild=null, containsDescendants=null, traits=null, index=null, enabled=null, optional=false, selected=null, checked=null, focused=null, childOf=null, css=null), notVisible=null, scriptCondition=null, label=null), sourceDescription=null, config=null, label=null, optional=false)), MaestroCommand(runFlowCommand=RunFlowCommand(commands=[MaestroCommand(tapOnElementCommand=TapOnElementCommand(selector=ElementSelector(textRegex=Reject cookies, idRegex=null, size=null, below=null, above=null, leftOf=null, rightOf=null, containsChild=null, containsDescendants=null, traits=null, index=null, enabled=null, optional=false, selected=null, checked=null, focused=null, childOf=null, css=null), retryIfNoChange=false, waitUntilVisible=false, longPress=false, repeat=null, waitToSettleTimeoutMs=null, relativePoint=null, label=null, optional=false)), MaestroCommand(waitForAnimationToEndCommand=WaitForAnimationToEndCommand(timeout=4000, label=null, optional=false))], condition=Condition(platform=null, visible=ElementSelector(textRegex=Reject cookies, idRegex=null, size=null, below=null, above=null, leftOf=null, rightOf=null, containsChild=null, containsDescendants=null, traits=null, index=null, enabled=null, optional=false, selected=null, checked=null, focused=null, childOf=null, css=null), notVisible=null, scriptCondition=null, label=null), sourceDescription=null, config=null, label=null, optional=false)), MaestroCommand(runFlowCommand=RunFlowCommand(commands=[MaestroCommand(waitForAnimationToEndCommand=WaitForAnimationToEndCommand(timeout=5000, label=null, optional=false))], condition=Condition(platform=null, visible=null, notVisible=ElementSelector(textRegex=${ANCHOR}, idRegex=null, size=null, below=null, above=null, leftOf=null, rightOf=null, containsChild=null, containsDescendants=null, traits=null, index=null, enabled=null, optional=false, selected=null, checked=null, focused=null, childOf=null, css=null), scriptCondition=null, label=null), sourceDescription=null, config=null, label=null, optional=false))], label=null, optional=false)), MaestroCommand(repeatCommand=RepeatCommand(times=3, condition=Condition(platform=null, visible=ElementSelector(textRegex=(?s).*would you recommend benefiting from Sakani.*, idRegex=null, size=null, below=null, above=null, leftOf=null, rightOf=null, containsChild=null, containsDescendants=null, traits=null, index=null, enabled=null, optional=false, selected=null, checked=null, focused=null, childOf=null, css=null), notVisible=null, scriptCondition=null, label=null), commands=[MaestroCommand(runFlowCommand=RunFlowCommand(commands=[MaestroCommand(swipeCommand=SwipeCommand(direction=null, startPoint=null, endPoint=null, elementSelector=null, startRelative=50%,58%, endRelative=50%,99%, duration=400, waitToSettleTimeoutMs=null, relativePoint=null, label=null, optional=false)), MaestroCommand(waitForAnimationToEndCommand=WaitForAnimationToEndCommand(timeout=4000, label=null, optional=false))], condition=Condition(platform=null, visible=null, notVisible=ElementSelector(textRegex=(?s)(.*There.s something wrong.*|.*the service is down.*|Error!), idRegex=null, size=null, below=null, above=null, leftOf=null, rightOf=null, containsChild=null, containsDescendants=null, traits=null, index=null, enabled=null, optional=false, selected=null, checked=null, focused=null, childOf=null, css=null), scriptCondition=null, label=null), sourceDescription=null, config=null, label=null, optional=false))], label=null, optional=false)), MaestroCommand(assertConditionCommand=AssertConditionCommand(condition=Condition(platform=null, visible=null, notVisible=ElementSelector(textRegex=(?s).*would you recommend benefiting from Sakani.*, idRegex=null, size=null, below=null, above=null, leftOf=null, rightOf=null, containsChild=null, containsDescendants=null, traits=null, index=null, enabled=null, optional=false, selected=null, checked=null, focused=null, childOf=null, css=null), scriptCondition=null, label=null), timeout=null, label=null, optional=false)), MaestroCommand(runFlowCommand=RunFlowCommand(commands=[MaestroCommand(assertConditionCommand=AssertConditionCommand(condition=Condition(platform=null, visible=ElementSelector(textRegex=${ANCHOR}, idRegex=null, size=null, below=null, above=null, leftOf=null, rightOf=null, containsChild=null, containsDescendants=null, traits=null, index=null, enabled=null, optional=false, selected=null, checked=null, focused=null, childOf=null, css=null), notVisible=null, scriptCondition=null, label=null), timeout=120000, label=null, optional=false))], condition=Condition(platform=null, visible=null, notVisible=null, scriptCondition=${output.anchorOptional !== true}, label=null), sourceDescription=null, config=null, label=null, optional=false))], condition=null, sourceDescription=clear-overlays.yaml, config=MaestroConfig(appId=fi.iwa.sakani, name=Clear first-run and promo overlays, tags=[], ext={}, onFlowStart=null, onFlowComplete=null, properties={}), label=null, optional=false)), MaestroCommand(evalScriptCommand=EvalScriptCommand(scriptString=${output.anchorOptional = false}, label=null, optional=false)), MaestroCommand(runFlowCommand=RunFlowCommand(commands=[MaestroCommand(runFlowCommand=RunFlowCommand(commands=[MaestroCommand(backPressCommand=BackPressCommand()), MaestroCommand(waitForAnimationToEndCommand=WaitForAnimationToEndCommand(timeout=3000, label=null, optional=false))], condition=Condition(platform=null, visible=null, notVisible=ElementSelector(textRegex=Go to the weekly (offer|deal), idRegex=null, size=null, below=null, above=null, leftOf=null, rightOf=null, containsChild=null, containsDescendants=null, traits=null, index=null, enabled=null, optional=false, selected=null, checked=null, focused=null, childOf=null, css=null), scriptCondition=null, label=null), sourceDescription=null, config=null, label=null, optional=false))], condition=Condition(platform=null, visible=ElementSelector(textRegex=New service, idRegex=null, size=null, below=null, above=null, leftOf=null, rightOf=null, containsChild=null, containsDescendants=null, traits=null, index=null, enabled=null, optional=false, selected=null, checked=null, focused=null, childOf=null, css=null), notVisible=null, scriptCondition=null, label=null), sourceDescription=null, config=null, label=null, optional=false)), MaestroCommand(runFlowCommand=RunFlowCommand(commands=[MaestroCommand(launchAppCommand=LaunchAppCommand(appId=fi.iwa.sakani, clearState=null, clearKeychain=null, stopApp=null, permissions=null, launchArguments=null, label=null, optional=false)), MaestroCommand(runFlowCommand=RunFlowCommand(commands=[MaestroCommand(defineVariablesCommand=DefineVariablesCommand(env={ANCHOR=(?si)(Hello|Good (morning|afternoon|evening)),\s*\S.*}, label=null, optional=false)), MaestroCommand(applyConfigurationCommand=ApplyConfigurationCommand(config=MaestroConfig(appId=fi.iwa.sakani, name=Clear first-run and promo overlays, tags=[], ext={}, onFlowStart=null, onFlowComplete=null, properties={}), label=null, optional=false)), MaestroCommand(repeatCommand=RepeatCommand(times=20, condition=Condition(platform=null, visible=null, notVisible=ElementSelector(textRegex=${ANCHOR}, idRegex=null, size=null, below=null, above=null, leftOf=null, rightOf=null, containsChild=null, containsDescendants=null, traits=null, index=null, enabled=null, optional=false, selected=null, checked=null, focused=null, childOf=null, css=null), scriptCondition=null, label=null), commands=[MaestroCommand(runFlowCommand=RunFlowCommand(commands=[MaestroCommand(tapOnElementCommand=TapOnElementCommand(selector=ElementSelector(textRegex=Don.t allow, idRegex=null, size=null, below=null, above=null, leftOf=null, rightOf=null, containsChild=null, containsDescendants=null, traits=null, index=null, enabled=null, optional=false, selected=null, checked=null, focused=null, childOf=null, css=null), retryIfNoChange=false, waitUntilVisible=false, longPress=false, repeat=null, waitToSettleTimeoutMs=null, relativePoint=null, label=null, optional=false)), MaestroCommand(waitForAnimationToEndCommand=WaitForAnimationToEndCommand(timeout=3000, label=null, optional=false))], condition=Condition(platform=null, visible=ElementSelector(textRegex=Don.t allow, idRegex=null, size=null, below=null, above=null, leftOf=null, rightOf=null, containsChild=null, containsDescendants=null, traits=null, index=null, enabled=null, optional=false, selected=null, checked=null, focused=null, childOf=null, css=null), notVisible=null, scriptCondition=null, label=null), sourceDescription=null, config=null, label=null, optional=false)), MaestroCommand(runFlowCommand=RunFlowCommand(commands=[MaestroCommand(tapOnElementCommand=TapOnElementCommand(selector=ElementSelector(textRegex=Skip, idRegex=null, size=null, below=null, above=null, leftOf=null, rightOf=null, containsChild=null, containsDescendants=null, traits=null, index=null, enabled=null, optional=false, selected=null, checked=null, focused=null, childOf=null, css=null), retryIfNoChange=false, waitUntilVisible=false, longPress=false, repeat=null, waitToSettleTimeoutMs=null, relativePoint=null, label=null, optional=false)), MaestroCommand(waitForAnimationToEndCommand=WaitForAnimationToEndCommand(timeout=3000, label=null, optional=false))], condition=Condition(platform=null, visible=ElementSelector(textRegex=Skip, idRegex=null, size=null, below=null, above=null, leftOf=null, rightOf=null, containsChild=null, containsDescendants=null, traits=null, index=null, enabled=null, optional=false, selected=null, checked=null, focused=null, childOf=null, css=null), notVisible=null, scriptCondition=null, label=null), sourceDescription=null, config=null, label=null, optional=false)), MaestroCommand(runFlowCommand=RunFlowCommand(commands=[MaestroCommand(tapOnElementCommand=TapOnElementCommand(selector=ElementSelector(textRegex=Dismiss, idRegex=null, size=null, below=null, above=null, leftOf=null, rightOf=null, containsChild=null, containsDescendants=null, traits=null, index=null, enabled=null, optional=false, selected=null, checked=null, focused=null, childOf=null, css=null), retryIfNoChange=false, waitUntilVisible=false, longPress=false, repeat=null, waitToSettleTimeoutMs=null, relativePoint=null, label=null, optional=false)), MaestroCommand(waitForAnimationToEndCommand=WaitForAnimationToEndCommand(timeout=3000, label=null, optional=false))], condition=Condition(platform=null, visible=ElementSelector(textRegex=Dismiss, idRegex=null, size=null, below=null, above=null, leftOf=null, rightOf=null, containsChild=null, containsDescendants=null, traits=null, index=null, enabled=null, optional=false, selected=null, checked=null, focused=null, childOf=null, css=null), notVisible=null, scriptCondition=null, label=null), sourceDescription=null, config=null, label=null, optional=false)), MaestroCommand(runFlowCommand=RunFlowCommand(commands=[MaestroCommand(runFlowCommand=RunFlowCommand(commands=[MaestroCommand(evalScriptCommand=EvalScriptCommand(scriptString=${console.log('CLEAR-OVERLAYS OK-HANDLER: dismissing the ERROR dialog (there is something wrong / please try again later). If this line sits after a reservation, payment or signature step, the business outcome MUST be re-read from the product records before the run is called green.')}, label=null, optional=false))], condition=Condition(platform=null, visible=ElementSelector(textRegex=There's something wrong. Please try again later!, idRegex=null, size=null, below=null, above=null, leftOf=null, rightOf=null, containsChild=null, containsDescendants=null, traits=null, index=null, enabled=null, optional=false, selected=null, checked=null, focused=null, childOf=null, css=null), notVisible=null, scriptCondition=null, label=null), sourceDescription=null, config=null, label=null, optional=false)), MaestroCommand(evalScriptCommand=EvalScriptCommand(scriptString=${console.log('CLEAR-OVERLAYS OK-HANDLER: tapping Ok')}, label=null, optional=false)), MaestroCommand(tapOnElementCommand=TapOnElementCommand(selector=ElementSelector(textRegex=Ok, idRegex=null, size=null, below=null, above=null, leftOf=null, rightOf=null, containsChild=null, containsDescendants=null, traits=null, index=null, enabled=null, optional=false, selected=null, checked=null, focused=null, childOf=null, css=null), retryIfNoChange=false, waitUntilVisible=false, longPress=false, repeat=null, waitToSettleTimeoutMs=null, relativePoint=null, label=null, optional=false)), MaestroCommand(waitForAnimationToEndCommand=WaitForAnimationToEndCommand(timeout=3000, label=null, optional=false))], condition=Condition(platform=null, visible=ElementSelector(textRegex=Ok, idRegex=null, size=null, below=null, above=null, leftOf=null, rightOf=null, containsChild=null, containsDescendants=null, traits=null, index=null, enabled=null, optional=false, selected=null, checked=null, focused=null, childOf=null, css=null), notVisible=null, scriptCondition=null, label=null), sourceDescription=null, config=null, label=null, optional=false)), MaestroCommand(runFlowCommand=RunFlowCommand(commands=[MaestroCommand(backPressCommand=BackPressCommand()), MaestroCommand(waitForAnimationToEndCommand=WaitForAnimationToEndCommand(timeout=3000, label=null, optional=false))], condition=Condition(platform=null, visible=ElementSelector(textRegex=Marketplace Day, idRegex=null, size=null, below=null, above=null, leftOf=null, rightOf=null, containsChild=null, containsDescendants=null, traits=null, index=null, enabled=null, optional=false, selected=null, checked=null, focused=null, childOf=null, css=null), notVisible=null, scriptCondition=null, label=null), sourceDescription=null, config=null, label=null, optional=false)), MaestroCommand(runFlowCommand=RunFlowCommand(commands=[MaestroCommand(backPressCommand=BackPressCommand()), MaestroCommand(waitForAnimationToEndCommand=WaitForAnimationToEndCommand(timeout=3000, label=null, optional=false))], condition=Condition(platform=null, visible=ElementSelector(textRegex=Start comparing properties, idRegex=null, size=null, below=null, above=null, leftOf=null, rightOf=null, containsChild=null, containsDescendants=null, traits=null, index=null, enabled=null, optional=false, selected=null, checked=null, focused=null, childOf=null, css=null), notVisible=null, scriptCondition=null, label=null), sourceDescription=null, config=null, label=null, optional=false)), MaestroCommand(runFlowCommand=RunFlowCommand(commands=[MaestroCommand(backPressCommand=BackPressCommand()), MaestroCommand(waitForAnimationToEndCommand=WaitForAnimationToEndCommand(timeout=3000, label=null, optional=false))], condition=Condition(platform=null, visible=ElementSelector(textRegex=Go to the weekly (offer|deal), idRegex=null, size=null, below=null, above=null, leftOf=null, rightOf=null, containsChild=null, containsDescendants=null, traits=null, index=null, enabled=null, optional=false, selected=null, checked=null, focused=null, childOf=null, css=null), notVisible=null, scriptCondition=null, label=null), sourceDescription=null, config=null, label=null, optional=false)), MaestroCommand(runFlowCommand=RunFlowCommand(commands=[MaestroCommand(backPressCommand=BackPressCommand()), MaestroCommand(waitForAnimationToEndCommand=WaitForAnimationToEndCommand(timeout=3000, label=null, optional=false))], condition=Condition(platform=null, visible=ElementSelector(textRegex=Update email, idRegex=null, size=null, below=null, above=null, leftOf=null, rightOf=null, containsChild=null, containsDescendants=null, traits=null, index=null, enabled=null, optional=false, selected=null, checked=null, focused=null, childOf=null, css=null), notVisible=null, scriptCondition=null, label=null), sourceDescription=null, config=null, label=null, optional=false)), MaestroCommand(runFlowCommand=RunFlowCommand(commands=[MaestroCommand(tapOnPointV2Command=TapOnPointV2Command(point=7%,9%, retryIfNoChange=false, longPress=false, repeat=null, waitToSettleTimeoutMs=null, label=null, optional=false)), MaestroCommand(waitForAnimationToEndCommand=WaitForAnimationToEndCommand(timeout=4000, label=null, optional=false))], condition=Condition(platform=null, visible=ElementSelector(textRegex=Number and Email Already Linked, idRegex=null, size=null, below=null, above=null, leftOf=null, rightOf=null, containsChild=null, containsDescendants=null, traits=null, index=null, enabled=null, optional=false, selected=null, checked=null, focused=null, childOf=null, css=null), notVisible=null, scriptCondition=null, label=null), sourceDescription=null, config=null, label=null, optional=false)), MaestroCommand(runFlowCommand=RunFlowCommand(commands=[MaestroCommand(runFlowCommand=RunFlowCommand(commands=[MaestroCommand(swipeCommand=SwipeCommand(direction=null, startPoint=null, endPoint=null, elementSelector=null, startRelative=50%,58%, endRelative=50%,99%, duration=400, waitToSettleTimeoutMs=null, relativePoint=null, label=null, optional=false)), MaestroCommand(waitForAnimationToEndCommand=WaitForAnimationToEndCommand(timeout=4000, label=null, optional=false))], condition=Condition(platform=null, visible=null, notVisible=ElementSelector(textRegex=(?s)(.*There.s something wrong.*|.*the service is down.*|Error!), idRegex=null, size=null, below=null, above=null, leftOf=null, rightOf=null, containsChild=null, containsDescendants=null, traits=null, index=null, enabled=null, optional=false, selected=null, checked=null, focused=null, childOf=null, css=null), scriptCondition=null, label=null), sourceDescription=null, config=null, label=null, optional=false))], condition=Condition(platform=null, visible=ElementSelector(textRegex=(?s).*would you recommend benefiting from Sakani.*, idRegex=null, size=null, below=null, above=null, leftOf=null, rightOf=null, containsChild=null, containsDescendants=null, traits=null, index=null, enabled=null, optional=false, selected=null, checked=null, focused=null, childOf=null, css=null), notVisible=null, scriptCondition=null, label=null), sourceDescription=null, config=null, label=null, optional=false)), MaestroCommand(runFlowCommand=RunFlowCommand(commands=[MaestroCommand(tapOnElementCommand=TapOnElementCommand(selector=ElementSelector(textRegex=Maybe Later, idRegex=null, size=null, below=null, above=null, leftOf=null, rightOf=null, containsChild=null, containsDescendants=null, traits=null, index=null, enabled=null, optional=false, selected=null, checked=null, focused=null, childOf=null, css=null), retryIfNoChange=false, waitUntilVisible=false, longPress=false, repeat=null, waitToSettleTimeoutMs=null, relativePoint=null, label=null, optional=false)), MaestroCommand(waitForAnimationToEndCommand=WaitForAnimationToEndCommand(timeout=3000, label=null, optional=false))], condition=Condition(platform=null, visible=ElementSelector(textRegex=Maybe Later, idRegex=null, size=null, below=null, above=null, leftOf=null, rightOf=null, containsChild=null, containsDescendants=null, traits=null, index=null, enabled=null, optional=false, selected=null, checked=null, focused=null, childOf=null, css=null), notVisible=null, scriptCondition=null, label=null), sourceDescription=null, config=null, label=null, optional=false)), MaestroCommand(runFlowCommand=RunFlowCommand(commands=[MaestroCommand(tapOnElementCommand=TapOnElementCommand(selector=ElementSelector(textRegex=Reject cookies, idRegex=null, size=null, below=null, above=null, leftOf=null, rightOf=null, containsChild=null, containsDescendants=null, traits=null, index=null, enabled=null, optional=false, selected=null, checked=null, focused=null, childOf=null, css=null), retryIfNoChange=false, waitUntilVisible=false, longPress=false, repeat=null, waitToSettleTimeoutMs=null, relativePoint=null, label=null, optional=false)), MaestroCommand(waitForAnimationToEndCommand=WaitForAnimationToEndCommand(timeout=4000, label=null, optional=false))], condition=Condition(platform=null, visible=ElementSelector(textRegex=Reject cookies, idRegex=null, size=null, below=null, above=null, leftOf=null, rightOf=null, containsChild=null, containsDescendants=null, traits=null, index=null, enabled=null, optional=false, selected=null, checked=null, focused=null, childOf=null, css=null), notVisible=null, scriptCondition=null, label=null), sourceDescription=null, config=null, label=null, optional=false)), MaestroCommand(runFlowCommand=RunFlowCommand(commands=[MaestroCommand(waitForAnimationToEndCommand=WaitForAnimationToEndCommand(timeout=5000, label=null, optional=false))], condition=Condition(platform=null, visible=null, notVisible=ElementSelector(textRegex=${ANCHOR}, idRegex=null, size=null, below=null, above=null, leftOf=null, rightOf=null, containsChild=null, containsDescendants=null, traits=null, index=null, enabled=null, optional=false, selected=null, checked=null, focused=null, childOf=null, css=null), scriptCondition=null, label=null), sourceDescription=null, config=null, label=null, optional=false))], label=null, optional=false)), MaestroCommand(repeatCommand=RepeatCommand(times=3, condition=Condition(platform=null, visible=ElementSelector(textRegex=(?s).*would you recommend benefiting from Sakani.*, idRegex=null, size=null, below=null, above=null, leftOf=null, rightOf=null, containsChild=null, containsDescendants=null, traits=null, index=null, enabled=null, optional=false, selected=null, checked=null, focused=null, childOf=null, css=null), notVisible=null, scriptCondition=null, label=null), commands=[MaestroCommand(runFlowCommand=RunFlowCommand(commands=[MaestroCommand(swipeCommand=SwipeCommand(direction=null, startPoint=null, endPoint=null, elementSelector=null, startRelative=50%,58%, endRelative=50%,99%, duration=400, waitToSettleTimeoutMs=null, relativePoint=null, label=null, optional=false)), MaestroCommand(waitForAnimationToEndCommand=WaitForAnimationToEndCommand(timeout=4000, label=null, optional=false))], condition=Condition(platform=null, visible=null, notVisible=ElementSelector(textRegex=(?s)(.*There.s something wrong.*|.*the service is down.*|Error!), idRegex=null, size=null, below=null, above=null, leftOf=null, rightOf=null, containsChild=null, containsDescendants=null, traits=null, index=null, enabled=null, optional=false, selected=null, checked=null, focused=null, childOf=null, css=null), scriptCondition=null, label=null), sourceDescription=null, config=null, label=null, optional=false))], label=null, optional=false)), MaestroCommand(assertConditionCommand=AssertConditionCommand(condition=Condition(platform=null, visible=null, notVisible=ElementSelector(textRegex=(?s).*would you recommend benefiting from Sakani.*, idRegex=null, size=null, below=null, above=null, leftOf=null, rightOf=null, containsChild=null, containsDescendants=null, traits=null, index=null, enabled=null, optional=false, selected=null, checked=null, focused=null, childOf=null, css=null), scriptCondition=null, label=null), timeout=null, label=null, optional=false)), MaestroCommand(runFlowCommand=RunFlowCommand(commands=[MaestroCommand(assertConditionCommand=AssertConditionCommand(condition=Condition(platform=null, visible=ElementSelector(textRegex=${ANCHOR}, idRegex=null, size=null, below=null, above=null, leftOf=null, rightOf=null, containsChild=null, containsDescendants=null, traits=null, index=null, enabled=null, optional=false, selected=null, checked=null, focused=null, childOf=null, css=null), notVisible=null, scriptCondition=null, label=null), timeout=120000, label=null, optional=false))], condition=Condition(platform=null, visible=null, notVisible=null, scriptCondition=${output.anchorOptional !== true}, label=null), sourceDescription=null, config=null, label=null, optional=false))], condition=null, sourceDescription=clear-overlays.yaml, config=MaestroConfig(appId=fi.iwa.sakani, name=Clear first-run and promo overlays, tags=[], ext={}, onFlowStart=null, onFlowComplete=null, properties={}), label=null, optional=false))], condition=Condition(platform=null, visible=ElementSelector(textRegex=Go to the weekly (offer|deal), idRegex=null, size=null, below=null, above=null, leftOf=null, rightOf=null, containsChild=null, containsDescendants=null, traits=null, index=null, enabled=null, optional=false, selected=null, checked=null, focused=null, childOf=null, css=null), notVisible=null, scriptCondition=null, label=null), sourceDescription=null, config=null, label=null, optional=false)), MaestroCommand(assertConditionCommand=AssertConditionCommand(condition=Condition(platform=null, visible=ElementSelector(textRegex=(?si)(Hello|Good (morning|afternoon|evening)),\s*\S.*, idRegex=null, size=null, below=null, above=null, leftOf=null, rightOf=null, containsChild=null, containsDescendants=null, traits=null, index=null, enabled=null, optional=false, selected=null, checked=null, focused=null, childOf=null, css=null), notVisible=null, scriptCondition=null, label=null), timeout=90000, label=null, optional=false)), MaestroCommand(assertConditionCommand=AssertConditionCommand(condition=Condition(platform=null, visible=null, notVisible=ElementSelector(textRegex=(?s).*Login / Sign up.*, idRegex=null, size=null, below=null, above=null, leftOf=null, rightOf=null, containsChild=null, containsDescendants=null, traits=null, index=null, enabled=null, optional=false, selected=null, checked=null, focused=null, childOf=null, css=null), scriptCondition=null, label=null), timeout=null, label=null, optional=false))], condition=null, sourceDescription=subflows/login.yaml, config=MaestroConfig(appId=fi.iwa.sakani, name=Login with National ID, tags=[], ext={}, onFlowStart=null, onFlowComplete=null, properties={}), label=null, optional=false)), logMessages=[], insight=Insight(message=, level=NONE), aiReasoning=null, labeledCommand=null)
14:48:00.509 [ INFO] maestro.cli.runner.MaestroCommandRunner.runCommands$lambda$0: Define variables RUNNING
14:48:01.184 [ERROR] maestro.cli.session.MaestroSessionManager.newSession$lambda$0: Failed to record heartbeat
java.io.IOException: The process cannot access the file because another process has locked a portion of the file
	at java.base/java.io.FileOutputStream.writeBytes(Native Method)
	at java.base/java.io.FileOutputStream.write(FileOutputStream.java:332)
	at kotlin.io.FilesKt__FileReadWriteKt.writeTextImpl(FileReadWrite.kt:160)
	at kotlin.io.FilesKt__FileReadWriteKt.writeText(FileReadWrite.kt:145)
	at kotlin.io.FilesKt__FileReadWriteKt.writeText$default(FileReadWrite.kt:144)
	at maestro.cli.db.KeyValueStore.commit(KeyValueStore.kt:50)
	at maestro.cli.db.KeyValueStore.set$lambda$3$lambda$2(KeyValueStore.kt:23)
	at maestro.cli.db.KeyValueStore.withFileLock(KeyValueStore.kt:62)
	at maestro.cli.db.KeyValueStore.set(KeyValueStore.kt:20)
	at maestro.cli.session.SessionStore.heartbeat(SessionStore.kt:12)
	at maestro.cli.session.MaestroSessionManager.newSession$lambda$0(MaestroSessionManager.kt:98)
	at java.base/java.util.concurrent.Executors$RunnableAdapter.call(Executors.java:545)
	at java.base/java.util.concurrent.FutureTask.runAndReset(FutureTask.java:371)
	at java.base/java.util.concurrent.ScheduledThreadPoolExecutor$ScheduledFutureTask.run(ScheduledThreadPoolExecutor.java:310)
	at java.base/java.util.concurrent.ThreadPoolExecutor.runWorker(ThreadPoolExecutor.java:1090)
	at java.base/java.util.concurrent.ThreadPoolExecutor$Worker.run(ThreadPoolExecutor.java:614)
	at java.base/java.lang.Thread.run(Thread.java:1516)
14:48:02.762 [ INFO] maestro.cli.runner.MaestroCommandRunner.runCommands$lambda$11: Define variables metadata CommandMetadata(numberOfRuns=null, evaluatedCommand=MaestroCommand(defineVariablesCommand=DefineVariablesCommand(env={NATIONAL_ID=1119880062}, label=null, optional=false)), logMessages=[], insight=Insight(message=, level=NONE), aiReasoning=null, labeledCommand=null)
14:48:06.184 [ERROR] maestro.cli.session.MaestroSessionManager.newSession$lambda$0: Failed to record heartbeat
java.io.IOException: The process cannot access the file because another process has locked a portion of the file
	at java.base/java.io.FileOutputStream.writeBytes(Native Method)
	at java.base/java.io.FileOutputStream.write(FileOutputStream.java:332)
	at kotlin.io.FilesKt__FileReadWriteKt.writeTextImpl(FileReadWrite.kt:160)
	at kotlin.io.FilesKt__FileReadWriteKt.writeText(FileReadWrite.kt:145)
	at kotlin.io.FilesKt__FileReadWriteKt.writeText$default(FileReadWrite.kt:144)
	at maestro.cli.db.KeyValueStore.commit(KeyValueStore.kt:50)
	at maestro.cli.db.KeyValueStore.set$lambda$3$lambda$2(KeyValueStore.kt:23)
	at maestro.cli.db.KeyValueStore.withFileLock(KeyValueStore.kt:62)
	at maestro.cli.db.KeyValueStore.set(KeyValueStore.kt:20)
	at maestro.cli.session.SessionStore.heartbeat(SessionStore.kt:12)
	at maestro.cli.session.MaestroSessionManager.newSession$lambda$0(MaestroSessionManager.kt:98)
	at java.base/java.util.concurrent.Executors$RunnableAdapter.call(Executors.java:545)
	at java.base/java.util.concurrent.FutureTask.runAndReset(FutureTask.java:371)
	at java.base/java.util.concurrent.ScheduledThreadPoolExecutor$ScheduledFutureTask.run(ScheduledThreadPoolExecutor.java:310)
	at java.base/java.util.concurrent.ThreadPoolExecutor.runWorker(ThreadPoolExecutor.java:1090)
	at java.base/java.util.concurrent.ThreadPoolExecutor$Worker.run(ThreadPoolExecutor.java:614)
	at java.base/java.lang.Thread.run(Thread.java:1516)
14:48:06.272 [ INFO] maestro.cli.runner.MaestroCommandRunner.runCommands$lambda$2: Define variables COMPLETED
14:48:09.685 [ INFO] maestro.cli.runner.MaestroCommandRunner.runCommands$lambda$0: Apply configuration RUNNING
14:48:11.185 [ERROR] maestro.cli.session.MaestroSessionManager.newSession$lambda$0: Failed to record heartbeat
java.io.IOException: The process cannot access the file because another process has locked a portion of the file
	at java.base/java.io.FileOutputStream.writeBytes(Native Method)
	at java.base/java.io.FileOutputStream.write(FileOutputStream.java:332)
	at kotlin.io.FilesKt__FileReadWriteKt.writeTextImpl(FileReadWrite.kt:160)
	at kotlin.io.FilesKt__FileReadWriteKt.writeText(FileReadWrite.kt:145)
	at kotlin.io.FilesKt__FileReadWriteKt.writeText$default(FileReadWrite.kt:144)
	at maestro.cli.db.KeyValueStore.commit(KeyValueStore.kt:50)
	at maestro.cli.db.KeyValueStore.set$lambda$3$lambda$2(KeyValueStore.kt:23)
	at maestro.cli.db.KeyValueStore.withFileLock(KeyValueStore.kt:62)
	at maestro.cli.db.KeyValueStore.set(KeyValueStore.kt:20)
	at maestro.cli.session.SessionStore.heartbeat(SessionStore.kt:12)
	at maestro.cli.session.MaestroSessionManager.newSession$lambda$0(MaestroSessionManager.kt:98)
	at java.base/java.util.concurrent.Executors$RunnableAdapter.call(Executors.java:545)
	at java.base/java.util.concurrent.FutureTask.runAndReset(FutureTask.java:371)
	at java.base/java.util.concurrent.ScheduledThreadPoolExecutor$ScheduledFutureTask.run(ScheduledThreadPoolExecutor.java:310)
	at java.base/java.util.concurrent.ThreadPoolExecutor.runWorker(ThreadPoolExecutor.java:1090)
	at java.base/java.util.concurrent.ThreadPoolExecutor$Worker.run(ThreadPoolExecutor.java:614)
	at java.base/java.lang.Thread.run(Thread.java:1516)
14:48:13.252 [ INFO] maestro.cli.runner.MaestroCommandRunner.runCommands$lambda$11: Apply configuration metadata CommandMetadata(numberOfRuns=null, evaluatedCommand=MaestroCommand(applyConfigurationCommand=ApplyConfigurationCommand(config=MaestroConfig(appId=fi.iwa.sakani, name=Login with National ID, tags=[], ext={}, onFlowStart=null, onFlowComplete=null, properties={}), label=null, optional=false)), logMessages=[], insight=Insight(message=, level=NONE), aiReasoning=null, labeledCommand=null)
14:48:16.184 [ERROR] maestro.cli.session.MaestroSessionManager.newSession$lambda$0: Failed to record heartbeat
java.io.IOException: The process cannot access the file because another process has locked a portion of the file
	at java.base/java.io.FileOutputStream.writeBytes(Native Method)
	at java.base/java.io.FileOutputStream.write(FileOutputStream.java:332)
	at kotlin.io.FilesKt__FileReadWriteKt.writeTextImpl(FileReadWrite.kt:160)
	at kotlin.io.FilesKt__FileReadWriteKt.writeText(FileReadWrite.kt:145)
	at kotlin.io.FilesKt__FileReadWriteKt.writeText$default(FileReadWrite.kt:144)
	at maestro.cli.db.KeyValueStore.commit(KeyValueStore.kt:50)
	at maestro.cli.db.KeyValueStore.set$lambda$3$lambda$2(KeyValueStore.kt:23)
	at maestro.cli.db.KeyValueStore.withFileLock(KeyValueStore.kt:62)
	at maestro.cli.db.KeyValueStore.set(KeyValueStore.kt:20)
	at maestro.cli.session.SessionStore.heartbeat(SessionStore.kt:12)
	at maestro.cli.session.MaestroSessionManager.newSession$lambda$0(MaestroSessionManager.kt:98)
	at java.base/java.util.concurrent.Executors$RunnableAdapter.call(Executors.java:545)
	at java.base/java.util.concurrent.FutureTask.runAndReset(FutureTask.java:371)
	at java.base/java.util.concurrent.ScheduledThreadPoolExecutor$ScheduledFutureTask.run(ScheduledThreadPoolExecutor.java:310)
	at java.base/java.util.concurrent.ThreadPoolExecutor.runWorker(ThreadPoolExecutor.java:1090)
	at java.base/java.util.concurrent.ThreadPoolExecutor$Worker.run(ThreadPoolExecutor.java:614)
	at java.base/java.lang.Thread.run(Thread.java:1516)
14:48:16.656 [ INFO] maestro.cli.runner.MaestroCommandRunner.runCommands$lambda$2: Apply configuration COMPLETED
14:48:20.036 [ INFO] maestro.cli.runner.MaestroCommandRunner.runCommands$lambda$0: Assert that ${typeof NATIONAL_ID !== "undefined" && String(NATIONAL_ID).length === 10 && !/[^0-9]/.test(String(NATIONAL_ID)) && (String(NATIONAL_ID).charAt(0) === "1" || String(NATIONAL_ID).charAt(0) === "2")} is true RUNNING
14:48:21.184 [ERROR] maestro.cli.session.MaestroSessionManager.newSession$lambda$0: Failed to record heartbeat
java.io.IOException: The process cannot access the file because another process has locked a portion of the file
	at java.base/java.io.FileOutputStream.writeBytes(Native Method)
	at java.base/java.io.FileOutputStream.write(FileOutputStream.java:332)
	at kotlin.io.FilesKt__FileReadWriteKt.writeTextImpl(FileReadWrite.kt:160)
	at kotlin.io.FilesKt__FileReadWriteKt.writeText(FileReadWrite.kt:145)
	at kotlin.io.FilesKt__FileReadWriteKt.writeText$default(FileReadWrite.kt:144)
	at maestro.cli.db.KeyValueStore.commit(KeyValueStore.kt:50)
	at maestro.cli.db.KeyValueStore.set$lambda$3$lambda$2(KeyValueStore.kt:23)
	at maestro.cli.db.KeyValueStore.withFileLock(KeyValueStore.kt:62)
	at maestro.cli.db.KeyValueStore.set(KeyValueStore.kt:20)
	at maestro.cli.session.SessionStore.heartbeat(SessionStore.kt:12)
	at maestro.cli.session.MaestroSessionManager.newSession$lambda$0(MaestroSessionManager.kt:98)
	at java.base/java.util.concurrent.Executors$RunnableAdapter.call(Executors.java:545)
	at java.base/java.util.concurrent.FutureTask.runAndReset(FutureTask.java:371)
	at java.base/java.util.concurrent.ScheduledThreadPoolExecutor$ScheduledFutureTask.run(ScheduledThreadPoolExecutor.java:310)
	at java.base/java.util.concurrent.ThreadPoolExecutor.runWorker(ThreadPoolExecutor.java:1090)
	at java.base/java.util.concurrent.ThreadPoolExecutor$Worker.run(ThreadPoolExecutor.java:614)
	at java.base/java.lang.Thread.run(Thread.java:1516)
14:48:24.234 [ INFO] maestro.cli.runner.MaestroCommandRunner.runCommands$lambda$11: Assert that ${typeof NATIONAL_ID !== "undefined" && String(NATIONAL_ID).length === 10 && !/[^0-9]/.test(String(NATIONAL_ID)) && (String(NATIONAL_ID).charAt(0) === "1" || String(NATIONAL_ID).charAt(0) === "2")} is true metadata CommandMetadata(numberOfRuns=null, evaluatedCommand=MaestroCommand(assertConditionCommand=AssertConditionCommand(condition=Condition(platform=null, visible=null, notVisible=null, scriptCondition=true, label=null), timeout=null, label=null, optional=false)), logMessages=[], insight=Insight(message=, level=NONE), aiReasoning=null, labeledCommand=null)
14:48:26.184 [ERROR] maestro.cli.session.MaestroSessionManager.newSession$lambda$0: Failed to record heartbeat
java.io.IOException: The process cannot access the file because another process has locked a portion of the file
	at java.base/java.io.FileOutputStream.writeBytes(Native Method)
	at java.base/java.io.FileOutputStream.write(FileOutputStream.java:332)
	at kotlin.io.FilesKt__FileReadWriteKt.writeTextImpl(FileReadWrite.kt:160)
	at kotlin.io.FilesKt__FileReadWriteKt.writeText(FileReadWrite.kt:145)
	at kotlin.io.FilesKt__FileReadWriteKt.writeText$default(FileReadWrite.kt:144)
	at maestro.cli.db.KeyValueStore.commit(KeyValueStore.kt:50)
	at maestro.cli.db.KeyValueStore.set$lambda$3$lambda$2(KeyValueStore.kt:23)
	at maestro.cli.db.KeyValueStore.withFileLock(KeyValueStore.kt:62)
	at maestro.cli.db.KeyValueStore.set(KeyValueStore.kt:20)
	at maestro.cli.session.SessionStore.heartbeat(SessionStore.kt:12)
	at maestro.cli.session.MaestroSessionManager.newSession$lambda$0(MaestroSessionManager.kt:98)
	at java.base/java.util.concurrent.Executors$RunnableAdapter.call(Executors.java:545)
	at java.base/java.util.concurrent.FutureTask.runAndReset(FutureTask.java:371)
	at java.base/java.util.concurrent.ScheduledThreadPoolExecutor$ScheduledFutureTask.run(ScheduledThreadPoolExecutor.java:310)
	at java.base/java.util.concurrent.ThreadPoolExecutor.runWorker(ThreadPoolExecutor.java:1090)
	at java.base/java.util.concurrent.ThreadPoolExecutor$Worker.run(ThreadPoolExecutor.java:614)
	at java.base/java.lang.Thread.run(Thread.java:1516)
14:48:27.659 [ INFO] maestro.cli.runner.MaestroCommandRunner.runCommands$lambda$2: Assert that ${typeof NATIONAL_ID !== "undefined" && String(NATIONAL_ID).length === 10 && !/[^0-9]/.test(String(NATIONAL_ID)) && (String(NATIONAL_ID).charAt(0) === "1" || String(NATIONAL_ID).charAt(0) === "2")} is true COMPLETED
14:48:30.390 [ INFO] maestro.cli.runner.MaestroCommandRunner.runCommands$lambda$0: Run clear-overlays.yaml RUNNING
14:48:31.184 [ERROR] maestro.cli.session.MaestroSessionManager.newSession$lambda$0: Failed to record heartbeat
java.io.IOException: The process cannot access the file because another process has locked a portion of the file
	at java.base/java.io.FileOutputStream.writeBytes(Native Method)
	at java.base/java.io.FileOutputStream.write(FileOutputStream.java:332)
	at kotlin.io.FilesKt__FileReadWriteKt.writeTextImpl(FileReadWrite.kt:160)
	at kotlin.io.FilesKt__FileReadWriteKt.writeText(FileReadWrite.kt:145)
	at kotlin.io.FilesKt__FileReadWriteKt.writeText$default(FileReadWrite.kt:144)
	at maestro.cli.db.KeyValueStore.commit(KeyValueStore.kt:50)
	at maestro.cli.db.KeyValueStore.set$lambda$3$lambda$2(KeyValueStore.kt:23)
	at maestro.cli.db.KeyValueStore.withFileLock(KeyValueStore.kt:62)
	at maestro.cli.db.KeyValueStore.set(KeyValueStore.kt:20)
	at maestro.cli.session.SessionStore.heartbeat(SessionStore.kt:12)
	at maestro.cli.session.MaestroSessionManager.newSession$lambda$0(MaestroSessionManager.kt:98)
	at java.base/java.util.concurrent.Executors$RunnableAdapter.call(Executors.java:545)
	at java.base/java.util.concurrent.FutureTask.runAndReset(FutureTask.java:371)
	at java.base/java.util.concurrent.ScheduledThreadPoolExecutor$ScheduledFutureTask.run(ScheduledThreadPoolExecutor.java:310)
	at java.base/java.util.concurrent.ThreadPoolExecutor.runWorker(ThreadPoolExecutor.java:1090)
	at java.base/java.util.concurrent.ThreadPoolExecutor$Worker.run(ThreadPoolExecutor.java:614)
	at java.base/java.lang.Thread.run(Thread.java:1516)
14:48:33.352 [ INFO] maestro.cli.runner.MaestroCommandRunner.runCommands$lambda$11: Run clear-overlays.yaml metadata CommandMetadata(numberOfRuns=null, evaluatedCommand=MaestroCommand(runFlowCommand=RunFlowCommand(commands=[MaestroCommand(defineVariablesCommand=DefineVariablesCommand(env={ANCHOR=(?s).*Login / Sign up.*}, label=null, optional=false)), MaestroCommand(applyConfigurationCommand=ApplyConfigurationCommand(config=MaestroConfig(appId=fi.iwa.sakani, name=Clear first-run and promo overlays, tags=[], ext={}, onFlowStart=null, onFlowComplete=null, properties={}), label=null, optional=false)), MaestroCommand(repeatCommand=RepeatCommand(times=20, condition=Condition(platform=null, visible=null, notVisible=ElementSelector(textRegex=${ANCHOR}, idRegex=null, size=null, below=null, above=null, leftOf=null, rightOf=null, containsChild=null, containsDescendants=null, traits=null, index=null, enabled=null, optional=false, selected=null, checked=null, focused=null, childOf=null, css=null), scriptCondition=null, label=null), commands=[MaestroCommand(runFlowCommand=RunFlowCommand(commands=[MaestroCommand(tapOnElementCommand=TapOnElementCommand(selector=ElementSelector(textRegex=Don.t allow, idRegex=null, size=null, below=null, above=null, leftOf=null, rightOf=null, containsChild=null, containsDescendants=null, traits=null, index=null, enabled=null, optional=false, selected=null, checked=null, focused=null, childOf=null, css=null), retryIfNoChange=false, waitUntilVisible=false, longPress=false, repeat=null, waitToSettleTimeoutMs=null, relativePoint=null, label=null, optional=false)), MaestroCommand(waitForAnimationToEndCommand=WaitForAnimationToEndCommand(timeout=3000, label=null, optional=false))], condition=Condition(platform=null, visible=ElementSelector(textRegex=Don.t allow, idRegex=null, size=null, below=null, above=null, leftOf=null, rightOf=null, containsChild=null, containsDescendants=null, traits=null, index=null, enabled=null, optional=false, selected=null, checked=null, focused=null, childOf=null, css=null), notVisible=null, scriptCondition=null, label=null), sourceDescription=null, config=null, label=null, optional=false)), MaestroCommand(runFlowCommand=RunFlowCommand(commands=[MaestroCommand(tapOnElementCommand=TapOnElementCommand(selector=ElementSelector(textRegex=Skip, idRegex=null, size=null, below=null, above=null, leftOf=null, rightOf=null, containsChild=null, containsDescendants=null, traits=null, index=null, enabled=null, optional=false, selected=null, checked=null, focused=null, childOf=null, css=null), retryIfNoChange=false, waitUntilVisible=false, longPress=false, repeat=null, waitToSettleTimeoutMs=null, relativePoint=null, label=null, optional=false)), MaestroCommand(waitForAnimationToEndCommand=WaitForAnimationToEndCommand(timeout=3000, label=null, optional=false))], condition=Condition(platform=null, visible=ElementSelector(textRegex=Skip, idRegex=null, size=null, below=null, above=null, leftOf=null, rightOf=null, containsChild=null, containsDescendants=null, traits=null, index=null, enabled=null, optional=false, selected=null, checked=null, focused=null, childOf=null, css=null), notVisible=null, scriptCondition=null, label=null), sourceDescription=null, config=null, label=null, optional=false)), MaestroCommand(runFlowCommand=RunFlowCommand(commands=[MaestroCommand(tapOnElementCommand=TapOnElementCommand(selector=ElementSelector(textRegex=Dismiss, idRegex=null, size=null, below=null, above=null, leftOf=null, rightOf=null, containsChild=null, containsDescendants=null, traits=null, index=null, enabled=null, optional=false, selected=null, checked=null, focused=null, childOf=null, css=null), retryIfNoChange=false, waitUntilVisible=false, longPress=false, repeat=null, waitToSettleTimeoutMs=null, relativePoint=null, label=null, optional=false)), MaestroCommand(waitForAnimationToEndCommand=WaitForAnimationToEndCommand(timeout=3000, label=null, optional=false))], condition=Condition(platform=null, visible=ElementSelector(textRegex=Dismiss, idRegex=null, size=null, below=null, above=null, leftOf=null, rightOf=null, containsChild=null, containsDescendants=null, traits=null, index=null, enabled=null, optional=false, selected=null, checked=null, focused=null, childOf=null, css=null), notVisible=null, scriptCondition=null, label=null), sourceDescription=null, config=null, label=null, optional=false)), MaestroCommand(runFlowCommand=RunFlowCommand(commands=[MaestroCommand(runFlowCommand=RunFlowCommand(commands=[MaestroCommand(evalScriptCommand=EvalScriptCommand(scriptString=${console.log('CLEAR-OVERLAYS OK-HANDLER: dismissing the ERROR dialog (there is something wrong / please try again later). If this line sits after a reservation, payment or signature step, the business outcome MUST be re-read from the product records before the run is called green.')}, label=null, optional=false))], condition=Condition(platform=null, visible=ElementSelector(textRegex=There's something wrong. Please try again later!, idRegex=null, size=null, below=null, above=null, leftOf=null, rightOf=null, containsChild=null, containsDescendants=null, traits=null, index=null, enabled=null, optional=false, selected=null, checked=null, focused=null, childOf=null, css=null), notVisible=null, scriptCondition=null, label=null), sourceDescription=null, config=null, label=null, optional=false)), MaestroCommand(evalScriptCommand=EvalScriptCommand(scriptString=${console.log('CLEAR-OVERLAYS OK-HANDLER: tapping Ok')}, label=null, optional=false)), MaestroCommand(tapOnElementCommand=TapOnElementCommand(selector=ElementSelector(textRegex=Ok, idRegex=null, size=null, below=null, above=null, leftOf=null, rightOf=null, containsChild=null, containsDescendants=null, traits=null, index=null, enabled=null, optional=false, selected=null, checked=null, focused=null, childOf=null, css=null), retryIfNoChange=false, waitUntilVisible=false, longPress=false, repeat=null, waitToSettleTimeoutMs=null, relativePoint=null, label=null, optional=false)), MaestroCommand(waitForAnimationToEndCommand=WaitForAnimationToEndCommand(timeout=3000, label=null, optional=false))], condition=Condition(platform=null, visible=ElementSelector(textRegex=Ok, idRegex=null, size=null, below=null, above=null, leftOf=null, rightOf=null, containsChild=null, containsDescendants=null, traits=null, index=null, enabled=null, optional=false, selected=null, checked=null, focused=null, childOf=null, css=null), notVisible=null, scriptCondition=null, label=null), sourceDescription=null, config=null, label=null, optional=false)), MaestroCommand(runFlowCommand=RunFlowCommand(commands=[MaestroCommand(backPressCommand=BackPressCommand()), MaestroCommand(waitForAnimationToEndCommand=WaitForAnimationToEndCommand(timeout=3000, label=null, optional=false))], condition=Condition(platform=null, visible=ElementSelector(textRegex=Marketplace Day, idRegex=null, size=null, below=null, above=null, leftOf=null, rightOf=null, containsChild=null, containsDescendants=null, traits=null, index=null, enabled=null, optional=false, selected=null, checked=null, focused=null, childOf=null, css=null), notVisible=null, scriptCondition=null, label=null), sourceDescription=null, config=null, label=null, optional=false)), MaestroCommand(runFlowCommand=RunFlowCommand(commands=[MaestroCommand(backPressCommand=BackPressCommand()), MaestroCommand(waitForAnimationToEndCommand=WaitForAnimationToEndCommand(timeout=3000, label=null, optional=false))], condition=Condition(platform=null, visible=ElementSelector(textRegex=Start comparing properties, idRegex=null, size=null, below=null, above=null, leftOf=null, rightOf=null, containsChild=null, containsDescendants=null, traits=null, index=null, enabled=null, optional=false, selected=null, checked=null, focused=null, childOf=null, css=null), notVisible=null, scriptCondition=null, label=null), sourceDescription=null, config=null, label=null, optional=false)), MaestroCommand(runFlowCommand=RunFlowCommand(commands=[MaestroCommand(backPressCommand=BackPressCommand()), MaestroCommand(waitForAnimationToEndCommand=WaitForAnimationToEndCommand(timeout=3000, label=null, optional=false))], condition=Condition(platform=null, visible=ElementSelector(textRegex=Go to the weekly (offer|deal), idRegex=null, size=null, below=null, above=null, leftOf=null, rightOf=null, containsChild=null, containsDescendants=null, traits=null, index=null, enabled=null, optional=false, selected=null, checked=null, focused=null, childOf=null, css=null), notVisible=null, scriptCondition=null, label=null), sourceDescription=null, config=null, label=null, optional=false)), MaestroCommand(runFlowCommand=RunFlowCommand(commands=[MaestroCommand(backPressCommand=BackPressCommand()), MaestroCommand(waitForAnimationToEndCommand=WaitForAnimationToEndCommand(timeout=3000, label=null, optional=false))], condition=Condition(platform=null, visible=ElementSelector(textRegex=Update email, idRegex=null, size=null, below=null, above=null, leftOf=null, rightOf=null, containsChild=null, containsDescendants=null, traits=null, index=null, enabled=null, optional=false, selected=null, checked=null, focused=null, childOf=null, css=null), notVisible=null, scriptCondition=null, label=null), sourceDescription=null, config=null, label=null, optional=false)), MaestroCommand(runFlowCommand=RunFlowCommand(commands=[MaestroCommand(tapOnPointV2Command=TapOnPointV2Command(point=7%,9%, retryIfNoChange=false, longPress=false, repeat=null, waitToSettleTimeoutMs=null, label=null, optional=false)), MaestroCommand(waitForAnimationToEndCommand=WaitForAnimationToEndCommand(timeout=4000, label=null, optional=false))], condition=Condition(platform=null, visible=ElementSelector(textRegex=Number and Email Already Linked, idRegex=null, size=null, below=null, above=null, leftOf=null, rightOf=null, containsChild=null, containsDescendants=null, traits=null, index=null, enabled=null, optional=false, selected=null, checked=null, focused=null, childOf=null, css=null), notVisible=null, scriptCondition=null, label=null), sourceDescription=null, config=null, label=null, optional=false)), MaestroCommand(runFlowCommand=RunFlowCommand(commands=[MaestroCommand(runFlowCommand=RunFlowCommand(commands=[MaestroCommand(swipeCommand=SwipeCommand(direction=null, startPoint=null, endPoint=null, elementSelector=null, startRelative=50%,58%, endRelative=50%,99%, duration=400, waitToSettleTimeoutMs=null, relativePoint=null, label=null, optional=false)), MaestroCommand(waitForAnimationToEndCommand=WaitForAnimationToEndCommand(timeout=4000, label=null, optional=false))], condition=Condition(platform=null, visible=null, notVisible=ElementSelector(textRegex=(?s)(.*There.s something wrong.*|.*the service is down.*|Error!), idRegex=null, size=null, below=null, above=null, leftOf=null, rightOf=null, containsChild=null, containsDescendants=null, traits=null, index=null, enabled=null, optional=false, selected=null, checked=null, focused=null, childOf=null, css=null), scriptCondition=null, label=null), sourceDescription=null, config=null, label=null, optional=false))], condition=Condition(platform=null, visible=ElementSelector(textRegex=(?s).*would you recommend benefiting from Sakani.*, idRegex=null, size=null, below=null, above=null, leftOf=null, rightOf=null, containsChild=null, containsDescendants=null, traits=null, index=null, enabled=null, optional=false, selected=null, checked=null, focused=null, childOf=null, css=null), notVisible=null, scriptCondition=null, label=null), sourceDescription=null, config=null, label=null, optional=false)), MaestroCommand(runFlowCommand=RunFlowCommand(commands=[MaestroCommand(tapOnElementCommand=TapOnElementCommand(selector=ElementSelector(textRegex=Maybe Later, idRegex=null, size=null, below=null, above=null, leftOf=null, rightOf=null, containsChild=null, containsDescendants=null, traits=null, index=null, enabled=null, optional=false, selected=null, checked=null, focused=null, childOf=null, css=null), retryIfNoChange=false, waitUntilVisible=false, longPress=false, repeat=null, waitToSettleTimeoutMs=null, relativePoint=null, label=null, optional=false)), MaestroCommand(waitForAnimationToEndCommand=WaitForAnimationToEndCommand(timeout=3000, label=null, optional=false))], condition=Condition(platform=null, visible=ElementSelector(textRegex=Maybe Later, idRegex=null, size=null, below=null, above=null, leftOf=null, rightOf=null, containsChild=null, containsDescendants=null, traits=null, index=null, enabled=null, optional=false, selected=null, checked=null, focused=null, childOf=null, css=null), notVisible=null, scriptCondition=null, label=null), sourceDescription=null, config=null, label=null, optional=false)), MaestroCommand(runFlowCommand=RunFlowCommand(commands=[MaestroCommand(tapOnElementCommand=TapOnElementCommand(selector=ElementSelector(textRegex=Reject cookies, idRegex=null, size=null, below=null, above=null, leftOf=null, rightOf=null, containsChild=null, containsDescendants=null, traits=null, index=null, enabled=null, optional=false, selected=null, checked=null, focused=null, childOf=null, css=null), retryIfNoChange=false, waitUntilVisible=false, longPress=false, repeat=null, waitToSettleTimeoutMs=null, relativePoint=null, label=null, optional=false)), MaestroCommand(waitForAnimationToEndCommand=WaitForAnimationToEndCommand(timeout=4000, label=null, optional=false))], condition=Condition(platform=null, visible=ElementSelector(textRegex=Reject cookies, idRegex=null, size=null, below=null, above=null, leftOf=null, rightOf=null, containsChild=null, containsDescendants=null, traits=null, index=null, enabled=null, optional=false, selected=null, checked=null, focused=null, childOf=null, css=null), notVisible=null, scriptCondition=null, label=null), sourceDescription=null, config=null, label=null, optional=false)), MaestroCommand(runFlowCommand=RunFlowCommand(commands=[MaestroCommand(waitForAnimationToEndCommand=WaitForAnimationToEndCommand(timeout=5000, label=null, optional=false))], condition=Condition(platform=null, visible=null, notVisible=ElementSelector(textRegex=${ANCHOR}, idRegex=null, size=null, below=null, above=null, leftOf=null, rightOf=null, containsChild=null, containsDescendants=null, traits=null, index=null, enabled=null, optional=false, selected=null, checked=null, focused=null, childOf=null, css=null), scriptCondition=null, label=null), sourceDescription=null, config=null, label=null, optional=false))], label=null, optional=false)), MaestroCommand(repeatCommand=RepeatCommand(times=3, condition=Condition(platform=null, visible=ElementSelector(textRegex=(?s).*would you recommend benefiting from Sakani.*, idRegex=null, size=null, below=null, above=null, leftOf=null, rightOf=null, containsChild=null, containsDescendants=null, traits=null, index=null, enabled=null, optional=false, selected=null, checked=null, focused=null, childOf=null, css=null), notVisible=null, scriptCondition=null, label=null), commands=[MaestroCommand(runFlowCommand=RunFlowCommand(commands=[MaestroCommand(swipeCommand=SwipeCommand(direction=null, startPoint=null, endPoint=null, elementSelector=null, startRelative=50%,58%, endRelative=50%,99%, duration=400, waitToSettleTimeoutMs=null, relativePoint=null, label=null, optional=false)), MaestroCommand(waitForAnimationToEndCommand=WaitForAnimationToEndCommand(timeout=4000, label=null, optional=false))], condition=Condition(platform=null, visible=null, notVisible=ElementSelector(textRegex=(?s)(.*There.s something wrong.*|.*the service is down.*|Error!), idRegex=null, size=null, below=null, above=null, leftOf=null, rightOf=null, containsChild=null, containsDescendants=null, traits=null, index=null, enabled=null, optional=false, selected=null, checked=null, focused=null, childOf=null, css=null), scriptCondition=null, label=null), sourceDescription=null, config=null, label=null, optional=false))], label=null, optional=false)), MaestroCommand(assertConditionCommand=AssertConditionCommand(condition=Condition(platform=null, visible=null, notVisible=ElementSelector(textRegex=(?s).*would you recommend benefiting from Sakani.*, idRegex=null, size=null, below=null, above=null, leftOf=null, rightOf=null, containsChild=null, containsDescendants=null, traits=null, index=null, enabled=null, optional=false, selected=null, checked=null, focused=null, childOf=null, css=null), scriptCondition=null, label=null), timeout=null, label=null, optional=false)), MaestroCommand(runFlowCommand=RunFlowCommand(commands=[MaestroCommand(assertConditionCommand=AssertConditionCommand(condition=Condition(platform=null, visible=ElementSelector(textRegex=${ANCHOR}, idRegex=null, size=null, below=null, above=null, leftOf=null, rightOf=null, containsChild=null, containsDescendants=null, traits=null, index=null, enabled=null, optional=false, selected=null, checked=null, focused=null, childOf=null, css=null), notVisible=null, scriptCondition=null, label=null), timeout=120000, label=null, optional=false))], condition=Condition(platform=null, visible=null, notVisible=null, scriptCondition=${output.anchorOptional !== true}, label=null), sourceDescription=null, config=null, label=null, optional=false))], condition=null, sourceDescription=clear-overlays.yaml, config=MaestroConfig(appId=fi.iwa.sakani, name=Clear first-run and promo overlays, tags=[], ext={}, onFlowStart=null, onFlowComplete=null, properties={}), label=null, optional=false)), logMessages=[], insight=Insight(message=, level=NONE), aiReasoning=null, labeledCommand=null)
14:48:36.066 [ INFO] maestro.cli.runner.MaestroCommandRunner.runCommands$lambda$0: Define variables RUNNING
14:48:36.183 [ERROR] maestro.cli.session.MaestroSessionManager.newSession$lambda$0: Failed to record heartbeat
java.io.IOException: The process cannot access the file because another process has locked a portion of the file
	at java.base/java.io.FileOutputStream.writeBytes(Native Method)
	at java.base/java.io.FileOutputStream.write(FileOutputStream.java:332)
	at kotlin.io.FilesKt__FileReadWriteKt.writeTextImpl(FileReadWrite.kt:160)
	at kotlin.io.FilesKt__FileReadWriteKt.writeText(FileReadWrite.kt:145)
	at kotlin.io.FilesKt__FileReadWriteKt.writeText$default(FileReadWrite.kt:144)
	at maestro.cli.db.KeyValueStore.commit(KeyValueStore.kt:50)
	at maestro.cli.db.KeyValueStore.set$lambda$3$lambda$2(KeyValueStore.kt:23)
	at maestro.cli.db.KeyValueStore.withFileLock(KeyValueStore.kt:62)
	at maestro.cli.db.KeyValueStore.set(KeyValueStore.kt:20)
	at maestro.cli.session.SessionStore.heartbeat(SessionStore.kt:12)
	at maestro.cli.session.MaestroSessionManager.newSession$lambda$0(MaestroSessionManager.kt:98)
	at java.base/java.util.concurrent.Executors$RunnableAdapter.call(Executors.java:545)
	at java.base/java.util.concurrent.FutureTask.runAndReset(FutureTask.java:371)
	at java.base/java.util.concurrent.ScheduledThreadPoolExecutor$ScheduledFutureTask.run(ScheduledThreadPoolExecutor.java:310)
	at java.base/java.util.concurrent.ThreadPoolExecutor.runWorker(ThreadPoolExecutor.java:1090)
	at java.base/java.util.concurrent.ThreadPoolExecutor$Worker.run(ThreadPoolExecutor.java:614)
	at java.base/java.lang.Thread.run(Thread.java:1516)
14:48:38.797 [ INFO] maestro.cli.runner.MaestroCommandRunner.runCommands$lambda$11: Define variables metadata CommandMetadata(numberOfRuns=null, evaluatedCommand=MaestroCommand(defineVariablesCommand=DefineVariablesCommand(env={ANCHOR=(?s).*Login / Sign up.*}, label=null, optional=false)), logMessages=[], insight=Insight(message=, level=NONE), aiReasoning=null, labeledCommand=null)
14:48:41.184 [ERROR] maestro.cli.session.MaestroSessionManager.newSession$lambda$0: Failed to record heartbeat
java.io.IOException: The process cannot access the file because another process has locked a portion of the file
	at java.base/java.io.FileOutputStream.writeBytes(Native Method)
	at java.base/java.io.FileOutputStream.write(FileOutputStream.java:332)
	at kotlin.io.FilesKt__FileReadWriteKt.writeTextImpl(FileReadWrite.kt:160)
	at kotlin.io.FilesKt__FileReadWriteKt.writeText(FileReadWrite.kt:145)
	at kotlin.io.FilesKt__FileReadWriteKt.writeText$default(FileReadWrite.kt:144)
	at maestro.cli.db.KeyValueStore.commit(KeyValueStore.kt:50)
	at maestro.cli.db.KeyValueStore.set$lambda$3$lambda$2(KeyValueStore.kt:23)
	at maestro.cli.db.KeyValueStore.withFileLock(KeyValueStore.kt:62)
	at maestro.cli.db.KeyValueStore.set(KeyValueStore.kt:20)
	at maestro.cli.session.SessionStore.heartbeat(SessionStore.kt:12)
	at maestro.cli.session.MaestroSessionManager.newSession$lambda$0(MaestroSessionManager.kt:98)
	at java.base/java.util.concurrent.Executors$RunnableAdapter.call(Executors.java:545)
	at java.base/java.util.concurrent.FutureTask.runAndReset(FutureTask.java:371)
	at java.base/java.util.concurrent.ScheduledThreadPoolExecutor$ScheduledFutureTask.run(ScheduledThreadPoolExecutor.java:310)
	at java.base/java.util.concurrent.ThreadPoolExecutor.runWorker(ThreadPoolExecutor.java:1090)
	at java.base/java.util.concurrent.ThreadPoolExecutor$Worker.run(ThreadPoolExecutor.java:614)
	at java.base/java.lang.Thread.run(Thread.java:1516)
14:48:41.443 [ INFO] maestro.cli.runner.MaestroCommandRunner.runCommands$lambda$2: Define variables COMPLETED
14:48:44.274 [ INFO] maestro.cli.runner.MaestroCommandRunner.runCommands$lambda$0: Apply configuration RUNNING
14:48:46.184 [ERROR] maestro.cli.session.MaestroSessionManager.newSession$lambda$0: Failed to record heartbeat
java.io.IOException: The process cannot access the file because another process has locked a portion of the file
	at java.base/java.io.FileOutputStream.writeBytes(Native Method)
	at java.base/java.io.FileOutputStream.write(FileOutputStream.java:332)
	at kotlin.io.FilesKt__FileReadWriteKt.writeTextImpl(FileReadWrite.kt:160)
	at kotlin.io.FilesKt__FileReadWriteKt.writeText(FileReadWrite.kt:145)
	at kotlin.io.FilesKt__FileReadWriteKt.writeText$default(FileReadWrite.kt:144)
	at maestro.cli.db.KeyValueStore.commit(KeyValueStore.kt:50)
	at maestro.cli.db.KeyValueStore.set$lambda$3$lambda$2(KeyValueStore.kt:23)
	at maestro.cli.db.KeyValueStore.withFileLock(KeyValueStore.kt:62)
	at maestro.cli.db.KeyValueStore.set(KeyValueStore.kt:20)
	at maestro.cli.session.SessionStore.heartbeat(SessionStore.kt:12)
	at maestro.cli.session.MaestroSessionManager.newSession$lambda$0(MaestroSessionManager.kt:98)
	at java.base/java.util.concurrent.Executors$RunnableAdapter.call(Executors.java:545)
	at java.base/java.util.concurrent.FutureTask.runAndReset(FutureTask.java:371)
	at java.base/java.util.concurrent.ScheduledThreadPoolExecutor$ScheduledFutureTask.run(ScheduledThreadPoolExecutor.java:310)
	at java.base/java.util.concurrent.ThreadPoolExecutor.runWorker(ThreadPoolExecutor.java:1090)
	at java.base/java.util.concurrent.ThreadPoolExecutor$Worker.run(ThreadPoolExecutor.java:614)
	at java.base/java.lang.Thread.run(Thread.java:1516)
14:48:47.067 [ INFO] maestro.cli.runner.MaestroCommandRunner.runCommands$lambda$11: Apply configuration metadata CommandMetadata(numberOfRuns=null, evaluatedCommand=MaestroCommand(applyConfigurationCommand=ApplyConfigurationCommand(config=MaestroConfig(appId=fi.iwa.sakani, name=Clear first-run and promo overlays, tags=[], ext={}, onFlowStart=null, onFlowComplete=null, properties={}), label=null, optional=false)), logMessages=[], insight=Insight(message=, level=NONE), aiReasoning=null, labeledCommand=null)
14:48:49.887 [ INFO] maestro.cli.runner.MaestroCommandRunner.runCommands$lambda$2: Apply configuration COMPLETED
14:48:51.185 [ERROR] maestro.cli.session.MaestroSessionManager.newSession$lambda$0: Failed to record heartbeat
java.io.IOException: The process cannot access the file because another process has locked a portion of the file
	at java.base/java.io.FileOutputStream.writeBytes(Native Method)
	at java.base/java.io.FileOutputStream.write(FileOutputStream.java:332)
	at kotlin.io.FilesKt__FileReadWriteKt.writeTextImpl(FileReadWrite.kt:160)
	at kotlin.io.FilesKt__FileReadWriteKt.writeText(FileReadWrite.kt:145)
	at kotlin.io.FilesKt__FileReadWriteKt.writeText$default(FileReadWrite.kt:144)
	at maestro.cli.db.KeyValueStore.commit(KeyValueStore.kt:50)
	at maestro.cli.db.KeyValueStore.set$lambda$3$lambda$2(KeyValueStore.kt:23)
	at maestro.cli.db.KeyValueStore.withFileLock(KeyValueStore.kt:62)
	at maestro.cli.db.KeyValueStore.set(KeyValueStore.kt:20)
	at maestro.cli.session.SessionStore.heartbeat(SessionStore.kt:12)
	at maestro.cli.session.MaestroSessionManager.newSession$lambda$0(MaestroSessionManager.kt:98)
	at java.base/java.util.concurrent.Executors$RunnableAdapter.call(Executors.java:545)
	at java.base/java.util.concurrent.FutureTask.runAndReset(FutureTask.java:371)
	at java.base/java.util.concurrent.ScheduledThreadPoolExecutor$ScheduledFutureTask.run(ScheduledThreadPoolExecutor.java:310)
	at java.base/java.util.concurrent.ThreadPoolExecutor.runWorker(ThreadPoolExecutor.java:1090)
	at java.base/java.util.concurrent.ThreadPoolExecutor$Worker.run(ThreadPoolExecutor.java:614)
	at java.base/java.lang.Thread.run(Thread.java:1516)
14:48:52.695 [ INFO] maestro.cli.runner.MaestroCommandRunner.runCommands$lambda$0: Repeat while "${ANCHOR}" is not visible (up to 20 times) RUNNING
14:48:55.502 [ INFO] maestro.cli.runner.MaestroCommandRunner.runCommands$lambda$11: Repeat while "${ANCHOR}" is not visible (up to 20 times) metadata CommandMetadata(numberOfRuns=null, evaluatedCommand=MaestroCommand(repeatCommand=RepeatCommand(times=20, condition=Condition(platform=null, visible=null, notVisible=ElementSelector(textRegex=${ANCHOR}, idRegex=null, size=null, below=null, above=null, leftOf=null, rightOf=null, containsChild=null, containsDescendants=null, traits=null, index=null, enabled=null, optional=false, selected=null, checked=null, focused=null, childOf=null, css=null), scriptCondition=null, label=null), commands=[MaestroCommand(runFlowCommand=RunFlowCommand(commands=[MaestroCommand(tapOnElementCommand=TapOnElementCommand(selector=ElementSelector(textRegex=Don.t allow, idRegex=null, size=null, below=null, above=null, leftOf=null, rightOf=null, containsChild=null, containsDescendants=null, traits=null, index=null, enabled=null, optional=false, selected=null, checked=null, focused=null, childOf=null, css=null), retryIfNoChange=false, waitUntilVisible=false, longPress=false, repeat=null, waitToSettleTimeoutMs=null, relativePoint=null, label=null, optional=false)), MaestroCommand(waitForAnimationToEndCommand=WaitForAnimationToEndCommand(timeout=3000, label=null, optional=false))], condition=Condition(platform=null, visible=ElementSelector(textRegex=Don.t allow, idRegex=null, size=null, below=null, above=null, leftOf=null, rightOf=null, containsChild=null, containsDescendants=null, traits=null, index=null, enabled=null, optional=false, selected=null, checked=null, focused=null, childOf=null, css=null), notVisible=null, scriptCondition=null, label=null), sourceDescription=null, config=null, label=null, optional=false)), MaestroCommand(runFlowCommand=RunFlowCommand(commands=[MaestroCommand(tapOnElementCommand=TapOnElementCommand(selector=ElementSelector(textRegex=Skip, idRegex=null, size=null, below=null, above=null, leftOf=null, rightOf=null, containsChild=null, containsDescendants=null, traits=null, index=null, enabled=null, optional=false, selected=null, checked=null, focused=null, childOf=null, css=null), retryIfNoChange=false, waitUntilVisible=false, longPress=false, repeat=null, waitToSettleTimeoutMs=null, relativePoint=null, label=null, optional=false)), MaestroCommand(waitForAnimationToEndCommand=WaitForAnimationToEndCommand(timeout=3000, label=null, optional=false))], condition=Condition(platform=null, visible=ElementSelector(textRegex=Skip, idRegex=null, size=null, below=null, above=null, leftOf=null, rightOf=null, containsChild=null, containsDescendants=null, traits=null, index=null, enabled=null, optional=false, selected=null, checked=null, focused=null, childOf=null, css=null), notVisible=null, scriptCondition=null, label=null), sourceDescription=null, config=null, label=null, optional=false)), MaestroCommand(runFlowCommand=RunFlowCommand(commands=[MaestroCommand(tapOnElementCommand=TapOnElementCommand(selector=ElementSelector(textRegex=Dismiss, idRegex=null, size=null, below=null, above=null, leftOf=null, rightOf=null, containsChild=null, containsDescendants=null, traits=null, index=null, enabled=null, optional=false, selected=null, checked=null, focused=null, childOf=null, css=null), retryIfNoChange=false, waitUntilVisible=false, longPress=false, repeat=null, waitToSettleTimeoutMs=null, relativePoint=null, label=null, optional=false)), MaestroCommand(waitForAnimationToEndCommand=WaitForAnimationToEndCommand(timeout=3000, label=null, optional=false))], condition=Condition(platform=null, visible=ElementSelector(textRegex=Dismiss, idRegex=null, size=null, below=null, above=null, leftOf=null, rightOf=null, containsChild=null, containsDescendants=null, traits=null, index=null, enabled=null, optional=false, selected=null, checked=null, focused=null, childOf=null, css=null), notVisible=null, scriptCondition=null, label=null), sourceDescription=null, config=null, label=null, optional=false)), MaestroCommand(runFlowCommand=RunFlowCommand(commands=[MaestroCommand(runFlowCommand=RunFlowCommand(commands=[MaestroCommand(evalScriptCommand=EvalScriptCommand(scriptString=${console.log('CLEAR-OVERLAYS OK-HANDLER: dismissing the ERROR dialog (there is something wrong / please try again later). If this line sits after a reservation, payment or signature step, the business outcome MUST be re-read from the product records before the run is called green.')}, label=null, optional=false))], condition=Condition(platform=null, visible=ElementSelector(textRegex=There's something wrong. Please try again later!, idRegex=null, size=null, below=null, above=null, leftOf=null, rightOf=null, containsChild=null, containsDescendants=null, traits=null, index=null, enabled=null, optional=false, selected=null, checked=null, focused=null, childOf=null, css=null), notVisible=null, scriptCondition=null, label=null), sourceDescription=null, config=null, label=null, optional=false)), MaestroCommand(evalScriptCommand=EvalScriptCommand(scriptString=${console.log('CLEAR-OVERLAYS OK-HANDLER: tapping Ok')}, label=null, optional=false)), MaestroCommand(tapOnElementCommand=TapOnElementCommand(selector=ElementSelector(textRegex=Ok, idRegex=null, size=null, below=null, above=null, leftOf=null, rightOf=null, containsChild=null, containsDescendants=null, traits=null, index=null, enabled=null, optional=false, selected=null, checked=null, focused=null, childOf=null, css=null), retryIfNoChange=false, waitUntilVisible=false, longPress=false, repeat=null, waitToSettleTimeoutMs=null, relativePoint=null, label=null, optional=false)), MaestroCommand(waitForAnimationToEndCommand=WaitForAnimationToEndCommand(timeout=3000, label=null, optional=false))], condition=Condition(platform=null, visible=ElementSelector(textRegex=Ok, idRegex=null, size=null, below=null, above=null, leftOf=null, rightOf=null, containsChild=null, containsDescendants=null, traits=null, index=null, enabled=null, optional=false, selected=null, checked=null, focused=null, childOf=null, css=null), notVisible=null, scriptCondition=null, label=null), sourceDescription=null, config=null, label=null, optional=false)), MaestroCommand(runFlowCommand=RunFlowCommand(commands=[MaestroCommand(backPressCommand=BackPressCommand()), MaestroCommand(waitForAnimationToEndCommand=WaitForAnimationToEndCommand(timeout=3000, label=null, optional=false))], condition=Condition(platform=null, visible=ElementSelector(textRegex=Marketplace Day, idRegex=null, size=null, below=null, above=null, leftOf=null, rightOf=null, containsChild=null, containsDescendants=null, traits=null, index=null, enabled=null, optional=false, selected=null, checked=null, focused=null, childOf=null, css=null), notVisible=null, scriptCondition=null, label=null), sourceDescription=null, config=null, label=null, optional=false)), MaestroCommand(runFlowCommand=RunFlowCommand(commands=[MaestroCommand(backPressCommand=BackPressCommand()), MaestroCommand(waitForAnimationToEndCommand=WaitForAnimationToEndCommand(timeout=3000, label=null, optional=false))], condition=Condition(platform=null, visible=ElementSelector(textRegex=Start comparing properties, idRegex=null, size=null, below=null, above=null, leftOf=null, rightOf=null, containsChild=null, containsDescendants=null, traits=null, index=null, enabled=null, optional=false, selected=null, checked=null, focused=null, childOf=null, css=null), notVisible=null, scriptCondition=null, label=null), sourceDescription=null, config=null, label=null, optional=false)), MaestroCommand(runFlowCommand=RunFlowCommand(commands=[MaestroCommand(backPressCommand=BackPressCommand()), MaestroCommand(waitForAnimationToEndCommand=WaitForAnimationToEndCommand(timeout=3000, label=null, optional=false))], condition=Condition(platform=null, visible=ElementSelector(textRegex=Go to the weekly (offer|deal), idRegex=null, size=null, below=null, above=null, leftOf=null, rightOf=null, containsChild=null, containsDescendants=null, traits=null, index=null, enabled=null, optional=false, selected=null, checked=null, focused=null, childOf=null, css=null), notVisible=null, scriptCondition=null, label=null), sourceDescription=null, config=null, label=null, optional=false)), MaestroCommand(runFlowCommand=RunFlowCommand(commands=[MaestroCommand(backPressCommand=BackPressCommand()), MaestroCommand(waitForAnimationToEndCommand=WaitForAnimationToEndCommand(timeout=3000, label=null, optional=false))], condition=Condition(platform=null, visible=ElementSelector(textRegex=Update email, idRegex=null, size=null, below=null, above=null, leftOf=null, rightOf=null, containsChild=null, containsDescendants=null, traits=null, index=null, enabled=null, optional=false, selected=null, checked=null, focused=null, childOf=null, css=null), notVisible=null, scriptCondition=null, label=null), sourceDescription=null, config=null, label=null, optional=false)), MaestroCommand(runFlowCommand=RunFlowCommand(commands=[MaestroCommand(tapOnPointV2Command=TapOnPointV2Command(point=7%,9%, retryIfNoChange=false, longPress=false, repeat=null, waitToSettleTimeoutMs=null, label=null, optional=false)), MaestroCommand(waitForAnimationToEndCommand=WaitForAnimationToEndCommand(timeout=4000, label=null, optional=false))], condition=Condition(platform=null, visible=ElementSelector(textRegex=Number and Email Already Linked, idRegex=null, size=null, below=null, above=null, leftOf=null, rightOf=null, containsChild=null, containsDescendants=null, traits=null, index=null, enabled=null, optional=false, selected=null, checked=null, focused=null, childOf=null, css=null), notVisible=null, scriptCondition=null, label=null), sourceDescription=null, config=null, label=null, optional=false)), MaestroCommand(runFlowCommand=RunFlowCommand(commands=[MaestroCommand(runFlowCommand=RunFlowCommand(commands=[MaestroCommand(swipeCommand=SwipeCommand(direction=null, startPoint=null, endPoint=null, elementSelector=null, startRelative=50%,58%, endRelative=50%,99%, duration=400, waitToSettleTimeoutMs=null, relativePoint=null, label=null, optional=false)), MaestroCommand(waitForAnimationToEndCommand=WaitForAnimationToEndCommand(timeout=4000, label=null, optional=false))], condition=Condition(platform=null, visible=null, notVisible=ElementSelector(textRegex=(?s)(.*There.s something wrong.*|.*the service is down.*|Error!), idRegex=null, size=null, below=null, above=null, leftOf=null, rightOf=null, containsChild=null, containsDescendants=null, traits=null, index=null, enabled=null, optional=false, selected=null, checked=null, focused=null, childOf=null, css=null), scriptCondition=null, label=null), sourceDescription=null, config=null, label=null, optional=false))], condition=Condition(platform=null, visible=ElementSelector(textRegex=(?s).*would you recommend benefiting from Sakani.*, idRegex=null, size=null, below=null, above=null, leftOf=null, rightOf=null, containsChild=null, containsDescendants=null, traits=null, index=null, enabled=null, optional=false, selected=null, checked=null, focused=null, childOf=null, css=null), notVisible=null, scriptCondition=null, label=null), sourceDescription=null, config=null, label=null, optional=false)), MaestroCommand(runFlowCommand=RunFlowCommand(commands=[MaestroCommand(tapOnElementCommand=TapOnElementCommand(selector=ElementSelector(textRegex=Maybe Later, idRegex=null, size=null, below=null, above=null, leftOf=null, rightOf=null, containsChild=null, containsDescendants=null, traits=null, index=null, enabled=null, optional=false, selected=null, checked=null, focused=null, childOf=null, css=null), retryIfNoChange=false, waitUntilVisible=false, longPress=false, repeat=null, waitToSettleTimeoutMs=null, relativePoint=null, label=null, optional=false)), MaestroCommand(waitForAnimationToEndCommand=WaitForAnimationToEndCommand(timeout=3000, label=null, optional=false))], condition=Condition(platform=null, visible=ElementSelector(textRegex=Maybe Later, idRegex=null, size=null, below=null, above=null, leftOf=null, rightOf=null, containsChild=null, containsDescendants=null, traits=null, index=null, enabled=null, optional=false, selected=null, checked=null, focused=null, childOf=null, css=null), notVisible=null, scriptCondition=null, label=null), sourceDescription=null, config=null, label=null, optional=false)), MaestroCommand(runFlowCommand=RunFlowCommand(commands=[MaestroCommand(tapOnElementCommand=TapOnElementCommand(selector=ElementSelector(textRegex=Reject cookies, idRegex=null, size=null, below=null, above=null, leftOf=null, rightOf=null, containsChild=null, containsDescendants=null, traits=null, index=null, enabled=null, optional=false, selected=null, checked=null, focused=null, childOf=null, css=null), retryIfNoChange=false, waitUntilVisible=false, longPress=false, repeat=null, waitToSettleTimeoutMs=null, relativePoint=null, label=null, optional=false)), MaestroCommand(waitForAnimationToEndCommand=WaitForAnimationToEndCommand(timeout=4000, label=null, optional=false))], condition=Condition(platform=null, visible=ElementSelector(textRegex=Reject cookies, idRegex=null, size=null, below=null, above=null, leftOf=null, rightOf=null, containsChild=null, containsDescendants=null, traits=null, index=null, enabled=null, optional=false, selected=null, checked=null, focused=null, childOf=null, css=null), notVisible=null, scriptCondition=null, label=null), sourceDescription=null, config=null, label=null, optional=false)), MaestroCommand(runFlowCommand=RunFlowCommand(commands=[MaestroCommand(waitForAnimationToEndCommand=WaitForAnimationToEndCommand(timeout=5000, label=null, optional=false))], condition=Condition(platform=null, visible=null, notVisible=ElementSelector(textRegex=${ANCHOR}, idRegex=null, size=null, below=null, above=null, leftOf=null, rightOf=null, containsChild=null, containsDescendants=null, traits=null, index=null, enabled=null, optional=false, selected=null, checked=null, focused=null, childOf=null, css=null), scriptCondition=null, label=null), sourceDescription=null, config=null, label=null, optional=false))], label=null, optional=false)), logMessages=[], insight=Insight(message=, level=NONE), aiReasoning=null, labeledCommand=null)
14:48:56.184 [ERROR] maestro.cli.session.MaestroSessionManager.newSession$lambda$0: Failed to record heartbeat
java.io.IOException: The process cannot access the file because another process has locked a portion of the file
	at java.base/java.io.FileOutputStream.writeBytes(Native Method)
	at java.base/java.io.FileOutputStream.write(FileOutputStream.java:332)
	at kotlin.io.FilesKt__FileReadWriteKt.writeTextImpl(FileReadWrite.kt:160)
	at kotlin.io.FilesKt__FileReadWriteKt.writeText(FileReadWrite.kt:145)
	at kotlin.io.FilesKt__FileReadWriteKt.writeText$default(FileReadWrite.kt:144)
	at maestro.cli.db.KeyValueStore.commit(KeyValueStore.kt:50)
	at maestro.cli.db.KeyValueStore.set$lambda$3$lambda$2(KeyValueStore.kt:23)
	at maestro.cli.db.KeyValueStore.withFileLock(KeyValueStore.kt:62)
	at maestro.cli.db.KeyValueStore.set(KeyValueStore.kt:20)
	at maestro.cli.session.SessionStore.heartbeat(SessionStore.kt:12)
	at maestro.cli.session.MaestroSessionManager.newSession$lambda$0(MaestroSessionManager.kt:98)
	at java.base/java.util.concurrent.Executors$RunnableAdapter.call(Executors.java:545)
	at java.base/java.util.concurrent.FutureTask.runAndReset(FutureTask.java:371)
	at java.base/java.util.concurrent.ScheduledThreadPoolExecutor$ScheduledFutureTask.run(ScheduledThreadPoolExecutor.java:310)
	at java.base/java.util.concurrent.ThreadPoolExecutor.runWorker(ThreadPoolExecutor.java:1090)
	at java.base/java.util.concurrent.ThreadPoolExecutor$Worker.run(ThreadPoolExecutor.java:614)
	at java.base/java.lang.Thread.run(Thread.java:1516)
14:48:58.855 [ INFO] maestro.cli.runner.MaestroCommandRunner.runCommands$lambda$0: Run flow when "Don.t allow" is visible RUNNING
14:49:01.183 [ERROR] maestro.cli.session.MaestroSessionManager.newSession$lambda$0: Failed to record heartbeat
java.io.IOException: The process cannot access the file because another process has locked a portion of the file
	at java.base/java.io.FileOutputStream.writeBytes(Native Method)
	at java.base/java.io.FileOutputStream.write(FileOutputStream.java:332)
	at kotlin.io.FilesKt__FileReadWriteKt.writeTextImpl(FileReadWrite.kt:160)
	at kotlin.io.FilesKt__FileReadWriteKt.writeText(FileReadWrite.kt:145)
	at kotlin.io.FilesKt__FileReadWriteKt.writeText$default(FileReadWrite.kt:144)
	at maestro.cli.db.KeyValueStore.commit(KeyValueStore.kt:50)
	at maestro.cli.db.KeyValueStore.set$lambda$3$lambda$2(KeyValueStore.kt:23)
	at maestro.cli.db.KeyValueStore.withFileLock(KeyValueStore.kt:62)
	at maestro.cli.db.KeyValueStore.set(KeyValueStore.kt:20)
	at maestro.cli.session.SessionStore.heartbeat(SessionStore.kt:12)
	at maestro.cli.session.MaestroSessionManager.newSession$lambda$0(MaestroSessionManager.kt:98)
	at java.base/java.util.concurrent.Executors$RunnableAdapter.call(Executors.java:545)
	at java.base/java.util.concurrent.FutureTask.runAndReset(FutureTask.java:371)
	at java.base/java.util.concurrent.ScheduledThreadPoolExecutor$ScheduledFutureTask.run(ScheduledThreadPoolExecutor.java:310)
	at java.base/java.util.concurrent.ThreadPoolExecutor.runWorker(ThreadPoolExecutor.java:1090)
	at java.base/java.util.concurrent.ThreadPoolExecutor$Worker.run(ThreadPoolExecutor.java:614)
	at java.base/java.lang.Thread.run(Thread.java:1516)
14:49:01.679 [ INFO] maestro.cli.runner.MaestroCommandRunner.runCommands$lambda$11: Run flow when "Don.t allow" is visible metadata CommandMetadata(numberOfRuns=null, evaluatedCommand=MaestroCommand(runFlowCommand=RunFlowCommand(commands=[MaestroCommand(tapOnElementCommand=TapOnElementCommand(selector=ElementSelector(textRegex=Don.t allow, idRegex=null, size=null, below=null, above=null, leftOf=null, rightOf=null, containsChild=null, containsDescendants=null, traits=null, index=null, enabled=null, optional=false, selected=null, checked=null, focused=null, childOf=null, css=null), retryIfNoChange=false, waitUntilVisible=false, longPress=false, repeat=null, waitToSettleTimeoutMs=null, relativePoint=null, label=null, optional=false)), MaestroCommand(waitForAnimationToEndCommand=WaitForAnimationToEndCommand(timeout=3000, label=null, optional=false))], condition=Condition(platform=null, visible=ElementSelector(textRegex=Don.t allow, idRegex=null, size=null, below=null, above=null, leftOf=null, rightOf=null, containsChild=null, containsDescendants=null, traits=null, index=null, enabled=null, optional=false, selected=null, checked=null, focused=null, childOf=null, css=null), notVisible=null, scriptCondition=null, label=null), sourceDescription=null, config=null, label=null, optional=false)), logMessages=[], insight=Insight(message=, level=NONE), aiReasoning=null, labeledCommand=null)
14:49:05.143 [ INFO] maestro.orchestra.Orchestra.executeSubflowCommands: [Command execution subflow] CommandSkipped: null
14:49:05.145 [ INFO] maestro.cli.runner.MaestroCommandRunner.runCommands$lambda$8: Run flow when "Don.t allow" is visible SKIPPED
14:49:06.184 [ERROR] maestro.cli.session.MaestroSessionManager.newSession$lambda$0: Failed to record heartbeat
java.io.IOException: The process cannot access the file because another process has locked a portion of the file
	at java.base/java.io.FileOutputStream.writeBytes(Native Method)
	at java.base/java.io.FileOutputStream.write(FileOutputStream.java:332)
	at kotlin.io.FilesKt__FileReadWriteKt.writeTextImpl(FileReadWrite.kt:160)
	at kotlin.io.FilesKt__FileReadWriteKt.writeText(FileReadWrite.kt:145)
	at kotlin.io.FilesKt__FileReadWriteKt.writeText$default(FileReadWrite.kt:144)
	at maestro.cli.db.KeyValueStore.commit(KeyValueStore.kt:50)
	at maestro.cli.db.KeyValueStore.set$lambda$3$lambda$2(KeyValueStore.kt:23)
	at maestro.cli.db.KeyValueStore.withFileLock(KeyValueStore.kt:62)
	at maestro.cli.db.KeyValueStore.set(KeyValueStore.kt:20)
	at maestro.cli.session.SessionStore.heartbeat(SessionStore.kt:12)
	at maestro.cli.session.MaestroSessionManager.newSession$lambda$0(MaestroSessionManager.kt:98)
	at java.base/java.util.concurrent.Executors$RunnableAdapter.call(Executors.java:545)
	at java.base/java.util.concurrent.FutureTask.runAndReset(FutureTask.java:371)
	at java.base/java.util.concurrent.ScheduledThreadPoolExecutor$ScheduledFutureTask.run(ScheduledThreadPoolExecutor.java:310)
	at java.base/java.util.concurrent.ThreadPoolExecutor.runWorker(ThreadPoolExecutor.java:1090)
	at java.base/java.util.concurrent.ThreadPoolExecutor$Worker.run(ThreadPoolExecutor.java:614)
	at java.base/java.lang.Thread.run(Thread.java:1516)
14:49:08.100 [ INFO] maestro.cli.runner.MaestroCommandRunner.runCommands$lambda$0: Run flow when "Skip" is visible RUNNING
14:49:11.184 [ERROR] maestro.cli.session.MaestroSessionManager.newSession$lambda$0: Failed to record heartbeat
java.io.IOException: The process cannot access the file because another process has locked a portion of the file
	at java.base/java.io.FileOutputStream.writeBytes(Native Method)
	at java.base/java.io.FileOutputStream.write(FileOutputStream.java:332)
	at kotlin.io.FilesKt__FileReadWriteKt.writeTextImpl(FileReadWrite.kt:160)
	at kotlin.io.FilesKt__FileReadWriteKt.writeText(FileReadWrite.kt:145)
	at kotlin.io.FilesKt__FileReadWriteKt.writeText$default(FileReadWrite.kt:144)
	at maestro.cli.db.KeyValueStore.commit(KeyValueStore.kt:50)
	at maestro.cli.db.KeyValueStore.set$lambda$3$lambda$2(KeyValueStore.kt:23)
	at maestro.cli.db.KeyValueStore.withFileLock(KeyValueStore.kt:62)
	at maestro.cli.db.KeyValueStore.set(KeyValueStore.kt:20)
	at maestro.cli.session.SessionStore.heartbeat(SessionStore.kt:12)
	at maestro.cli.session.MaestroSessionManager.newSession$lambda$0(MaestroSessionManager.kt:98)
	at java.base/java.util.concurrent.Executors$RunnableAdapter.call(Executors.java:545)
	at java.base/java.util.concurrent.FutureTask.runAndReset(FutureTask.java:371)
	at java.base/java.util.concurrent.ScheduledThreadPoolExecutor$ScheduledFutureTask.run(ScheduledThreadPoolExecutor.java:310)
	at java.base/java.util.concurrent.ThreadPoolExecutor.runWorker(ThreadPoolExecutor.java:1090)
	at java.base/java.util.concurrent.ThreadPoolExecutor$Worker.run(ThreadPoolExecutor.java:614)
	at java.base/java.lang.Thread.run(Thread.java:1516)
14:49:11.215 [ INFO] maestro.cli.runner.MaestroCommandRunner.runCommands$lambda$11: Run flow when "Skip" is visible metadata CommandMetadata(numberOfRuns=null, evaluatedCommand=MaestroCommand(runFlowCommand=RunFlowCommand(commands=[MaestroCommand(tapOnElementCommand=TapOnElementCommand(selector=ElementSelector(textRegex=Skip, idRegex=null, size=null, below=null, above=null, leftOf=null, rightOf=null, containsChild=null, containsDescendants=null, traits=null, index=null, enabled=null, optional=false, selected=null, checked=null, focused=null, childOf=null, css=null), retryIfNoChange=false, waitUntilVisible=false, longPress=false, repeat=null, waitToSettleTimeoutMs=null, relativePoint=null, label=null, optional=false)), MaestroCommand(waitForAnimationToEndCommand=WaitForAnimationToEndCommand(timeout=3000, label=null, optional=false))], condition=Condition(platform=null, visible=ElementSelector(textRegex=Skip, idRegex=null, size=null, below=null, above=null, leftOf=null, rightOf=null, containsChild=null, containsDescendants=null, traits=null, index=null, enabled=null, optional=false, selected=null, checked=null, focused=null, childOf=null, css=null), notVisible=null, scriptCondition=null, label=null), sourceDescription=null, config=null, label=null, optional=false)), logMessages=[], insight=Insight(message=, level=NONE), aiReasoning=null, labeledCommand=null)
14:49:14.392 [ INFO] maestro.cli.runner.MaestroCommandRunner.runCommands$lambda$0: Tap on "Skip" RUNNING
14:49:16.185 [ERROR] maestro.cli.session.MaestroSessionManager.newSession$lambda$0: Failed to record heartbeat
java.io.IOException: The process cannot access the file because another process has locked a portion of the file
	at java.base/java.io.FileOutputStream.writeBytes(Native Method)
	at java.base/java.io.FileOutputStream.write(FileOutputStream.java:332)
	at kotlin.io.FilesKt__FileReadWriteKt.writeTextImpl(FileReadWrite.kt:160)
	at kotlin.io.FilesKt__FileReadWriteKt.writeText(FileReadWrite.kt:145)
	at kotlin.io.FilesKt__FileReadWriteKt.writeText$default(FileReadWrite.kt:144)
	at maestro.cli.db.KeyValueStore.commit(KeyValueStore.kt:50)
	at maestro.cli.db.KeyValueStore.set$lambda$3$lambda$2(KeyValueStore.kt:23)
	at maestro.cli.db.KeyValueStore.withFileLock(KeyValueStore.kt:62)
	at maestro.cli.db.KeyValueStore.set(KeyValueStore.kt:20)
	at maestro.cli.session.SessionStore.heartbeat(SessionStore.kt:12)
	at maestro.cli.session.MaestroSessionManager.newSession$lambda$0(MaestroSessionManager.kt:98)
	at java.base/java.util.concurrent.Executors$RunnableAdapter.call(Executors.java:545)
	at java.base/java.util.concurrent.FutureTask.runAndReset(FutureTask.java:371)
	at java.base/java.util.concurrent.ScheduledThreadPoolExecutor$ScheduledFutureTask.run(ScheduledThreadPoolExecutor.java:310)
	at java.base/java.util.concurrent.ThreadPoolExecutor.runWorker(ThreadPoolExecutor.java:1090)
	at java.base/java.util.concurrent.ThreadPoolExecutor$Worker.run(ThreadPoolExecutor.java:614)
	at java.base/java.lang.Thread.run(Thread.java:1516)
14:49:17.407 [ INFO] maestro.cli.runner.MaestroCommandRunner.runCommands$lambda$11: Tap on "Skip" metadata CommandMetadata(numberOfRuns=null, evaluatedCommand=MaestroCommand(tapOnElementCommand=TapOnElementCommand(selector=ElementSelector(textRegex=Skip, idRegex=null, size=null, below=null, above=null, leftOf=null, rightOf=null, containsChild=null, containsDescendants=null, traits=null, index=null, enabled=null, optional=false, selected=null, checked=null, focused=null, childOf=null, css=null), retryIfNoChange=false, waitUntilVisible=false, longPress=false, repeat=null, waitToSettleTimeoutMs=null, relativePoint=null, label=null, optional=false)), logMessages=[], insight=Insight(message=, level=NONE), aiReasoning=null, labeledCommand=null)
14:49:20.661 [ INFO] maestro.Maestro.tap-HgV9Ck0: Tapping on element:  UiElement(treeNode=TreeNode(attributes={text=, accessibilityText=Skip, hintText=, ignoreBoundsFiltering=false, resource-id=, clickable=true, bounds=[912,132][1080,279], enabled=true, focused=false, checked=false, scrollable=false, selected=false, class=android.widget.Button, important-for-accessibility=true, error=}, children=[], clickable=true, enabled=true, focused=false, checked=false, selected=false), bounds=Bounds(x=912, y=132, width=168, height=147))
14:49:21.186 [ERROR] maestro.cli.session.MaestroSessionManager.newSession$lambda$0: Failed to record heartbeat
java.io.IOException: The process cannot access the file because another process has locked a portion of the file
	at java.base/java.io.FileOutputStream.writeBytes(Native Method)
	at java.base/java.io.FileOutputStream.write(FileOutputStream.java:332)
	at kotlin.io.FilesKt__FileReadWriteKt.writeTextImpl(FileReadWrite.kt:160)
	at kotlin.io.FilesKt__FileReadWriteKt.writeText(FileReadWrite.kt:145)
	at kotlin.io.FilesKt__FileReadWriteKt.writeText$default(FileReadWrite.kt:144)
	at maestro.cli.db.KeyValueStore.commit(KeyValueStore.kt:50)
	at maestro.cli.db.KeyValueStore.set$lambda$3$lambda$2(KeyValueStore.kt:23)
	at maestro.cli.db.KeyValueStore.withFileLock(KeyValueStore.kt:62)
	at maestro.cli.db.KeyValueStore.set(KeyValueStore.kt:20)
	at maestro.cli.session.SessionStore.heartbeat(SessionStore.kt:12)
	at maestro.cli.session.MaestroSessionManager.newSession$lambda$0(MaestroSessionManager.kt:98)
	at java.base/java.util.concurrent.Executors$RunnableAdapter.call(Executors.java:545)
	at java.base/java.util.concurrent.FutureTask.runAndReset(FutureTask.java:371)
	at java.base/java.util.concurrent.ScheduledThreadPoolExecutor$ScheduledFutureTask.run(ScheduledThreadPoolExecutor.java:310)
	at java.base/java.util.concurrent.ThreadPoolExecutor.runWorker(ThreadPoolExecutor.java:1090)
	at java.base/java.util.concurrent.ThreadPoolExecutor$Worker.run(ThreadPoolExecutor.java:614)
	at java.base/java.lang.Thread.run(Thread.java:1516)
14:49:21.966 [ INFO] maestro.Maestro.tap-HgV9Ck0: Tap aimed via settled hierarchy
14:49:21.972 [ INFO] maestro.Maestro.hierarchyBasedTap-ogj28Uc: Tapping at (996, 205) using hierarchy based logic for wait
14:49:23.158 [ INFO] maestro.Maestro.hierarchyBasedTap-ogj28Uc: Something has changed in the UI judging by view hierarchy. Proceed.
14:49:23.158 [ INFO] maestro.cli.runner.MaestroCommandRunner.runCommands$lambda$2: Tap on "Skip" COMPLETED
14:49:25.946 [ INFO] maestro.cli.runner.MaestroCommandRunner.runCommands$lambda$0: Wait for animation to end within 3000 ms RUNNING
14:49:26.185 [ERROR] maestro.cli.session.MaestroSessionManager.newSession$lambda$0: Failed to record heartbeat
java.io.IOException: The process cannot access the file because another process has locked a portion of the file
	at java.base/java.io.FileOutputStream.writeBytes(Native Method)
	at java.base/java.io.FileOutputStream.write(FileOutputStream.java:332)
	at kotlin.io.FilesKt__FileReadWriteKt.writeTextImpl(FileReadWrite.kt:160)
	at kotlin.io.FilesKt__FileReadWriteKt.writeText(FileReadWrite.kt:145)
	at kotlin.io.FilesKt__FileReadWriteKt.writeText$default(FileReadWrite.kt:144)
	at maestro.cli.db.KeyValueStore.commit(KeyValueStore.kt:50)
	at maestro.cli.db.KeyValueStore.set$lambda$3$lambda$2(KeyValueStore.kt:23)
	at maestro.cli.db.KeyValueStore.withFileLock(KeyValueStore.kt:62)
	at maestro.cli.db.KeyValueStore.set(KeyValueStore.kt:20)
	at maestro.cli.session.SessionStore.heartbeat(SessionStore.kt:12)
	at maestro.cli.session.MaestroSessionManager.newSession$lambda$0(MaestroSessionManager.kt:98)
	at java.base/java.util.concurrent.Executors$RunnableAdapter.call(Executors.java:545)
	at java.base/java.util.concurrent.FutureTask.runAndReset(FutureTask.java:371)
	at java.base/java.util.concurrent.ScheduledThreadPoolExecutor$ScheduledFutureTask.run(ScheduledThreadPoolExecutor.java:310)
	at java.base/java.util.concurrent.ThreadPoolExecutor.runWorker(ThreadPoolExecutor.java:1090)
	at java.base/java.util.concurrent.ThreadPoolExecutor$Worker.run(ThreadPoolExecutor.java:614)
	at java.base/java.lang.Thread.run(Thread.java:1516)
14:49:28.840 [ INFO] maestro.cli.runner.MaestroCommandRunner.runCommands$lambda$11: Wait for animation to end within 3000 ms metadata CommandMetadata(numberOfRuns=null, evaluatedCommand=MaestroCommand(waitForAnimationToEndCommand=WaitForAnimationToEndCommand(timeout=3000, label=null, optional=false)), logMessages=[], insight=Insight(message=, level=NONE), aiReasoning=null, labeledCommand=null)
14:49:31.186 [ERROR] maestro.cli.session.MaestroSessionManager.newSession$lambda$0: Failed to record heartbeat
java.io.IOException: The process cannot access the file because another process has locked a portion of the file
	at java.base/java.io.FileOutputStream.writeBytes(Native Method)
	at java.base/java.io.FileOutputStream.write(FileOutputStream.java:332)
	at kotlin.io.FilesKt__FileReadWriteKt.writeTextImpl(FileReadWrite.kt:160)
	at kotlin.io.FilesKt__FileReadWriteKt.writeText(FileReadWrite.kt:145)
	at kotlin.io.FilesKt__FileReadWriteKt.writeText$default(FileReadWrite.kt:144)
	at maestro.cli.db.KeyValueStore.commit(KeyValueStore.kt:50)
	at maestro.cli.db.KeyValueStore.set$lambda$3$lambda$2(KeyValueStore.kt:23)
	at maestro.cli.db.KeyValueStore.withFileLock(KeyValueStore.kt:62)
	at maestro.cli.db.KeyValueStore.set(KeyValueStore.kt:20)
	at maestro.cli.session.SessionStore.heartbeat(SessionStore.kt:12)
	at maestro.cli.session.MaestroSessionManager.newSession$lambda$0(MaestroSessionManager.kt:98)
	at java.base/java.util.concurrent.Executors$RunnableAdapter.call(Executors.java:545)
	at java.base/java.util.concurrent.FutureTask.runAndReset(FutureTask.java:371)
	at java.base/java.util.concurrent.ScheduledThreadPoolExecutor$ScheduledFutureTask.run(ScheduledThreadPoolExecutor.java:310)
	at java.base/java.util.concurrent.ThreadPoolExecutor.runWorker(ThreadPoolExecutor.java:1090)
	at java.base/java.util.concurrent.ThreadPoolExecutor$Worker.run(ThreadPoolExecutor.java:614)
	at java.base/java.lang.Thread.run(Thread.java:1516)
14:49:31.855 [ INFO] maestro.Maestro.waitForAnimationToEnd$lambda$53: Waiting for animation to end with timeout 3000
14:49:31.858 [TRACE] maestro.utils.ScreenshotUtils.takeScreenshot: Taking screenshot to byte array
14:49:31.858 [TRACE] maestro.utils.ScreenshotUtils.takeScreenshot: Taking screenshot to output sink
14:49:33.218 [TRACE] maestro.utils.ScreenshotUtils.takeScreenshot: Taking screenshot to byte array
14:49:33.218 [TRACE] maestro.utils.ScreenshotUtils.takeScreenshot: Taking screenshot to output sink
14:49:34.909 [ INFO] maestro.cli.runner.MaestroCommandRunner.runCommands$lambda$2: Wait for animation to end within 3000 ms COMPLETED
14:49:36.184 [ERROR] maestro.cli.session.MaestroSessionManager.newSession$lambda$0: Failed to record heartbeat
java.io.IOException: The process cannot access the file because another process has locked a portion of the file
	at java.base/java.io.FileOutputStream.writeBytes(Native Method)
	at java.base/java.io.FileOutputStream.write(FileOutputStream.java:332)
	at kotlin.io.FilesKt__FileReadWriteKt.writeTextImpl(FileReadWrite.kt:160)
	at kotlin.io.FilesKt__FileReadWriteKt.writeText(FileReadWrite.kt:145)
	at kotlin.io.FilesKt__FileReadWriteKt.writeText$default(FileReadWrite.kt:144)
	at maestro.cli.db.KeyValueStore.commit(KeyValueStore.kt:50)
	at maestro.cli.db.KeyValueStore.set$lambda$3$lambda$2(KeyValueStore.kt:23)
	at maestro.cli.db.KeyValueStore.withFileLock(KeyValueStore.kt:62)
	at maestro.cli.db.KeyValueStore.set(KeyValueStore.kt:20)
	at maestro.cli.session.SessionStore.heartbeat(SessionStore.kt:12)
	at maestro.cli.session.MaestroSessionManager.newSession$lambda$0(MaestroSessionManager.kt:98)
	at java.base/java.util.concurrent.Executors$RunnableAdapter.call(Executors.java:545)
	at java.base/java.util.concurrent.FutureTask.runAndReset(FutureTask.java:371)
	at java.base/java.util.concurrent.ScheduledThreadPoolExecutor$ScheduledFutureTask.run(ScheduledThreadPoolExecutor.java:310)
	at java.base/java.util.concurrent.ThreadPoolExecutor.runWorker(ThreadPoolExecutor.java:1090)
	at java.base/java.util.concurrent.ThreadPoolExecutor$Worker.run(ThreadPoolExecutor.java:614)
	at java.base/java.lang.Thread.run(Thread.java:1516)
14:49:37.959 [ INFO] maestro.cli.runner.MaestroCommandRunner.runCommands$lambda$2: Run flow when "Skip" is visible COMPLETED
14:49:40.776 [ INFO] maestro.cli.runner.MaestroCommandRunner.runCommands$lambda$0: Run flow when "Dismiss" is visible RUNNING
14:49:41.184 [ERROR] maestro.cli.session.MaestroSessionManager.newSession$lambda$0: Failed to record heartbeat
java.io.IOException: The process cannot access the file because another process has locked a portion of the file
	at java.base/java.io.FileOutputStream.writeBytes(Native Method)
	at java.base/java.io.FileOutputStream.write(FileOutputStream.java:332)
	at kotlin.io.FilesKt__FileReadWriteKt.writeTextImpl(FileReadWrite.kt:160)
	at kotlin.io.FilesKt__FileReadWriteKt.writeText(FileReadWrite.kt:145)
	at kotlin.io.FilesKt__FileReadWriteKt.writeText$default(FileReadWrite.kt:144)
	at maestro.cli.db.KeyValueStore.commit(KeyValueStore.kt:50)
	at maestro.cli.db.KeyValueStore.set$lambda$3$lambda$2(KeyValueStore.kt:23)
	at maestro.cli.db.KeyValueStore.withFileLock(KeyValueStore.kt:62)
	at maestro.cli.db.KeyValueStore.set(KeyValueStore.kt:20)
	at maestro.cli.session.SessionStore.heartbeat(SessionStore.kt:12)
	at maestro.cli.session.MaestroSessionManager.newSession$lambda$0(MaestroSessionManager.kt:98)
	at java.base/java.util.concurrent.Executors$RunnableAdapter.call(Executors.java:545)
	at java.base/java.util.concurrent.FutureTask.runAndReset(FutureTask.java:371)
	at java.base/java.util.concurrent.ScheduledThreadPoolExecutor$ScheduledFutureTask.run(ScheduledThreadPoolExecutor.java:310)
	at java.base/java.util.concurrent.ThreadPoolExecutor.runWorker(ThreadPoolExecutor.java:1090)
	at java.base/java.util.concurrent.ThreadPoolExecutor$Worker.run(ThreadPoolExecutor.java:614)
	at java.base/java.lang.Thread.run(Thread.java:1516)
14:49:43.668 [ INFO] maestro.cli.runner.MaestroCommandRunner.runCommands$lambda$11: Run flow when "Dismiss" is visible metadata CommandMetadata(numberOfRuns=null, evaluatedCommand=MaestroCommand(runFlowCommand=RunFlowCommand(commands=[MaestroCommand(tapOnElementCommand=TapOnElementCommand(selector=ElementSelector(textRegex=Dismiss, idRegex=null, size=null, below=null, above=null, leftOf=null, rightOf=null, containsChild=null, containsDescendants=null, traits=null, index=null, enabled=null, optional=false, selected=null, checked=null, focused=null, childOf=null, css=null), retryIfNoChange=false, waitUntilVisible=false, longPress=false, repeat=null, waitToSettleTimeoutMs=null, relativePoint=null, label=null, optional=false)), MaestroCommand(waitForAnimationToEndCommand=WaitForAnimationToEndCommand(timeout=3000, label=null, optional=false))], condition=Condition(platform=null, visible=ElementSelector(textRegex=Dismiss, idRegex=null, size=null, below=null, above=null, leftOf=null, rightOf=null, containsChild=null, containsDescendants=null, traits=null, index=null, enabled=null, optional=false, selected=null, checked=null, focused=null, childOf=null, css=null), notVisible=null, scriptCondition=null, label=null), sourceDescription=null, config=null, label=null, optional=false)), logMessages=[], insight=Insight(message=, level=NONE), aiReasoning=null, labeledCommand=null)
14:49:46.183 [ERROR] maestro.cli.session.MaestroSessionManager.newSession$lambda$0: Failed to record heartbeat
java.io.IOException: The process cannot access the file because another process has locked a portion of the file
	at java.base/java.io.FileOutputStream.writeBytes(Native Method)
	at java.base/java.io.FileOutputStream.write(FileOutputStream.java:332)
	at kotlin.io.FilesKt__FileReadWriteKt.writeTextImpl(FileReadWrite.kt:160)
	at kotlin.io.FilesKt__FileReadWriteKt.writeText(FileReadWrite.kt:145)
	at kotlin.io.FilesKt__FileReadWriteKt.writeText$default(FileReadWrite.kt:144)
	at maestro.cli.db.KeyValueStore.commit(KeyValueStore.kt:50)
	at maestro.cli.db.KeyValueStore.set$lambda$3$lambda$2(KeyValueStore.kt:23)
	at maestro.cli.db.KeyValueStore.withFileLock(KeyValueStore.kt:62)
	at maestro.cli.db.KeyValueStore.set(KeyValueStore.kt:20)
	at maestro.cli.session.SessionStore.heartbeat(SessionStore.kt:12)
	at maestro.cli.session.MaestroSessionManager.newSession$lambda$0(MaestroSessionManager.kt:98)
	at java.base/java.util.concurrent.Executors$RunnableAdapter.call(Executors.java:545)
	at java.base/java.util.concurrent.FutureTask.runAndReset(FutureTask.java:371)
	at java.base/java.util.concurrent.ScheduledThreadPoolExecutor$ScheduledFutureTask.run(ScheduledThreadPoolExecutor.java:310)
	at java.base/java.util.concurrent.ThreadPoolExecutor.runWorker(ThreadPoolExecutor.java:1090)
	at java.base/java.util.concurrent.ThreadPoolExecutor$Worker.run(ThreadPoolExecutor.java:614)
	at java.base/java.lang.Thread.run(Thread.java:1516)
14:49:46.921 [ INFO] maestro.orchestra.Orchestra.executeSubflowCommands: [Command execution subflow] CommandSkipped: null
14:49:46.921 [ INFO] maestro.cli.runner.MaestroCommandRunner.runCommands$lambda$8: Run flow when "Dismiss" is visible SKIPPED
14:49:49.669 [ INFO] maestro.cli.runner.MaestroCommandRunner.runCommands$lambda$0: Run flow when "Ok" is visible RUNNING
14:49:51.185 [ERROR] maestro.cli.session.MaestroSessionManager.newSession$lambda$0: Failed to record heartbeat
java.io.IOException: The process cannot access the file because another process has locked a portion of the file
	at java.base/java.io.FileOutputStream.writeBytes(Native Method)
	at java.base/java.io.FileOutputStream.write(FileOutputStream.java:332)
	at kotlin.io.FilesKt__FileReadWriteKt.writeTextImpl(FileReadWrite.kt:160)
	at kotlin.io.FilesKt__FileReadWriteKt.writeText(FileReadWrite.kt:145)
	at kotlin.io.FilesKt__FileReadWriteKt.writeText$default(FileReadWrite.kt:144)
	at maestro.cli.db.KeyValueStore.commit(KeyValueStore.kt:50)
	at maestro.cli.db.KeyValueStore.set$lambda$3$lambda$2(KeyValueStore.kt:23)
	at maestro.cli.db.KeyValueStore.withFileLock(KeyValueStore.kt:62)
	at maestro.cli.db.KeyValueStore.set(KeyValueStore.kt:20)
	at maestro.cli.session.SessionStore.heartbeat(SessionStore.kt:12)
	at maestro.cli.session.MaestroSessionManager.newSession$lambda$0(MaestroSessionManager.kt:98)
	at java.base/java.util.concurrent.Executors$RunnableAdapter.call(Executors.java:545)
	at java.base/java.util.concurrent.FutureTask.runAndReset(FutureTask.java:371)
	at java.base/java.util.concurrent.ScheduledThreadPoolExecutor$ScheduledFutureTask.run(ScheduledThreadPoolExecutor.java:310)
	at java.base/java.util.concurrent.ThreadPoolExecutor.runWorker(ThreadPoolExecutor.java:1090)
	at java.base/java.util.concurrent.ThreadPoolExecutor$Worker.run(ThreadPoolExecutor.java:614)
	at java.base/java.lang.Thread.run(Thread.java:1516)
14:49:52.656 [ INFO] maestro.cli.runner.MaestroCommandRunner.runCommands$lambda$11: Run flow when "Ok" is visible metadata CommandMetadata(numberOfRuns=null, evaluatedCommand=MaestroCommand(runFlowCommand=RunFlowCommand(commands=[MaestroCommand(runFlowCommand=RunFlowCommand(commands=[MaestroCommand(evalScriptCommand=EvalScriptCommand(scriptString=${console.log('CLEAR-OVERLAYS OK-HANDLER: dismissing the ERROR dialog (there is something wrong / please try again later). If this line sits after a reservation, payment or signature step, the business outcome MUST be re-read from the product records before the run is called green.')}, label=null, optional=false))], condition=Condition(platform=null, visible=ElementSelector(textRegex=There's something wrong. Please try again later!, idRegex=null, size=null, below=null, above=null, leftOf=null, rightOf=null, containsChild=null, containsDescendants=null, traits=null, index=null, enabled=null, optional=false, selected=null, checked=null, focused=null, childOf=null, css=null), notVisible=null, scriptCondition=null, label=null), sourceDescription=null, config=null, label=null, optional=false)), MaestroCommand(evalScriptCommand=EvalScriptCommand(scriptString=${console.log('CLEAR-OVERLAYS OK-HANDLER: tapping Ok')}, label=null, optional=false)), MaestroCommand(tapOnElementCommand=TapOnElementCommand(selector=ElementSelector(textRegex=Ok, idRegex=null, size=null, below=null, above=null, leftOf=null, rightOf=null, containsChild=null, containsDescendants=null, traits=null, index=null, enabled=null, optional=false, selected=null, checked=null, focused=null, childOf=null, css=null), retryIfNoChange=false, waitUntilVisible=false, longPress=false, repeat=null, waitToSettleTimeoutMs=null, relativePoint=null, label=null, optional=false)), MaestroCommand(waitForAnimationToEndCommand=WaitForAnimationToEndCommand(timeout=3000, label=null, optional=false))], condition=Condition(platform=null, visible=ElementSelector(textRegex=Ok, idRegex=null, size=null, below=null, above=null, leftOf=null, rightOf=null, containsChild=null, containsDescendants=null, traits=null, index=null, enabled=null, optional=false, selected=null, checked=null, focused=null, childOf=null, css=null), notVisible=null, scriptCondition=null, label=null), sourceDescription=null, config=null, label=null, optional=false)), logMessages=[], insight=Insight(message=, level=NONE), aiReasoning=null, labeledCommand=null)
14:49:55.859 [ INFO] maestro.orchestra.Orchestra.executeSubflowCommands: [Command execution subflow] CommandSkipped: null
14:49:55.860 [ INFO] maestro.cli.runner.MaestroCommandRunner.runCommands$lambda$8: Run flow when "Ok" is visible SKIPPED
14:49:56.184 [ERROR] maestro.cli.session.MaestroSessionManager.newSession$lambda$0: Failed to record heartbeat
java.io.IOException: The process cannot access the file because another process has locked a portion of the file
	at java.base/java.io.FileOutputStream.writeBytes(Native Method)
	at java.base/java.io.FileOutputStream.write(FileOutputStream.java:332)
	at kotlin.io.FilesKt__FileReadWriteKt.writeTextImpl(FileReadWrite.kt:160)
	at kotlin.io.FilesKt__FileReadWriteKt.writeText(FileReadWrite.kt:145)
	at kotlin.io.FilesKt__FileReadWriteKt.writeText$default(FileReadWrite.kt:144)
	at maestro.cli.db.KeyValueStore.commit(KeyValueStore.kt:50)
	at maestro.cli.db.KeyValueStore.set$lambda$3$lambda$2(KeyValueStore.kt:23)
	at maestro.cli.db.KeyValueStore.withFileLock(KeyValueStore.kt:62)
	at maestro.cli.db.KeyValueStore.set(KeyValueStore.kt:20)
	at maestro.cli.session.SessionStore.heartbeat(SessionStore.kt:12)
	at maestro.cli.session.MaestroSessionManager.newSession$lambda$0(MaestroSessionManager.kt:98)
	at java.base/java.util.concurrent.Executors$RunnableAdapter.call(Executors.java:545)
	at java.base/java.util.concurrent.FutureTask.runAndReset(FutureTask.java:371)
	at java.base/java.util.concurrent.ScheduledThreadPoolExecutor$ScheduledFutureTask.run(ScheduledThreadPoolExecutor.java:310)
	at java.base/java.util.concurrent.ThreadPoolExecutor.runWorker(ThreadPoolExecutor.java:1090)
	at java.base/java.util.concurrent.ThreadPoolExecutor$Worker.run(ThreadPoolExecutor.java:614)
	at java.base/java.lang.Thread.run(Thread.java:1516)
14:49:58.731 [ INFO] maestro.cli.runner.MaestroCommandRunner.runCommands$lambda$0: Run flow when "Marketplace Day" is visible RUNNING
14:50:01.185 [ERROR] maestro.cli.session.MaestroSessionManager.newSession$lambda$0: Failed to record heartbeat
java.io.IOException: The process cannot access the file because another process has locked a portion of the file
	at java.base/java.io.FileOutputStream.writeBytes(Native Method)
	at java.base/java.io.FileOutputStream.write(FileOutputStream.java:332)
	at kotlin.io.FilesKt__FileReadWriteKt.writeTextImpl(FileReadWrite.kt:160)
	at kotlin.io.FilesKt__FileReadWriteKt.writeText(FileReadWrite.kt:145)
	at kotlin.io.FilesKt__FileReadWriteKt.writeText$default(FileReadWrite.kt:144)
	at maestro.cli.db.KeyValueStore.commit(KeyValueStore.kt:50)
	at maestro.cli.db.KeyValueStore.set$lambda$3$lambda$2(KeyValueStore.kt:23)
	at maestro.cli.db.KeyValueStore.withFileLock(KeyValueStore.kt:62)
	at maestro.cli.db.KeyValueStore.set(KeyValueStore.kt:20)
	at maestro.cli.session.SessionStore.heartbeat(SessionStore.kt:12)
	at maestro.cli.session.MaestroSessionManager.newSession$lambda$0(MaestroSessionManager.kt:98)
	at java.base/java.util.concurrent.Executors$RunnableAdapter.call(Executors.java:545)
	at java.base/java.util.concurrent.FutureTask.runAndReset(FutureTask.java:371)
	at java.base/java.util.concurrent.ScheduledThreadPoolExecutor$ScheduledFutureTask.run(ScheduledThreadPoolExecutor.java:310)
	at java.base/java.util.concurrent.ThreadPoolExecutor.runWorker(ThreadPoolExecutor.java:1090)
	at java.base/java.util.concurrent.ThreadPoolExecutor$Worker.run(ThreadPoolExecutor.java:614)
	at java.base/java.lang.Thread.run(Thread.java:1516)
14:50:01.777 [ INFO] maestro.cli.runner.MaestroCommandRunner.runCommands$lambda$11: Run flow when "Marketplace Day" is visible metadata CommandMetadata(numberOfRuns=null, evaluatedCommand=MaestroCommand(runFlowCommand=RunFlowCommand(commands=[MaestroCommand(backPressCommand=BackPressCommand()), MaestroCommand(waitForAnimationToEndCommand=WaitForAnimationToEndCommand(timeout=3000, label=null, optional=false))], condition=Condition(platform=null, visible=ElementSelector(textRegex=Marketplace Day, idRegex=null, size=null, below=null, above=null, leftOf=null, rightOf=null, containsChild=null, containsDescendants=null, traits=null, index=null, enabled=null, optional=false, selected=null, checked=null, focused=null, childOf=null, css=null), notVisible=null, scriptCondition=null, label=null), sourceDescription=null, config=null, label=null, optional=false)), logMessages=[], insight=Insight(message=, level=NONE), aiReasoning=null, labeledCommand=null)
14:50:05.322 [ INFO] maestro.orchestra.Orchestra.executeSubflowCommands: [Command execution subflow] CommandSkipped: null
14:50:05.322 [ INFO] maestro.cli.runner.MaestroCommandRunner.runCommands$lambda$8: Run flow when "Marketplace Day" is visible SKIPPED
14:50:06.184 [ERROR] maestro.cli.session.MaestroSessionManager.newSession$lambda$0: Failed to record heartbeat
java.io.IOException: The process cannot access the file because another process has locked a portion of the file
	at java.base/java.io.FileOutputStream.writeBytes(Native Method)
	at java.base/java.io.FileOutputStream.write(FileOutputStream.java:332)
	at kotlin.io.FilesKt__FileReadWriteKt.writeTextImpl(FileReadWrite.kt:160)
	at kotlin.io.FilesKt__FileReadWriteKt.writeText(FileReadWrite.kt:145)
	at kotlin.io.FilesKt__FileReadWriteKt.writeText$default(FileReadWrite.kt:144)
	at maestro.cli.db.KeyValueStore.commit(KeyValueStore.kt:50)
	at maestro.cli.db.KeyValueStore.set$lambda$3$lambda$2(KeyValueStore.kt:23)
	at maestro.cli.db.KeyValueStore.withFileLock(KeyValueStore.kt:62)
	at maestro.cli.db.KeyValueStore.set(KeyValueStore.kt:20)
	at maestro.cli.session.SessionStore.heartbeat(SessionStore.kt:12)
	at maestro.cli.session.MaestroSessionManager.newSession$lambda$0(MaestroSessionManager.kt:98)
	at java.base/java.util.concurrent.Executors$RunnableAdapter.call(Executors.java:545)
	at java.base/java.util.concurrent.FutureTask.runAndReset(FutureTask.java:371)
	at java.base/java.util.concurrent.ScheduledThreadPoolExecutor$ScheduledFutureTask.run(ScheduledThreadPoolExecutor.java:310)
	at java.base/java.util.concurrent.ThreadPoolExecutor.runWorker(ThreadPoolExecutor.java:1090)
	at java.base/java.util.concurrent.ThreadPoolExecutor$Worker.run(ThreadPoolExecutor.java:614)
	at java.base/java.lang.Thread.run(Thread.java:1516)
14:50:08.495 [ INFO] maestro.cli.runner.MaestroCommandRunner.runCommands$lambda$0: Run flow when "Start comparing properties" is visible RUNNING
14:50:11.184 [ERROR] maestro.cli.session.MaestroSessionManager.newSession$lambda$0: Failed to record heartbeat
java.io.IOException: The process cannot access the file because another process has locked a portion of the file
	at java.base/java.io.FileOutputStream.writeBytes(Native Method)
	at java.base/java.io.FileOutputStream.write(FileOutputStream.java:332)
	at kotlin.io.FilesKt__FileReadWriteKt.writeTextImpl(FileReadWrite.kt:160)
	at kotlin.io.FilesKt__FileReadWriteKt.writeText(FileReadWrite.kt:145)
	at kotlin.io.FilesKt__FileReadWriteKt.writeText$default(FileReadWrite.kt:144)
	at maestro.cli.db.KeyValueStore.commit(KeyValueStore.kt:50)
	at maestro.cli.db.KeyValueStore.set$lambda$3$lambda$2(KeyValueStore.kt:23)
	at maestro.cli.db.KeyValueStore.withFileLock(KeyValueStore.kt:62)
	at maestro.cli.db.KeyValueStore.set(KeyValueStore.kt:20)
	at maestro.cli.session.SessionStore.heartbeat(SessionStore.kt:12)
	at maestro.cli.session.MaestroSessionManager.newSession$lambda$0(MaestroSessionManager.kt:98)
	at java.base/java.util.concurrent.Executors$RunnableAdapter.call(Executors.java:545)
	at java.base/java.util.concurrent.FutureTask.runAndReset(FutureTask.java:371)
	at java.base/java.util.concurrent.ScheduledThreadPoolExecutor$ScheduledFutureTask.run(ScheduledThreadPoolExecutor.java:310)
	at java.base/java.util.concurrent.ThreadPoolExecutor.runWorker(ThreadPoolExecutor.java:1090)
	at java.base/java.util.concurrent.ThreadPoolExecutor$Worker.run(ThreadPoolExecutor.java:614)
	at java.base/java.lang.Thread.run(Thread.java:1516)
14:50:11.531 [ INFO] maestro.cli.runner.MaestroCommandRunner.runCommands$lambda$11: Run flow when "Start comparing properties" is visible metadata CommandMetadata(numberOfRuns=null, evaluatedCommand=MaestroCommand(runFlowCommand=RunFlowCommand(commands=[MaestroCommand(backPressCommand=BackPressCommand()), MaestroCommand(waitForAnimationToEndCommand=WaitForAnimationToEndCommand(timeout=3000, label=null, optional=false))], condition=Condition(platform=null, visible=ElementSelector(textRegex=Start comparing properties, idRegex=null, size=null, below=null, above=null, leftOf=null, rightOf=null, containsChild=null, containsDescendants=null, traits=null, index=null, enabled=null, optional=false, selected=null, checked=null, focused=null, childOf=null, css=null), notVisible=null, scriptCondition=null, label=null), sourceDescription=null, config=null, label=null, optional=false)), logMessages=[], insight=Insight(message=, level=NONE), aiReasoning=null, labeledCommand=null)
14:50:14.787 [ INFO] maestro.cli.runner.MaestroCommandRunner.runCommands$lambda$0: Press back RUNNING
14:50:16.186 [ERROR] maestro.cli.session.MaestroSessionManager.newSession$lambda$0: Failed to record heartbeat
java.io.IOException: The process cannot access the file because another process has locked a portion of the file
	at java.base/java.io.FileOutputStream.writeBytes(Native Method)
	at java.base/java.io.FileOutputStream.write(FileOutputStream.java:332)
	at kotlin.io.FilesKt__FileReadWriteKt.writeTextImpl(FileReadWrite.kt:160)
	at kotlin.io.FilesKt__FileReadWriteKt.writeText(FileReadWrite.kt:145)
	at kotlin.io.FilesKt__FileReadWriteKt.writeText$default(FileReadWrite.kt:144)
	at maestro.cli.db.KeyValueStore.commit(KeyValueStore.kt:50)
	at maestro.cli.db.KeyValueStore.set$lambda$3$lambda$2(KeyValueStore.kt:23)
	at maestro.cli.db.KeyValueStore.withFileLock(KeyValueStore.kt:62)
	at maestro.cli.db.KeyValueStore.set(KeyValueStore.kt:20)
	at maestro.cli.session.SessionStore.heartbeat(SessionStore.kt:12)
	at maestro.cli.session.MaestroSessionManager.newSession$lambda$0(MaestroSessionManager.kt:98)
	at java.base/java.util.concurrent.Executors$RunnableAdapter.call(Executors.java:545)
	at java.base/java.util.concurrent.FutureTask.runAndReset(FutureTask.java:371)
	at java.base/java.util.concurrent.ScheduledThreadPoolExecutor$ScheduledFutureTask.run(ScheduledThreadPoolExecutor.java:310)
	at java.base/java.util.concurrent.ThreadPoolExecutor.runWorker(ThreadPoolExecutor.java:1090)
	at java.base/java.util.concurrent.ThreadPoolExecutor$Worker.run(ThreadPoolExecutor.java:614)
	at java.base/java.lang.Thread.run(Thread.java:1516)
14:50:17.776 [ INFO] maestro.cli.runner.MaestroCommandRunner.runCommands$lambda$11: Press back metadata CommandMetadata(numberOfRuns=null, evaluatedCommand=MaestroCommand(backPressCommand=BackPressCommand()), logMessages=[], insight=Insight(message=, level=NONE), aiReasoning=null, labeledCommand=null)
14:50:20.882 [ INFO] maestro.Maestro.backPress: Pressing back
14:50:21.184 [ERROR] maestro.cli.session.MaestroSessionManager.newSession$lambda$0: Failed to record heartbeat
java.io.IOException: The process cannot access the file because another process has locked a portion of the file
	at java.base/java.io.FileOutputStream.writeBytes(Native Method)
	at java.base/java.io.FileOutputStream.write(FileOutputStream.java:332)
	at kotlin.io.FilesKt__FileReadWriteKt.writeTextImpl(FileReadWrite.kt:160)
	at kotlin.io.FilesKt__FileReadWriteKt.writeText(FileReadWrite.kt:145)
	at kotlin.io.FilesKt__FileReadWriteKt.writeText$default(FileReadWrite.kt:144)
	at maestro.cli.db.KeyValueStore.commit(KeyValueStore.kt:50)
	at maestro.cli.db.KeyValueStore.set$lambda$3$lambda$2(KeyValueStore.kt:23)
	at maestro.cli.db.KeyValueStore.withFileLock(KeyValueStore.kt:62)
	at maestro.cli.db.KeyValueStore.set(KeyValueStore.kt:20)
	at maestro.cli.session.SessionStore.heartbeat(SessionStore.kt:12)
	at maestro.cli.session.MaestroSessionManager.newSession$lambda$0(MaestroSessionManager.kt:98)
	at java.base/java.util.concurrent.Executors$RunnableAdapter.call(Executors.java:545)
	at java.base/java.util.concurrent.FutureTask.runAndReset(FutureTask.java:371)
	at java.base/java.util.concurrent.ScheduledThreadPoolExecutor$ScheduledFutureTask.run(ScheduledThreadPoolExecutor.java:310)
	at java.base/java.util.concurrent.ThreadPoolExecutor.runWorker(ThreadPoolExecutor.java:1090)
	at java.base/java.util.concurrent.ThreadPoolExecutor$Worker.run(ThreadPoolExecutor.java:614)
	at java.base/java.lang.Thread.run(Thread.java:1516)
14:50:23.648 [ INFO] maestro.cli.runner.MaestroCommandRunner.runCommands$lambda$2: Press back COMPLETED
14:50:26.195 [ERROR] maestro.cli.session.MaestroSessionManager.newSession$lambda$0: Failed to record heartbeat
java.io.IOException: The process cannot access the file because another process has locked a portion of the file
	at java.base/java.io.FileOutputStream.writeBytes(Native Method)
	at java.base/java.io.FileOutputStream.write(FileOutputStream.java:332)
	at kotlin.io.FilesKt__FileReadWriteKt.writeTextImpl(FileReadWrite.kt:160)
	at kotlin.io.FilesKt__FileReadWriteKt.writeText(FileReadWrite.kt:145)
	at kotlin.io.FilesKt__FileReadWriteKt.writeText$default(FileReadWrite.kt:144)
	at maestro.cli.db.KeyValueStore.commit(KeyValueStore.kt:50)
	at maestro.cli.db.KeyValueStore.set$lambda$3$lambda$2(KeyValueStore.kt:23)
	at maestro.cli.db.KeyValueStore.withFileLock(KeyValueStore.kt:62)
	at maestro.cli.db.KeyValueStore.set(KeyValueStore.kt:20)
	at maestro.cli.session.SessionStore.heartbeat(SessionStore.kt:12)
	at maestro.cli.session.MaestroSessionManager.newSession$lambda$0(MaestroSessionManager.kt:98)
	at java.base/java.util.concurrent.Executors$RunnableAdapter.call(Executors.java:545)
	at java.base/java.util.concurrent.FutureTask.runAndReset(FutureTask.java:371)
	at java.base/java.util.concurrent.ScheduledThreadPoolExecutor$ScheduledFutureTask.run(ScheduledThreadPoolExecutor.java:310)
	at java.base/java.util.concurrent.ThreadPoolExecutor.runWorker(ThreadPoolExecutor.java:1090)
	at java.base/java.util.concurrent.ThreadPoolExecutor$Worker.run(ThreadPoolExecutor.java:614)
	at java.base/java.lang.Thread.run(Thread.java:1516)
14:50:26.616 [ INFO] maestro.cli.runner.MaestroCommandRunner.runCommands$lambda$0: Wait for animation to end within 3000 ms RUNNING
14:50:29.537 [ INFO] maestro.cli.runner.MaestroCommandRunner.runCommands$lambda$11: Wait for animation to end within 3000 ms metadata CommandMetadata(numberOfRuns=null, evaluatedCommand=MaestroCommand(waitForAnimationToEndCommand=WaitForAnimationToEndCommand(timeout=3000, label=null, optional=false)), logMessages=[], insight=Insight(message=, level=NONE), aiReasoning=null, labeledCommand=null)
14:50:31.184 [ERROR] maestro.cli.session.MaestroSessionManager.newSession$lambda$0: Failed to record heartbeat
java.io.IOException: The process cannot access the file because another process has locked a portion of the file
	at java.base/java.io.FileOutputStream.writeBytes(Native Method)
	at java.base/java.io.FileOutputStream.write(FileOutputStream.java:332)
	at kotlin.io.FilesKt__FileReadWriteKt.writeTextImpl(FileReadWrite.kt:160)
	at kotlin.io.FilesKt__FileReadWriteKt.writeText(FileReadWrite.kt:145)
	at kotlin.io.FilesKt__FileReadWriteKt.writeText$default(FileReadWrite.kt:144)
	at maestro.cli.db.KeyValueStore.commit(KeyValueStore.kt:50)
	at maestro.cli.db.KeyValueStore.set$lambda$3$lambda$2(KeyValueStore.kt:23)
	at maestro.cli.db.KeyValueStore.withFileLock(KeyValueStore.kt:62)
	at maestro.cli.db.KeyValueStore.set(KeyValueStore.kt:20)
	at maestro.cli.session.SessionStore.heartbeat(SessionStore.kt:12)
	at maestro.cli.session.MaestroSessionManager.newSession$lambda$0(MaestroSessionManager.kt:98)
	at java.base/java.util.concurrent.Executors$RunnableAdapter.call(Executors.java:545)
	at java.base/java.util.concurrent.FutureTask.runAndReset(FutureTask.java:371)
	at java.base/java.util.concurrent.ScheduledThreadPoolExecutor$ScheduledFutureTask.run(ScheduledThreadPoolExecutor.java:310)
	at java.base/java.util.concurrent.ThreadPoolExecutor.runWorker(ThreadPoolExecutor.java:1090)
	at java.base/java.util.concurrent.ThreadPoolExecutor$Worker.run(ThreadPoolExecutor.java:614)
	at java.base/java.lang.Thread.run(Thread.java:1516)
14:50:32.496 [ INFO] maestro.Maestro.waitForAnimationToEnd$lambda$53: Waiting for animation to end with timeout 3000
14:50:32.496 [TRACE] maestro.utils.ScreenshotUtils.takeScreenshot: Taking screenshot to byte array
14:50:32.496 [TRACE] maestro.utils.ScreenshotUtils.takeScreenshot: Taking screenshot to output sink
14:50:33.201 [TRACE] maestro.utils.ScreenshotUtils.takeScreenshot: Taking screenshot to byte array
14:50:33.201 [TRACE] maestro.utils.ScreenshotUtils.takeScreenshot: Taking screenshot to output sink
14:50:34.090 [ INFO] maestro.cli.runner.MaestroCommandRunner.runCommands$lambda$2: Wait for animation to end within 3000 ms COMPLETED
14:50:36.186 [ERROR] maestro.cli.session.MaestroSessionManager.newSession$lambda$0: Failed to record heartbeat
java.io.IOException: The process cannot access the file because another process has locked a portion of the file
	at java.base/java.io.FileOutputStream.writeBytes(Native Method)
	at java.base/java.io.FileOutputStream.write(FileOutputStream.java:332)
	at kotlin.io.FilesKt__FileReadWriteKt.writeTextImpl(FileReadWrite.kt:160)
	at kotlin.io.FilesKt__FileReadWriteKt.writeText(FileReadWrite.kt:145)
	at kotlin.io.FilesKt__FileReadWriteKt.writeText$default(FileReadWrite.kt:144)
	at maestro.cli.db.KeyValueStore.commit(KeyValueStore.kt:50)
	at maestro.cli.db.KeyValueStore.set$lambda$3$lambda$2(KeyValueStore.kt:23)
	at maestro.cli.db.KeyValueStore.withFileLock(KeyValueStore.kt:62)
	at maestro.cli.db.KeyValueStore.set(KeyValueStore.kt:20)
	at maestro.cli.session.SessionStore.heartbeat(SessionStore.kt:12)
	at maestro.cli.session.MaestroSessionManager.newSession$lambda$0(MaestroSessionManager.kt:98)
	at java.base/java.util.concurrent.Executors$RunnableAdapter.call(Executors.java:545)
	at java.base/java.util.concurrent.FutureTask.runAndReset(FutureTask.java:371)
	at java.base/java.util.concurrent.ScheduledThreadPoolExecutor$ScheduledFutureTask.run(ScheduledThreadPoolExecutor.java:310)
	at java.base/java.util.concurrent.ThreadPoolExecutor.runWorker(ThreadPoolExecutor.java:1090)
	at java.base/java.util.concurrent.ThreadPoolExecutor$Worker.run(ThreadPoolExecutor.java:614)
	at java.base/java.lang.Thread.run(Thread.java:1516)
14:50:37.034 [ INFO] maestro.cli.runner.MaestroCommandRunner.runCommands$lambda$2: Run flow when "Start comparing properties" is visible COMPLETED
14:50:40.060 [ INFO] maestro.cli.runner.MaestroCommandRunner.runCommands$lambda$0: Run flow when "Go to the weekly (offer|deal)" is visible RUNNING
14:50:41.189 [ERROR] maestro.cli.session.MaestroSessionManager.newSession$lambda$0: Failed to record heartbeat
java.io.IOException: The process cannot access the file because another process has locked a portion of the file
	at java.base/java.io.FileOutputStream.writeBytes(Native Method)
	at java.base/java.io.FileOutputStream.write(FileOutputStream.java:332)
	at kotlin.io.FilesKt__FileReadWriteKt.writeTextImpl(FileReadWrite.kt:160)
	at kotlin.io.FilesKt__FileReadWriteKt.writeText(FileReadWrite.kt:145)
	at kotlin.io.FilesKt__FileReadWriteKt.writeText$default(FileReadWrite.kt:144)
	at maestro.cli.db.KeyValueStore.commit(KeyValueStore.kt:50)
	at maestro.cli.db.KeyValueStore.set$lambda$3$lambda$2(KeyValueStore.kt:23)
	at maestro.cli.db.KeyValueStore.withFileLock(KeyValueStore.kt:62)
	at maestro.cli.db.KeyValueStore.set(KeyValueStore.kt:20)
	at maestro.cli.session.SessionStore.heartbeat(SessionStore.kt:12)
	at maestro.cli.session.MaestroSessionManager.newSession$lambda$0(MaestroSessionManager.kt:98)
	at java.base/java.util.concurrent.Executors$RunnableAdapter.call(Executors.java:545)
	at java.base/java.util.concurrent.FutureTask.runAndReset(FutureTask.java:371)
	at java.base/java.util.concurrent.ScheduledThreadPoolExecutor$ScheduledFutureTask.run(ScheduledThreadPoolExecutor.java:310)
	at java.base/java.util.concurrent.ThreadPoolExecutor.runWorker(ThreadPoolExecutor.java:1090)
	at java.base/java.util.concurrent.ThreadPoolExecutor$Worker.run(ThreadPoolExecutor.java:614)
	at java.base/java.lang.Thread.run(Thread.java:1516)
14:50:43.136 [ INFO] maestro.cli.runner.MaestroCommandRunner.runCommands$lambda$11: Run flow when "Go to the weekly (offer|deal)" is visible metadata CommandMetadata(numberOfRuns=null, evaluatedCommand=MaestroCommand(runFlowCommand=RunFlowCommand(commands=[MaestroCommand(backPressCommand=BackPressCommand()), MaestroCommand(waitForAnimationToEndCommand=WaitForAnimationToEndCommand(timeout=3000, label=null, optional=false))], condition=Condition(platform=null, visible=ElementSelector(textRegex=Go to the weekly (offer|deal), idRegex=null, size=null, below=null, above=null, leftOf=null, rightOf=null, containsChild=null, containsDescendants=null, traits=null, index=null, enabled=null, optional=false, selected=null, checked=null, focused=null, childOf=null, css=null), notVisible=null, scriptCondition=null, label=null), sourceDescription=null, config=null, label=null, optional=false)), logMessages=[], insight=Insight(message=, level=NONE), aiReasoning=null, labeledCommand=null)
14:50:46.184 [ERROR] maestro.cli.session.MaestroSessionManager.newSession$lambda$0: Failed to record heartbeat
java.io.IOException: The process cannot access the file because another process has locked a portion of the file
	at java.base/java.io.FileOutputStream.writeBytes(Native Method)
	at java.base/java.io.FileOutputStream.write(FileOutputStream.java:332)
	at kotlin.io.FilesKt__FileReadWriteKt.writeTextImpl(FileReadWrite.kt:160)
	at kotlin.io.FilesKt__FileReadWriteKt.writeText(FileReadWrite.kt:145)
	at kotlin.io.FilesKt__FileReadWriteKt.writeText$default(FileReadWrite.kt:144)
	at maestro.cli.db.KeyValueStore.commit(KeyValueStore.kt:50)
	at maestro.cli.db.KeyValueStore.set$lambda$3$lambda$2(KeyValueStore.kt:23)
	at maestro.cli.db.KeyValueStore.withFileLock(KeyValueStore.kt:62)
	at maestro.cli.db.KeyValueStore.set(KeyValueStore.kt:20)
	at maestro.cli.session.SessionStore.heartbeat(SessionStore.kt:12)
	at maestro.cli.session.MaestroSessionManager.newSession$lambda$0(MaestroSessionManager.kt:98)
	at java.base/java.util.concurrent.Executors$RunnableAdapter.call(Executors.java:545)
	at java.base/java.util.concurrent.FutureTask.runAndReset(FutureTask.java:371)
	at java.base/java.util.concurrent.ScheduledThreadPoolExecutor$ScheduledFutureTask.run(ScheduledThreadPoolExecutor.java:310)
	at java.base/java.util.concurrent.ThreadPoolExecutor.runWorker(ThreadPoolExecutor.java:1090)
	at java.base/java.util.concurrent.ThreadPoolExecutor$Worker.run(ThreadPoolExecutor.java:614)
	at java.base/java.lang.Thread.run(Thread.java:1516)
14:50:47.298 [ INFO] maestro.orchestra.Orchestra.executeSubflowCommands: [Command execution subflow] CommandSkipped: null
14:50:47.298 [ INFO] maestro.cli.runner.MaestroCommandRunner.runCommands$lambda$8: Run flow when "Go to the weekly (offer|deal)" is visible SKIPPED
14:50:50.155 [ INFO] maestro.cli.runner.MaestroCommandRunner.runCommands$lambda$0: Run flow when "Update email" is visible RUNNING
14:50:51.184 [ERROR] maestro.cli.session.MaestroSessionManager.newSession$lambda$0: Failed to record heartbeat
java.io.IOException: The process cannot access the file because another process has locked a portion of the file
	at java.base/java.io.FileOutputStream.writeBytes(Native Method)
	at java.base/java.io.FileOutputStream.write(FileOutputStream.java:332)
	at kotlin.io.FilesKt__FileReadWriteKt.writeTextImpl(FileReadWrite.kt:160)
	at kotlin.io.FilesKt__FileReadWriteKt.writeText(FileReadWrite.kt:145)
	at kotlin.io.FilesKt__FileReadWriteKt.writeText$default(FileReadWrite.kt:144)
	at maestro.cli.db.KeyValueStore.commit(KeyValueStore.kt:50)
	at maestro.cli.db.KeyValueStore.set$lambda$3$lambda$2(KeyValueStore.kt:23)
	at maestro.cli.db.KeyValueStore.withFileLock(KeyValueStore.kt:62)
	at maestro.cli.db.KeyValueStore.set(KeyValueStore.kt:20)
	at maestro.cli.session.SessionStore.heartbeat(SessionStore.kt:12)
	at maestro.cli.session.MaestroSessionManager.newSession$lambda$0(MaestroSessionManager.kt:98)
	at java.base/java.util.concurrent.Executors$RunnableAdapter.call(Executors.java:545)
	at java.base/java.util.concurrent.FutureTask.runAndReset(FutureTask.java:371)
	at java.base/java.util.concurrent.ScheduledThreadPoolExecutor$ScheduledFutureTask.run(ScheduledThreadPoolExecutor.java:310)
	at java.base/java.util.concurrent.ThreadPoolExecutor.runWorker(ThreadPoolExecutor.java:1090)
	at java.base/java.util.concurrent.ThreadPoolExecutor$Worker.run(ThreadPoolExecutor.java:614)
	at java.base/java.lang.Thread.run(Thread.java:1516)
14:50:53.245 [ INFO] maestro.cli.runner.MaestroCommandRunner.runCommands$lambda$11: Run flow when "Update email" is visible metadata CommandMetadata(numberOfRuns=null, evaluatedCommand=MaestroCommand(runFlowCommand=RunFlowCommand(commands=[MaestroCommand(backPressCommand=BackPressCommand()), MaestroCommand(waitForAnimationToEndCommand=WaitForAnimationToEndCommand(timeout=3000, label=null, optional=false))], condition=Condition(platform=null, visible=ElementSelector(textRegex=Update email, idRegex=null, size=null, below=null, above=null, leftOf=null, rightOf=null, containsChild=null, containsDescendants=null, traits=null, index=null, enabled=null, optional=false, selected=null, checked=null, focused=null, childOf=null, css=null), notVisible=null, scriptCondition=null, label=null), sourceDescription=null, config=null, label=null, optional=false)), logMessages=[], insight=Insight(message=, level=NONE), aiReasoning=null, labeledCommand=null)
14:50:56.184 [ERROR] maestro.cli.session.MaestroSessionManager.newSession$lambda$0: Failed to record heartbeat
java.io.IOException: The process cannot access the file because another process has locked a portion of the file
	at java.base/java.io.FileOutputStream.writeBytes(Native Method)
	at java.base/java.io.FileOutputStream.write(FileOutputStream.java:332)
	at kotlin.io.FilesKt__FileReadWriteKt.writeTextImpl(FileReadWrite.kt:160)
	at kotlin.io.FilesKt__FileReadWriteKt.writeText(FileReadWrite.kt:145)
	at kotlin.io.FilesKt__FileReadWriteKt.writeText$default(FileReadWrite.kt:144)
	at maestro.cli.db.KeyValueStore.commit(KeyValueStore.kt:50)
	at maestro.cli.db.KeyValueStore.set$lambda$3$lambda$2(KeyValueStore.kt:23)
	at maestro.cli.db.KeyValueStore.withFileLock(KeyValueStore.kt:62)
	at maestro.cli.db.KeyValueStore.set(KeyValueStore.kt:20)
	at maestro.cli.session.SessionStore.heartbeat(SessionStore.kt:12)
	at maestro.cli.session.MaestroSessionManager.newSession$lambda$0(MaestroSessionManager.kt:98)
	at java.base/java.util.concurrent.Executors$RunnableAdapter.call(Executors.java:545)
	at java.base/java.util.concurrent.FutureTask.runAndReset(FutureTask.java:371)
	at java.base/java.util.concurrent.ScheduledThreadPoolExecutor$ScheduledFutureTask.run(ScheduledThreadPoolExecutor.java:310)
	at java.base/java.util.concurrent.ThreadPoolExecutor.runWorker(ThreadPoolExecutor.java:1090)
	at java.base/java.util.concurrent.ThreadPoolExecutor$Worker.run(ThreadPoolExecutor.java:614)
	at java.base/java.lang.Thread.run(Thread.java:1516)
14:50:56.606 [ INFO] maestro.orchestra.Orchestra.executeSubflowCommands: [Command execution subflow] CommandSkipped: null
14:50:56.608 [ INFO] maestro.cli.runner.MaestroCommandRunner.runCommands$lambda$8: Run flow when "Update email" is visible SKIPPED
14:50:59.669 [ INFO] maestro.cli.runner.MaestroCommandRunner.runCommands$lambda$0: Run flow when "Number and Email Already Linked" is visible RUNNING
14:51:01.190 [ERROR] maestro.cli.session.MaestroSessionManager.newSession$lambda$0: Failed to record heartbeat
java.io.IOException: The process cannot access the file because another process has locked a portion of the file
	at java.base/java.io.FileOutputStream.writeBytes(Native Method)
	at java.base/java.io.FileOutputStream.write(FileOutputStream.java:332)
	at kotlin.io.FilesKt__FileReadWriteKt.writeTextImpl(FileReadWrite.kt:160)
	at kotlin.io.FilesKt__FileReadWriteKt.writeText(FileReadWrite.kt:145)
	at kotlin.io.FilesKt__FileReadWriteKt.writeText$default(FileReadWrite.kt:144)
	at maestro.cli.db.KeyValueStore.commit(KeyValueStore.kt:50)
	at maestro.cli.db.KeyValueStore.set$lambda$3$lambda$2(KeyValueStore.kt:23)
	at maestro.cli.db.KeyValueStore.withFileLock(KeyValueStore.kt:62)
	at maestro.cli.db.KeyValueStore.set(KeyValueStore.kt:20)
	at maestro.cli.session.SessionStore.heartbeat(SessionStore.kt:12)
	at maestro.cli.session.MaestroSessionManager.newSession$lambda$0(MaestroSessionManager.kt:98)
	at java.base/java.util.concurrent.Executors$RunnableAdapter.call(Executors.java:545)
	at java.base/java.util.concurrent.FutureTask.runAndReset(FutureTask.java:371)
	at java.base/java.util.concurrent.ScheduledThreadPoolExecutor$ScheduledFutureTask.run(ScheduledThreadPoolExecutor.java:310)
	at java.base/java.util.concurrent.ThreadPoolExecutor.runWorker(ThreadPoolExecutor.java:1090)
	at java.base/java.util.concurrent.ThreadPoolExecutor$Worker.run(ThreadPoolExecutor.java:614)
	at java.base/java.lang.Thread.run(Thread.java:1516)
14:51:02.947 [ INFO] maestro.cli.runner.MaestroCommandRunner.runCommands$lambda$11: Run flow when "Number and Email Already Linked" is visible metadata CommandMetadata(numberOfRuns=null, evaluatedCommand=MaestroCommand(runFlowCommand=RunFlowCommand(commands=[MaestroCommand(tapOnPointV2Command=TapOnPointV2Command(point=7%,9%, retryIfNoChange=false, longPress=false, repeat=null, waitToSettleTimeoutMs=null, label=null, optional=false)), MaestroCommand(waitForAnimationToEndCommand=WaitForAnimationToEndCommand(timeout=4000, label=null, optional=false))], condition=Condition(platform=null, visible=ElementSelector(textRegex=Number and Email Already Linked, idRegex=null, size=null, below=null, above=null, leftOf=null, rightOf=null, containsChild=null, containsDescendants=null, traits=null, index=null, enabled=null, optional=false, selected=null, checked=null, focused=null, childOf=null, css=null), notVisible=null, scriptCondition=null, label=null), sourceDescription=null, config=null, label=null, optional=false)), logMessages=[], insight=Insight(message=, level=NONE), aiReasoning=null, labeledCommand=null)
14:51:06.183 [ERROR] maestro.cli.session.MaestroSessionManager.newSession$lambda$0: Failed to record heartbeat
java.io.IOException: The process cannot access the file because another process has locked a portion of the file
	at java.base/java.io.FileOutputStream.writeBytes(Native Method)
	at java.base/java.io.FileOutputStream.write(FileOutputStream.java:332)
	at kotlin.io.FilesKt__FileReadWriteKt.writeTextImpl(FileReadWrite.kt:160)
	at kotlin.io.FilesKt__FileReadWriteKt.writeText(FileReadWrite.kt:145)
	at kotlin.io.FilesKt__FileReadWriteKt.writeText$default(FileReadWrite.kt:144)
	at maestro.cli.db.KeyValueStore.commit(KeyValueStore.kt:50)
	at maestro.cli.db.KeyValueStore.set$lambda$3$lambda$2(KeyValueStore.kt:23)
	at maestro.cli.db.KeyValueStore.withFileLock(KeyValueStore.kt:62)
	at maestro.cli.db.KeyValueStore.set(KeyValueStore.kt:20)
	at maestro.cli.session.SessionStore.heartbeat(SessionStore.kt:12)
	at maestro.cli.session.MaestroSessionManager.newSession$lambda$0(MaestroSessionManager.kt:98)
	at java.base/java.util.concurrent.Executors$RunnableAdapter.call(Executors.java:545)
	at java.base/java.util.concurrent.FutureTask.runAndReset(FutureTask.java:371)
	at java.base/java.util.concurrent.ScheduledThreadPoolExecutor$ScheduledFutureTask.run(ScheduledThreadPoolExecutor.java:310)
	at java.base/java.util.concurrent.ThreadPoolExecutor.runWorker(ThreadPoolExecutor.java:1090)
	at java.base/java.util.concurrent.ThreadPoolExecutor$Worker.run(ThreadPoolExecutor.java:614)
	at java.base/java.lang.Thread.run(Thread.java:1516)
14:51:07.529 [ INFO] maestro.orchestra.Orchestra.executeSubflowCommands: [Command execution subflow] CommandSkipped: null
14:51:07.529 [ INFO] maestro.cli.runner.MaestroCommandRunner.runCommands$lambda$8: Run flow when "Number and Email Already Linked" is visible SKIPPED
14:51:10.751 [ INFO] maestro.cli.runner.MaestroCommandRunner.runCommands$lambda$0: Run flow when "(?s).*would you recommend benefiting from Sakani.*" is visible RUNNING
14:51:11.183 [ERROR] maestro.cli.session.MaestroSessionManager.newSession$lambda$0: Failed to record heartbeat
java.io.IOException: The process cannot access the file because another process has locked a portion of the file
	at java.base/java.io.FileOutputStream.writeBytes(Native Method)
	at java.base/java.io.FileOutputStream.write(FileOutputStream.java:332)
	at kotlin.io.FilesKt__FileReadWriteKt.writeTextImpl(FileReadWrite.kt:160)
	at kotlin.io.FilesKt__FileReadWriteKt.writeText(FileReadWrite.kt:145)
	at kotlin.io.FilesKt__FileReadWriteKt.writeText$default(FileReadWrite.kt:144)
	at maestro.cli.db.KeyValueStore.commit(KeyValueStore.kt:50)
	at maestro.cli.db.KeyValueStore.set$lambda$3$lambda$2(KeyValueStore.kt:23)
	at maestro.cli.db.KeyValueStore.withFileLock(KeyValueStore.kt:62)
	at maestro.cli.db.KeyValueStore.set(KeyValueStore.kt:20)
	at maestro.cli.session.SessionStore.heartbeat(SessionStore.kt:12)
	at maestro.cli.session.MaestroSessionManager.newSession$lambda$0(MaestroSessionManager.kt:98)
	at java.base/java.util.concurrent.Executors$RunnableAdapter.call(Executors.java:545)
	at java.base/java.util.concurrent.FutureTask.runAndReset(FutureTask.java:371)
	at java.base/java.util.concurrent.ScheduledThreadPoolExecutor$ScheduledFutureTask.run(ScheduledThreadPoolExecutor.java:310)
	at java.base/java.util.concurrent.ThreadPoolExecutor.runWorker(ThreadPoolExecutor.java:1090)
	at java.base/java.util.concurrent.ThreadPoolExecutor$Worker.run(ThreadPoolExecutor.java:614)
	at java.base/java.lang.Thread.run(Thread.java:1516)
14:51:14.138 [ INFO] maestro.cli.runner.MaestroCommandRunner.runCommands$lambda$11: Run flow when "(?s).*would you recommend benefiting from Sakani.*" is visible metadata CommandMetadata(numberOfRuns=null, evaluatedCommand=MaestroCommand(runFlowCommand=RunFlowCommand(commands=[MaestroCommand(runFlowCommand=RunFlowCommand(commands=[MaestroCommand(swipeCommand=SwipeCommand(direction=null, startPoint=null, endPoint=null, elementSelector=null, startRelative=50%,58%, endRelative=50%,99%, duration=400, waitToSettleTimeoutMs=null, relativePoint=null, label=null, optional=false)), MaestroCommand(waitForAnimationToEndCommand=WaitForAnimationToEndCommand(timeout=4000, label=null, optional=false))], condition=Condition(platform=null, visible=null, notVisible=ElementSelector(textRegex=(?s)(.*There.s something wrong.*|.*the service is down.*|Error!), idRegex=null, size=null, below=null, above=null, leftOf=null, rightOf=null, containsChild=null, containsDescendants=null, traits=null, index=null, enabled=null, optional=false, selected=null, checked=null, focused=null, childOf=null, css=null), scriptCondition=null, label=null), sourceDescription=null, config=null, label=null, optional=false))], condition=Condition(platform=null, visible=ElementSelector(textRegex=(?s).*would you recommend benefiting from Sakani.*, idRegex=null, size=null, below=null, above=null, leftOf=null, rightOf=null, containsChild=null, containsDescendants=null, traits=null, index=null, enabled=null, optional=false, selected=null, checked=null, focused=null, childOf=null, css=null), notVisible=null, scriptCondition=null, label=null), sourceDescription=null, config=null, label=null, optional=false)), logMessages=[], insight=Insight(message=, level=NONE), aiReasoning=null, labeledCommand=null)
14:51:16.186 [ERROR] maestro.cli.session.MaestroSessionManager.newSession$lambda$0: Failed to record heartbeat
java.io.IOException: The process cannot access the file because another process has locked a portion of the file
	at java.base/java.io.FileOutputStream.writeBytes(Native Method)
	at java.base/java.io.FileOutputStream.write(FileOutputStream.java:332)
	at kotlin.io.FilesKt__FileReadWriteKt.writeTextImpl(FileReadWrite.kt:160)
	at kotlin.io.FilesKt__FileReadWriteKt.writeText(FileReadWrite.kt:145)
	at kotlin.io.FilesKt__FileReadWriteKt.writeText$default(FileReadWrite.kt:144)
	at maestro.cli.db.KeyValueStore.commit(KeyValueStore.kt:50)
	at maestro.cli.db.KeyValueStore.set$lambda$3$lambda$2(KeyValueStore.kt:23)
	at maestro.cli.db.KeyValueStore.withFileLock(KeyValueStore.kt:62)
	at maestro.cli.db.KeyValueStore.set(KeyValueStore.kt:20)
	at maestro.cli.session.SessionStore.heartbeat(SessionStore.kt:12)
	at maestro.cli.session.MaestroSessionManager.newSession$lambda$0(MaestroSessionManager.kt:98)
	at java.base/java.util.concurrent.Executors$RunnableAdapter.call(Executors.java:545)
	at java.base/java.util.concurrent.FutureTask.runAndReset(FutureTask.java:371)
	at java.base/java.util.concurrent.ScheduledThreadPoolExecutor$ScheduledFutureTask.run(ScheduledThreadPoolExecutor.java:310)
	at java.base/java.util.concurrent.ThreadPoolExecutor.runWorker(ThreadPoolExecutor.java:1090)
	at java.base/java.util.concurrent.ThreadPoolExecutor$Worker.run(ThreadPoolExecutor.java:614)
	at java.base/java.lang.Thread.run(Thread.java:1516)
14:51:17.806 [ INFO] maestro.orchestra.Orchestra.executeSubflowCommands: [Command execution subflow] CommandSkipped: null
14:51:17.806 [ INFO] maestro.cli.runner.MaestroCommandRunner.runCommands$lambda$8: Run flow when "(?s).*would you recommend benefiting from Sakani.*" is visible SKIPPED
14:51:21.127 [ INFO] maestro.cli.runner.MaestroCommandRunner.runCommands$lambda$0: Run flow when "Maybe Later" is visible RUNNING
14:51:21.184 [ERROR] maestro.cli.session.MaestroSessionManager.newSession$lambda$0: Failed to record heartbeat
java.io.IOException: The process cannot access the file because another process has locked a portion of the file
	at java.base/java.io.FileOutputStream.writeBytes(Native Method)
	at java.base/java.io.FileOutputStream.write(FileOutputStream.java:332)
	at kotlin.io.FilesKt__FileReadWriteKt.writeTextImpl(FileReadWrite.kt:160)
	at kotlin.io.FilesKt__FileReadWriteKt.writeText(FileReadWrite.kt:145)
	at kotlin.io.FilesKt__FileReadWriteKt.writeText$default(FileReadWrite.kt:144)
	at maestro.cli.db.KeyValueStore.commit(KeyValueStore.kt:50)
	at maestro.cli.db.KeyValueStore.set$lambda$3$lambda$2(KeyValueStore.kt:23)
	at maestro.cli.db.KeyValueStore.withFileLock(KeyValueStore.kt:62)
	at maestro.cli.db.KeyValueStore.set(KeyValueStore.kt:20)
	at maestro.cli.session.SessionStore.heartbeat(SessionStore.kt:12)
	at maestro.cli.session.MaestroSessionManager.newSession$lambda$0(MaestroSessionManager.kt:98)
	at java.base/java.util.concurrent.Executors$RunnableAdapter.call(Executors.java:545)
	at java.base/java.util.concurrent.FutureTask.runAndReset(FutureTask.java:371)
	at java.base/java.util.concurrent.ScheduledThreadPoolExecutor$ScheduledFutureTask.run(ScheduledThreadPoolExecutor.java:310)
	at java.base/java.util.concurrent.ThreadPoolExecutor.runWorker(ThreadPoolExecutor.java:1090)
	at java.base/java.util.concurrent.ThreadPoolExecutor$Worker.run(ThreadPoolExecutor.java:614)
	at java.base/java.lang.Thread.run(Thread.java:1516)
14:51:24.455 [ INFO] maestro.cli.runner.MaestroCommandRunner.runCommands$lambda$11: Run flow when "Maybe Later" is visible metadata CommandMetadata(numberOfRuns=null, evaluatedCommand=MaestroCommand(runFlowCommand=RunFlowCommand(commands=[MaestroCommand(tapOnElementCommand=TapOnElementCommand(selector=ElementSelector(textRegex=Maybe Later, idRegex=null, size=null, below=null, above=null, leftOf=null, rightOf=null, containsChild=null, containsDescendants=null, traits=null, index=null, enabled=null, optional=false, selected=null, checked=null, focused=null, childOf=null, css=null), retryIfNoChange=false, waitUntilVisible=false, longPress=false, repeat=null, waitToSettleTimeoutMs=null, relativePoint=null, label=null, optional=false)), MaestroCommand(waitForAnimationToEndCommand=WaitForAnimationToEndCommand(timeout=3000, label=null, optional=false))], condition=Condition(platform=null, visible=ElementSelector(textRegex=Maybe Later, idRegex=null, size=null, below=null, above=null, leftOf=null, rightOf=null, containsChild=null, containsDescendants=null, traits=null, index=null, enabled=null, optional=false, selected=null, checked=null, focused=null, childOf=null, css=null), notVisible=null, scriptCondition=null, label=null), sourceDescription=null, config=null, label=null, optional=false)), logMessages=[], insight=Insight(message=, level=NONE), aiReasoning=null, labeledCommand=null)
14:51:26.184 [ERROR] maestro.cli.session.MaestroSessionManager.newSession$lambda$0: Failed to record heartbeat
java.io.IOException: The process cannot access the file because another process has locked a portion of the file
	at java.base/java.io.FileOutputStream.writeBytes(Native Method)
	at java.base/java.io.FileOutputStream.write(FileOutputStream.java:332)
	at kotlin.io.FilesKt__FileReadWriteKt.writeTextImpl(FileReadWrite.kt:160)
	at kotlin.io.FilesKt__FileReadWriteKt.writeText(FileReadWrite.kt:145)
	at kotlin.io.FilesKt__FileReadWriteKt.writeText$default(FileReadWrite.kt:144)
	at maestro.cli.db.KeyValueStore.commit(KeyValueStore.kt:50)
	at maestro.cli.db.KeyValueStore.set$lambda$3$lambda$2(KeyValueStore.kt:23)
	at maestro.cli.db.KeyValueStore.withFileLock(KeyValueStore.kt:62)
	at maestro.cli.db.KeyValueStore.set(KeyValueStore.kt:20)
	at maestro.cli.session.SessionStore.heartbeat(SessionStore.kt:12)
	at maestro.cli.session.MaestroSessionManager.newSession$lambda$0(MaestroSessionManager.kt:98)
	at java.base/java.util.concurrent.Executors$RunnableAdapter.call(Executors.java:545)
	at java.base/java.util.concurrent.FutureTask.runAndReset(FutureTask.java:371)
	at java.base/java.util.concurrent.ScheduledThreadPoolExecutor$ScheduledFutureTask.run(ScheduledThreadPoolExecutor.java:310)
	at java.base/java.util.concurrent.ThreadPoolExecutor.runWorker(ThreadPoolExecutor.java:1090)
	at java.base/java.util.concurrent.ThreadPoolExecutor$Worker.run(ThreadPoolExecutor.java:614)
	at java.base/java.lang.Thread.run(Thread.java:1516)
14:51:28.298 [ INFO] maestro.orchestra.Orchestra.executeSubflowCommands: [Command execution subflow] CommandSkipped: null
14:51:28.298 [ INFO] maestro.cli.runner.MaestroCommandRunner.runCommands$lambda$8: Run flow when "Maybe Later" is visible SKIPPED
14:51:31.185 [ERROR] maestro.cli.session.MaestroSessionManager.newSession$lambda$0: Failed to record heartbeat
java.io.IOException: The process cannot access the file because another process has locked a portion of the file
	at java.base/java.io.FileOutputStream.writeBytes(Native Method)
	at java.base/java.io.FileOutputStream.write(FileOutputStream.java:332)
	at kotlin.io.FilesKt__FileReadWriteKt.writeTextImpl(FileReadWrite.kt:160)
	at kotlin.io.FilesKt__FileReadWriteKt.writeText(FileReadWrite.kt:145)
	at kotlin.io.FilesKt__FileReadWriteKt.writeText$default(FileReadWrite.kt:144)
	at maestro.cli.db.KeyValueStore.commit(KeyValueStore.kt:50)
	at maestro.cli.db.KeyValueStore.set$lambda$3$lambda$2(KeyValueStore.kt:23)
	at maestro.cli.db.KeyValueStore.withFileLock(KeyValueStore.kt:62)
	at maestro.cli.db.KeyValueStore.set(KeyValueStore.kt:20)
	at maestro.cli.session.SessionStore.heartbeat(SessionStore.kt:12)
	at maestro.cli.session.MaestroSessionManager.newSession$lambda$0(MaestroSessionManager.kt:98)
	at java.base/java.util.concurrent.Executors$RunnableAdapter.call(Executors.java:545)
	at java.base/java.util.concurrent.FutureTask.runAndReset(FutureTask.java:371)
	at java.base/java.util.concurrent.ScheduledThreadPoolExecutor$ScheduledFutureTask.run(ScheduledThreadPoolExecutor.java:310)
	at java.base/java.util.concurrent.ThreadPoolExecutor.runWorker(ThreadPoolExecutor.java:1090)
	at java.base/java.util.concurrent.ThreadPoolExecutor$Worker.run(ThreadPoolExecutor.java:614)
	at java.base/java.lang.Thread.run(Thread.java:1516)
14:51:31.621 [ INFO] maestro.cli.runner.MaestroCommandRunner.runCommands$lambda$0: Run flow when "Reject cookies" is visible RUNNING
14:51:34.993 [ INFO] maestro.cli.runner.MaestroCommandRunner.runCommands$lambda$11: Run flow when "Reject cookies" is visible metadata CommandMetadata(numberOfRuns=null, evaluatedCommand=MaestroCommand(runFlowCommand=RunFlowCommand(commands=[MaestroCommand(tapOnElementCommand=TapOnElementCommand(selector=ElementSelector(textRegex=Reject cookies, idRegex=null, size=null, below=null, above=null, leftOf=null, rightOf=null, containsChild=null, containsDescendants=null, traits=null, index=null, enabled=null, optional=false, selected=null, checked=null, focused=null, childOf=null, css=null), retryIfNoChange=false, waitUntilVisible=false, longPress=false, repeat=null, waitToSettleTimeoutMs=null, relativePoint=null, label=null, optional=false)), MaestroCommand(waitForAnimationToEndCommand=WaitForAnimationToEndCommand(timeout=4000, label=null, optional=false))], condition=Condition(platform=null, visible=ElementSelector(textRegex=Reject cookies, idRegex=null, size=null, below=null, above=null, leftOf=null, rightOf=null, containsChild=null, containsDescendants=null, traits=null, index=null, enabled=null, optional=false, selected=null, checked=null, focused=null, childOf=null, css=null), notVisible=null, scriptCondition=null, label=null), sourceDescription=null, config=null, label=null, optional=false)), logMessages=[], insight=Insight(message=, level=NONE), aiReasoning=null, labeledCommand=null)
14:51:36.184 [ERROR] maestro.cli.session.MaestroSessionManager.newSession$lambda$0: Failed to record heartbeat
java.io.IOException: The process cannot access the file because another process has locked a portion of the file
	at java.base/java.io.FileOutputStream.writeBytes(Native Method)
	at java.base/java.io.FileOutputStream.write(FileOutputStream.java:332)
	at kotlin.io.FilesKt__FileReadWriteKt.writeTextImpl(FileReadWrite.kt:160)
	at kotlin.io.FilesKt__FileReadWriteKt.writeText(FileReadWrite.kt:145)
	at kotlin.io.FilesKt__FileReadWriteKt.writeText$default(FileReadWrite.kt:144)
	at maestro.cli.db.KeyValueStore.commit(KeyValueStore.kt:50)
	at maestro.cli.db.KeyValueStore.set$lambda$3$lambda$2(KeyValueStore.kt:23)
	at maestro.cli.db.KeyValueStore.withFileLock(KeyValueStore.kt:62)
	at maestro.cli.db.KeyValueStore.set(KeyValueStore.kt:20)
	at maestro.cli.session.SessionStore.heartbeat(SessionStore.kt:12)
	at maestro.cli.session.MaestroSessionManager.newSession$lambda$0(MaestroSessionManager.kt:98)
	at java.base/java.util.concurrent.Executors$RunnableAdapter.call(Executors.java:545)
	at java.base/java.util.concurrent.FutureTask.runAndReset(FutureTask.java:371)
	at java.base/java.util.concurrent.ScheduledThreadPoolExecutor$ScheduledFutureTask.run(ScheduledThreadPoolExecutor.java:310)
	at java.base/java.util.concurrent.ThreadPoolExecutor.runWorker(ThreadPoolExecutor.java:1090)
	at java.base/java.util.concurrent.ThreadPoolExecutor$Worker.run(ThreadPoolExecutor.java:614)
	at java.base/java.lang.Thread.run(Thread.java:1516)
14:51:39.710 [ INFO] maestro.orchestra.Orchestra.executeSubflowCommands: [Command execution subflow] CommandSkipped: null
14:51:39.710 [ INFO] maestro.cli.runner.MaestroCommandRunner.runCommands$lambda$8: Run flow when "Reject cookies" is visible SKIPPED
14:51:41.185 [ERROR] maestro.cli.session.MaestroSessionManager.newSession$lambda$0: Failed to record heartbeat
java.io.IOException: The process cannot access the file because another process has locked a portion of the file
	at java.base/java.io.FileOutputStream.writeBytes(Native Method)
	at java.base/java.io.FileOutputStream.write(FileOutputStream.java:332)
	at kotlin.io.FilesKt__FileReadWriteKt.writeTextImpl(FileReadWrite.kt:160)
	at kotlin.io.FilesKt__FileReadWriteKt.writeText(FileReadWrite.kt:145)
	at kotlin.io.FilesKt__FileReadWriteKt.writeText$default(FileReadWrite.kt:144)
	at maestro.cli.db.KeyValueStore.commit(KeyValueStore.kt:50)
	at maestro.cli.db.KeyValueStore.set$lambda$3$lambda$2(KeyValueStore.kt:23)
	at maestro.cli.db.KeyValueStore.withFileLock(KeyValueStore.kt:62)
	at maestro.cli.db.KeyValueStore.set(KeyValueStore.kt:20)
	at maestro.cli.session.SessionStore.heartbeat(SessionStore.kt:12)
	at maestro.cli.session.MaestroSessionManager.newSession$lambda$0(MaestroSessionManager.kt:98)
	at java.base/java.util.concurrent.Executors$RunnableAdapter.call(Executors.java:545)
	at java.base/java.util.concurrent.FutureTask.runAndReset(FutureTask.java:371)
	at java.base/java.util.concurrent.ScheduledThreadPoolExecutor$ScheduledFutureTask.run(ScheduledThreadPoolExecutor.java:310)
	at java.base/java.util.concurrent.ThreadPoolExecutor.runWorker(ThreadPoolExecutor.java:1090)
	at java.base/java.util.concurrent.ThreadPoolExecutor$Worker.run(ThreadPoolExecutor.java:614)
	at java.base/java.lang.Thread.run(Thread.java:1516)
14:51:43.084 [ INFO] maestro.cli.runner.MaestroCommandRunner.runCommands$lambda$0: Run flow when "${ANCHOR}" is not visible RUNNING
14:51:46.184 [ERROR] maestro.cli.session.MaestroSessionManager.newSession$lambda$0: Failed to record heartbeat
java.io.IOException: The process cannot access the file because another process has locked a portion of the file
	at java.base/java.io.FileOutputStream.writeBytes(Native Method)
	at java.base/java.io.FileOutputStream.write(FileOutputStream.java:332)
	at kotlin.io.FilesKt__FileReadWriteKt.writeTextImpl(FileReadWrite.kt:160)
	at kotlin.io.FilesKt__FileReadWriteKt.writeText(FileReadWrite.kt:145)
	at kotlin.io.FilesKt__FileReadWriteKt.writeText$default(FileReadWrite.kt:144)
	at maestro.cli.db.KeyValueStore.commit(KeyValueStore.kt:50)
	at maestro.cli.db.KeyValueStore.set$lambda$3$lambda$2(KeyValueStore.kt:23)
	at maestro.cli.db.KeyValueStore.withFileLock(KeyValueStore.kt:62)
	at maestro.cli.db.KeyValueStore.set(KeyValueStore.kt:20)
	at maestro.cli.session.SessionStore.heartbeat(SessionStore.kt:12)
	at maestro.cli.session.MaestroSessionManager.newSession$lambda$0(MaestroSessionManager.kt:98)
	at java.base/java.util.concurrent.Executors$RunnableAdapter.call(Executors.java:545)
	at java.base/java.util.concurrent.FutureTask.runAndReset(FutureTask.java:371)
	at java.base/java.util.concurrent.ScheduledThreadPoolExecutor$ScheduledFutureTask.run(ScheduledThreadPoolExecutor.java:310)
	at java.base/java.util.concurrent.ThreadPoolExecutor.runWorker(ThreadPoolExecutor.java:1090)
	at java.base/java.util.concurrent.ThreadPoolExecutor$Worker.run(ThreadPoolExecutor.java:614)
	at java.base/java.lang.Thread.run(Thread.java:1516)
14:51:46.453 [ INFO] maestro.cli.runner.MaestroCommandRunner.runCommands$lambda$11: Run flow when "${ANCHOR}" is not visible metadata CommandMetadata(numberOfRuns=null, evaluatedCommand=MaestroCommand(runFlowCommand=RunFlowCommand(commands=[MaestroCommand(waitForAnimationToEndCommand=WaitForAnimationToEndCommand(timeout=5000, label=null, optional=false))], condition=Condition(platform=null, visible=null, notVisible=ElementSelector(textRegex=(?s).*Login / Sign up.*, idRegex=null, size=null, below=null, above=null, leftOf=null, rightOf=null, containsChild=null, containsDescendants=null, traits=null, index=null, enabled=null, optional=false, selected=null, checked=null, focused=null, childOf=null, css=null), scriptCondition=null, label=null), sourceDescription=null, config=null, label=null, optional=false)), logMessages=[], insight=Insight(message=, level=NONE), aiReasoning=null, labeledCommand=null)
14:51:50.490 [ INFO] maestro.orchestra.Orchestra.executeSubflowCommands: [Command execution subflow] CommandSkipped: null
14:51:50.491 [ INFO] maestro.cli.runner.MaestroCommandRunner.runCommands$lambda$8: Run flow when "${ANCHOR}" is not visible SKIPPED
14:51:51.184 [ERROR] maestro.cli.session.MaestroSessionManager.newSession$lambda$0: Failed to record heartbeat
java.io.IOException: The process cannot access the file because another process has locked a portion of the file
	at java.base/java.io.FileOutputStream.writeBytes(Native Method)
	at java.base/java.io.FileOutputStream.write(FileOutputStream.java:332)
	at kotlin.io.FilesKt__FileReadWriteKt.writeTextImpl(FileReadWrite.kt:160)
	at kotlin.io.FilesKt__FileReadWriteKt.writeText(FileReadWrite.kt:145)
	at kotlin.io.FilesKt__FileReadWriteKt.writeText$default(FileReadWrite.kt:144)
	at maestro.cli.db.KeyValueStore.commit(KeyValueStore.kt:50)
	at maestro.cli.db.KeyValueStore.set$lambda$3$lambda$2(KeyValueStore.kt:23)
	at maestro.cli.db.KeyValueStore.withFileLock(KeyValueStore.kt:62)
	at maestro.cli.db.KeyValueStore.set(KeyValueStore.kt:20)
	at maestro.cli.session.SessionStore.heartbeat(SessionStore.kt:12)
	at maestro.cli.session.MaestroSessionManager.newSession$lambda$0(MaestroSessionManager.kt:98)
	at java.base/java.util.concurrent.Executors$RunnableAdapter.call(Executors.java:545)
	at java.base/java.util.concurrent.FutureTask.runAndReset(FutureTask.java:371)
	at java.base/java.util.concurrent.ScheduledThreadPoolExecutor$ScheduledFutureTask.run(ScheduledThreadPoolExecutor.java:310)
	at java.base/java.util.concurrent.ThreadPoolExecutor.runWorker(ThreadPoolExecutor.java:1090)
	at java.base/java.util.concurrent.ThreadPoolExecutor$Worker.run(ThreadPoolExecutor.java:614)
	at java.base/java.lang.Thread.run(Thread.java:1516)
14:51:53.723 [ INFO] maestro.cli.runner.MaestroCommandRunner.runCommands$lambda$11: Repeat while "${ANCHOR}" is not visible (up to 20 times) metadata CommandMetadata(numberOfRuns=1, evaluatedCommand=MaestroCommand(repeatCommand=RepeatCommand(times=20, condition=Condition(platform=null, visible=null, notVisible=ElementSelector(textRegex=${ANCHOR}, idRegex=null, size=null, below=null, above=null, leftOf=null, rightOf=null, containsChild=null, containsDescendants=null, traits=null, index=null, enabled=null, optional=false, selected=null, checked=null, focused=null, childOf=null, css=null), scriptCondition=null, label=null), commands=[MaestroCommand(runFlowCommand=RunFlowCommand(commands=[MaestroCommand(tapOnElementCommand=TapOnElementCommand(selector=ElementSelector(textRegex=Don.t allow, idRegex=null, size=null, below=null, above=null, leftOf=null, rightOf=null, containsChild=null, containsDescendants=null, traits=null, index=null, enabled=null, optional=false, selected=null, checked=null, focused=null, childOf=null, css=null), retryIfNoChange=false, waitUntilVisible=false, longPress=false, repeat=null, waitToSettleTimeoutMs=null, relativePoint=null, label=null, optional=false)), MaestroCommand(waitForAnimationToEndCommand=WaitForAnimationToEndCommand(timeout=3000, label=null, optional=false))], condition=Condition(platform=null, visible=ElementSelector(textRegex=Don.t allow, idRegex=null, size=null, below=null, above=null, leftOf=null, rightOf=null, containsChild=null, containsDescendants=null, traits=null, index=null, enabled=null, optional=false, selected=null, checked=null, focused=null, childOf=null, css=null), notVisible=null, scriptCondition=null, label=null), sourceDescription=null, config=null, label=null, optional=false)), MaestroCommand(runFlowCommand=RunFlowCommand(commands=[MaestroCommand(tapOnElementCommand=TapOnElementCommand(selector=ElementSelector(textRegex=Skip, idRegex=null, size=null, below=null, above=null, leftOf=null, rightOf=null, containsChild=null, containsDescendants=null, traits=null, index=null, enabled=null, optional=false, selected=null, checked=null, focused=null, childOf=null, css=null), retryIfNoChange=false, waitUntilVisible=false, longPress=false, repeat=null, waitToSettleTimeoutMs=null, relativePoint=null, label=null, optional=false)), MaestroCommand(waitForAnimationToEndCommand=WaitForAnimationToEndCommand(timeout=3000, label=null, optional=false))], condition=Condition(platform=null, visible=ElementSelector(textRegex=Skip, idRegex=null, size=null, below=null, above=null, leftOf=null, rightOf=null, containsChild=null, containsDescendants=null, traits=null, index=null, enabled=null, optional=false, selected=null, checked=null, focused=null, childOf=null, css=null), notVisible=null, scriptCondition=null, label=null), sourceDescription=null, config=null, label=null, optional=false)), MaestroCommand(runFlowCommand=RunFlowCommand(commands=[MaestroCommand(tapOnElementCommand=TapOnElementCommand(selector=ElementSelector(textRegex=Dismiss, idRegex=null, size=null, below=null, above=null, leftOf=null, rightOf=null, containsChild=null, containsDescendants=null, traits=null, index=null, enabled=null, optional=false, selected=null, checked=null, focused=null, childOf=null, css=null), retryIfNoChange=false, waitUntilVisible=false, longPress=false, repeat=null, waitToSettleTimeoutMs=null, relativePoint=null, label=null, optional=false)), MaestroCommand(waitForAnimationToEndCommand=WaitForAnimationToEndCommand(timeout=3000, label=null, optional=false))], condition=Condition(platform=null, visible=ElementSelector(textRegex=Dismiss, idRegex=null, size=null, below=null, above=null, leftOf=null, rightOf=null, containsChild=null, containsDescendants=null, traits=null, index=null, enabled=null, optional=false, selected=null, checked=null, focused=null, childOf=null, css=null), notVisible=null, scriptCondition=null, label=null), sourceDescription=null, config=null, label=null, optional=false)), MaestroCommand(runFlowCommand=RunFlowCommand(commands=[MaestroCommand(runFlowCommand=RunFlowCommand(commands=[MaestroCommand(evalScriptCommand=EvalScriptCommand(scriptString=${console.log('CLEAR-OVERLAYS OK-HANDLER: dismissing the ERROR dialog (there is something wrong / please try again later). If this line sits after a reservation, payment or signature step, the business outcome MUST be re-read from the product records before the run is called green.')}, label=null, optional=false))], condition=Condition(platform=null, visible=ElementSelector(textRegex=There's something wrong. Please try again later!, idRegex=null, size=null, below=null, above=null, leftOf=null, rightOf=null, containsChild=null, containsDescendants=null, traits=null, index=null, enabled=null, optional=false, selected=null, checked=null, focused=null, childOf=null, css=null), notVisible=null, scriptCondition=null, label=null), sourceDescription=null, config=null, label=null, optional=false)), MaestroCommand(evalScriptCommand=EvalScriptCommand(scriptString=${console.log('CLEAR-OVERLAYS OK-HANDLER: tapping Ok')}, label=null, optional=false)), MaestroCommand(tapOnElementCommand=TapOnElementCommand(selector=ElementSelector(textRegex=Ok, idRegex=null, size=null, below=null, above=null, leftOf=null, rightOf=null, containsChild=null, containsDescendants=null, traits=null, index=null, enabled=null, optional=false, selected=null, checked=null, focused=null, childOf=null, css=null), retryIfNoChange=false, waitUntilVisible=false, longPress=false, repeat=null, waitToSettleTimeoutMs=null, relativePoint=null, label=null, optional=false)), MaestroCommand(waitForAnimationToEndCommand=WaitForAnimationToEndCommand(timeout=3000, label=null, optional=false))], condition=Condition(platform=null, visible=ElementSelector(textRegex=Ok, idRegex=null, size=null, below=null, above=null, leftOf=null, rightOf=null, containsChild=null, containsDescendants=null, traits=null, index=null, enabled=null, optional=false, selected=null, checked=null, focused=null, childOf=null, css=null), notVisible=null, scriptCondition=null, label=null), sourceDescription=null, config=null, label=null, optional=false)), MaestroCommand(runFlowCommand=RunFlowCommand(commands=[MaestroCommand(backPressCommand=BackPressCommand()), MaestroCommand(waitForAnimationToEndCommand=WaitForAnimationToEndCommand(timeout=3000, label=null, optional=false))], condition=Condition(platform=null, visible=ElementSelector(textRegex=Marketplace Day, idRegex=null, size=null, below=null, above=null, leftOf=null, rightOf=null, containsChild=null, containsDescendants=null, traits=null, index=null, enabled=null, optional=false, selected=null, checked=null, focused=null, childOf=null, css=null), notVisible=null, scriptCondition=null, label=null), sourceDescription=null, config=null, label=null, optional=false)), MaestroCommand(runFlowCommand=RunFlowCommand(commands=[MaestroCommand(backPressCommand=BackPressCommand()), MaestroCommand(waitForAnimationToEndCommand=WaitForAnimationToEndCommand(timeout=3000, label=null, optional=false))], condition=Condition(platform=null, visible=ElementSelector(textRegex=Start comparing properties, idRegex=null, size=null, below=null, above=null, leftOf=null, rightOf=null, containsChild=null, containsDescendants=null, traits=null, index=null, enabled=null, optional=false, selected=null, checked=null, focused=null, childOf=null, css=null), notVisible=null, scriptCondition=null, label=null), sourceDescription=null, config=null, label=null, optional=false)), MaestroCommand(runFlowCommand=RunFlowCommand(commands=[MaestroCommand(backPressCommand=BackPressCommand()), MaestroCommand(waitForAnimationToEndCommand=WaitForAnimationToEndCommand(timeout=3000, label=null, optional=false))], condition=Condition(platform=null, visible=ElementSelector(textRegex=Go to the weekly (offer|deal), idRegex=null, size=null, below=null, above=null, leftOf=null, rightOf=null, containsChild=null, containsDescendants=null, traits=null, index=null, enabled=null, optional=false, selected=null, checked=null, focused=null, childOf=null, css=null), notVisible=null, scriptCondition=null, label=null), sourceDescription=null, config=null, label=null, optional=false)), MaestroCommand(runFlowCommand=RunFlowCommand(commands=[MaestroCommand(backPressCommand=BackPressCommand()), MaestroCommand(waitForAnimationToEndCommand=WaitForAnimationToEndCommand(timeout=3000, label=null, optional=false))], condition=Condition(platform=null, visible=ElementSelector(textRegex=Update email, idRegex=null, size=null, below=null, above=null, leftOf=null, rightOf=null, containsChild=null, containsDescendants=null, traits=null, index=null, enabled=null, optional=false, selected=null, checked=null, focused=null, childOf=null, css=null), notVisible=null, scriptCondition=null, label=null), sourceDescription=null, config=null, label=null, optional=false)), MaestroCommand(runFlowCommand=RunFlowCommand(commands=[MaestroCommand(tapOnPointV2Command=TapOnPointV2Command(point=7%,9%, retryIfNoChange=false, longPress=false, repeat=null, waitToSettleTimeoutMs=null, label=null, optional=false)), MaestroCommand(waitForAnimationToEndCommand=WaitForAnimationToEndCommand(timeout=4000, label=null, optional=false))], condition=Condition(platform=null, visible=ElementSelector(textRegex=Number and Email Already Linked, idRegex=null, size=null, below=null, above=null, leftOf=null, rightOf=null, containsChild=null, containsDescendants=null, traits=null, index=null, enabled=null, optional=false, selected=null, checked=null, focused=null, childOf=null, css=null), notVisible=null, scriptCondition=null, label=null), sourceDescription=null, config=null, label=null, optional=false)), MaestroCommand(runFlowCommand=RunFlowCommand(commands=[MaestroCommand(runFlowCommand=RunFlowCommand(commands=[MaestroCommand(swipeCommand=SwipeCommand(direction=null, startPoint=null, endPoint=null, elementSelector=null, startRelative=50%,58%, endRelative=50%,99%, duration=400, waitToSettleTimeoutMs=null, relativePoint=null, label=null, optional=false)), MaestroCommand(waitForAnimationToEndCommand=WaitForAnimationToEndCommand(timeout=4000, label=null, optional=false))], condition=Condition(platform=null, visible=null, notVisible=ElementSelector(textRegex=(?s)(.*There.s something wrong.*|.*the service is down.*|Error!), idRegex=null, size=null, below=null, above=null, leftOf=null, rightOf=null, containsChild=null, containsDescendants=null, traits=null, index=null, enabled=null, optional=false, selected=null, checked=null, focused=null, childOf=null, css=null), scriptCondition=null, label=null), sourceDescription=null, config=null, label=null, optional=false))], condition=Condition(platform=null, visible=ElementSelector(textRegex=(?s).*would you recommend benefiting from Sakani.*, idRegex=null, size=null, below=null, above=null, leftOf=null, rightOf=null, containsChild=null, containsDescendants=null, traits=null, index=null, enabled=null, optional=false, selected=null, checked=null, focused=null, childOf=null, css=null), notVisible=null, scriptCondition=null, label=null), sourceDescription=null, config=null, label=null, optional=false)), MaestroCommand(runFlowCommand=RunFlowCommand(commands=[MaestroCommand(tapOnElementCommand=TapOnElementCommand(selector=ElementSelector(textRegex=Maybe Later, idRegex=null, size=null, below=null, above=null, leftOf=null, rightOf=null, containsChild=null, containsDescendants=null, traits=null, index=null, enabled=null, optional=false, selected=null, checked=null, focused=null, childOf=null, css=null), retryIfNoChange=false, waitUntilVisible=false, longPress=false, repeat=null, waitToSettleTimeoutMs=null, relativePoint=null, label=null, optional=false)), MaestroCommand(waitForAnimationToEndCommand=WaitForAnimationToEndCommand(timeout=3000, label=null, optional=false))], condition=Condition(platform=null, visible=ElementSelector(textRegex=Maybe Later, idRegex=null, size=null, below=null, above=null, leftOf=null, rightOf=null, containsChild=null, containsDescendants=null, traits=null, index=null, enabled=null, optional=false, selected=null, checked=null, focused=null, childOf=null, css=null), notVisible=null, scriptCondition=null, label=null), sourceDescription=null, config=null, label=null, optional=false)), MaestroCommand(runFlowCommand=RunFlowCommand(commands=[MaestroCommand(tapOnElementCommand=TapOnElementCommand(selector=ElementSelector(textRegex=Reject cookies, idRegex=null, size=null, below=null, above=null, leftOf=null, rightOf=null, containsChild=null, containsDescendants=null, traits=null, index=null, enabled=null, optional=false, selected=null, checked=null, focused=null, childOf=null, css=null), retryIfNoChange=false, waitUntilVisible=false, longPress=false, repeat=null, waitToSettleTimeoutMs=null, relativePoint=null, label=null, optional=false)), MaestroCommand(waitForAnimationToEndCommand=WaitForAnimationToEndCommand(timeout=4000, label=null, optional=false))], condition=Condition(platform=null, visible=ElementSelector(textRegex=Reject cookies, idRegex=null, size=null, below=null, above=null, leftOf=null, rightOf=null, containsChild=null, containsDescendants=null, traits=null, index=null, enabled=null, optional=false, selected=null, checked=null, focused=null, childOf=null, css=null), notVisible=null, scriptCondition=null, label=null), sourceDescription=null, config=null, label=null, optional=false)), MaestroCommand(runFlowCommand=RunFlowCommand(commands=[MaestroCommand(waitForAnimationToEndCommand=WaitForAnimationToEndCommand(timeout=5000, label=null, optional=false))], condition=Condition(platform=null, visible=null, notVisible=ElementSelector(textRegex=${ANCHOR}, idRegex=null, size=null, below=null, above=null, leftOf=null, rightOf=null, containsChild=null, containsDescendants=null, traits=null, index=null, enabled=null, optional=false, selected=null, checked=null, focused=null, childOf=null, css=null), scriptCondition=null, label=null), sourceDescription=null, config=null, label=null, optional=false))], label=null, optional=false)), logMessages=[], insight=Insight(message=, level=NONE), aiReasoning=null, labeledCommand=null)
14:51:56.183 [ERROR] maestro.cli.session.MaestroSessionManager.newSession$lambda$0: Failed to record heartbeat
java.io.IOException: The process cannot access the file because another process has locked a portion of the file
	at java.base/java.io.FileOutputStream.writeBytes(Native Method)
	at java.base/java.io.FileOutputStream.write(FileOutputStream.java:332)
	at kotlin.io.FilesKt__FileReadWriteKt.writeTextImpl(FileReadWrite.kt:160)
	at kotlin.io.FilesKt__FileReadWriteKt.writeText(FileReadWrite.kt:145)
	at kotlin.io.FilesKt__FileReadWriteKt.writeText$default(FileReadWrite.kt:144)
	at maestro.cli.db.KeyValueStore.commit(KeyValueStore.kt:50)
	at maestro.cli.db.KeyValueStore.set$lambda$3$lambda$2(KeyValueStore.kt:23)
	at maestro.cli.db.KeyValueStore.withFileLock(KeyValueStore.kt:62)
	at maestro.cli.db.KeyValueStore.set(KeyValueStore.kt:20)
	at maestro.cli.session.SessionStore.heartbeat(SessionStore.kt:12)
	at maestro.cli.session.MaestroSessionManager.newSession$lambda$0(MaestroSessionManager.kt:98)
	at java.base/java.util.concurrent.Executors$RunnableAdapter.call(Executors.java:545)
	at java.base/java.util.concurrent.FutureTask.runAndReset(FutureTask.java:371)
	at java.base/java.util.concurrent.ScheduledThreadPoolExecutor$ScheduledFutureTask.run(ScheduledThreadPoolExecutor.java:310)
	at java.base/java.util.concurrent.ThreadPoolExecutor.runWorker(ThreadPoolExecutor.java:1090)
	at java.base/java.util.concurrent.ThreadPoolExecutor$Worker.run(ThreadPoolExecutor.java:614)
	at java.base/java.lang.Thread.run(Thread.java:1516)
14:51:57.173 [ INFO] maestro.cli.runner.MaestroCommandRunner.runCommands$lambda$2: Repeat while "${ANCHOR}" is not visible (up to 20 times) COMPLETED
14:52:00.403 [ INFO] maestro.cli.runner.MaestroCommandRunner.runCommands$lambda$0: Repeat while "(?s).*would you recommend benefiting from Sakani.*" is visible (up to 3 times) RUNNING
14:52:01.185 [ERROR] maestro.cli.session.MaestroSessionManager.newSession$lambda$0: Failed to record heartbeat
java.io.IOException: The process cannot access the file because another process has locked a portion of the file
	at java.base/java.io.FileOutputStream.writeBytes(Native Method)
	at java.base/java.io.FileOutputStream.write(FileOutputStream.java:332)
	at kotlin.io.FilesKt__FileReadWriteKt.writeTextImpl(FileReadWrite.kt:160)
	at kotlin.io.FilesKt__FileReadWriteKt.writeText(FileReadWrite.kt:145)
	at kotlin.io.FilesKt__FileReadWriteKt.writeText$default(FileReadWrite.kt:144)
	at maestro.cli.db.KeyValueStore.commit(KeyValueStore.kt:50)
	at maestro.cli.db.KeyValueStore.set$lambda$3$lambda$2(KeyValueStore.kt:23)
	at maestro.cli.db.KeyValueStore.withFileLock(KeyValueStore.kt:62)
	at maestro.cli.db.KeyValueStore.set(KeyValueStore.kt:20)
	at maestro.cli.session.SessionStore.heartbeat(SessionStore.kt:12)
	at maestro.cli.session.MaestroSessionManager.newSession$lambda$0(MaestroSessionManager.kt:98)
	at java.base/java.util.concurrent.Executors$RunnableAdapter.call(Executors.java:545)
	at java.base/java.util.concurrent.FutureTask.runAndReset(FutureTask.java:371)
	at java.base/java.util.concurrent.ScheduledThreadPoolExecutor$ScheduledFutureTask.run(ScheduledThreadPoolExecutor.java:310)
	at java.base/java.util.concurrent.ThreadPoolExecutor.runWorker(ThreadPoolExecutor.java:1090)
	at java.base/java.util.concurrent.ThreadPoolExecutor$Worker.run(ThreadPoolExecutor.java:614)
	at java.base/java.lang.Thread.run(Thread.java:1516)
14:52:03.523 [ INFO] maestro.cli.runner.MaestroCommandRunner.runCommands$lambda$11: Repeat while "(?s).*would you recommend benefiting from Sakani.*" is visible (up to 3 times) metadata CommandMetadata(numberOfRuns=null, evaluatedCommand=MaestroCommand(repeatCommand=RepeatCommand(times=3, condition=Condition(platform=null, visible=ElementSelector(textRegex=(?s).*would you recommend benefiting from Sakani.*, idRegex=null, size=null, below=null, above=null, leftOf=null, rightOf=null, containsChild=null, containsDescendants=null, traits=null, index=null, enabled=null, optional=false, selected=null, checked=null, focused=null, childOf=null, css=null), notVisible=null, scriptCondition=null, label=null), commands=[MaestroCommand(runFlowCommand=RunFlowCommand(commands=[MaestroCommand(swipeCommand=SwipeCommand(direction=null, startPoint=null, endPoint=null, elementSelector=null, startRelative=50%,58%, endRelative=50%,99%, duration=400, waitToSettleTimeoutMs=null, relativePoint=null, label=null, optional=false)), MaestroCommand(waitForAnimationToEndCommand=WaitForAnimationToEndCommand(timeout=4000, label=null, optional=false))], condition=Condition(platform=null, visible=null, notVisible=ElementSelector(textRegex=(?s)(.*There.s something wrong.*|.*the service is down.*|Error!), idRegex=null, size=null, below=null, above=null, leftOf=null, rightOf=null, containsChild=null, containsDescendants=null, traits=null, index=null, enabled=null, optional=false, selected=null, checked=null, focused=null, childOf=null, css=null), scriptCondition=null, label=null), sourceDescription=null, config=null, label=null, optional=false))], label=null, optional=false)), logMessages=[], insight=Insight(message=, level=NONE), aiReasoning=null, labeledCommand=null)
14:52:06.185 [ERROR] maestro.cli.session.MaestroSessionManager.newSession$lambda$0: Failed to record heartbeat
java.io.IOException: The process cannot access the file because another process has locked a portion of the file
	at java.base/java.io.FileOutputStream.writeBytes(Native Method)
	at java.base/java.io.FileOutputStream.write(FileOutputStream.java:332)
	at kotlin.io.FilesKt__FileReadWriteKt.writeTextImpl(FileReadWrite.kt:160)
	at kotlin.io.FilesKt__FileReadWriteKt.writeText(FileReadWrite.kt:145)
	at kotlin.io.FilesKt__FileReadWriteKt.writeText$default(FileReadWrite.kt:144)
	at maestro.cli.db.KeyValueStore.commit(KeyValueStore.kt:50)
	at maestro.cli.db.KeyValueStore.set$lambda$3$lambda$2(KeyValueStore.kt:23)
	at maestro.cli.db.KeyValueStore.withFileLock(KeyValueStore.kt:62)
	at maestro.cli.db.KeyValueStore.set(KeyValueStore.kt:20)
	at maestro.cli.session.SessionStore.heartbeat(SessionStore.kt:12)
	at maestro.cli.session.MaestroSessionManager.newSession$lambda$0(MaestroSessionManager.kt:98)
	at java.base/java.util.concurrent.Executors$RunnableAdapter.call(Executors.java:545)
	at java.base/java.util.concurrent.FutureTask.runAndReset(FutureTask.java:371)
	at java.base/java.util.concurrent.ScheduledThreadPoolExecutor$ScheduledFutureTask.run(ScheduledThreadPoolExecutor.java:310)
	at java.base/java.util.concurrent.ThreadPoolExecutor.runWorker(ThreadPoolExecutor.java:1090)
	at java.base/java.util.concurrent.ThreadPoolExecutor$Worker.run(ThreadPoolExecutor.java:614)
	at java.base/java.lang.Thread.run(Thread.java:1516)
14:52:07.513 [ INFO] maestro.orchestra.Orchestra.executeSubflowCommands: [Command execution subflow] CommandSkipped: null
14:52:07.514 [ INFO] maestro.cli.runner.MaestroCommandRunner.runCommands$lambda$8: Repeat while "(?s).*would you recommend benefiting from Sakani.*" is visible (up to 3 times) SKIPPED
14:52:10.844 [ INFO] maestro.cli.runner.MaestroCommandRunner.runCommands$lambda$0: Assert that "(?s).*would you recommend benefiting from Sakani.*" is not visible RUNNING
14:52:11.184 [ERROR] maestro.cli.session.MaestroSessionManager.newSession$lambda$0: Failed to record heartbeat
java.io.IOException: The process cannot access the file because another process has locked a portion of the file
	at java.base/java.io.FileOutputStream.writeBytes(Native Method)
	at java.base/java.io.FileOutputStream.write(FileOutputStream.java:332)
	at kotlin.io.FilesKt__FileReadWriteKt.writeTextImpl(FileReadWrite.kt:160)
	at kotlin.io.FilesKt__FileReadWriteKt.writeText(FileReadWrite.kt:145)
	at kotlin.io.FilesKt__FileReadWriteKt.writeText$default(FileReadWrite.kt:144)
	at maestro.cli.db.KeyValueStore.commit(KeyValueStore.kt:50)
	at maestro.cli.db.KeyValueStore.set$lambda$3$lambda$2(KeyValueStore.kt:23)
	at maestro.cli.db.KeyValueStore.withFileLock(KeyValueStore.kt:62)
	at maestro.cli.db.KeyValueStore.set(KeyValueStore.kt:20)
	at maestro.cli.session.SessionStore.heartbeat(SessionStore.kt:12)
	at maestro.cli.session.MaestroSessionManager.newSession$lambda$0(MaestroSessionManager.kt:98)
	at java.base/java.util.concurrent.Executors$RunnableAdapter.call(Executors.java:545)
	at java.base/java.util.concurrent.FutureTask.runAndReset(FutureTask.java:371)
	at java.base/java.util.concurrent.ScheduledThreadPoolExecutor$ScheduledFutureTask.run(ScheduledThreadPoolExecutor.java:310)
	at java.base/java.util.concurrent.ThreadPoolExecutor.runWorker(ThreadPoolExecutor.java:1090)
	at java.base/java.util.concurrent.ThreadPoolExecutor$Worker.run(ThreadPoolExecutor.java:614)
	at java.base/java.lang.Thread.run(Thread.java:1516)
14:52:14.104 [ INFO] maestro.cli.runner.MaestroCommandRunner.runCommands$lambda$11: Assert that "(?s).*would you recommend benefiting from Sakani.*" is not visible metadata CommandMetadata(numberOfRuns=null, evaluatedCommand=MaestroCommand(assertConditionCommand=AssertConditionCommand(condition=Condition(platform=null, visible=null, notVisible=ElementSelector(textRegex=(?s).*would you recommend benefiting from Sakani.*, idRegex=null, size=null, below=null, above=null, leftOf=null, rightOf=null, containsChild=null, containsDescendants=null, traits=null, index=null, enabled=null, optional=false, selected=null, checked=null, focused=null, childOf=null, css=null), scriptCondition=null, label=null), timeout=null, label=null, optional=false)), logMessages=[], insight=Insight(message=, level=NONE), aiReasoning=null, labeledCommand=null)
14:52:16.184 [ERROR] maestro.cli.session.MaestroSessionManager.newSession$lambda$0: Failed to record heartbeat
java.io.IOException: The process cannot access the file because another process has locked a portion of the file
	at java.base/java.io.FileOutputStream.writeBytes(Native Method)
	at java.base/java.io.FileOutputStream.write(FileOutputStream.java:332)
	at kotlin.io.FilesKt__FileReadWriteKt.writeTextImpl(FileReadWrite.kt:160)
	at kotlin.io.FilesKt__FileReadWriteKt.writeText(FileReadWrite.kt:145)
	at kotlin.io.FilesKt__FileReadWriteKt.writeText$default(FileReadWrite.kt:144)
	at maestro.cli.db.KeyValueStore.commit(KeyValueStore.kt:50)
	at maestro.cli.db.KeyValueStore.set$lambda$3$lambda$2(KeyValueStore.kt:23)
	at maestro.cli.db.KeyValueStore.withFileLock(KeyValueStore.kt:62)
	at maestro.cli.db.KeyValueStore.set(KeyValueStore.kt:20)
	at maestro.cli.session.SessionStore.heartbeat(SessionStore.kt:12)
	at maestro.cli.session.MaestroSessionManager.newSession$lambda$0(MaestroSessionManager.kt:98)
	at java.base/java.util.concurrent.Executors$RunnableAdapter.call(Executors.java:545)
	at java.base/java.util.concurrent.FutureTask.runAndReset(FutureTask.java:371)
	at java.base/java.util.concurrent.ScheduledThreadPoolExecutor$ScheduledFutureTask.run(ScheduledThreadPoolExecutor.java:310)
	at java.base/java.util.concurrent.ThreadPoolExecutor.runWorker(ThreadPoolExecutor.java:1090)
	at java.base/java.util.concurrent.ThreadPoolExecutor$Worker.run(ThreadPoolExecutor.java:614)
	at java.base/java.lang.Thread.run(Thread.java:1516)
14:52:19.198 [ INFO] maestro.cli.runner.MaestroCommandRunner.runCommands$lambda$2: Assert that "(?s).*would you recommend benefiting from Sakani.*" is not visible COMPLETED
14:52:21.184 [ERROR] maestro.cli.session.MaestroSessionManager.newSession$lambda$0: Failed to record heartbeat
java.io.IOException: The process cannot access the file because another process has locked a portion of the file
	at java.base/java.io.FileOutputStream.writeBytes(Native Method)
	at java.base/java.io.FileOutputStream.write(FileOutputStream.java:332)
	at kotlin.io.FilesKt__FileReadWriteKt.writeTextImpl(FileReadWrite.kt:160)
	at kotlin.io.FilesKt__FileReadWriteKt.writeText(FileReadWrite.kt:145)
	at kotlin.io.FilesKt__FileReadWriteKt.writeText$default(FileReadWrite.kt:144)
	at maestro.cli.db.KeyValueStore.commit(KeyValueStore.kt:50)
	at maestro.cli.db.KeyValueStore.set$lambda$3$lambda$2(KeyValueStore.kt:23)
	at maestro.cli.db.KeyValueStore.withFileLock(KeyValueStore.kt:62)
	at maestro.cli.db.KeyValueStore.set(KeyValueStore.kt:20)
	at maestro.cli.session.SessionStore.heartbeat(SessionStore.kt:12)
	at maestro.cli.session.MaestroSessionManager.newSession$lambda$0(MaestroSessionManager.kt:98)
	at java.base/java.util.concurrent.Executors$RunnableAdapter.call(Executors.java:545)
	at java.base/java.util.concurrent.FutureTask.runAndReset(FutureTask.java:371)
	at java.base/java.util.concurrent.ScheduledThreadPoolExecutor$ScheduledFutureTask.run(ScheduledThreadPoolExecutor.java:310)
	at java.base/java.util.concurrent.ThreadPoolExecutor.runWorker(ThreadPoolExecutor.java:1090)
	at java.base/java.util.concurrent.ThreadPoolExecutor$Worker.run(ThreadPoolExecutor.java:614)
	at java.base/java.lang.Thread.run(Thread.java:1516)
14:52:22.512 [ INFO] maestro.cli.runner.MaestroCommandRunner.runCommands$lambda$0: Run flow when ${output.anchorOptional !== true} is true RUNNING
14:52:26.161 [ INFO] maestro.cli.runner.MaestroCommandRunner.runCommands$lambda$11: Run flow when ${output.anchorOptional !== true} is true metadata CommandMetadata(numberOfRuns=null, evaluatedCommand=MaestroCommand(runFlowCommand=RunFlowCommand(commands=[MaestroCommand(assertConditionCommand=AssertConditionCommand(condition=Condition(platform=null, visible=ElementSelector(textRegex=${ANCHOR}, idRegex=null, size=null, below=null, above=null, leftOf=null, rightOf=null, containsChild=null, containsDescendants=null, traits=null, index=null, enabled=null, optional=false, selected=null, checked=null, focused=null, childOf=null, css=null), notVisible=null, scriptCondition=null, label=null), timeout=120000, label=null, optional=false))], condition=Condition(platform=null, visible=null, notVisible=null, scriptCondition=true, label=null), sourceDescription=null, config=null, label=null, optional=false)), logMessages=[], insight=Insight(message=, level=NONE), aiReasoning=null, labeledCommand=null)
14:52:26.185 [ERROR] maestro.cli.session.MaestroSessionManager.newSession$lambda$0: Failed to record heartbeat
java.io.IOException: The process cannot access the file because another process has locked a portion of the file
	at java.base/java.io.FileOutputStream.writeBytes(Native Method)
	at java.base/java.io.FileOutputStream.write(FileOutputStream.java:332)
	at kotlin.io.FilesKt__FileReadWriteKt.writeTextImpl(FileReadWrite.kt:160)
	at kotlin.io.FilesKt__FileReadWriteKt.writeText(FileReadWrite.kt:145)
	at kotlin.io.FilesKt__FileReadWriteKt.writeText$default(FileReadWrite.kt:144)
	at maestro.cli.db.KeyValueStore.commit(KeyValueStore.kt:50)
	at maestro.cli.db.KeyValueStore.set$lambda$3$lambda$2(KeyValueStore.kt:23)
	at maestro.cli.db.KeyValueStore.withFileLock(KeyValueStore.kt:62)
	at maestro.cli.db.KeyValueStore.set(KeyValueStore.kt:20)
	at maestro.cli.session.SessionStore.heartbeat(SessionStore.kt:12)
	at maestro.cli.session.MaestroSessionManager.newSession$lambda$0(MaestroSessionManager.kt:98)
	at java.base/java.util.concurrent.Executors$RunnableAdapter.call(Executors.java:545)
	at java.base/java.util.concurrent.FutureTask.runAndReset(FutureTask.java:371)
	at java.base/java.util.concurrent.ScheduledThreadPoolExecutor$ScheduledFutureTask.run(ScheduledThreadPoolExecutor.java:310)
	at java.base/java.util.concurrent.ThreadPoolExecutor.runWorker(ThreadPoolExecutor.java:1090)
	at java.base/java.util.concurrent.ThreadPoolExecutor$Worker.run(ThreadPoolExecutor.java:614)
	at java.base/java.lang.Thread.run(Thread.java:1516)
14:52:29.644 [ INFO] maestro.cli.runner.MaestroCommandRunner.runCommands$lambda$0: Assert that "${ANCHOR}" is visible RUNNING
14:52:31.185 [ERROR] maestro.cli.session.MaestroSessionManager.newSession$lambda$0: Failed to record heartbeat
java.io.IOException: The process cannot access the file because another process has locked a portion of the file
	at java.base/java.io.FileOutputStream.writeBytes(Native Method)
	at java.base/java.io.FileOutputStream.write(FileOutputStream.java:332)
	at kotlin.io.FilesKt__FileReadWriteKt.writeTextImpl(FileReadWrite.kt:160)
	at kotlin.io.FilesKt__FileReadWriteKt.writeText(FileReadWrite.kt:145)
	at kotlin.io.FilesKt__FileReadWriteKt.writeText$default(FileReadWrite.kt:144)
	at maestro.cli.db.KeyValueStore.commit(KeyValueStore.kt:50)
	at maestro.cli.db.KeyValueStore.set$lambda$3$lambda$2(KeyValueStore.kt:23)
	at maestro.cli.db.KeyValueStore.withFileLock(KeyValueStore.kt:62)
	at maestro.cli.db.KeyValueStore.set(KeyValueStore.kt:20)
	at maestro.cli.session.SessionStore.heartbeat(SessionStore.kt:12)
	at maestro.cli.session.MaestroSessionManager.newSession$lambda$0(MaestroSessionManager.kt:98)
	at java.base/java.util.concurrent.Executors$RunnableAdapter.call(Executors.java:545)
	at java.base/java.util.concurrent.FutureTask.runAndReset(FutureTask.java:371)
	at java.base/java.util.concurrent.ScheduledThreadPoolExecutor$ScheduledFutureTask.run(ScheduledThreadPoolExecutor.java:310)
	at java.base/java.util.concurrent.ThreadPoolExecutor.runWorker(ThreadPoolExecutor.java:1090)
	at java.base/java.util.concurrent.ThreadPoolExecutor$Worker.run(ThreadPoolExecutor.java:614)
	at java.base/java.lang.Thread.run(Thread.java:1516)
14:52:33.049 [ INFO] maestro.cli.runner.MaestroCommandRunner.runCommands$lambda$11: Assert that "${ANCHOR}" is visible metadata CommandMetadata(numberOfRuns=null, evaluatedCommand=MaestroCommand(assertConditionCommand=AssertConditionCommand(condition=Condition(platform=null, visible=ElementSelector(textRegex=(?s).*Login / Sign up.*, idRegex=null, size=null, below=null, above=null, leftOf=null, rightOf=null, containsChild=null, containsDescendants=null, traits=null, index=null, enabled=null, optional=false, selected=null, checked=null, focused=null, childOf=null, css=null), notVisible=null, scriptCondition=null, label=null), timeout=120000, label=null, optional=false)), logMessages=[], insight=Insight(message=, level=NONE), aiReasoning=null, labeledCommand=null)
14:52:36.184 [ERROR] maestro.cli.session.MaestroSessionManager.newSession$lambda$0: Failed to record heartbeat
java.io.IOException: The process cannot access the file because another process has locked a portion of the file
	at java.base/java.io.FileOutputStream.writeBytes(Native Method)
	at java.base/java.io.FileOutputStream.write(FileOutputStream.java:332)
	at kotlin.io.FilesKt__FileReadWriteKt.writeTextImpl(FileReadWrite.kt:160)
	at kotlin.io.FilesKt__FileReadWriteKt.writeText(FileReadWrite.kt:145)
	at kotlin.io.FilesKt__FileReadWriteKt.writeText$default(FileReadWrite.kt:144)
	at maestro.cli.db.KeyValueStore.commit(KeyValueStore.kt:50)
	at maestro.cli.db.KeyValueStore.set$lambda$3$lambda$2(KeyValueStore.kt:23)
	at maestro.cli.db.KeyValueStore.withFileLock(KeyValueStore.kt:62)
	at maestro.cli.db.KeyValueStore.set(KeyValueStore.kt:20)
	at maestro.cli.session.SessionStore.heartbeat(SessionStore.kt:12)
	at maestro.cli.session.MaestroSessionManager.newSession$lambda$0(MaestroSessionManager.kt:98)
	at java.base/java.util.concurrent.Executors$RunnableAdapter.call(Executors.java:545)
	at java.base/java.util.concurrent.FutureTask.runAndReset(FutureTask.java:371)
	at java.base/java.util.concurrent.ScheduledThreadPoolExecutor$ScheduledFutureTask.run(ScheduledThreadPoolExecutor.java:310)
	at java.base/java.util.concurrent.ThreadPoolExecutor.runWorker(ThreadPoolExecutor.java:1090)
	at java.base/java.util.concurrent.ThreadPoolExecutor$Worker.run(ThreadPoolExecutor.java:614)
	at java.base/java.lang.Thread.run(Thread.java:1516)
14:52:36.561 [ INFO] maestro.cli.runner.MaestroCommandRunner.runCommands$lambda$2: Assert that "${ANCHOR}" is visible COMPLETED
14:52:39.710 [ INFO] maestro.cli.runner.MaestroCommandRunner.runCommands$lambda$2: Run flow when ${output.anchorOptional !== true} is true COMPLETED
14:52:41.185 [ERROR] maestro.cli.session.MaestroSessionManager.newSession$lambda$0: Failed to record heartbeat
java.io.IOException: The process cannot access the file because another process has locked a portion of the file
	at java.base/java.io.FileOutputStream.writeBytes(Native Method)
	at java.base/java.io.FileOutputStream.write(FileOutputStream.java:332)
	at kotlin.io.FilesKt__FileReadWriteKt.writeTextImpl(FileReadWrite.kt:160)
	at kotlin.io.FilesKt__FileReadWriteKt.writeText(FileReadWrite.kt:145)
	at kotlin.io.FilesKt__FileReadWriteKt.writeText$default(FileReadWrite.kt:144)
	at maestro.cli.db.KeyValueStore.commit(KeyValueStore.kt:50)
	at maestro.cli.db.KeyValueStore.set$lambda$3$lambda$2(KeyValueStore.kt:23)
	at maestro.cli.db.KeyValueStore.withFileLock(KeyValueStore.kt:62)
	at maestro.cli.db.KeyValueStore.set(KeyValueStore.kt:20)
	at maestro.cli.session.SessionStore.heartbeat(SessionStore.kt:12)
	at maestro.cli.session.MaestroSessionManager.newSession$lambda$0(MaestroSessionManager.kt:98)
	at java.base/java.util.concurrent.Executors$RunnableAdapter.call(Executors.java:545)
	at java.base/java.util.concurrent.FutureTask.runAndReset(FutureTask.java:371)
	at java.base/java.util.concurrent.ScheduledThreadPoolExecutor$ScheduledFutureTask.run(ScheduledThreadPoolExecutor.java:310)
	at java.base/java.util.concurrent.ThreadPoolExecutor.runWorker(ThreadPoolExecutor.java:1090)
	at java.base/java.util.concurrent.ThreadPoolExecutor$Worker.run(ThreadPoolExecutor.java:614)
	at java.base/java.lang.Thread.run(Thread.java:1516)
14:52:42.991 [ INFO] maestro.cli.runner.MaestroCommandRunner.runCommands$lambda$2: Run clear-overlays.yaml COMPLETED
14:52:46.185 [ERROR] maestro.cli.session.MaestroSessionManager.newSession$lambda$0: Failed to record heartbeat
java.io.IOException: The process cannot access the file because another process has locked a portion of the file
	at java.base/java.io.FileOutputStream.writeBytes(Native Method)
	at java.base/java.io.FileOutputStream.write(FileOutputStream.java:332)
	at kotlin.io.FilesKt__FileReadWriteKt.writeTextImpl(FileReadWrite.kt:160)
	at kotlin.io.FilesKt__FileReadWriteKt.writeText(FileReadWrite.kt:145)
	at kotlin.io.FilesKt__FileReadWriteKt.writeText$default(FileReadWrite.kt:144)
	at maestro.cli.db.KeyValueStore.commit(KeyValueStore.kt:50)
	at maestro.cli.db.KeyValueStore.set$lambda$3$lambda$2(KeyValueStore.kt:23)
	at maestro.cli.db.KeyValueStore.withFileLock(KeyValueStore.kt:62)
	at maestro.cli.db.KeyValueStore.set(KeyValueStore.kt:20)
	at maestro.cli.session.SessionStore.heartbeat(SessionStore.kt:12)
	at maestro.cli.session.MaestroSessionManager.newSession$lambda$0(MaestroSessionManager.kt:98)
	at java.base/java.util.concurrent.Executors$RunnableAdapter.call(Executors.java:545)
	at java.base/java.util.concurrent.FutureTask.runAndReset(FutureTask.java:371)
	at java.base/java.util.concurrent.ScheduledThreadPoolExecutor$ScheduledFutureTask.run(ScheduledThreadPoolExecutor.java:310)
	at java.base/java.util.concurrent.ThreadPoolExecutor.runWorker(ThreadPoolExecutor.java:1090)
	at java.base/java.util.concurrent.ThreadPoolExecutor$Worker.run(ThreadPoolExecutor.java:614)
	at java.base/java.lang.Thread.run(Thread.java:1516)
14:52:46.440 [ INFO] maestro.cli.runner.MaestroCommandRunner.runCommands$lambda$0: Assert that "(?s).*Login / Sign up.*" is visible RUNNING
14:52:49.745 [ INFO] maestro.cli.runner.MaestroCommandRunner.runCommands$lambda$11: Assert that "(?s).*Login / Sign up.*" is visible metadata CommandMetadata(numberOfRuns=null, evaluatedCommand=MaestroCommand(assertConditionCommand=AssertConditionCommand(condition=Condition(platform=null, visible=ElementSelector(textRegex=(?s).*Login / Sign up.*, idRegex=null, size=null, below=null, above=null, leftOf=null, rightOf=null, containsChild=null, containsDescendants=null, traits=null, index=null, enabled=null, optional=false, selected=null, checked=null, focused=null, childOf=null, css=null), notVisible=null, scriptCondition=null, label=null), timeout=120000, label=null, optional=false)), logMessages=[], insight=Insight(message=, level=NONE), aiReasoning=null, labeledCommand=null)
14:52:51.186 [ERROR] maestro.cli.session.MaestroSessionManager.newSession$lambda$0: Failed to record heartbeat
java.io.IOException: The process cannot access the file because another process has locked a portion of the file
	at java.base/java.io.FileOutputStream.writeBytes(Native Method)
	at java.base/java.io.FileOutputStream.write(FileOutputStream.java:332)
	at kotlin.io.FilesKt__FileReadWriteKt.writeTextImpl(FileReadWrite.kt:160)
	at kotlin.io.FilesKt__FileReadWriteKt.writeText(FileReadWrite.kt:145)
	at kotlin.io.FilesKt__FileReadWriteKt.writeText$default(FileReadWrite.kt:144)
	at maestro.cli.db.KeyValueStore.commit(KeyValueStore.kt:50)
	at maestro.cli.db.KeyValueStore.set$lambda$3$lambda$2(KeyValueStore.kt:23)
	at maestro.cli.db.KeyValueStore.withFileLock(KeyValueStore.kt:62)
	at maestro.cli.db.KeyValueStore.set(KeyValueStore.kt:20)
	at maestro.cli.session.SessionStore.heartbeat(SessionStore.kt:12)
	at maestro.cli.session.MaestroSessionManager.newSession$lambda$0(MaestroSessionManager.kt:98)
	at java.base/java.util.concurrent.Executors$RunnableAdapter.call(Executors.java:545)
	at java.base/java.util.concurrent.FutureTask.runAndReset(FutureTask.java:371)
	at java.base/java.util.concurrent.ScheduledThreadPoolExecutor$ScheduledFutureTask.run(ScheduledThreadPoolExecutor.java:310)
	at java.base/java.util.concurrent.ThreadPoolExecutor.runWorker(ThreadPoolExecutor.java:1090)
	at java.base/java.util.concurrent.ThreadPoolExecutor$Worker.run(ThreadPoolExecutor.java:614)
	at java.base/java.lang.Thread.run(Thread.java:1516)
14:52:53.227 [ INFO] maestro.cli.runner.MaestroCommandRunner.runCommands$lambda$2: Assert that "(?s).*Login / Sign up.*" is visible COMPLETED
14:52:56.185 [ERROR] maestro.cli.session.MaestroSessionManager.newSession$lambda$0: Failed to record heartbeat
java.io.IOException: The process cannot access the file because another process has locked a portion of the file
	at java.base/java.io.FileOutputStream.writeBytes(Native Method)
	at java.base/java.io.FileOutputStream.write(FileOutputStream.java:332)
	at kotlin.io.FilesKt__FileReadWriteKt.writeTextImpl(FileReadWrite.kt:160)
	at kotlin.io.FilesKt__FileReadWriteKt.writeText(FileReadWrite.kt:145)
	at kotlin.io.FilesKt__FileReadWriteKt.writeText$default(FileReadWrite.kt:144)
	at maestro.cli.db.KeyValueStore.commit(KeyValueStore.kt:50)
	at maestro.cli.db.KeyValueStore.set$lambda$3$lambda$2(KeyValueStore.kt:23)
	at maestro.cli.db.KeyValueStore.withFileLock(KeyValueStore.kt:62)
	at maestro.cli.db.KeyValueStore.set(KeyValueStore.kt:20)
	at maestro.cli.session.SessionStore.heartbeat(SessionStore.kt:12)
	at maestro.cli.session.MaestroSessionManager.newSession$lambda$0(MaestroSessionManager.kt:98)
	at java.base/java.util.concurrent.Executors$RunnableAdapter.call(Executors.java:545)
	at java.base/java.util.concurrent.FutureTask.runAndReset(FutureTask.java:371)
	at java.base/java.util.concurrent.ScheduledThreadPoolExecutor$ScheduledFutureTask.run(ScheduledThreadPoolExecutor.java:310)
	at java.base/java.util.concurrent.ThreadPoolExecutor.runWorker(ThreadPoolExecutor.java:1090)
	at java.base/java.util.concurrent.ThreadPoolExecutor$Worker.run(ThreadPoolExecutor.java:614)
	at java.base/java.lang.Thread.run(Thread.java:1516)
14:52:56.426 [ INFO] maestro.cli.runner.MaestroCommandRunner.runCommands$lambda$0: Tap on "(?s).*Login / Sign up.*" RUNNING
14:52:59.758 [ INFO] maestro.cli.runner.MaestroCommandRunner.runCommands$lambda$11: Tap on "(?s).*Login / Sign up.*" metadata CommandMetadata(numberOfRuns=null, evaluatedCommand=MaestroCommand(tapOnElementCommand=TapOnElementCommand(selector=ElementSelector(textRegex=(?s).*Login / Sign up.*, idRegex=null, size=null, below=null, above=null, leftOf=null, rightOf=null, containsChild=null, containsDescendants=null, traits=null, index=null, enabled=null, optional=false, selected=null, checked=null, focused=null, childOf=null, css=null), retryIfNoChange=false, waitUntilVisible=false, longPress=false, repeat=null, waitToSettleTimeoutMs=null, relativePoint=null, label=null, optional=false)), logMessages=[], insight=Insight(message=, level=NONE), aiReasoning=null, labeledCommand=null)
14:53:01.183 [ERROR] maestro.cli.session.MaestroSessionManager.newSession$lambda$0: Failed to record heartbeat
java.io.IOException: The process cannot access the file because another process has locked a portion of the file
	at java.base/java.io.FileOutputStream.writeBytes(Native Method)
	at java.base/java.io.FileOutputStream.write(FileOutputStream.java:332)
	at kotlin.io.FilesKt__FileReadWriteKt.writeTextImpl(FileReadWrite.kt:160)
	at kotlin.io.FilesKt__FileReadWriteKt.writeText(FileReadWrite.kt:145)
	at kotlin.io.FilesKt__FileReadWriteKt.writeText$default(FileReadWrite.kt:144)
	at maestro.cli.db.KeyValueStore.commit(KeyValueStore.kt:50)
	at maestro.cli.db.KeyValueStore.set$lambda$3$lambda$2(KeyValueStore.kt:23)
	at maestro.cli.db.KeyValueStore.withFileLock(KeyValueStore.kt:62)
	at maestro.cli.db.KeyValueStore.set(KeyValueStore.kt:20)
	at maestro.cli.session.SessionStore.heartbeat(SessionStore.kt:12)
	at maestro.cli.session.MaestroSessionManager.newSession$lambda$0(MaestroSessionManager.kt:98)
	at java.base/java.util.concurrent.Executors$RunnableAdapter.call(Executors.java:545)
	at java.base/java.util.concurrent.FutureTask.runAndReset(FutureTask.java:371)
	at java.base/java.util.concurrent.ScheduledThreadPoolExecutor$ScheduledFutureTask.run(ScheduledThreadPoolExecutor.java:310)
	at java.base/java.util.concurrent.ThreadPoolExecutor.runWorker(ThreadPoolExecutor.java:1090)
	at java.base/java.util.concurrent.ThreadPoolExecutor$Worker.run(ThreadPoolExecutor.java:614)
	at java.base/java.lang.Thread.run(Thread.java:1516)
14:53:03.317 [ INFO] maestro.Maestro.tap-HgV9Ck0: Tapping on element:  UiElement(treeNode=TreeNode(attributes={text=, accessibilityText=Welcome
Login / Sign up, hintText=, ignoreBoundsFiltering=false, resource-id=, clickable=true, bounds=[168,154][402,257], enabled=true, focused=false, checked=false, scrollable=false, selected=false, class=android.view.View, important-for-accessibility=true, error=}, children=[], clickable=true, enabled=true, focused=false, checked=false, selected=false), bounds=Bounds(x=168, y=154, width=234, height=103))
14:53:04.637 [ INFO] maestro.Maestro.tap-HgV9Ck0: Tap aimed via settled hierarchy
14:53:04.640 [ INFO] maestro.Maestro.hierarchyBasedTap-ogj28Uc: Tapping at (285, 205) using hierarchy based logic for wait
14:53:06.007 [ INFO] maestro.Maestro.hierarchyBasedTap-ogj28Uc: Something has changed in the UI judging by view hierarchy. Proceed.
14:53:06.008 [ INFO] maestro.cli.runner.MaestroCommandRunner.runCommands$lambda$2: Tap on "(?s).*Login / Sign up.*" COMPLETED
14:53:06.184 [ERROR] maestro.cli.session.MaestroSessionManager.newSession$lambda$0: Failed to record heartbeat
java.io.IOException: The process cannot access the file because another process has locked a portion of the file
	at java.base/java.io.FileOutputStream.writeBytes(Native Method)
	at java.base/java.io.FileOutputStream.write(FileOutputStream.java:332)
	at kotlin.io.FilesKt__FileReadWriteKt.writeTextImpl(FileReadWrite.kt:160)
	at kotlin.io.FilesKt__FileReadWriteKt.writeText(FileReadWrite.kt:145)
	at kotlin.io.FilesKt__FileReadWriteKt.writeText$default(FileReadWrite.kt:144)
	at maestro.cli.db.KeyValueStore.commit(KeyValueStore.kt:50)
	at maestro.cli.db.KeyValueStore.set$lambda$3$lambda$2(KeyValueStore.kt:23)
	at maestro.cli.db.KeyValueStore.withFileLock(KeyValueStore.kt:62)
	at maestro.cli.db.KeyValueStore.set(KeyValueStore.kt:20)
	at maestro.cli.session.SessionStore.heartbeat(SessionStore.kt:12)
	at maestro.cli.session.MaestroSessionManager.newSession$lambda$0(MaestroSessionManager.kt:98)
	at java.base/java.util.concurrent.Executors$RunnableAdapter.call(Executors.java:545)
	at java.base/java.util.concurrent.FutureTask.runAndReset(FutureTask.java:371)
	at java.base/java.util.concurrent.ScheduledThreadPoolExecutor$ScheduledFutureTask.run(ScheduledThreadPoolExecutor.java:310)
	at java.base/java.util.concurrent.ThreadPoolExecutor.runWorker(ThreadPoolExecutor.java:1090)
	at java.base/java.util.concurrent.ThreadPoolExecutor$Worker.run(ThreadPoolExecutor.java:614)
	at java.base/java.lang.Thread.run(Thread.java:1516)
14:53:07.915 [ INFO] maestro.cli.runner.MaestroCommandRunner.runCommands$lambda$0: Assert that "Continue with N[ae]fath" is visible RUNNING
14:53:09.858 [ INFO] maestro.cli.runner.MaestroCommandRunner.runCommands$lambda$11: Assert that "Continue with N[ae]fath" is visible metadata CommandMetadata(numberOfRuns=null, evaluatedCommand=MaestroCommand(assertConditionCommand=AssertConditionCommand(condition=Condition(platform=null, visible=ElementSelector(textRegex=Continue with N[ae]fath, idRegex=null, size=null, below=null, above=null, leftOf=null, rightOf=null, containsChild=null, containsDescendants=null, traits=null, index=null, enabled=null, optional=false, selected=null, checked=null, focused=null, childOf=null, css=null), notVisible=null, scriptCondition=null, label=null), timeout=45000, label=null, optional=false)), logMessages=[], insight=Insight(message=, level=NONE), aiReasoning=null, labeledCommand=null)
14:53:11.185 [ERROR] maestro.cli.session.MaestroSessionManager.newSession$lambda$0: Failed to record heartbeat
java.io.IOException: The process cannot access the file because another process has locked a portion of the file
	at java.base/java.io.FileOutputStream.writeBytes(Native Method)
	at java.base/java.io.FileOutputStream.write(FileOutputStream.java:332)
	at kotlin.io.FilesKt__FileReadWriteKt.writeTextImpl(FileReadWrite.kt:160)
	at kotlin.io.FilesKt__FileReadWriteKt.writeText(FileReadWrite.kt:145)
	at kotlin.io.FilesKt__FileReadWriteKt.writeText$default(FileReadWrite.kt:144)
	at maestro.cli.db.KeyValueStore.commit(KeyValueStore.kt:50)
	at maestro.cli.db.KeyValueStore.set$lambda$3$lambda$2(KeyValueStore.kt:23)
	at maestro.cli.db.KeyValueStore.withFileLock(KeyValueStore.kt:62)
	at maestro.cli.db.KeyValueStore.set(KeyValueStore.kt:20)
	at maestro.cli.session.SessionStore.heartbeat(SessionStore.kt:12)
	at maestro.cli.session.MaestroSessionManager.newSession$lambda$0(MaestroSessionManager.kt:98)
	at java.base/java.util.concurrent.Executors$RunnableAdapter.call(Executors.java:545)
	at java.base/java.util.concurrent.FutureTask.runAndReset(FutureTask.java:371)
	at java.base/java.util.concurrent.ScheduledThreadPoolExecutor$ScheduledFutureTask.run(ScheduledThreadPoolExecutor.java:310)
	at java.base/java.util.concurrent.ThreadPoolExecutor.runWorker(ThreadPoolExecutor.java:1090)
	at java.base/java.util.concurrent.ThreadPoolExecutor$Worker.run(ThreadPoolExecutor.java:614)
	at java.base/java.lang.Thread.run(Thread.java:1516)
14:53:12.309 [ INFO] maestro.cli.runner.MaestroCommandRunner.runCommands$lambda$2: Assert that "Continue with N[ae]fath" is visible COMPLETED
14:53:14.424 [ INFO] maestro.cli.runner.MaestroCommandRunner.runCommands$lambda$0: Tap on "Enter your ID, phone number,? or email" RUNNING
14:53:16.184 [ERROR] maestro.cli.session.MaestroSessionManager.newSession$lambda$0: Failed to record heartbeat
java.io.IOException: The process cannot access the file because another process has locked a portion of the file
	at java.base/java.io.FileOutputStream.writeBytes(Native Method)
	at java.base/java.io.FileOutputStream.write(FileOutputStream.java:332)
	at kotlin.io.FilesKt__FileReadWriteKt.writeTextImpl(FileReadWrite.kt:160)
	at kotlin.io.FilesKt__FileReadWriteKt.writeText(FileReadWrite.kt:145)
	at kotlin.io.FilesKt__FileReadWriteKt.writeText$default(FileReadWrite.kt:144)
	at maestro.cli.db.KeyValueStore.commit(KeyValueStore.kt:50)
	at maestro.cli.db.KeyValueStore.set$lambda$3$lambda$2(KeyValueStore.kt:23)
	at maestro.cli.db.KeyValueStore.withFileLock(KeyValueStore.kt:62)
	at maestro.cli.db.KeyValueStore.set(KeyValueStore.kt:20)
	at maestro.cli.session.SessionStore.heartbeat(SessionStore.kt:12)
	at maestro.cli.session.MaestroSessionManager.newSession$lambda$0(MaestroSessionManager.kt:98)
	at java.base/java.util.concurrent.Executors$RunnableAdapter.call(Executors.java:545)
	at java.base/java.util.concurrent.FutureTask.runAndReset(FutureTask.java:371)
	at java.base/java.util.concurrent.ScheduledThreadPoolExecutor$ScheduledFutureTask.run(ScheduledThreadPoolExecutor.java:310)
	at java.base/java.util.concurrent.ThreadPoolExecutor.runWorker(ThreadPoolExecutor.java:1090)
	at java.base/java.util.concurrent.ThreadPoolExecutor$Worker.run(ThreadPoolExecutor.java:614)
	at java.base/java.lang.Thread.run(Thread.java:1516)
14:53:16.640 [ INFO] maestro.cli.runner.MaestroCommandRunner.runCommands$lambda$11: Tap on "Enter your ID, phone number,? or email" metadata CommandMetadata(numberOfRuns=null, evaluatedCommand=MaestroCommand(tapOnElementCommand=TapOnElementCommand(selector=ElementSelector(textRegex=Enter your ID, phone number,? or email, idRegex=null, size=null, below=null, above=null, leftOf=null, rightOf=null, containsChild=null, containsDescendants=null, traits=null, index=null, enabled=null, optional=false, selected=null, checked=null, focused=null, childOf=null, css=null), retryIfNoChange=false, waitUntilVisible=false, longPress=false, repeat=null, waitToSettleTimeoutMs=null, relativePoint=null, label=null, optional=false)), logMessages=[], insight=Insight(message=, level=NONE), aiReasoning=null, labeledCommand=null)
14:53:18.659 [ INFO] maestro.Maestro.tap-HgV9Ck0: Tapping on element:  UiElement(treeNode=TreeNode(attributes={text=, accessibilityText=, hintText=Enter your ID, phone number or email, ignoreBoundsFiltering=false, resource-id=, clickable=true, bounds=[76,948][962,1011], enabled=true, focused=false, checked=false, scrollable=false, selected=false, class=android.widget.EditText, important-for-accessibility=true, error=}, children=[], clickable=true, enabled=true, focused=false, checked=false, selected=false), bounds=Bounds(x=76, y=948, width=886, height=63))
14:53:19.887 [ INFO] maestro.Maestro.tap-HgV9Ck0: Tap aimed via settled hierarchy
14:53:19.887 [ INFO] maestro.Maestro.hierarchyBasedTap-ogj28Uc: Tapping at (519, 979) using hierarchy based logic for wait
14:53:21.183 [ERROR] maestro.cli.session.MaestroSessionManager.newSession$lambda$0: Failed to record heartbeat
java.io.IOException: The process cannot access the file because another process has locked a portion of the file
	at java.base/java.io.FileOutputStream.writeBytes(Native Method)
	at java.base/java.io.FileOutputStream.write(FileOutputStream.java:332)
	at kotlin.io.FilesKt__FileReadWriteKt.writeTextImpl(FileReadWrite.kt:160)
	at kotlin.io.FilesKt__FileReadWriteKt.writeText(FileReadWrite.kt:145)
	at kotlin.io.FilesKt__FileReadWriteKt.writeText$default(FileReadWrite.kt:144)
	at maestro.cli.db.KeyValueStore.commit(KeyValueStore.kt:50)
	at maestro.cli.db.KeyValueStore.set$lambda$3$lambda$2(KeyValueStore.kt:23)
	at maestro.cli.db.KeyValueStore.withFileLock(KeyValueStore.kt:62)
	at maestro.cli.db.KeyValueStore.set(KeyValueStore.kt:20)
	at maestro.cli.session.SessionStore.heartbeat(SessionStore.kt:12)
	at maestro.cli.session.MaestroSessionManager.newSession$lambda$0(MaestroSessionManager.kt:98)
	at java.base/java.util.concurrent.Executors$RunnableAdapter.call(Executors.java:545)
	at java.base/java.util.concurrent.FutureTask.runAndReset(FutureTask.java:371)
	at java.base/java.util.concurrent.ScheduledThreadPoolExecutor$ScheduledFutureTask.run(ScheduledThreadPoolExecutor.java:310)
	at java.base/java.util.concurrent.ThreadPoolExecutor.runWorker(ThreadPoolExecutor.java:1090)
	at java.base/java.util.concurrent.ThreadPoolExecutor$Worker.run(ThreadPoolExecutor.java:614)
	at java.base/java.lang.Thread.run(Thread.java:1516)
14:53:21.916 [ INFO] maestro.Maestro.hierarchyBasedTap-ogj28Uc: Something has changed in the UI judging by view hierarchy. Proceed.
14:53:21.916 [ INFO] maestro.cli.runner.MaestroCommandRunner.runCommands$lambda$2: Tap on "Enter your ID, phone number,? or email" COMPLETED
14:53:24.438 [ INFO] maestro.cli.runner.MaestroCommandRunner.runCommands$lambda$0: Input text ${NATIONAL_ID} RUNNING
14:53:26.184 [ERROR] maestro.cli.session.MaestroSessionManager.newSession$lambda$0: Failed to record heartbeat
java.io.IOException: The process cannot access the file because another process has locked a portion of the file
	at java.base/java.io.FileOutputStream.writeBytes(Native Method)
	at java.base/java.io.FileOutputStream.write(FileOutputStream.java:332)
	at kotlin.io.FilesKt__FileReadWriteKt.writeTextImpl(FileReadWrite.kt:160)
	at kotlin.io.FilesKt__FileReadWriteKt.writeText(FileReadWrite.kt:145)
	at kotlin.io.FilesKt__FileReadWriteKt.writeText$default(FileReadWrite.kt:144)
	at maestro.cli.db.KeyValueStore.commit(KeyValueStore.kt:50)
	at maestro.cli.db.KeyValueStore.set$lambda$3$lambda$2(KeyValueStore.kt:23)
	at maestro.cli.db.KeyValueStore.withFileLock(KeyValueStore.kt:62)
	at maestro.cli.db.KeyValueStore.set(KeyValueStore.kt:20)
	at maestro.cli.session.SessionStore.heartbeat(SessionStore.kt:12)
	at maestro.cli.session.MaestroSessionManager.newSession$lambda$0(MaestroSessionManager.kt:98)
	at java.base/java.util.concurrent.Executors$RunnableAdapter.call(Executors.java:545)
	at java.base/java.util.concurrent.FutureTask.runAndReset(FutureTask.java:371)
	at java.base/java.util.concurrent.ScheduledThreadPoolExecutor$ScheduledFutureTask.run(ScheduledThreadPoolExecutor.java:310)
	at java.base/java.util.concurrent.ThreadPoolExecutor.runWorker(ThreadPoolExecutor.java:1090)
	at java.base/java.util.concurrent.ThreadPoolExecutor$Worker.run(ThreadPoolExecutor.java:614)
	at java.base/java.lang.Thread.run(Thread.java:1516)
14:53:26.542 [ INFO] maestro.cli.runner.MaestroCommandRunner.runCommands$lambda$11: Input text ${NATIONAL_ID} metadata CommandMetadata(numberOfRuns=null, evaluatedCommand=MaestroCommand(inputTextCommand=InputTextCommand(text=1119880062, label=null, optional=false)), logMessages=[], insight=Insight(message=, level=NONE), aiReasoning=null, labeledCommand=null)
14:53:28.658 [ INFO] maestro.Maestro.inputText: Inputting text: 1119880062
14:53:30.739 [ INFO] maestro.cli.runner.MaestroCommandRunner.runCommands$lambda$2: Input text ${NATIONAL_ID} COMPLETED
14:53:31.184 [ERROR] maestro.cli.session.MaestroSessionManager.newSession$lambda$0: Failed to record heartbeat
java.io.IOException: The process cannot access the file because another process has locked a portion of the file
	at java.base/java.io.FileOutputStream.writeBytes(Native Method)
	at java.base/java.io.FileOutputStream.write(FileOutputStream.java:332)
	at kotlin.io.FilesKt__FileReadWriteKt.writeTextImpl(FileReadWrite.kt:160)
	at kotlin.io.FilesKt__FileReadWriteKt.writeText(FileReadWrite.kt:145)
	at kotlin.io.FilesKt__FileReadWriteKt.writeText$default(FileReadWrite.kt:144)
	at maestro.cli.db.KeyValueStore.commit(KeyValueStore.kt:50)
	at maestro.cli.db.KeyValueStore.set$lambda$3$lambda$2(KeyValueStore.kt:23)
	at maestro.cli.db.KeyValueStore.withFileLock(KeyValueStore.kt:62)
	at maestro.cli.db.KeyValueStore.set(KeyValueStore.kt:20)
	at maestro.cli.session.SessionStore.heartbeat(SessionStore.kt:12)
	at maestro.cli.session.MaestroSessionManager.newSession$lambda$0(MaestroSessionManager.kt:98)
	at java.base/java.util.concurrent.Executors$RunnableAdapter.call(Executors.java:545)
	at java.base/java.util.concurrent.FutureTask.runAndReset(FutureTask.java:371)
	at java.base/java.util.concurrent.ScheduledThreadPoolExecutor$ScheduledFutureTask.run(ScheduledThreadPoolExecutor.java:310)
	at java.base/java.util.concurrent.ThreadPoolExecutor.runWorker(ThreadPoolExecutor.java:1090)
	at java.base/java.util.concurrent.ThreadPoolExecutor$Worker.run(ThreadPoolExecutor.java:614)
	at java.base/java.lang.Thread.run(Thread.java:1516)
14:53:32.594 [ INFO] maestro.cli.runner.MaestroCommandRunner.runCommands$lambda$0: Assert that "${NATIONAL_ID}" is visible RUNNING
14:53:34.689 [ INFO] maestro.cli.runner.MaestroCommandRunner.runCommands$lambda$11: Assert that "${NATIONAL_ID}" is visible metadata CommandMetadata(numberOfRuns=null, evaluatedCommand=MaestroCommand(assertConditionCommand=AssertConditionCommand(condition=Condition(platform=null, visible=ElementSelector(textRegex=1119880062, idRegex=null, size=null, below=null, above=null, leftOf=null, rightOf=null, containsChild=null, containsDescendants=null, traits=null, index=null, enabled=null, optional=false, selected=null, checked=null, focused=null, childOf=null, css=null), notVisible=null, scriptCondition=null, label=null), timeout=null, label=null, optional=false)), logMessages=[], insight=Insight(message=, level=NONE), aiReasoning=null, labeledCommand=null)
14:53:36.184 [ERROR] maestro.cli.session.MaestroSessionManager.newSession$lambda$0: Failed to record heartbeat
java.io.IOException: The process cannot access the file because another process has locked a portion of the file
	at java.base/java.io.FileOutputStream.writeBytes(Native Method)
	at java.base/java.io.FileOutputStream.write(FileOutputStream.java:332)
	at kotlin.io.FilesKt__FileReadWriteKt.writeTextImpl(FileReadWrite.kt:160)
	at kotlin.io.FilesKt__FileReadWriteKt.writeText(FileReadWrite.kt:145)
	at kotlin.io.FilesKt__FileReadWriteKt.writeText$default(FileReadWrite.kt:144)
	at maestro.cli.db.KeyValueStore.commit(KeyValueStore.kt:50)
	at maestro.cli.db.KeyValueStore.set$lambda$3$lambda$2(KeyValueStore.kt:23)
	at maestro.cli.db.KeyValueStore.withFileLock(KeyValueStore.kt:62)
	at maestro.cli.db.KeyValueStore.set(KeyValueStore.kt:20)
	at maestro.cli.session.SessionStore.heartbeat(SessionStore.kt:12)
	at maestro.cli.session.MaestroSessionManager.newSession$lambda$0(MaestroSessionManager.kt:98)
	at java.base/java.util.concurrent.Executors$RunnableAdapter.call(Executors.java:545)
	at java.base/java.util.concurrent.FutureTask.runAndReset(FutureTask.java:371)
	at java.base/java.util.concurrent.ScheduledThreadPoolExecutor$ScheduledFutureTask.run(ScheduledThreadPoolExecutor.java:310)
	at java.base/java.util.concurrent.ThreadPoolExecutor.runWorker(ThreadPoolExecutor.java:1090)
	at java.base/java.util.concurrent.ThreadPoolExecutor$Worker.run(ThreadPoolExecutor.java:614)
	at java.base/java.lang.Thread.run(Thread.java:1516)
14:53:37.114 [ INFO] maestro.cli.runner.MaestroCommandRunner.runCommands$lambda$2: Assert that "${NATIONAL_ID}" is visible COMPLETED
14:53:39.156 [ INFO] maestro.cli.runner.MaestroCommandRunner.runCommands$lambda$0: Tap on "Continue" RUNNING
14:53:41.183 [ERROR] maestro.cli.session.MaestroSessionManager.newSession$lambda$0: Failed to record heartbeat
java.io.IOException: The process cannot access the file because another process has locked a portion of the file
	at java.base/java.io.FileOutputStream.writeBytes(Native Method)
	at java.base/java.io.FileOutputStream.write(FileOutputStream.java:332)
	at kotlin.io.FilesKt__FileReadWriteKt.writeTextImpl(FileReadWrite.kt:160)
	at kotlin.io.FilesKt__FileReadWriteKt.writeText(FileReadWrite.kt:145)
	at kotlin.io.FilesKt__FileReadWriteKt.writeText$default(FileReadWrite.kt:144)
	at maestro.cli.db.KeyValueStore.commit(KeyValueStore.kt:50)
	at maestro.cli.db.KeyValueStore.set$lambda$3$lambda$2(KeyValueStore.kt:23)
	at maestro.cli.db.KeyValueStore.withFileLock(KeyValueStore.kt:62)
	at maestro.cli.db.KeyValueStore.set(KeyValueStore.kt:20)
	at maestro.cli.session.SessionStore.heartbeat(SessionStore.kt:12)
	at maestro.cli.session.MaestroSessionManager.newSession$lambda$0(MaestroSessionManager.kt:98)
	at java.base/java.util.concurrent.Executors$RunnableAdapter.call(Executors.java:545)
	at java.base/java.util.concurrent.FutureTask.runAndReset(FutureTask.java:371)
	at java.base/java.util.concurrent.ScheduledThreadPoolExecutor$ScheduledFutureTask.run(ScheduledThreadPoolExecutor.java:310)
	at java.base/java.util.concurrent.ThreadPoolExecutor.runWorker(ThreadPoolExecutor.java:1090)
	at java.base/java.util.concurrent.ThreadPoolExecutor$Worker.run(ThreadPoolExecutor.java:614)
	at java.base/java.lang.Thread.run(Thread.java:1516)
14:53:41.494 [ INFO] maestro.cli.runner.MaestroCommandRunner.runCommands$lambda$11: Tap on "Continue" metadata CommandMetadata(numberOfRuns=null, evaluatedCommand=MaestroCommand(tapOnElementCommand=TapOnElementCommand(selector=ElementSelector(textRegex=Continue, idRegex=null, size=null, below=null, above=null, leftOf=null, rightOf=null, containsChild=null, containsDescendants=null, traits=null, index=null, enabled=null, optional=false, selected=null, checked=null, focused=null, childOf=null, css=null), retryIfNoChange=false, waitUntilVisible=false, longPress=false, repeat=null, waitToSettleTimeoutMs=null, relativePoint=null, label=null, optional=false)), logMessages=[], insight=Insight(message=, level=NONE), aiReasoning=null, labeledCommand=null)
14:53:44.278 [ INFO] maestro.Maestro.tap-HgV9Ck0: Tapping on element:  UiElement(treeNode=TreeNode(attributes={text=, accessibilityText=Continue, hintText=, ignoreBoundsFiltering=false, resource-id=, clickable=true, bounds=[42,1085][1038,1211], enabled=true, focused=false, checked=false, scrollable=false, selected=false, class=android.view.View, important-for-accessibility=true, error=}, children=[], clickable=true, enabled=true, focused=false, checked=false, selected=false), bounds=Bounds(x=42, y=1085, width=996, height=126))
14:53:45.620 [ INFO] maestro.Maestro.tap-HgV9Ck0: Tap aimed via settled hierarchy
14:53:45.635 [ INFO] maestro.Maestro.hierarchyBasedTap-ogj28Uc: Tapping at (540, 1148) using hierarchy based logic for wait
14:53:46.185 [ERROR] maestro.cli.session.MaestroSessionManager.newSession$lambda$0: Failed to record heartbeat
java.io.IOException: The process cannot access the file because another process has locked a portion of the file
	at java.base/java.io.FileOutputStream.writeBytes(Native Method)
	at java.base/java.io.FileOutputStream.write(FileOutputStream.java:332)
	at kotlin.io.FilesKt__FileReadWriteKt.writeTextImpl(FileReadWrite.kt:160)
	at kotlin.io.FilesKt__FileReadWriteKt.writeText(FileReadWrite.kt:145)
	at kotlin.io.FilesKt__FileReadWriteKt.writeText$default(FileReadWrite.kt:144)
	at maestro.cli.db.KeyValueStore.commit(KeyValueStore.kt:50)
	at maestro.cli.db.KeyValueStore.set$lambda$3$lambda$2(KeyValueStore.kt:23)
	at maestro.cli.db.KeyValueStore.withFileLock(KeyValueStore.kt:62)
	at maestro.cli.db.KeyValueStore.set(KeyValueStore.kt:20)
	at maestro.cli.session.SessionStore.heartbeat(SessionStore.kt:12)
	at maestro.cli.session.MaestroSessionManager.newSession$lambda$0(MaestroSessionManager.kt:98)
	at java.base/java.util.concurrent.Executors$RunnableAdapter.call(Executors.java:545)
	at java.base/java.util.concurrent.FutureTask.runAndReset(FutureTask.java:371)
	at java.base/java.util.concurrent.ScheduledThreadPoolExecutor$ScheduledFutureTask.run(ScheduledThreadPoolExecutor.java:310)
	at java.base/java.util.concurrent.ThreadPoolExecutor.runWorker(ThreadPoolExecutor.java:1090)
	at java.base/java.util.concurrent.ThreadPoolExecutor$Worker.run(ThreadPoolExecutor.java:614)
	at java.base/java.lang.Thread.run(Thread.java:1516)
14:53:46.908 [ INFO] maestro.Maestro.hierarchyBasedTap-ogj28Uc: Something has changed in the UI judging by view hierarchy. Proceed.
14:53:46.908 [ INFO] maestro.cli.runner.MaestroCommandRunner.runCommands$lambda$2: Tap on "Continue" COMPLETED
14:53:49.350 [ INFO] maestro.cli.runner.MaestroCommandRunner.runCommands$lambda$0: Assert that "Login with nafath" is visible RUNNING
14:53:51.183 [ERROR] maestro.cli.session.MaestroSessionManager.newSession$lambda$0: Failed to record heartbeat
java.io.IOException: The process cannot access the file because another process has locked a portion of the file
	at java.base/java.io.FileOutputStream.writeBytes(Native Method)
	at java.base/java.io.FileOutputStream.write(FileOutputStream.java:332)
	at kotlin.io.FilesKt__FileReadWriteKt.writeTextImpl(FileReadWrite.kt:160)
	at kotlin.io.FilesKt__FileReadWriteKt.writeText(FileReadWrite.kt:145)
	at kotlin.io.FilesKt__FileReadWriteKt.writeText$default(FileReadWrite.kt:144)
	at maestro.cli.db.KeyValueStore.commit(KeyValueStore.kt:50)
	at maestro.cli.db.KeyValueStore.set$lambda$3$lambda$2(KeyValueStore.kt:23)
	at maestro.cli.db.KeyValueStore.withFileLock(KeyValueStore.kt:62)
	at maestro.cli.db.KeyValueStore.set(KeyValueStore.kt:20)
	at maestro.cli.session.SessionStore.heartbeat(SessionStore.kt:12)
	at maestro.cli.session.MaestroSessionManager.newSession$lambda$0(MaestroSessionManager.kt:98)
	at java.base/java.util.concurrent.Executors$RunnableAdapter.call(Executors.java:545)
	at java.base/java.util.concurrent.FutureTask.runAndReset(FutureTask.java:371)
	at java.base/java.util.concurrent.ScheduledThreadPoolExecutor$ScheduledFutureTask.run(ScheduledThreadPoolExecutor.java:310)
	at java.base/java.util.concurrent.ThreadPoolExecutor.runWorker(ThreadPoolExecutor.java:1090)
	at java.base/java.util.concurrent.ThreadPoolExecutor$Worker.run(ThreadPoolExecutor.java:614)
	at java.base/java.lang.Thread.run(Thread.java:1516)
14:53:51.314 [ INFO] maestro.cli.runner.MaestroCommandRunner.runCommands$lambda$11: Assert that "Login with nafath" is visible metadata CommandMetadata(numberOfRuns=null, evaluatedCommand=MaestroCommand(assertConditionCommand=AssertConditionCommand(condition=Condition(platform=null, visible=ElementSelector(textRegex=Login with nafath, idRegex=null, size=null, below=null, above=null, leftOf=null, rightOf=null, containsChild=null, containsDescendants=null, traits=null, index=null, enabled=null, optional=false, selected=null, checked=null, focused=null, childOf=null, css=null), notVisible=null, scriptCondition=null, label=null), timeout=45000, label=null, optional=false)), logMessages=[], insight=Insight(message=, level=NONE), aiReasoning=null, labeledCommand=null)
14:53:53.646 [ INFO] maestro.cli.runner.MaestroCommandRunner.runCommands$lambda$2: Assert that "Login with nafath" is visible COMPLETED
14:53:55.561 [ INFO] maestro.cli.runner.MaestroCommandRunner.runCommands$lambda$0: Assert that "${NATIONAL_ID}" is visible RUNNING
14:53:56.184 [ERROR] maestro.cli.session.MaestroSessionManager.newSession$lambda$0: Failed to record heartbeat
java.io.IOException: The process cannot access the file because another process has locked a portion of the file
	at java.base/java.io.FileOutputStream.writeBytes(Native Method)
	at java.base/java.io.FileOutputStream.write(FileOutputStream.java:332)
	at kotlin.io.FilesKt__FileReadWriteKt.writeTextImpl(FileReadWrite.kt:160)
	at kotlin.io.FilesKt__FileReadWriteKt.writeText(FileReadWrite.kt:145)
	at kotlin.io.FilesKt__FileReadWriteKt.writeText$default(FileReadWrite.kt:144)
	at maestro.cli.db.KeyValueStore.commit(KeyValueStore.kt:50)
	at maestro.cli.db.KeyValueStore.set$lambda$3$lambda$2(KeyValueStore.kt:23)
	at maestro.cli.db.KeyValueStore.withFileLock(KeyValueStore.kt:62)
	at maestro.cli.db.KeyValueStore.set(KeyValueStore.kt:20)
	at maestro.cli.session.SessionStore.heartbeat(SessionStore.kt:12)
	at maestro.cli.session.MaestroSessionManager.newSession$lambda$0(MaestroSessionManager.kt:98)
	at java.base/java.util.concurrent.Executors$RunnableAdapter.call(Executors.java:545)
	at java.base/java.util.concurrent.FutureTask.runAndReset(FutureTask.java:371)
	at java.base/java.util.concurrent.ScheduledThreadPoolExecutor$ScheduledFutureTask.run(ScheduledThreadPoolExecutor.java:310)
	at java.base/java.util.concurrent.ThreadPoolExecutor.runWorker(ThreadPoolExecutor.java:1090)
	at java.base/java.util.concurrent.ThreadPoolExecutor$Worker.run(ThreadPoolExecutor.java:614)
	at java.base/java.lang.Thread.run(Thread.java:1516)
14:53:57.882 [ INFO] maestro.cli.runner.MaestroCommandRunner.runCommands$lambda$11: Assert that "${NATIONAL_ID}" is visible metadata CommandMetadata(numberOfRuns=null, evaluatedCommand=MaestroCommand(assertConditionCommand=AssertConditionCommand(condition=Condition(platform=null, visible=ElementSelector(textRegex=1119880062, idRegex=null, size=null, below=null, above=null, leftOf=null, rightOf=null, containsChild=null, containsDescendants=null, traits=null, index=null, enabled=null, optional=false, selected=null, checked=null, focused=null, childOf=null, css=null), notVisible=null, scriptCondition=null, label=null), timeout=null, label=null, optional=false)), logMessages=[], insight=Insight(message=, level=NONE), aiReasoning=null, labeledCommand=null)
14:54:00.050 [ INFO] maestro.cli.runner.MaestroCommandRunner.runCommands$lambda$2: Assert that "${NATIONAL_ID}" is visible COMPLETED
14:54:01.184 [ERROR] maestro.cli.session.MaestroSessionManager.newSession$lambda$0: Failed to record heartbeat
java.io.IOException: The process cannot access the file because another process has locked a portion of the file
	at java.base/java.io.FileOutputStream.writeBytes(Native Method)
	at java.base/java.io.FileOutputStream.write(FileOutputStream.java:332)
	at kotlin.io.FilesKt__FileReadWriteKt.writeTextImpl(FileReadWrite.kt:160)
	at kotlin.io.FilesKt__FileReadWriteKt.writeText(FileReadWrite.kt:145)
	at kotlin.io.FilesKt__FileReadWriteKt.writeText$default(FileReadWrite.kt:144)
	at maestro.cli.db.KeyValueStore.commit(KeyValueStore.kt:50)
	at maestro.cli.db.KeyValueStore.set$lambda$3$lambda$2(KeyValueStore.kt:23)
	at maestro.cli.db.KeyValueStore.withFileLock(KeyValueStore.kt:62)
	at maestro.cli.db.KeyValueStore.set(KeyValueStore.kt:20)
	at maestro.cli.session.SessionStore.heartbeat(SessionStore.kt:12)
	at maestro.cli.session.MaestroSessionManager.newSession$lambda$0(MaestroSessionManager.kt:98)
	at java.base/java.util.concurrent.Executors$RunnableAdapter.call(Executors.java:545)
	at java.base/java.util.concurrent.FutureTask.runAndReset(FutureTask.java:371)
	at java.base/java.util.concurrent.ScheduledThreadPoolExecutor$ScheduledFutureTask.run(ScheduledThreadPoolExecutor.java:310)
	at java.base/java.util.concurrent.ThreadPoolExecutor.runWorker(ThreadPoolExecutor.java:1090)
	at java.base/java.util.concurrent.ThreadPoolExecutor$Worker.run(ThreadPoolExecutor.java:614)
	at java.base/java.lang.Thread.run(Thread.java:1516)
14:54:02.067 [ INFO] maestro.cli.runner.MaestroCommandRunner.runCommands$lambda$0: Run ${output.loginNationalId = String(NATIONAL_ID)} RUNNING
14:54:04.279 [ INFO] maestro.cli.runner.MaestroCommandRunner.runCommands$lambda$11: Run ${output.loginNationalId = String(NATIONAL_ID)} metadata CommandMetadata(numberOfRuns=null, evaluatedCommand=MaestroCommand(evalScriptCommand=EvalScriptCommand(scriptString=${output.loginNationalId = String(NATIONAL_ID)}, label=null, optional=false)), logMessages=[], insight=Insight(message=, level=NONE), aiReasoning=null, labeledCommand=null)
14:54:06.185 [ERROR] maestro.cli.session.MaestroSessionManager.newSession$lambda$0: Failed to record heartbeat
java.io.IOException: The process cannot access the file because another process has locked a portion of the file
	at java.base/java.io.FileOutputStream.writeBytes(Native Method)
	at java.base/java.io.FileOutputStream.write(FileOutputStream.java:332)
	at kotlin.io.FilesKt__FileReadWriteKt.writeTextImpl(FileReadWrite.kt:160)
	at kotlin.io.FilesKt__FileReadWriteKt.writeText(FileReadWrite.kt:145)
	at kotlin.io.FilesKt__FileReadWriteKt.writeText$default(FileReadWrite.kt:144)
	at maestro.cli.db.KeyValueStore.commit(KeyValueStore.kt:50)
	at maestro.cli.db.KeyValueStore.set$lambda$3$lambda$2(KeyValueStore.kt:23)
	at maestro.cli.db.KeyValueStore.withFileLock(KeyValueStore.kt:62)
	at maestro.cli.db.KeyValueStore.set(KeyValueStore.kt:20)
	at maestro.cli.session.SessionStore.heartbeat(SessionStore.kt:12)
	at maestro.cli.session.MaestroSessionManager.newSession$lambda$0(MaestroSessionManager.kt:98)
	at java.base/java.util.concurrent.Executors$RunnableAdapter.call(Executors.java:545)
	at java.base/java.util.concurrent.FutureTask.runAndReset(FutureTask.java:371)
	at java.base/java.util.concurrent.ScheduledThreadPoolExecutor$ScheduledFutureTask.run(ScheduledThreadPoolExecutor.java:310)
	at java.base/java.util.concurrent.ThreadPoolExecutor.runWorker(ThreadPoolExecutor.java:1090)
	at java.base/java.util.concurrent.ThreadPoolExecutor$Worker.run(ThreadPoolExecutor.java:614)
	at java.base/java.lang.Thread.run(Thread.java:1516)
14:54:06.385 [ INFO] maestro.cli.runner.MaestroCommandRunner.runCommands$lambda$2: Run ${output.loginNationalId = String(NATIONAL_ID)} COMPLETED
14:54:08.516 [ INFO] maestro.cli.runner.MaestroCommandRunner.runCommands$lambda$0: Tap on "Confirm" RUNNING
14:54:10.495 [ INFO] maestro.cli.runner.MaestroCommandRunner.runCommands$lambda$11: Tap on "Confirm" metadata CommandMetadata(numberOfRuns=null, evaluatedCommand=MaestroCommand(tapOnElementCommand=TapOnElementCommand(selector=ElementSelector(textRegex=Confirm, idRegex=null, size=null, below=null, above=null, leftOf=null, rightOf=null, containsChild=null, containsDescendants=null, traits=null, index=null, enabled=null, optional=false, selected=null, checked=null, focused=null, childOf=null, css=null), retryIfNoChange=false, waitUntilVisible=false, longPress=false, repeat=null, waitToSettleTimeoutMs=null, relativePoint=null, label=null, optional=false)), logMessages=[], insight=Insight(message=, level=NONE), aiReasoning=null, labeledCommand=null)
14:54:11.184 [ERROR] maestro.cli.session.MaestroSessionManager.newSession$lambda$0: Failed to record heartbeat
java.io.IOException: The process cannot access the file because another process has locked a portion of the file
	at java.base/java.io.FileOutputStream.writeBytes(Native Method)
	at java.base/java.io.FileOutputStream.write(FileOutputStream.java:332)
	at kotlin.io.FilesKt__FileReadWriteKt.writeTextImpl(FileReadWrite.kt:160)
	at kotlin.io.FilesKt__FileReadWriteKt.writeText(FileReadWrite.kt:145)
	at kotlin.io.FilesKt__FileReadWriteKt.writeText$default(FileReadWrite.kt:144)
	at maestro.cli.db.KeyValueStore.commit(KeyValueStore.kt:50)
	at maestro.cli.db.KeyValueStore.set$lambda$3$lambda$2(KeyValueStore.kt:23)
	at maestro.cli.db.KeyValueStore.withFileLock(KeyValueStore.kt:62)
	at maestro.cli.db.KeyValueStore.set(KeyValueStore.kt:20)
	at maestro.cli.session.SessionStore.heartbeat(SessionStore.kt:12)
	at maestro.cli.session.MaestroSessionManager.newSession$lambda$0(MaestroSessionManager.kt:98)
	at java.base/java.util.concurrent.Executors$RunnableAdapter.call(Executors.java:545)
	at java.base/java.util.concurrent.FutureTask.runAndReset(FutureTask.java:371)
	at java.base/java.util.concurrent.ScheduledThreadPoolExecutor$ScheduledFutureTask.run(ScheduledThreadPoolExecutor.java:310)
	at java.base/java.util.concurrent.ThreadPoolExecutor.runWorker(ThreadPoolExecutor.java:1090)
	at java.base/java.util.concurrent.ThreadPoolExecutor$Worker.run(ThreadPoolExecutor.java:614)
	at java.base/java.lang.Thread.run(Thread.java:1516)
14:54:12.795 [ INFO] maestro.Maestro.tap-HgV9Ck0: Tapping on element:  UiElement(treeNode=TreeNode(attributes={text=, accessibilityText=Confirm, hintText=, ignoreBoundsFiltering=false, resource-id=, clickable=true, bounds=[42,2169][1038,2295], enabled=true, focused=false, checked=false, scrollable=false, selected=false, class=android.view.View, important-for-accessibility=true, error=}, children=[], clickable=true, enabled=true, focused=false, checked=false, selected=false), bounds=Bounds(x=42, y=2169, width=996, height=126))
14:54:14.304 [ INFO] maestro.Maestro.tap-HgV9Ck0: Tap aimed via settled hierarchy
14:54:14.305 [ INFO] maestro.Maestro.hierarchyBasedTap-ogj28Uc: Tapping at (540, 2232) using hierarchy based logic for wait
14:54:15.169 [ INFO] maestro.Maestro.hierarchyBasedTap-ogj28Uc: Something has changed in the UI judging by view hierarchy. Proceed.
14:54:15.169 [ INFO] maestro.cli.runner.MaestroCommandRunner.runCommands$lambda$2: Tap on "Confirm" COMPLETED
14:54:16.184 [ERROR] maestro.cli.session.MaestroSessionManager.newSession$lambda$0: Failed to record heartbeat
java.io.IOException: The process cannot access the file because another process has locked a portion of the file
	at java.base/java.io.FileOutputStream.writeBytes(Native Method)
	at java.base/java.io.FileOutputStream.write(FileOutputStream.java:332)
	at kotlin.io.FilesKt__FileReadWriteKt.writeTextImpl(FileReadWrite.kt:160)
	at kotlin.io.FilesKt__FileReadWriteKt.writeText(FileReadWrite.kt:145)
	at kotlin.io.FilesKt__FileReadWriteKt.writeText$default(FileReadWrite.kt:144)
	at maestro.cli.db.KeyValueStore.commit(KeyValueStore.kt:50)
	at maestro.cli.db.KeyValueStore.set$lambda$3$lambda$2(KeyValueStore.kt:23)
	at maestro.cli.db.KeyValueStore.withFileLock(KeyValueStore.kt:62)
	at maestro.cli.db.KeyValueStore.set(KeyValueStore.kt:20)
	at maestro.cli.session.SessionStore.heartbeat(SessionStore.kt:12)
	at maestro.cli.session.MaestroSessionManager.newSession$lambda$0(MaestroSessionManager.kt:98)
	at java.base/java.util.concurrent.Executors$RunnableAdapter.call(Executors.java:545)
	at java.base/java.util.concurrent.FutureTask.runAndReset(FutureTask.java:371)
	at java.base/java.util.concurrent.ScheduledThreadPoolExecutor$ScheduledFutureTask.run(ScheduledThreadPoolExecutor.java:310)
	at java.base/java.util.concurrent.ThreadPoolExecutor.runWorker(ThreadPoolExecutor.java:1090)
	at java.base/java.util.concurrent.ThreadPoolExecutor$Worker.run(ThreadPoolExecutor.java:614)
	at java.base/java.lang.Thread.run(Thread.java:1516)
14:54:17.769 [ INFO] maestro.cli.runner.MaestroCommandRunner.runCommands$lambda$0: Assert that "Login with nafath" is not visible RUNNING
14:54:20.300 [ INFO] maestro.cli.runner.MaestroCommandRunner.runCommands$lambda$11: Assert that "Login with nafath" is not visible metadata CommandMetadata(numberOfRuns=null, evaluatedCommand=MaestroCommand(assertConditionCommand=AssertConditionCommand(condition=Condition(platform=null, visible=null, notVisible=ElementSelector(textRegex=Login with nafath, idRegex=null, size=null, below=null, above=null, leftOf=null, rightOf=null, containsChild=null, containsDescendants=null, traits=null, index=null, enabled=null, optional=false, selected=null, checked=null, focused=null, childOf=null, css=null), scriptCondition=null, label=null), timeout=90000, label=null, optional=false)), logMessages=[], insight=Insight(message=, level=NONE), aiReasoning=null, labeledCommand=null)
14:54:21.183 [ERROR] maestro.cli.session.MaestroSessionManager.newSession$lambda$0: Failed to record heartbeat
java.io.IOException: The process cannot access the file because another process has locked a portion of the file
	at java.base/java.io.FileOutputStream.writeBytes(Native Method)
	at java.base/java.io.FileOutputStream.write(FileOutputStream.java:332)
	at kotlin.io.FilesKt__FileReadWriteKt.writeTextImpl(FileReadWrite.kt:160)
	at kotlin.io.FilesKt__FileReadWriteKt.writeText(FileReadWrite.kt:145)
	at kotlin.io.FilesKt__FileReadWriteKt.writeText$default(FileReadWrite.kt:144)
	at maestro.cli.db.KeyValueStore.commit(KeyValueStore.kt:50)
	at maestro.cli.db.KeyValueStore.set$lambda$3$lambda$2(KeyValueStore.kt:23)
	at maestro.cli.db.KeyValueStore.withFileLock(KeyValueStore.kt:62)
	at maestro.cli.db.KeyValueStore.set(KeyValueStore.kt:20)
	at maestro.cli.session.SessionStore.heartbeat(SessionStore.kt:12)
	at maestro.cli.session.MaestroSessionManager.newSession$lambda$0(MaestroSessionManager.kt:98)
	at java.base/java.util.concurrent.Executors$RunnableAdapter.call(Executors.java:545)
	at java.base/java.util.concurrent.FutureTask.runAndReset(FutureTask.java:371)
	at java.base/java.util.concurrent.ScheduledThreadPoolExecutor$ScheduledFutureTask.run(ScheduledThreadPoolExecutor.java:310)
	at java.base/java.util.concurrent.ThreadPoolExecutor.runWorker(ThreadPoolExecutor.java:1090)
	at java.base/java.util.concurrent.ThreadPoolExecutor$Worker.run(ThreadPoolExecutor.java:614)
	at java.base/java.lang.Thread.run(Thread.java:1516)
14:54:26.185 [ERROR] maestro.cli.session.MaestroSessionManager.newSession$lambda$0: Failed to record heartbeat
java.io.IOException: The process cannot access the file because another process has locked a portion of the file
	at java.base/java.io.FileOutputStream.writeBytes(Native Method)
	at java.base/java.io.FileOutputStream.write(FileOutputStream.java:332)
	at kotlin.io.FilesKt__FileReadWriteKt.writeTextImpl(FileReadWrite.kt:160)
	at kotlin.io.FilesKt__FileReadWriteKt.writeText(FileReadWrite.kt:145)
	at kotlin.io.FilesKt__FileReadWriteKt.writeText$default(FileReadWrite.kt:144)
	at maestro.cli.db.KeyValueStore.commit(KeyValueStore.kt:50)
	at maestro.cli.db.KeyValueStore.set$lambda$3$lambda$2(KeyValueStore.kt:23)
	at maestro.cli.db.KeyValueStore.withFileLock(KeyValueStore.kt:62)
	at maestro.cli.db.KeyValueStore.set(KeyValueStore.kt:20)
	at maestro.cli.session.SessionStore.heartbeat(SessionStore.kt:12)
	at maestro.cli.session.MaestroSessionManager.newSession$lambda$0(MaestroSessionManager.kt:98)
	at java.base/java.util.concurrent.Executors$RunnableAdapter.call(Executors.java:545)
	at java.base/java.util.concurrent.FutureTask.runAndReset(FutureTask.java:371)
	at java.base/java.util.concurrent.ScheduledThreadPoolExecutor$ScheduledFutureTask.run(ScheduledThreadPoolExecutor.java:310)
	at java.base/java.util.concurrent.ThreadPoolExecutor.runWorker(ThreadPoolExecutor.java:1090)
	at java.base/java.util.concurrent.ThreadPoolExecutor$Worker.run(ThreadPoolExecutor.java:614)
	at java.base/java.lang.Thread.run(Thread.java:1516)
14:54:26.780 [ INFO] maestro.cli.runner.MaestroCommandRunner.runCommands$lambda$2: Assert that "Login with nafath" is not visible COMPLETED
14:54:29.880 [ INFO] maestro.cli.runner.MaestroCommandRunner.runCommands$lambda$0: Run ${output.anchorOptional = true} RUNNING
14:54:31.185 [ERROR] maestro.cli.session.MaestroSessionManager.newSession$lambda$0: Failed to record heartbeat
java.io.IOException: The process cannot access the file because another process has locked a portion of the file
	at java.base/java.io.FileOutputStream.writeBytes(Native Method)
	at java.base/java.io.FileOutputStream.write(FileOutputStream.java:332)
	at kotlin.io.FilesKt__FileReadWriteKt.writeTextImpl(FileReadWrite.kt:160)
	at kotlin.io.FilesKt__FileReadWriteKt.writeText(FileReadWrite.kt:145)
	at kotlin.io.FilesKt__FileReadWriteKt.writeText$default(FileReadWrite.kt:144)
	at maestro.cli.db.KeyValueStore.commit(KeyValueStore.kt:50)
	at maestro.cli.db.KeyValueStore.set$lambda$3$lambda$2(KeyValueStore.kt:23)
	at maestro.cli.db.KeyValueStore.withFileLock(KeyValueStore.kt:62)
	at maestro.cli.db.KeyValueStore.set(KeyValueStore.kt:20)
	at maestro.cli.session.SessionStore.heartbeat(SessionStore.kt:12)
	at maestro.cli.session.MaestroSessionManager.newSession$lambda$0(MaestroSessionManager.kt:98)
	at java.base/java.util.concurrent.Executors$RunnableAdapter.call(Executors.java:545)
	at java.base/java.util.concurrent.FutureTask.runAndReset(FutureTask.java:371)
	at java.base/java.util.concurrent.ScheduledThreadPoolExecutor$ScheduledFutureTask.run(ScheduledThreadPoolExecutor.java:310)
	at java.base/java.util.concurrent.ThreadPoolExecutor.runWorker(ThreadPoolExecutor.java:1090)
	at java.base/java.util.concurrent.ThreadPoolExecutor$Worker.run(ThreadPoolExecutor.java:614)
	at java.base/java.lang.Thread.run(Thread.java:1516)
14:54:32.736 [ INFO] maestro.cli.runner.MaestroCommandRunner.runCommands$lambda$11: Run ${output.anchorOptional = true} metadata CommandMetadata(numberOfRuns=null, evaluatedCommand=MaestroCommand(evalScriptCommand=EvalScriptCommand(scriptString=${output.anchorOptional = true}, label=null, optional=false)), logMessages=[], insight=Insight(message=, level=NONE), aiReasoning=null, labeledCommand=null)
14:54:34.954 [ INFO] maestro.cli.runner.MaestroCommandRunner.runCommands$lambda$2: Run ${output.anchorOptional = true} COMPLETED
14:54:36.184 [ERROR] maestro.cli.session.MaestroSessionManager.newSession$lambda$0: Failed to record heartbeat
java.io.IOException: The process cannot access the file because another process has locked a portion of the file
	at java.base/java.io.FileOutputStream.writeBytes(Native Method)
	at java.base/java.io.FileOutputStream.write(FileOutputStream.java:332)
	at kotlin.io.FilesKt__FileReadWriteKt.writeTextImpl(FileReadWrite.kt:160)
	at kotlin.io.FilesKt__FileReadWriteKt.writeText(FileReadWrite.kt:145)
	at kotlin.io.FilesKt__FileReadWriteKt.writeText$default(FileReadWrite.kt:144)
	at maestro.cli.db.KeyValueStore.commit(KeyValueStore.kt:50)
	at maestro.cli.db.KeyValueStore.set$lambda$3$lambda$2(KeyValueStore.kt:23)
	at maestro.cli.db.KeyValueStore.withFileLock(KeyValueStore.kt:62)
	at maestro.cli.db.KeyValueStore.set(KeyValueStore.kt:20)
	at maestro.cli.session.SessionStore.heartbeat(SessionStore.kt:12)
	at maestro.cli.session.MaestroSessionManager.newSession$lambda$0(MaestroSessionManager.kt:98)
	at java.base/java.util.concurrent.Executors$RunnableAdapter.call(Executors.java:545)
	at java.base/java.util.concurrent.FutureTask.runAndReset(FutureTask.java:371)
	at java.base/java.util.concurrent.ScheduledThreadPoolExecutor$ScheduledFutureTask.run(ScheduledThreadPoolExecutor.java:310)
	at java.base/java.util.concurrent.ThreadPoolExecutor.runWorker(ThreadPoolExecutor.java:1090)
	at java.base/java.util.concurrent.ThreadPoolExecutor$Worker.run(ThreadPoolExecutor.java:614)
	at java.base/java.lang.Thread.run(Thread.java:1516)
14:54:37.225 [ INFO] maestro.cli.runner.MaestroCommandRunner.runCommands$lambda$0: Run clear-overlays.yaml RUNNING
14:54:39.402 [ INFO] maestro.cli.runner.MaestroCommandRunner.runCommands$lambda$11: Run clear-overlays.yaml metadata CommandMetadata(numberOfRuns=null, evaluatedCommand=MaestroCommand(runFlowCommand=RunFlowCommand(commands=[MaestroCommand(defineVariablesCommand=DefineVariablesCommand(env={ANCHOR=(?si)(Hello|Good (morning|afternoon|evening)),\s*\S.*}, label=null, optional=false)), MaestroCommand(applyConfigurationCommand=ApplyConfigurationCommand(config=MaestroConfig(appId=fi.iwa.sakani, name=Clear first-run and promo overlays, tags=[], ext={}, onFlowStart=null, onFlowComplete=null, properties={}), label=null, optional=false)), MaestroCommand(repeatCommand=RepeatCommand(times=20, condition=Condition(platform=null, visible=null, notVisible=ElementSelector(textRegex=${ANCHOR}, idRegex=null, size=null, below=null, above=null, leftOf=null, rightOf=null, containsChild=null, containsDescendants=null, traits=null, index=null, enabled=null, optional=false, selected=null, checked=null, focused=null, childOf=null, css=null), scriptCondition=null, label=null), commands=[MaestroCommand(runFlowCommand=RunFlowCommand(commands=[MaestroCommand(tapOnElementCommand=TapOnElementCommand(selector=ElementSelector(textRegex=Don.t allow, idRegex=null, size=null, below=null, above=null, leftOf=null, rightOf=null, containsChild=null, containsDescendants=null, traits=null, index=null, enabled=null, optional=false, selected=null, checked=null, focused=null, childOf=null, css=null), retryIfNoChange=false, waitUntilVisible=false, longPress=false, repeat=null, waitToSettleTimeoutMs=null, relativePoint=null, label=null, optional=false)), MaestroCommand(waitForAnimationToEndCommand=WaitForAnimationToEndCommand(timeout=3000, label=null, optional=false))], condition=Condition(platform=null, visible=ElementSelector(textRegex=Don.t allow, idRegex=null, size=null, below=null, above=null, leftOf=null, rightOf=null, containsChild=null, containsDescendants=null, traits=null, index=null, enabled=null, optional=false, selected=null, checked=null, focused=null, childOf=null, css=null), notVisible=null, scriptCondition=null, label=null), sourceDescription=null, config=null, label=null, optional=false)), MaestroCommand(runFlowCommand=RunFlowCommand(commands=[MaestroCommand(tapOnElementCommand=TapOnElementCommand(selector=ElementSelector(textRegex=Skip, idRegex=null, size=null, below=null, above=null, leftOf=null, rightOf=null, containsChild=null, containsDescendants=null, traits=null, index=null, enabled=null, optional=false, selected=null, checked=null, focused=null, childOf=null, css=null), retryIfNoChange=false, waitUntilVisible=false, longPress=false, repeat=null, waitToSettleTimeoutMs=null, relativePoint=null, label=null, optional=false)), MaestroCommand(waitForAnimationToEndCommand=WaitForAnimationToEndCommand(timeout=3000, label=null, optional=false))], condition=Condition(platform=null, visible=ElementSelector(textRegex=Skip, idRegex=null, size=null, below=null, above=null, leftOf=null, rightOf=null, containsChild=null, containsDescendants=null, traits=null, index=null, enabled=null, optional=false, selected=null, checked=null, focused=null, childOf=null, css=null), notVisible=null, scriptCondition=null, label=null), sourceDescription=null, config=null, label=null, optional=false)), MaestroCommand(runFlowCommand=RunFlowCommand(commands=[MaestroCommand(tapOnElementCommand=TapOnElementCommand(selector=ElementSelector(textRegex=Dismiss, idRegex=null, size=null, below=null, above=null, leftOf=null, rightOf=null, containsChild=null, containsDescendants=null, traits=null, index=null, enabled=null, optional=false, selected=null, checked=null, focused=null, childOf=null, css=null), retryIfNoChange=false, waitUntilVisible=false, longPress=false, repeat=null, waitToSettleTimeoutMs=null, relativePoint=null, label=null, optional=false)), MaestroCommand(waitForAnimationToEndCommand=WaitForAnimationToEndCommand(timeout=3000, label=null, optional=false))], condition=Condition(platform=null, visible=ElementSelector(textRegex=Dismiss, idRegex=null, size=null, below=null, above=null, leftOf=null, rightOf=null, containsChild=null, containsDescendants=null, traits=null, index=null, enabled=null, optional=false, selected=null, checked=null, focused=null, childOf=null, css=null), notVisible=null, scriptCondition=null, label=null), sourceDescription=null, config=null, label=null, optional=false)), MaestroCommand(runFlowCommand=RunFlowCommand(commands=[MaestroCommand(runFlowCommand=RunFlowCommand(commands=[MaestroCommand(evalScriptCommand=EvalScriptCommand(scriptString=${console.log('CLEAR-OVERLAYS OK-HANDLER: dismissing the ERROR dialog (there is something wrong / please try again later). If this line sits after a reservation, payment or signature step, the business outcome MUST be re-read from the product records before the run is called green.')}, label=null, optional=false))], condition=Condition(platform=null, visible=ElementSelector(textRegex=There's something wrong. Please try again later!, idRegex=null, size=null, below=null, above=null, leftOf=null, rightOf=null, containsChild=null, containsDescendants=null, traits=null, index=null, enabled=null, optional=false, selected=null, checked=null, focused=null, childOf=null, css=null), notVisible=null, scriptCondition=null, label=null), sourceDescription=null, config=null, label=null, optional=false)), MaestroCommand(evalScriptCommand=EvalScriptCommand(scriptString=${console.log('CLEAR-OVERLAYS OK-HANDLER: tapping Ok')}, label=null, optional=false)), MaestroCommand(tapOnElementCommand=TapOnElementCommand(selector=ElementSelector(textRegex=Ok, idRegex=null, size=null, below=null, above=null, leftOf=null, rightOf=null, containsChild=null, containsDescendants=null, traits=null, index=null, enabled=null, optional=false, selected=null, checked=null, focused=null, childOf=null, css=null), retryIfNoChange=false, waitUntilVisible=false, longPress=false, repeat=null, waitToSettleTimeoutMs=null, relativePoint=null, label=null, optional=false)), MaestroCommand(waitForAnimationToEndCommand=WaitForAnimationToEndCommand(timeout=3000, label=null, optional=false))], condition=Condition(platform=null, visible=ElementSelector(textRegex=Ok, idRegex=null, size=null, below=null, above=null, leftOf=null, rightOf=null, containsChild=null, containsDescendants=null, traits=null, index=null, enabled=null, optional=false, selected=null, checked=null, focused=null, childOf=null, css=null), notVisible=null, scriptCondition=null, label=null), sourceDescription=null, config=null, label=null, optional=false)), MaestroCommand(runFlowCommand=RunFlowCommand(commands=[MaestroCommand(backPressCommand=BackPressCommand()), MaestroCommand(waitForAnimationToEndCommand=WaitForAnimationToEndCommand(timeout=3000, label=null, optional=false))], condition=Condition(platform=null, visible=ElementSelector(textRegex=Marketplace Day, idRegex=null, size=null, below=null, above=null, leftOf=null, rightOf=null, containsChild=null, containsDescendants=null, traits=null, index=null, enabled=null, optional=false, selected=null, checked=null, focused=null, childOf=null, css=null), notVisible=null, scriptCondition=null, label=null), sourceDescription=null, config=null, label=null, optional=false)), MaestroCommand(runFlowCommand=RunFlowCommand(commands=[MaestroCommand(backPressCommand=BackPressCommand()), MaestroCommand(waitForAnimationToEndCommand=WaitForAnimationToEndCommand(timeout=3000, label=null, optional=false))], condition=Condition(platform=null, visible=ElementSelector(textRegex=Start comparing properties, idRegex=null, size=null, below=null, above=null, leftOf=null, rightOf=null, containsChild=null, containsDescendants=null, traits=null, index=null, enabled=null, optional=false, selected=null, checked=null, focused=null, childOf=null, css=null), notVisible=null, scriptCondition=null, label=null), sourceDescription=null, config=null, label=null, optional=false)), MaestroCommand(runFlowCommand=RunFlowCommand(commands=[MaestroCommand(backPressCommand=BackPressCommand()), MaestroCommand(waitForAnimationToEndCommand=WaitForAnimationToEndCommand(timeout=3000, label=null, optional=false))], condition=Condition(platform=null, visible=ElementSelector(textRegex=Go to the weekly (offer|deal), idRegex=null, size=null, below=null, above=null, leftOf=null, rightOf=null, containsChild=null, containsDescendants=null, traits=null, index=null, enabled=null, optional=false, selected=null, checked=null, focused=null, childOf=null, css=null), notVisible=null, scriptCondition=null, label=null), sourceDescription=null, config=null, label=null, optional=false)), MaestroCommand(runFlowCommand=RunFlowCommand(commands=[MaestroCommand(backPressCommand=BackPressCommand()), MaestroCommand(waitForAnimationToEndCommand=WaitForAnimationToEndCommand(timeout=3000, label=null, optional=false))], condition=Condition(platform=null, visible=ElementSelector(textRegex=Update email, idRegex=null, size=null, below=null, above=null, leftOf=null, rightOf=null, containsChild=null, containsDescendants=null, traits=null, index=null, enabled=null, optional=false, selected=null, checked=null, focused=null, childOf=null, css=null), notVisible=null, scriptCondition=null, label=null), sourceDescription=null, config=null, label=null, optional=false)), MaestroCommand(runFlowCommand=RunFlowCommand(commands=[MaestroCommand(tapOnPointV2Command=TapOnPointV2Command(point=7%,9%, retryIfNoChange=false, longPress=false, repeat=null, waitToSettleTimeoutMs=null, label=null, optional=false)), MaestroCommand(waitForAnimationToEndCommand=WaitForAnimationToEndCommand(timeout=4000, label=null, optional=false))], condition=Condition(platform=null, visible=ElementSelector(textRegex=Number and Email Already Linked, idRegex=null, size=null, below=null, above=null, leftOf=null, rightOf=null, containsChild=null, containsDescendants=null, traits=null, index=null, enabled=null, optional=false, selected=null, checked=null, focused=null, childOf=null, css=null), notVisible=null, scriptCondition=null, label=null), sourceDescription=null, config=null, label=null, optional=false)), MaestroCommand(runFlowCommand=RunFlowCommand(commands=[MaestroCommand(runFlowCommand=RunFlowCommand(commands=[MaestroCommand(swipeCommand=SwipeCommand(direction=null, startPoint=null, endPoint=null, elementSelector=null, startRelative=50%,58%, endRelative=50%,99%, duration=400, waitToSettleTimeoutMs=null, relativePoint=null, label=null, optional=false)), MaestroCommand(waitForAnimationToEndCommand=WaitForAnimationToEndCommand(timeout=4000, label=null, optional=false))], condition=Condition(platform=null, visible=null, notVisible=ElementSelector(textRegex=(?s)(.*There.s something wrong.*|.*the service is down.*|Error!), idRegex=null, size=null, below=null, above=null, leftOf=null, rightOf=null, containsChild=null, containsDescendants=null, traits=null, index=null, enabled=null, optional=false, selected=null, checked=null, focused=null, childOf=null, css=null), scriptCondition=null, label=null), sourceDescription=null, config=null, label=null, optional=false))], condition=Condition(platform=null, visible=ElementSelector(textRegex=(?s).*would you recommend benefiting from Sakani.*, idRegex=null, size=null, below=null, above=null, leftOf=null, rightOf=null, containsChild=null, containsDescendants=null, traits=null, index=null, enabled=null, optional=false, selected=null, checked=null, focused=null, childOf=null, css=null), notVisible=null, scriptCondition=null, label=null), sourceDescription=null, config=null, label=null, optional=false)), MaestroCommand(runFlowCommand=RunFlowCommand(commands=[MaestroCommand(tapOnElementCommand=TapOnElementCommand(selector=ElementSelector(textRegex=Maybe Later, idRegex=null, size=null, below=null, above=null, leftOf=null, rightOf=null, containsChild=null, containsDescendants=null, traits=null, index=null, enabled=null, optional=false, selected=null, checked=null, focused=null, childOf=null, css=null), retryIfNoChange=false, waitUntilVisible=false, longPress=false, repeat=null, waitToSettleTimeoutMs=null, relativePoint=null, label=null, optional=false)), MaestroCommand(waitForAnimationToEndCommand=WaitForAnimationToEndCommand(timeout=3000, label=null, optional=false))], condition=Condition(platform=null, visible=ElementSelector(textRegex=Maybe Later, idRegex=null, size=null, below=null, above=null, leftOf=null, rightOf=null, containsChild=null, containsDescendants=null, traits=null, index=null, enabled=null, optional=false, selected=null, checked=null, focused=null, childOf=null, css=null), notVisible=null, scriptCondition=null, label=null), sourceDescription=null, config=null, label=null, optional=false)), MaestroCommand(runFlowCommand=RunFlowCommand(commands=[MaestroCommand(tapOnElementCommand=TapOnElementCommand(selector=ElementSelector(textRegex=Reject cookies, idRegex=null, size=null, below=null, above=null, leftOf=null, rightOf=null, containsChild=null, containsDescendants=null, traits=null, index=null, enabled=null, optional=false, selected=null, checked=null, focused=null, childOf=null, css=null), retryIfNoChange=false, waitUntilVisible=false, longPress=false, repeat=null, waitToSettleTimeoutMs=null, relativePoint=null, label=null, optional=false)), MaestroCommand(waitForAnimationToEndCommand=WaitForAnimationToEndCommand(timeout=4000, label=null, optional=false))], condition=Condition(platform=null, visible=ElementSelector(textRegex=Reject cookies, idRegex=null, size=null, below=null, above=null, leftOf=null, rightOf=null, containsChild=null, containsDescendants=null, traits=null, index=null, enabled=null, optional=false, selected=null, checked=null, focused=null, childOf=null, css=null), notVisible=null, scriptCondition=null, label=null), sourceDescription=null, config=null, label=null, optional=false)), MaestroCommand(runFlowCommand=RunFlowCommand(commands=[MaestroCommand(waitForAnimationToEndCommand=WaitForAnimationToEndCommand(timeout=5000, label=null, optional=false))], condition=Condition(platform=null, visible=null, notVisible=ElementSelector(textRegex=${ANCHOR}, idRegex=null, size=null, below=null, above=null, leftOf=null, rightOf=null, containsChild=null, containsDescendants=null, traits=null, index=null, enabled=null, optional=false, selected=null, checked=null, focused=null, childOf=null, css=null), scriptCondition=null, label=null), sourceDescription=null, config=null, label=null, optional=false))], label=null, optional=false)), MaestroCommand(repeatCommand=RepeatCommand(times=3, condition=Condition(platform=null, visible=ElementSelector(textRegex=(?s).*would you recommend benefiting from Sakani.*, idRegex=null, size=null, below=null, above=null, leftOf=null, rightOf=null, containsChild=null, containsDescendants=null, traits=null, index=null, enabled=null, optional=false, selected=null, checked=null, focused=null, childOf=null, css=null), notVisible=null, scriptCondition=null, label=null), commands=[MaestroCommand(runFlowCommand=RunFlowCommand(commands=[MaestroCommand(swipeCommand=SwipeCommand(direction=null, startPoint=null, endPoint=null, elementSelector=null, startRelative=50%,58%, endRelative=50%,99%, duration=400, waitToSettleTimeoutMs=null, relativePoint=null, label=null, optional=false)), MaestroCommand(waitForAnimationToEndCommand=WaitForAnimationToEndCommand(timeout=4000, label=null, optional=false))], condition=Condition(platform=null, visible=null, notVisible=ElementSelector(textRegex=(?s)(.*There.s something wrong.*|.*the service is down.*|Error!), idRegex=null, size=null, below=null, above=null, leftOf=null, rightOf=null, containsChild=null, containsDescendants=null, traits=null, index=null, enabled=null, optional=false, selected=null, checked=null, focused=null, childOf=null, css=null), scriptCondition=null, label=null), sourceDescription=null, config=null, label=null, optional=false))], label=null, optional=false)), MaestroCommand(assertConditionCommand=AssertConditionCommand(condition=Condition(platform=null, visible=null, notVisible=ElementSelector(textRegex=(?s).*would you recommend benefiting from Sakani.*, idRegex=null, size=null, below=null, above=null, leftOf=null, rightOf=null, containsChild=null, containsDescendants=null, traits=null, index=null, enabled=null, optional=false, selected=null, checked=null, focused=null, childOf=null, css=null), scriptCondition=null, label=null), timeout=null, label=null, optional=false)), MaestroCommand(runFlowCommand=RunFlowCommand(commands=[MaestroCommand(assertConditionCommand=AssertConditionCommand(condition=Condition(platform=null, visible=ElementSelector(textRegex=${ANCHOR}, idRegex=null, size=null, below=null, above=null, leftOf=null, rightOf=null, containsChild=null, containsDescendants=null, traits=null, index=null, enabled=null, optional=false, selected=null, checked=null, focused=null, childOf=null, css=null), notVisible=null, scriptCondition=null, label=null), timeout=120000, label=null, optional=false))], condition=Condition(platform=null, visible=null, notVisible=null, scriptCondition=${output.anchorOptional !== true}, label=null), sourceDescription=null, config=null, label=null, optional=false))], condition=null, sourceDescription=clear-overlays.yaml, config=MaestroConfig(appId=fi.iwa.sakani, name=Clear first-run and promo overlays, tags=[], ext={}, onFlowStart=null, onFlowComplete=null, properties={}), label=null, optional=false)), logMessages=[], insight=Insight(message=, level=NONE), aiReasoning=null, labeledCommand=null)
14:54:41.184 [ERROR] maestro.cli.session.MaestroSessionManager.newSession$lambda$0: Failed to record heartbeat
java.io.IOException: The process cannot access the file because another process has locked a portion of the file
	at java.base/java.io.FileOutputStream.writeBytes(Native Method)
	at java.base/java.io.FileOutputStream.write(FileOutputStream.java:332)
	at kotlin.io.FilesKt__FileReadWriteKt.writeTextImpl(FileReadWrite.kt:160)
	at kotlin.io.FilesKt__FileReadWriteKt.writeText(FileReadWrite.kt:145)
	at kotlin.io.FilesKt__FileReadWriteKt.writeText$default(FileReadWrite.kt:144)
	at maestro.cli.db.KeyValueStore.commit(KeyValueStore.kt:50)
	at maestro.cli.db.KeyValueStore.set$lambda$3$lambda$2(KeyValueStore.kt:23)
	at maestro.cli.db.KeyValueStore.withFileLock(KeyValueStore.kt:62)
	at maestro.cli.db.KeyValueStore.set(KeyValueStore.kt:20)
	at maestro.cli.session.SessionStore.heartbeat(SessionStore.kt:12)
	at maestro.cli.session.MaestroSessionManager.newSession$lambda$0(MaestroSessionManager.kt:98)
	at java.base/java.util.concurrent.Executors$RunnableAdapter.call(Executors.java:545)
	at java.base/java.util.concurrent.FutureTask.runAndReset(FutureTask.java:371)
	at java.base/java.util.concurrent.ScheduledThreadPoolExecutor$ScheduledFutureTask.run(ScheduledThreadPoolExecutor.java:310)
	at java.base/java.util.concurrent.ThreadPoolExecutor.runWorker(ThreadPoolExecutor.java:1090)
	at java.base/java.util.concurrent.ThreadPoolExecutor$Worker.run(ThreadPoolExecutor.java:614)
	at java.base/java.lang.Thread.run(Thread.java:1516)
14:54:41.540 [ INFO] maestro.cli.runner.MaestroCommandRunner.runCommands$lambda$0: Define variables RUNNING
14:54:43.955 [ INFO] maestro.cli.runner.MaestroCommandRunner.runCommands$lambda$11: Define variables metadata CommandMetadata(numberOfRuns=null, evaluatedCommand=MaestroCommand(defineVariablesCommand=DefineVariablesCommand(env={ANCHOR=(?si)(Hello|Good (morning|afternoon|evening)),\s*\S.*}, label=null, optional=false)), logMessages=[], insight=Insight(message=, level=NONE), aiReasoning=null, labeledCommand=null)
14:54:46.183 [ERROR] maestro.cli.session.MaestroSessionManager.newSession$lambda$0: Failed to record heartbeat
java.io.IOException: The process cannot access the file because another process has locked a portion of the file
	at java.base/java.io.FileOutputStream.writeBytes(Native Method)
	at java.base/java.io.FileOutputStream.write(FileOutputStream.java:332)
	at kotlin.io.FilesKt__FileReadWriteKt.writeTextImpl(FileReadWrite.kt:160)
	at kotlin.io.FilesKt__FileReadWriteKt.writeText(FileReadWrite.kt:145)
	at kotlin.io.FilesKt__FileReadWriteKt.writeText$default(FileReadWrite.kt:144)
	at maestro.cli.db.KeyValueStore.commit(KeyValueStore.kt:50)
	at maestro.cli.db.KeyValueStore.set$lambda$3$lambda$2(KeyValueStore.kt:23)
	at maestro.cli.db.KeyValueStore.withFileLock(KeyValueStore.kt:62)
	at maestro.cli.db.KeyValueStore.set(KeyValueStore.kt:20)
	at maestro.cli.session.SessionStore.heartbeat(SessionStore.kt:12)
	at maestro.cli.session.MaestroSessionManager.newSession$lambda$0(MaestroSessionManager.kt:98)
	at java.base/java.util.concurrent.Executors$RunnableAdapter.call(Executors.java:545)
	at java.base/java.util.concurrent.FutureTask.runAndReset(FutureTask.java:371)
	at java.base/java.util.concurrent.ScheduledThreadPoolExecutor$ScheduledFutureTask.run(ScheduledThreadPoolExecutor.java:310)
	at java.base/java.util.concurrent.ThreadPoolExecutor.runWorker(ThreadPoolExecutor.java:1090)
	at java.base/java.util.concurrent.ThreadPoolExecutor$Worker.run(ThreadPoolExecutor.java:614)
	at java.base/java.lang.Thread.run(Thread.java:1516)
14:54:46.435 [ INFO] maestro.cli.runner.MaestroCommandRunner.runCommands$lambda$2: Define variables COMPLETED
14:54:48.858 [ INFO] maestro.cli.runner.MaestroCommandRunner.runCommands$lambda$0: Apply configuration RUNNING
14:54:51.185 [ERROR] maestro.cli.session.MaestroSessionManager.newSession$lambda$0: Failed to record heartbeat
java.io.IOException: The process cannot access the file because another process has locked a portion of the file
	at java.base/java.io.FileOutputStream.writeBytes(Native Method)
	at java.base/java.io.FileOutputStream.write(FileOutputStream.java:332)
	at kotlin.io.FilesKt__FileReadWriteKt.writeTextImpl(FileReadWrite.kt:160)
	at kotlin.io.FilesKt__FileReadWriteKt.writeText(FileReadWrite.kt:145)
	at kotlin.io.FilesKt__FileReadWriteKt.writeText$default(FileReadWrite.kt:144)
	at maestro.cli.db.KeyValueStore.commit(KeyValueStore.kt:50)
	at maestro.cli.db.KeyValueStore.set$lambda$3$lambda$2(KeyValueStore.kt:23)
	at maestro.cli.db.KeyValueStore.withFileLock(KeyValueStore.kt:62)
	at maestro.cli.db.KeyValueStore.set(KeyValueStore.kt:20)
	at maestro.cli.session.SessionStore.heartbeat(SessionStore.kt:12)
	at maestro.cli.session.MaestroSessionManager.newSession$lambda$0(MaestroSessionManager.kt:98)
	at java.base/java.util.concurrent.Executors$RunnableAdapter.call(Executors.java:545)
	at java.base/java.util.concurrent.FutureTask.runAndReset(FutureTask.java:371)
	at java.base/java.util.concurrent.ScheduledThreadPoolExecutor$ScheduledFutureTask.run(ScheduledThreadPoolExecutor.java:310)
	at java.base/java.util.concurrent.ThreadPoolExecutor.runWorker(ThreadPoolExecutor.java:1090)
	at java.base/java.util.concurrent.ThreadPoolExecutor$Worker.run(ThreadPoolExecutor.java:614)
	at java.base/java.lang.Thread.run(Thread.java:1516)
14:54:51.411 [ INFO] maestro.cli.runner.MaestroCommandRunner.runCommands$lambda$11: Apply configuration metadata CommandMetadata(numberOfRuns=null, evaluatedCommand=MaestroCommand(applyConfigurationCommand=ApplyConfigurationCommand(config=MaestroConfig(appId=fi.iwa.sakani, name=Clear first-run and promo overlays, tags=[], ext={}, onFlowStart=null, onFlowComplete=null, properties={}), label=null, optional=false)), logMessages=[], insight=Insight(message=, level=NONE), aiReasoning=null, labeledCommand=null)
14:54:53.917 [ INFO] maestro.cli.runner.MaestroCommandRunner.runCommands$lambda$2: Apply configuration COMPLETED
14:54:56.104 [ INFO] maestro.cli.runner.MaestroCommandRunner.runCommands$lambda$0: Repeat while "${ANCHOR}" is not visible (up to 20 times) RUNNING
14:54:56.184 [ERROR] maestro.cli.session.MaestroSessionManager.newSession$lambda$0: Failed to record heartbeat
java.io.IOException: The process cannot access the file because another process has locked a portion of the file
	at java.base/java.io.FileOutputStream.writeBytes(Native Method)
	at java.base/java.io.FileOutputStream.write(FileOutputStream.java:332)
	at kotlin.io.FilesKt__FileReadWriteKt.writeTextImpl(FileReadWrite.kt:160)
	at kotlin.io.FilesKt__FileReadWriteKt.writeText(FileReadWrite.kt:145)
	at kotlin.io.FilesKt__FileReadWriteKt.writeText$default(FileReadWrite.kt:144)
	at maestro.cli.db.KeyValueStore.commit(KeyValueStore.kt:50)
	at maestro.cli.db.KeyValueStore.set$lambda$3$lambda$2(KeyValueStore.kt:23)
	at maestro.cli.db.KeyValueStore.withFileLock(KeyValueStore.kt:62)
	at maestro.cli.db.KeyValueStore.set(KeyValueStore.kt:20)
	at maestro.cli.session.SessionStore.heartbeat(SessionStore.kt:12)
	at maestro.cli.session.MaestroSessionManager.newSession$lambda$0(MaestroSessionManager.kt:98)
	at java.base/java.util.concurrent.Executors$RunnableAdapter.call(Executors.java:545)
	at java.base/java.util.concurrent.FutureTask.runAndReset(FutureTask.java:371)
	at java.base/java.util.concurrent.ScheduledThreadPoolExecutor$ScheduledFutureTask.run(ScheduledThreadPoolExecutor.java:310)
	at java.base/java.util.concurrent.ThreadPoolExecutor.runWorker(ThreadPoolExecutor.java:1090)
	at java.base/java.util.concurrent.ThreadPoolExecutor$Worker.run(ThreadPoolExecutor.java:614)
	at java.base/java.lang.Thread.run(Thread.java:1516)
14:54:58.437 [ INFO] maestro.cli.runner.MaestroCommandRunner.runCommands$lambda$11: Repeat while "${ANCHOR}" is not visible (up to 20 times) metadata CommandMetadata(numberOfRuns=1, evaluatedCommand=MaestroCommand(repeatCommand=RepeatCommand(times=20, condition=Condition(platform=null, visible=null, notVisible=ElementSelector(textRegex=${ANCHOR}, idRegex=null, size=null, below=null, above=null, leftOf=null, rightOf=null, containsChild=null, containsDescendants=null, traits=null, index=null, enabled=null, optional=false, selected=null, checked=null, focused=null, childOf=null, css=null), scriptCondition=null, label=null), commands=[MaestroCommand(runFlowCommand=RunFlowCommand(commands=[MaestroCommand(tapOnElementCommand=TapOnElementCommand(selector=ElementSelector(textRegex=Don.t allow, idRegex=null, size=null, below=null, above=null, leftOf=null, rightOf=null, containsChild=null, containsDescendants=null, traits=null, index=null, enabled=null, optional=false, selected=null, checked=null, focused=null, childOf=null, css=null), retryIfNoChange=false, waitUntilVisible=false, longPress=false, repeat=null, waitToSettleTimeoutMs=null, relativePoint=null, label=null, optional=false)), MaestroCommand(waitForAnimationToEndCommand=WaitForAnimationToEndCommand(timeout=3000, label=null, optional=false))], condition=Condition(platform=null, visible=ElementSelector(textRegex=Don.t allow, idRegex=null, size=null, below=null, above=null, leftOf=null, rightOf=null, containsChild=null, containsDescendants=null, traits=null, index=null, enabled=null, optional=false, selected=null, checked=null, focused=null, childOf=null, css=null), notVisible=null, scriptCondition=null, label=null), sourceDescription=null, config=null, label=null, optional=false)), MaestroCommand(runFlowCommand=RunFlowCommand(commands=[MaestroCommand(tapOnElementCommand=TapOnElementCommand(selector=ElementSelector(textRegex=Skip, idRegex=null, size=null, below=null, above=null, leftOf=null, rightOf=null, containsChild=null, containsDescendants=null, traits=null, index=null, enabled=null, optional=false, selected=null, checked=null, focused=null, childOf=null, css=null), retryIfNoChange=false, waitUntilVisible=false, longPress=false, repeat=null, waitToSettleTimeoutMs=null, relativePoint=null, label=null, optional=false)), MaestroCommand(waitForAnimationToEndCommand=WaitForAnimationToEndCommand(timeout=3000, label=null, optional=false))], condition=Condition(platform=null, visible=ElementSelector(textRegex=Skip, idRegex=null, size=null, below=null, above=null, leftOf=null, rightOf=null, containsChild=null, containsDescendants=null, traits=null, index=null, enabled=null, optional=false, selected=null, checked=null, focused=null, childOf=null, css=null), notVisible=null, scriptCondition=null, label=null), sourceDescription=null, config=null, label=null, optional=false)), MaestroCommand(runFlowCommand=RunFlowCommand(commands=[MaestroCommand(tapOnElementCommand=TapOnElementCommand(selector=ElementSelector(textRegex=Dismiss, idRegex=null, size=null, below=null, above=null, leftOf=null, rightOf=null, containsChild=null, containsDescendants=null, traits=null, index=null, enabled=null, optional=false, selected=null, checked=null, focused=null, childOf=null, css=null), retryIfNoChange=false, waitUntilVisible=false, longPress=false, repeat=null, waitToSettleTimeoutMs=null, relativePoint=null, label=null, optional=false)), MaestroCommand(waitForAnimationToEndCommand=WaitForAnimationToEndCommand(timeout=3000, label=null, optional=false))], condition=Condition(platform=null, visible=ElementSelector(textRegex=Dismiss, idRegex=null, size=null, below=null, above=null, leftOf=null, rightOf=null, containsChild=null, containsDescendants=null, traits=null, index=null, enabled=null, optional=false, selected=null, checked=null, focused=null, childOf=null, css=null), notVisible=null, scriptCondition=null, label=null), sourceDescription=null, config=null, label=null, optional=false)), MaestroCommand(runFlowCommand=RunFlowCommand(commands=[MaestroCommand(runFlowCommand=RunFlowCommand(commands=[MaestroCommand(evalScriptCommand=EvalScriptCommand(scriptString=${console.log('CLEAR-OVERLAYS OK-HANDLER: dismissing the ERROR dialog (there is something wrong / please try again later). If this line sits after a reservation, payment or signature step, the business outcome MUST be re-read from the product records before the run is called green.')}, label=null, optional=false))], condition=Condition(platform=null, visible=ElementSelector(textRegex=There's something wrong. Please try again later!, idRegex=null, size=null, below=null, above=null, leftOf=null, rightOf=null, containsChild=null, containsDescendants=null, traits=null, index=null, enabled=null, optional=false, selected=null, checked=null, focused=null, childOf=null, css=null), notVisible=null, scriptCondition=null, label=null), sourceDescription=null, config=null, label=null, optional=false)), MaestroCommand(evalScriptCommand=EvalScriptCommand(scriptString=${console.log('CLEAR-OVERLAYS OK-HANDLER: tapping Ok')}, label=null, optional=false)), MaestroCommand(tapOnElementCommand=TapOnElementCommand(selector=ElementSelector(textRegex=Ok, idRegex=null, size=null, below=null, above=null, leftOf=null, rightOf=null, containsChild=null, containsDescendants=null, traits=null, index=null, enabled=null, optional=false, selected=null, checked=null, focused=null, childOf=null, css=null), retryIfNoChange=false, waitUntilVisible=false, longPress=false, repeat=null, waitToSettleTimeoutMs=null, relativePoint=null, label=null, optional=false)), MaestroCommand(waitForAnimationToEndCommand=WaitForAnimationToEndCommand(timeout=3000, label=null, optional=false))], condition=Condition(platform=null, visible=ElementSelector(textRegex=Ok, idRegex=null, size=null, below=null, above=null, leftOf=null, rightOf=null, containsChild=null, containsDescendants=null, traits=null, index=null, enabled=null, optional=false, selected=null, checked=null, focused=null, childOf=null, css=null), notVisible=null, scriptCondition=null, label=null), sourceDescription=null, config=null, label=null, optional=false)), MaestroCommand(runFlowCommand=RunFlowCommand(commands=[MaestroCommand(backPressCommand=BackPressCommand()), MaestroCommand(waitForAnimationToEndCommand=WaitForAnimationToEndCommand(timeout=3000, label=null, optional=false))], condition=Condition(platform=null, visible=ElementSelector(textRegex=Marketplace Day, idRegex=null, size=null, below=null, above=null, leftOf=null, rightOf=null, containsChild=null, containsDescendants=null, traits=null, index=null, enabled=null, optional=false, selected=null, checked=null, focused=null, childOf=null, css=null), notVisible=null, scriptCondition=null, label=null), sourceDescription=null, config=null, label=null, optional=false)), MaestroCommand(runFlowCommand=RunFlowCommand(commands=[MaestroCommand(backPressCommand=BackPressCommand()), MaestroCommand(waitForAnimationToEndCommand=WaitForAnimationToEndCommand(timeout=3000, label=null, optional=false))], condition=Condition(platform=null, visible=ElementSelector(textRegex=Start comparing properties, idRegex=null, size=null, below=null, above=null, leftOf=null, rightOf=null, containsChild=null, containsDescendants=null, traits=null, index=null, enabled=null, optional=false, selected=null, checked=null, focused=null, childOf=null, css=null), notVisible=null, scriptCondition=null, label=null), sourceDescription=null, config=null, label=null, optional=false)), MaestroCommand(runFlowCommand=RunFlowCommand(commands=[MaestroCommand(backPressCommand=BackPressCommand()), MaestroCommand(waitForAnimationToEndCommand=WaitForAnimationToEndCommand(timeout=3000, label=null, optional=false))], condition=Condition(platform=null, visible=ElementSelector(textRegex=Go to the weekly (offer|deal), idRegex=null, size=null, below=null, above=null, leftOf=null, rightOf=null, containsChild=null, containsDescendants=null, traits=null, index=null, enabled=null, optional=false, selected=null, checked=null, focused=null, childOf=null, css=null), notVisible=null, scriptCondition=null, label=null), sourceDescription=null, config=null, label=null, optional=false)), MaestroCommand(runFlowCommand=RunFlowCommand(commands=[MaestroCommand(backPressCommand=BackPressCommand()), MaestroCommand(waitForAnimationToEndCommand=WaitForAnimationToEndCommand(timeout=3000, label=null, optional=false))], condition=Condition(platform=null, visible=ElementSelector(textRegex=Update email, idRegex=null, size=null, below=null, above=null, leftOf=null, rightOf=null, containsChild=null, containsDescendants=null, traits=null, index=null, enabled=null, optional=false, selected=null, checked=null, focused=null, childOf=null, css=null), notVisible=null, scriptCondition=null, label=null), sourceDescription=null, config=null, label=null, optional=false)), MaestroCommand(runFlowCommand=RunFlowCommand(commands=[MaestroCommand(tapOnPointV2Command=TapOnPointV2Command(point=7%,9%, retryIfNoChange=false, longPress=false, repeat=null, waitToSettleTimeoutMs=null, label=null, optional=false)), MaestroCommand(waitForAnimationToEndCommand=WaitForAnimationToEndCommand(timeout=4000, label=null, optional=false))], condition=Condition(platform=null, visible=ElementSelector(textRegex=Number and Email Already Linked, idRegex=null, size=null, below=null, above=null, leftOf=null, rightOf=null, containsChild=null, containsDescendants=null, traits=null, index=null, enabled=null, optional=false, selected=null, checked=null, focused=null, childOf=null, css=null), notVisible=null, scriptCondition=null, label=null), sourceDescription=null, config=null, label=null, optional=false)), MaestroCommand(runFlowCommand=RunFlowCommand(commands=[MaestroCommand(runFlowCommand=RunFlowCommand(commands=[MaestroCommand(swipeCommand=SwipeCommand(direction=null, startPoint=null, endPoint=null, elementSelector=null, startRelative=50%,58%, endRelative=50%,99%, duration=400, waitToSettleTimeoutMs=null, relativePoint=null, label=null, optional=false)), MaestroCommand(waitForAnimationToEndCommand=WaitForAnimationToEndCommand(timeout=4000, label=null, optional=false))], condition=Condition(platform=null, visible=null, notVisible=ElementSelector(textRegex=(?s)(.*There.s something wrong.*|.*the service is down.*|Error!), idRegex=null, size=null, below=null, above=null, leftOf=null, rightOf=null, containsChild=null, containsDescendants=null, traits=null, index=null, enabled=null, optional=false, selected=null, checked=null, focused=null, childOf=null, css=null), scriptCondition=null, label=null), sourceDescription=null, config=null, label=null, optional=false))], condition=Condition(platform=null, visible=ElementSelector(textRegex=(?s).*would you recommend benefiting from Sakani.*, idRegex=null, size=null, below=null, above=null, leftOf=null, rightOf=null, containsChild=null, containsDescendants=null, traits=null, index=null, enabled=null, optional=false, selected=null, checked=null, focused=null, childOf=null, css=null), notVisible=null, scriptCondition=null, label=null), sourceDescription=null, config=null, label=null, optional=false)), MaestroCommand(runFlowCommand=RunFlowCommand(commands=[MaestroCommand(tapOnElementCommand=TapOnElementCommand(selector=ElementSelector(textRegex=Maybe Later, idRegex=null, size=null, below=null, above=null, leftOf=null, rightOf=null, containsChild=null, containsDescendants=null, traits=null, index=null, enabled=null, optional=false, selected=null, checked=null, focused=null, childOf=null, css=null), retryIfNoChange=false, waitUntilVisible=false, longPress=false, repeat=null, waitToSettleTimeoutMs=null, relativePoint=null, label=null, optional=false)), MaestroCommand(waitForAnimationToEndCommand=WaitForAnimationToEndCommand(timeout=3000, label=null, optional=false))], condition=Condition(platform=null, visible=ElementSelector(textRegex=Maybe Later, idRegex=null, size=null, below=null, above=null, leftOf=null, rightOf=null, containsChild=null, containsDescendants=null, traits=null, index=null, enabled=null, optional=false, selected=null, checked=null, focused=null, childOf=null, css=null), notVisible=null, scriptCondition=null, label=null), sourceDescription=null, config=null, label=null, optional=false)), MaestroCommand(runFlowCommand=RunFlowCommand(commands=[MaestroCommand(tapOnElementCommand=TapOnElementCommand(selector=ElementSelector(textRegex=Reject cookies, idRegex=null, size=null, below=null, above=null, leftOf=null, rightOf=null, containsChild=null, containsDescendants=null, traits=null, index=null, enabled=null, optional=false, selected=null, checked=null, focused=null, childOf=null, css=null), retryIfNoChange=false, waitUntilVisible=false, longPress=false, repeat=null, waitToSettleTimeoutMs=null, relativePoint=null, label=null, optional=false)), MaestroCommand(waitForAnimationToEndCommand=WaitForAnimationToEndCommand(timeout=4000, label=null, optional=false))], condition=Condition(platform=null, visible=ElementSelector(textRegex=Reject cookies, idRegex=null, size=null, below=null, above=null, leftOf=null, rightOf=null, containsChild=null, containsDescendants=null, traits=null, index=null, enabled=null, optional=false, selected=null, checked=null, focused=null, childOf=null, css=null), notVisible=null, scriptCondition=null, label=null), sourceDescription=null, config=null, label=null, optional=false)), MaestroCommand(runFlowCommand=RunFlowCommand(commands=[MaestroCommand(waitForAnimationToEndCommand=WaitForAnimationToEndCommand(timeout=5000, label=null, optional=false))], condition=Condition(platform=null, visible=null, notVisible=ElementSelector(textRegex=${ANCHOR}, idRegex=null, size=null, below=null, above=null, leftOf=null, rightOf=null, containsChild=null, containsDescendants=null, traits=null, index=null, enabled=null, optional=false, selected=null, checked=null, focused=null, childOf=null, css=null), scriptCondition=null, label=null), sourceDescription=null, config=null, label=null, optional=false))], label=null, optional=false)), logMessages=[], insight=Insight(message=, level=NONE), aiReasoning=null, labeledCommand=null)
14:55:01.184 [ERROR] maestro.cli.session.MaestroSessionManager.newSession$lambda$0: Failed to record heartbeat
java.io.IOException: The process cannot access the file because another process has locked a portion of the file
	at java.base/java.io.FileOutputStream.writeBytes(Native Method)
	at java.base/java.io.FileOutputStream.write(FileOutputStream.java:332)
	at kotlin.io.FilesKt__FileReadWriteKt.writeTextImpl(FileReadWrite.kt:160)
	at kotlin.io.FilesKt__FileReadWriteKt.writeText(FileReadWrite.kt:145)
	at kotlin.io.FilesKt__FileReadWriteKt.writeText$default(FileReadWrite.kt:144)
	at maestro.cli.db.KeyValueStore.commit(KeyValueStore.kt:50)
	at maestro.cli.db.KeyValueStore.set$lambda$3$lambda$2(KeyValueStore.kt:23)
	at maestro.cli.db.KeyValueStore.withFileLock(KeyValueStore.kt:62)
	at maestro.cli.db.KeyValueStore.set(KeyValueStore.kt:20)
	at maestro.cli.session.SessionStore.heartbeat(SessionStore.kt:12)
	at maestro.cli.session.MaestroSessionManager.newSession$lambda$0(MaestroSessionManager.kt:98)
	at java.base/java.util.concurrent.Executors$RunnableAdapter.call(Executors.java:545)
	at java.base/java.util.concurrent.FutureTask.runAndReset(FutureTask.java:371)
	at java.base/java.util.concurrent.ScheduledThreadPoolExecutor$ScheduledFutureTask.run(ScheduledThreadPoolExecutor.java:310)
	at java.base/java.util.concurrent.ThreadPoolExecutor.runWorker(ThreadPoolExecutor.java:1090)
	at java.base/java.util.concurrent.ThreadPoolExecutor$Worker.run(ThreadPoolExecutor.java:614)
	at java.base/java.lang.Thread.run(Thread.java:1516)
14:55:01.737 [ INFO] maestro.cli.runner.MaestroCommandRunner.runCommands$lambda$0: Run flow when "Don.t allow" is visible RUNNING
14:55:04.044 [ INFO] maestro.cli.runner.MaestroCommandRunner.runCommands$lambda$11: Run flow when "Don.t allow" is visible metadata CommandMetadata(numberOfRuns=null, evaluatedCommand=MaestroCommand(runFlowCommand=RunFlowCommand(commands=[MaestroCommand(tapOnElementCommand=TapOnElementCommand(selector=ElementSelector(textRegex=Don.t allow, idRegex=null, size=null, below=null, above=null, leftOf=null, rightOf=null, containsChild=null, containsDescendants=null, traits=null, index=null, enabled=null, optional=false, selected=null, checked=null, focused=null, childOf=null, css=null), retryIfNoChange=false, waitUntilVisible=false, longPress=false, repeat=null, waitToSettleTimeoutMs=null, relativePoint=null, label=null, optional=false)), MaestroCommand(waitForAnimationToEndCommand=WaitForAnimationToEndCommand(timeout=3000, label=null, optional=false))], condition=Condition(platform=null, visible=ElementSelector(textRegex=Don.t allow, idRegex=null, size=null, below=null, above=null, leftOf=null, rightOf=null, containsChild=null, containsDescendants=null, traits=null, index=null, enabled=null, optional=false, selected=null, checked=null, focused=null, childOf=null, css=null), notVisible=null, scriptCondition=null, label=null), sourceDescription=null, config=null, label=null, optional=false)), logMessages=[], insight=Insight(message=, level=NONE), aiReasoning=null, labeledCommand=null)
14:55:06.185 [ERROR] maestro.cli.session.MaestroSessionManager.newSession$lambda$0: Failed to record heartbeat
java.io.IOException: The process cannot access the file because another process has locked a portion of the file
	at java.base/java.io.FileOutputStream.writeBytes(Native Method)
	at java.base/java.io.FileOutputStream.write(FileOutputStream.java:332)
	at kotlin.io.FilesKt__FileReadWriteKt.writeTextImpl(FileReadWrite.kt:160)
	at kotlin.io.FilesKt__FileReadWriteKt.writeText(FileReadWrite.kt:145)
	at kotlin.io.FilesKt__FileReadWriteKt.writeText$default(FileReadWrite.kt:144)
	at maestro.cli.db.KeyValueStore.commit(KeyValueStore.kt:50)
	at maestro.cli.db.KeyValueStore.set$lambda$3$lambda$2(KeyValueStore.kt:23)
	at maestro.cli.db.KeyValueStore.withFileLock(KeyValueStore.kt:62)
	at maestro.cli.db.KeyValueStore.set(KeyValueStore.kt:20)
	at maestro.cli.session.SessionStore.heartbeat(SessionStore.kt:12)
	at maestro.cli.session.MaestroSessionManager.newSession$lambda$0(MaestroSessionManager.kt:98)
	at java.base/java.util.concurrent.Executors$RunnableAdapter.call(Executors.java:545)
	at java.base/java.util.concurrent.FutureTask.runAndReset(FutureTask.java:371)
	at java.base/java.util.concurrent.ScheduledThreadPoolExecutor$ScheduledFutureTask.run(ScheduledThreadPoolExecutor.java:310)
	at java.base/java.util.concurrent.ThreadPoolExecutor.runWorker(ThreadPoolExecutor.java:1090)
	at java.base/java.util.concurrent.ThreadPoolExecutor$Worker.run(ThreadPoolExecutor.java:614)
	at java.base/java.lang.Thread.run(Thread.java:1516)
14:55:06.704 [ INFO] maestro.orchestra.Orchestra.executeSubflowCommands: [Command execution subflow] CommandSkipped: null
14:55:06.704 [ INFO] maestro.cli.runner.MaestroCommandRunner.runCommands$lambda$8: Run flow when "Don.t allow" is visible SKIPPED
14:55:09.199 [ INFO] maestro.cli.runner.MaestroCommandRunner.runCommands$lambda$0: Run flow when "Skip" is visible RUNNING
14:55:11.185 [ERROR] maestro.cli.session.MaestroSessionManager.newSession$lambda$0: Failed to record heartbeat
java.io.IOException: The process cannot access the file because another process has locked a portion of the file
	at java.base/java.io.FileOutputStream.writeBytes(Native Method)
	at java.base/java.io.FileOutputStream.write(FileOutputStream.java:332)
	at kotlin.io.FilesKt__FileReadWriteKt.writeTextImpl(FileReadWrite.kt:160)
	at kotlin.io.FilesKt__FileReadWriteKt.writeText(FileReadWrite.kt:145)
	at kotlin.io.FilesKt__FileReadWriteKt.writeText$default(FileReadWrite.kt:144)
	at maestro.cli.db.KeyValueStore.commit(KeyValueStore.kt:50)
	at maestro.cli.db.KeyValueStore.set$lambda$3$lambda$2(KeyValueStore.kt:23)
	at maestro.cli.db.KeyValueStore.withFileLock(KeyValueStore.kt:62)
	at maestro.cli.db.KeyValueStore.set(KeyValueStore.kt:20)
	at maestro.cli.session.SessionStore.heartbeat(SessionStore.kt:12)
	at maestro.cli.session.MaestroSessionManager.newSession$lambda$0(MaestroSessionManager.kt:98)
	at java.base/java.util.concurrent.Executors$RunnableAdapter.call(Executors.java:545)
	at java.base/java.util.concurrent.FutureTask.runAndReset(FutureTask.java:371)
	at java.base/java.util.concurrent.ScheduledThreadPoolExecutor$ScheduledFutureTask.run(ScheduledThreadPoolExecutor.java:310)
	at java.base/java.util.concurrent.ThreadPoolExecutor.runWorker(ThreadPoolExecutor.java:1090)
	at java.base/java.util.concurrent.ThreadPoolExecutor$Worker.run(ThreadPoolExecutor.java:614)
	at java.base/java.lang.Thread.run(Thread.java:1516)
14:55:11.882 [ INFO] maestro.cli.runner.MaestroCommandRunner.runCommands$lambda$11: Run flow when "Skip" is visible metadata CommandMetadata(numberOfRuns=null, evaluatedCommand=MaestroCommand(runFlowCommand=RunFlowCommand(commands=[MaestroCommand(tapOnElementCommand=TapOnElementCommand(selector=ElementSelector(textRegex=Skip, idRegex=null, size=null, below=null, above=null, leftOf=null, rightOf=null, containsChild=null, containsDescendants=null, traits=null, index=null, enabled=null, optional=false, selected=null, checked=null, focused=null, childOf=null, css=null), retryIfNoChange=false, waitUntilVisible=false, longPress=false, repeat=null, waitToSettleTimeoutMs=null, relativePoint=null, label=null, optional=false)), MaestroCommand(waitForAnimationToEndCommand=WaitForAnimationToEndCommand(timeout=3000, label=null, optional=false))], condition=Condition(platform=null, visible=ElementSelector(textRegex=Skip, idRegex=null, size=null, below=null, above=null, leftOf=null, rightOf=null, containsChild=null, containsDescendants=null, traits=null, index=null, enabled=null, optional=false, selected=null, checked=null, focused=null, childOf=null, css=null), notVisible=null, scriptCondition=null, label=null), sourceDescription=null, config=null, label=null, optional=false)), logMessages=[], insight=Insight(message=, level=NONE), aiReasoning=null, labeledCommand=null)
14:55:14.764 [ INFO] maestro.orchestra.Orchestra.executeSubflowCommands: [Command execution subflow] CommandSkipped: null
14:55:14.765 [ INFO] maestro.cli.runner.MaestroCommandRunner.runCommands$lambda$8: Run flow when "Skip" is visible SKIPPED
14:55:16.183 [ERROR] maestro.cli.session.MaestroSessionManager.newSession$lambda$0: Failed to record heartbeat
java.io.IOException: The process cannot access the file because another process has locked a portion of the file
	at java.base/java.io.FileOutputStream.writeBytes(Native Method)
	at java.base/java.io.FileOutputStream.write(FileOutputStream.java:332)
	at kotlin.io.FilesKt__FileReadWriteKt.writeTextImpl(FileReadWrite.kt:160)
	at kotlin.io.FilesKt__FileReadWriteKt.writeText(FileReadWrite.kt:145)
	at kotlin.io.FilesKt__FileReadWriteKt.writeText$default(FileReadWrite.kt:144)
	at maestro.cli.db.KeyValueStore.commit(KeyValueStore.kt:50)
	at maestro.cli.db.KeyValueStore.set$lambda$3$lambda$2(KeyValueStore.kt:23)
	at maestro.cli.db.KeyValueStore.withFileLock(KeyValueStore.kt:62)
	at maestro.cli.db.KeyValueStore.set(KeyValueStore.kt:20)
	at maestro.cli.session.SessionStore.heartbeat(SessionStore.kt:12)
	at maestro.cli.session.MaestroSessionManager.newSession$lambda$0(MaestroSessionManager.kt:98)
	at java.base/java.util.concurrent.Executors$RunnableAdapter.call(Executors.java:545)
	at java.base/java.util.concurrent.FutureTask.runAndReset(FutureTask.java:371)
	at java.base/java.util.concurrent.ScheduledThreadPoolExecutor$ScheduledFutureTask.run(ScheduledThreadPoolExecutor.java:310)
	at java.base/java.util.concurrent.ThreadPoolExecutor.runWorker(ThreadPoolExecutor.java:1090)
	at java.base/java.util.concurrent.ThreadPoolExecutor$Worker.run(ThreadPoolExecutor.java:614)
	at java.base/java.lang.Thread.run(Thread.java:1516)
14:55:17.069 [ INFO] maestro.cli.runner.MaestroCommandRunner.runCommands$lambda$0: Run flow when "Dismiss" is visible RUNNING
14:55:19.782 [ INFO] maestro.cli.runner.MaestroCommandRunner.runCommands$lambda$11: Run flow when "Dismiss" is visible metadata CommandMetadata(numberOfRuns=null, evaluatedCommand=MaestroCommand(runFlowCommand=RunFlowCommand(commands=[MaestroCommand(tapOnElementCommand=TapOnElementCommand(selector=ElementSelector(textRegex=Dismiss, idRegex=null, size=null, below=null, above=null, leftOf=null, rightOf=null, containsChild=null, containsDescendants=null, traits=null, index=null, enabled=null, optional=false, selected=null, checked=null, focused=null, childOf=null, css=null), retryIfNoChange=false, waitUntilVisible=false, longPress=false, repeat=null, waitToSettleTimeoutMs=null, relativePoint=null, label=null, optional=false)), MaestroCommand(waitForAnimationToEndCommand=WaitForAnimationToEndCommand(timeout=3000, label=null, optional=false))], condition=Condition(platform=null, visible=ElementSelector(textRegex=Dismiss, idRegex=null, size=null, below=null, above=null, leftOf=null, rightOf=null, containsChild=null, containsDescendants=null, traits=null, index=null, enabled=null, optional=false, selected=null, checked=null, focused=null, childOf=null, css=null), notVisible=null, scriptCondition=null, label=null), sourceDescription=null, config=null, label=null, optional=false)), logMessages=[], insight=Insight(message=, level=NONE), aiReasoning=null, labeledCommand=null)
14:55:21.186 [ERROR] maestro.cli.session.MaestroSessionManager.newSession$lambda$0: Failed to record heartbeat
java.io.IOException: The process cannot access the file because another process has locked a portion of the file
	at java.base/java.io.FileOutputStream.writeBytes(Native Method)
	at java.base/java.io.FileOutputStream.write(FileOutputStream.java:332)
	at kotlin.io.FilesKt__FileReadWriteKt.writeTextImpl(FileReadWrite.kt:160)
	at kotlin.io.FilesKt__FileReadWriteKt.writeText(FileReadWrite.kt:145)
	at kotlin.io.FilesKt__FileReadWriteKt.writeText$default(FileReadWrite.kt:144)
	at maestro.cli.db.KeyValueStore.commit(KeyValueStore.kt:50)
	at maestro.cli.db.KeyValueStore.set$lambda$3$lambda$2(KeyValueStore.kt:23)
	at maestro.cli.db.KeyValueStore.withFileLock(KeyValueStore.kt:62)
	at maestro.cli.db.KeyValueStore.set(KeyValueStore.kt:20)
	at maestro.cli.session.SessionStore.heartbeat(SessionStore.kt:12)
	at maestro.cli.session.MaestroSessionManager.newSession$lambda$0(MaestroSessionManager.kt:98)
	at java.base/java.util.concurrent.Executors$RunnableAdapter.call(Executors.java:545)
	at java.base/java.util.concurrent.FutureTask.runAndReset(FutureTask.java:371)
	at java.base/java.util.concurrent.ScheduledThreadPoolExecutor$ScheduledFutureTask.run(ScheduledThreadPoolExecutor.java:310)
	at java.base/java.util.concurrent.ThreadPoolExecutor.runWorker(ThreadPoolExecutor.java:1090)
	at java.base/java.util.concurrent.ThreadPoolExecutor$Worker.run(ThreadPoolExecutor.java:614)
	at java.base/java.lang.Thread.run(Thread.java:1516)
14:55:22.982 [ INFO] maestro.orchestra.Orchestra.executeSubflowCommands: [Command execution subflow] CommandSkipped: null
14:55:22.982 [ INFO] maestro.cli.runner.MaestroCommandRunner.runCommands$lambda$8: Run flow when "Dismiss" is visible SKIPPED
14:55:25.773 [ INFO] maestro.cli.runner.MaestroCommandRunner.runCommands$lambda$0: Run flow when "Ok" is visible RUNNING
14:55:26.184 [ERROR] maestro.cli.session.MaestroSessionManager.newSession$lambda$0: Failed to record heartbeat
java.io.IOException: The process cannot access the file because another process has locked a portion of the file
	at java.base/java.io.FileOutputStream.writeBytes(Native Method)
	at java.base/java.io.FileOutputStream.write(FileOutputStream.java:332)
	at kotlin.io.FilesKt__FileReadWriteKt.writeTextImpl(FileReadWrite.kt:160)
	at kotlin.io.FilesKt__FileReadWriteKt.writeText(FileReadWrite.kt:145)
	at kotlin.io.FilesKt__FileReadWriteKt.writeText$default(FileReadWrite.kt:144)
	at maestro.cli.db.KeyValueStore.commit(KeyValueStore.kt:50)
	at maestro.cli.db.KeyValueStore.set$lambda$3$lambda$2(KeyValueStore.kt:23)
	at maestro.cli.db.KeyValueStore.withFileLock(KeyValueStore.kt:62)
	at maestro.cli.db.KeyValueStore.set(KeyValueStore.kt:20)
	at maestro.cli.session.SessionStore.heartbeat(SessionStore.kt:12)
	at maestro.cli.session.MaestroSessionManager.newSession$lambda$0(MaestroSessionManager.kt:98)
	at java.base/java.util.concurrent.Executors$RunnableAdapter.call(Executors.java:545)
	at java.base/java.util.concurrent.FutureTask.runAndReset(FutureTask.java:371)
	at java.base/java.util.concurrent.ScheduledThreadPoolExecutor$ScheduledFutureTask.run(ScheduledThreadPoolExecutor.java:310)
	at java.base/java.util.concurrent.ThreadPoolExecutor.runWorker(ThreadPoolExecutor.java:1090)
	at java.base/java.util.concurrent.ThreadPoolExecutor$Worker.run(ThreadPoolExecutor.java:614)
	at java.base/java.lang.Thread.run(Thread.java:1516)
14:55:28.487 [ INFO] maestro.cli.runner.MaestroCommandRunner.runCommands$lambda$11: Run flow when "Ok" is visible metadata CommandMetadata(numberOfRuns=null, evaluatedCommand=MaestroCommand(runFlowCommand=RunFlowCommand(commands=[MaestroCommand(runFlowCommand=RunFlowCommand(commands=[MaestroCommand(evalScriptCommand=EvalScriptCommand(scriptString=${console.log('CLEAR-OVERLAYS OK-HANDLER: dismissing the ERROR dialog (there is something wrong / please try again later). If this line sits after a reservation, payment or signature step, the business outcome MUST be re-read from the product records before the run is called green.')}, label=null, optional=false))], condition=Condition(platform=null, visible=ElementSelector(textRegex=There's something wrong. Please try again later!, idRegex=null, size=null, below=null, above=null, leftOf=null, rightOf=null, containsChild=null, containsDescendants=null, traits=null, index=null, enabled=null, optional=false, selected=null, checked=null, focused=null, childOf=null, css=null), notVisible=null, scriptCondition=null, label=null), sourceDescription=null, config=null, label=null, optional=false)), MaestroCommand(evalScriptCommand=EvalScriptCommand(scriptString=${console.log('CLEAR-OVERLAYS OK-HANDLER: tapping Ok')}, label=null, optional=false)), MaestroCommand(tapOnElementCommand=TapOnElementCommand(selector=ElementSelector(textRegex=Ok, idRegex=null, size=null, below=null, above=null, leftOf=null, rightOf=null, containsChild=null, containsDescendants=null, traits=null, index=null, enabled=null, optional=false, selected=null, checked=null, focused=null, childOf=null, css=null), retryIfNoChange=false, waitUntilVisible=false, longPress=false, repeat=null, waitToSettleTimeoutMs=null, relativePoint=null, label=null, optional=false)), MaestroCommand(waitForAnimationToEndCommand=WaitForAnimationToEndCommand(timeout=3000, label=null, optional=false))], condition=Condition(platform=null, visible=ElementSelector(textRegex=Ok, idRegex=null, size=null, below=null, above=null, leftOf=null, rightOf=null, containsChild=null, containsDescendants=null, traits=null, index=null, enabled=null, optional=false, selected=null, checked=null, focused=null, childOf=null, css=null), notVisible=null, scriptCondition=null, label=null), sourceDescription=null, config=null, label=null, optional=false)), logMessages=[], insight=Insight(message=, level=NONE), aiReasoning=null, labeledCommand=null)
14:55:31.184 [ERROR] maestro.cli.session.MaestroSessionManager.newSession$lambda$0: Failed to record heartbeat
java.io.IOException: The process cannot access the file because another process has locked a portion of the file
	at java.base/java.io.FileOutputStream.writeBytes(Native Method)
	at java.base/java.io.FileOutputStream.write(FileOutputStream.java:332)
	at kotlin.io.FilesKt__FileReadWriteKt.writeTextImpl(FileReadWrite.kt:160)
	at kotlin.io.FilesKt__FileReadWriteKt.writeText(FileReadWrite.kt:145)
	at kotlin.io.FilesKt__FileReadWriteKt.writeText$default(FileReadWrite.kt:144)
	at maestro.cli.db.KeyValueStore.commit(KeyValueStore.kt:50)
	at maestro.cli.db.KeyValueStore.set$lambda$3$lambda$2(KeyValueStore.kt:23)
	at maestro.cli.db.KeyValueStore.withFileLock(KeyValueStore.kt:62)
	at maestro.cli.db.KeyValueStore.set(KeyValueStore.kt:20)
	at maestro.cli.session.SessionStore.heartbeat(SessionStore.kt:12)
	at maestro.cli.session.MaestroSessionManager.newSession$lambda$0(MaestroSessionManager.kt:98)
	at java.base/java.util.concurrent.Executors$RunnableAdapter.call(Executors.java:545)
	at java.base/java.util.concurrent.FutureTask.runAndReset(FutureTask.java:371)
	at java.base/java.util.concurrent.ScheduledThreadPoolExecutor$ScheduledFutureTask.run(ScheduledThreadPoolExecutor.java:310)
	at java.base/java.util.concurrent.ThreadPoolExecutor.runWorker(ThreadPoolExecutor.java:1090)
	at java.base/java.util.concurrent.ThreadPoolExecutor$Worker.run(ThreadPoolExecutor.java:614)
	at java.base/java.lang.Thread.run(Thread.java:1516)
14:55:31.362 [ INFO] maestro.orchestra.Orchestra.executeSubflowCommands: [Command execution subflow] CommandSkipped: null
14:55:31.362 [ INFO] maestro.cli.runner.MaestroCommandRunner.runCommands$lambda$8: Run flow when "Ok" is visible SKIPPED
14:55:34.161 [ INFO] maestro.cli.runner.MaestroCommandRunner.runCommands$lambda$0: Run flow when "Marketplace Day" is visible RUNNING
14:55:36.185 [ERROR] maestro.cli.session.MaestroSessionManager.newSession$lambda$0: Failed to record heartbeat
java.io.IOException: The process cannot access the file because another process has locked a portion of the file
	at java.base/java.io.FileOutputStream.writeBytes(Native Method)
	at java.base/java.io.FileOutputStream.write(FileOutputStream.java:332)
	at kotlin.io.FilesKt__FileReadWriteKt.writeTextImpl(FileReadWrite.kt:160)
	at kotlin.io.FilesKt__FileReadWriteKt.writeText(FileReadWrite.kt:145)
	at kotlin.io.FilesKt__FileReadWriteKt.writeText$default(FileReadWrite.kt:144)
	at maestro.cli.db.KeyValueStore.commit(KeyValueStore.kt:50)
	at maestro.cli.db.KeyValueStore.set$lambda$3$lambda$2(KeyValueStore.kt:23)
	at maestro.cli.db.KeyValueStore.withFileLock(KeyValueStore.kt:62)
	at maestro.cli.db.KeyValueStore.set(KeyValueStore.kt:20)
	at maestro.cli.session.SessionStore.heartbeat(SessionStore.kt:12)
	at maestro.cli.session.MaestroSessionManager.newSession$lambda$0(MaestroSessionManager.kt:98)
	at java.base/java.util.concurrent.Executors$RunnableAdapter.call(Executors.java:545)
	at java.base/java.util.concurrent.FutureTask.runAndReset(FutureTask.java:371)
	at java.base/java.util.concurrent.ScheduledThreadPoolExecutor$ScheduledFutureTask.run(ScheduledThreadPoolExecutor.java:310)
	at java.base/java.util.concurrent.ThreadPoolExecutor.runWorker(ThreadPoolExecutor.java:1090)
	at java.base/java.util.concurrent.ThreadPoolExecutor$Worker.run(ThreadPoolExecutor.java:614)
	at java.base/java.lang.Thread.run(Thread.java:1516)
14:55:36.521 [ INFO] maestro.cli.runner.MaestroCommandRunner.runCommands$lambda$11: Run flow when "Marketplace Day" is visible metadata CommandMetadata(numberOfRuns=null, evaluatedCommand=MaestroCommand(runFlowCommand=RunFlowCommand(commands=[MaestroCommand(backPressCommand=BackPressCommand()), MaestroCommand(waitForAnimationToEndCommand=WaitForAnimationToEndCommand(timeout=3000, label=null, optional=false))], condition=Condition(platform=null, visible=ElementSelector(textRegex=Marketplace Day, idRegex=null, size=null, below=null, above=null, leftOf=null, rightOf=null, containsChild=null, containsDescendants=null, traits=null, index=null, enabled=null, optional=false, selected=null, checked=null, focused=null, childOf=null, css=null), notVisible=null, scriptCondition=null, label=null), sourceDescription=null, config=null, label=null, optional=false)), logMessages=[], insight=Insight(message=, level=NONE), aiReasoning=null, labeledCommand=null)
14:55:39.702 [ INFO] maestro.orchestra.Orchestra.executeSubflowCommands: [Command execution subflow] CommandSkipped: null
14:55:39.702 [ INFO] maestro.cli.runner.MaestroCommandRunner.runCommands$lambda$8: Run flow when "Marketplace Day" is visible SKIPPED
14:55:41.184 [ERROR] maestro.cli.session.MaestroSessionManager.newSession$lambda$0: Failed to record heartbeat
java.io.IOException: The process cannot access the file because another process has locked a portion of the file
	at java.base/java.io.FileOutputStream.writeBytes(Native Method)
	at java.base/java.io.FileOutputStream.write(FileOutputStream.java:332)
	at kotlin.io.FilesKt__FileReadWriteKt.writeTextImpl(FileReadWrite.kt:160)
	at kotlin.io.FilesKt__FileReadWriteKt.writeText(FileReadWrite.kt:145)
	at kotlin.io.FilesKt__FileReadWriteKt.writeText$default(FileReadWrite.kt:144)
	at maestro.cli.db.KeyValueStore.commit(KeyValueStore.kt:50)
	at maestro.cli.db.KeyValueStore.set$lambda$3$lambda$2(KeyValueStore.kt:23)
	at maestro.cli.db.KeyValueStore.withFileLock(KeyValueStore.kt:62)
	at maestro.cli.db.KeyValueStore.set(KeyValueStore.kt:20)
	at maestro.cli.session.SessionStore.heartbeat(SessionStore.kt:12)
	at maestro.cli.session.MaestroSessionManager.newSession$lambda$0(MaestroSessionManager.kt:98)
	at java.base/java.util.concurrent.Executors$RunnableAdapter.call(Executors.java:545)
	at java.base/java.util.concurrent.FutureTask.runAndReset(FutureTask.java:371)
	at java.base/java.util.concurrent.ScheduledThreadPoolExecutor$ScheduledFutureTask.run(ScheduledThreadPoolExecutor.java:310)
	at java.base/java.util.concurrent.ThreadPoolExecutor.runWorker(ThreadPoolExecutor.java:1090)
	at java.base/java.util.concurrent.ThreadPoolExecutor$Worker.run(ThreadPoolExecutor.java:614)
	at java.base/java.lang.Thread.run(Thread.java:1516)
14:55:42.045 [ INFO] maestro.cli.runner.MaestroCommandRunner.runCommands$lambda$0: Run flow when "Start comparing properties" is visible RUNNING
14:55:44.573 [ INFO] maestro.cli.runner.MaestroCommandRunner.runCommands$lambda$11: Run flow when "Start comparing properties" is visible metadata CommandMetadata(numberOfRuns=null, evaluatedCommand=MaestroCommand(runFlowCommand=RunFlowCommand(commands=[MaestroCommand(backPressCommand=BackPressCommand()), MaestroCommand(waitForAnimationToEndCommand=WaitForAnimationToEndCommand(timeout=3000, label=null, optional=false))], condition=Condition(platform=null, visible=ElementSelector(textRegex=Start comparing properties, idRegex=null, size=null, below=null, above=null, leftOf=null, rightOf=null, containsChild=null, containsDescendants=null, traits=null, index=null, enabled=null, optional=false, selected=null, checked=null, focused=null, childOf=null, css=null), notVisible=null, scriptCondition=null, label=null), sourceDescription=null, config=null, label=null, optional=false)), logMessages=[], insight=Insight(message=, level=NONE), aiReasoning=null, labeledCommand=null)
14:55:46.184 [ERROR] maestro.cli.session.MaestroSessionManager.newSession$lambda$0: Failed to record heartbeat
java.io.IOException: The process cannot access the file because another process has locked a portion of the file
	at java.base/java.io.FileOutputStream.writeBytes(Native Method)
	at java.base/java.io.FileOutputStream.write(FileOutputStream.java:332)
	at kotlin.io.FilesKt__FileReadWriteKt.writeTextImpl(FileReadWrite.kt:160)
	at kotlin.io.FilesKt__FileReadWriteKt.writeText(FileReadWrite.kt:145)
	at kotlin.io.FilesKt__FileReadWriteKt.writeText$default(FileReadWrite.kt:144)
	at maestro.cli.db.KeyValueStore.commit(KeyValueStore.kt:50)
	at maestro.cli.db.KeyValueStore.set$lambda$3$lambda$2(KeyValueStore.kt:23)
	at maestro.cli.db.KeyValueStore.withFileLock(KeyValueStore.kt:62)
	at maestro.cli.db.KeyValueStore.set(KeyValueStore.kt:20)
	at maestro.cli.session.SessionStore.heartbeat(SessionStore.kt:12)
	at maestro.cli.session.MaestroSessionManager.newSession$lambda$0(MaestroSessionManager.kt:98)
	at java.base/java.util.concurrent.Executors$RunnableAdapter.call(Executors.java:545)
	at java.base/java.util.concurrent.FutureTask.runAndReset(FutureTask.java:371)
	at java.base/java.util.concurrent.ScheduledThreadPoolExecutor$ScheduledFutureTask.run(ScheduledThreadPoolExecutor.java:310)
	at java.base/java.util.concurrent.ThreadPoolExecutor.runWorker(ThreadPoolExecutor.java:1090)
	at java.base/java.util.concurrent.ThreadPoolExecutor$Worker.run(ThreadPoolExecutor.java:614)
	at java.base/java.lang.Thread.run(Thread.java:1516)
14:55:47.346 [ INFO] maestro.orchestra.Orchestra.executeSubflowCommands: [Command execution subflow] CommandSkipped: null
14:55:47.346 [ INFO] maestro.cli.runner.MaestroCommandRunner.runCommands$lambda$8: Run flow when "Start comparing properties" is visible SKIPPED
14:55:49.949 [ INFO] maestro.cli.runner.MaestroCommandRunner.runCommands$lambda$0: Run flow when "Go to the weekly (offer|deal)" is visible RUNNING
14:55:51.182 [ERROR] maestro.cli.session.MaestroSessionManager.newSession$lambda$0: Failed to record heartbeat
java.io.IOException: The process cannot access the file because another process has locked a portion of the file
	at java.base/java.io.FileOutputStream.writeBytes(Native Method)
	at java.base/java.io.FileOutputStream.write(FileOutputStream.java:332)
	at kotlin.io.FilesKt__FileReadWriteKt.writeTextImpl(FileReadWrite.kt:160)
	at kotlin.io.FilesKt__FileReadWriteKt.writeText(FileReadWrite.kt:145)
	at kotlin.io.FilesKt__FileReadWriteKt.writeText$default(FileReadWrite.kt:144)
	at maestro.cli.db.KeyValueStore.commit(KeyValueStore.kt:50)
	at maestro.cli.db.KeyValueStore.set$lambda$3$lambda$2(KeyValueStore.kt:23)
	at maestro.cli.db.KeyValueStore.withFileLock(KeyValueStore.kt:62)
	at maestro.cli.db.KeyValueStore.set(KeyValueStore.kt:20)
	at maestro.cli.session.SessionStore.heartbeat(SessionStore.kt:12)
	at maestro.cli.session.MaestroSessionManager.newSession$lambda$0(MaestroSessionManager.kt:98)
	at java.base/java.util.concurrent.Executors$RunnableAdapter.call(Executors.java:545)
	at java.base/java.util.concurrent.FutureTask.runAndReset(FutureTask.java:371)
	at java.base/java.util.concurrent.ScheduledThreadPoolExecutor$ScheduledFutureTask.run(ScheduledThreadPoolExecutor.java:310)
	at java.base/java.util.concurrent.ThreadPoolExecutor.runWorker(ThreadPoolExecutor.java:1090)
	at java.base/java.util.concurrent.ThreadPoolExecutor$Worker.run(ThreadPoolExecutor.java:614)
	at java.base/java.lang.Thread.run(Thread.java:1516)
14:55:52.452 [ INFO] maestro.cli.runner.MaestroCommandRunner.runCommands$lambda$11: Run flow when "Go to the weekly (offer|deal)" is visible metadata CommandMetadata(numberOfRuns=null, evaluatedCommand=MaestroCommand(runFlowCommand=RunFlowCommand(commands=[MaestroCommand(backPressCommand=BackPressCommand()), MaestroCommand(waitForAnimationToEndCommand=WaitForAnimationToEndCommand(timeout=3000, label=null, optional=false))], condition=Condition(platform=null, visible=ElementSelector(textRegex=Go to the weekly (offer|deal), idRegex=null, size=null, below=null, above=null, leftOf=null, rightOf=null, containsChild=null, containsDescendants=null, traits=null, index=null, enabled=null, optional=false, selected=null, checked=null, focused=null, childOf=null, css=null), notVisible=null, scriptCondition=null, label=null), sourceDescription=null, config=null, label=null, optional=false)), logMessages=[], insight=Insight(message=, level=NONE), aiReasoning=null, labeledCommand=null)
14:55:55.446 [ INFO] maestro.orchestra.Orchestra.executeSubflowCommands: [Command execution subflow] CommandSkipped: null
14:55:55.446 [ INFO] maestro.cli.runner.MaestroCommandRunner.runCommands$lambda$8: Run flow when "Go to the weekly (offer|deal)" is visible SKIPPED
14:55:56.183 [ERROR] maestro.cli.session.MaestroSessionManager.newSession$lambda$0: Failed to record heartbeat
java.io.IOException: The process cannot access the file because another process has locked a portion of the file
	at java.base/java.io.FileOutputStream.writeBytes(Native Method)
	at java.base/java.io.FileOutputStream.write(FileOutputStream.java:332)
	at kotlin.io.FilesKt__FileReadWriteKt.writeTextImpl(FileReadWrite.kt:160)
	at kotlin.io.FilesKt__FileReadWriteKt.writeText(FileReadWrite.kt:145)
	at kotlin.io.FilesKt__FileReadWriteKt.writeText$default(FileReadWrite.kt:144)
	at maestro.cli.db.KeyValueStore.commit(KeyValueStore.kt:50)
	at maestro.cli.db.KeyValueStore.set$lambda$3$lambda$2(KeyValueStore.kt:23)
	at maestro.cli.db.KeyValueStore.withFileLock(KeyValueStore.kt:62)
	at maestro.cli.db.KeyValueStore.set(KeyValueStore.kt:20)
	at maestro.cli.session.SessionStore.heartbeat(SessionStore.kt:12)
	at maestro.cli.session.MaestroSessionManager.newSession$lambda$0(MaestroSessionManager.kt:98)
	at java.base/java.util.concurrent.Executors$RunnableAdapter.call(Executors.java:545)
	at java.base/java.util.concurrent.FutureTask.runAndReset(FutureTask.java:371)
	at java.base/java.util.concurrent.ScheduledThreadPoolExecutor$ScheduledFutureTask.run(ScheduledThreadPoolExecutor.java:310)
	at java.base/java.util.concurrent.ThreadPoolExecutor.runWorker(ThreadPoolExecutor.java:1090)
	at java.base/java.util.concurrent.ThreadPoolExecutor$Worker.run(ThreadPoolExecutor.java:614)
	at java.base/java.lang.Thread.run(Thread.java:1516)
14:55:58.010 [ INFO] maestro.cli.runner.MaestroCommandRunner.runCommands$lambda$0: Run flow when "Update email" is visible RUNNING
14:56:00.511 [ INFO] maestro.cli.runner.MaestroCommandRunner.runCommands$lambda$11: Run flow when "Update email" is visible metadata CommandMetadata(numberOfRuns=null, evaluatedCommand=MaestroCommand(runFlowCommand=RunFlowCommand(commands=[MaestroCommand(backPressCommand=BackPressCommand()), MaestroCommand(waitForAnimationToEndCommand=WaitForAnimationToEndCommand(timeout=3000, label=null, optional=false))], condition=Condition(platform=null, visible=ElementSelector(textRegex=Update email, idRegex=null, size=null, below=null, above=null, leftOf=null, rightOf=null, containsChild=null, containsDescendants=null, traits=null, index=null, enabled=null, optional=false, selected=null, checked=null, focused=null, childOf=null, css=null), notVisible=null, scriptCondition=null, label=null), sourceDescription=null, config=null, label=null, optional=false)), logMessages=[], insight=Insight(message=, level=NONE), aiReasoning=null, labeledCommand=null)
14:56:01.184 [ERROR] maestro.cli.session.MaestroSessionManager.newSession$lambda$0: Failed to record heartbeat
java.io.IOException: The process cannot access the file because another process has locked a portion of the file
	at java.base/java.io.FileOutputStream.writeBytes(Native Method)
	at java.base/java.io.FileOutputStream.write(FileOutputStream.java:332)
	at kotlin.io.FilesKt__FileReadWriteKt.writeTextImpl(FileReadWrite.kt:160)
	at kotlin.io.FilesKt__FileReadWriteKt.writeText(FileReadWrite.kt:145)
	at kotlin.io.FilesKt__FileReadWriteKt.writeText$default(FileReadWrite.kt:144)
	at maestro.cli.db.KeyValueStore.commit(KeyValueStore.kt:50)
	at maestro.cli.db.KeyValueStore.set$lambda$3$lambda$2(KeyValueStore.kt:23)
	at maestro.cli.db.KeyValueStore.withFileLock(KeyValueStore.kt:62)
	at maestro.cli.db.KeyValueStore.set(KeyValueStore.kt:20)
	at maestro.cli.session.SessionStore.heartbeat(SessionStore.kt:12)
	at maestro.cli.session.MaestroSessionManager.newSession$lambda$0(MaestroSessionManager.kt:98)
	at java.base/java.util.concurrent.Executors$RunnableAdapter.call(Executors.java:545)
	at java.base/java.util.concurrent.FutureTask.runAndReset(FutureTask.java:371)
	at java.base/java.util.concurrent.ScheduledThreadPoolExecutor$ScheduledFutureTask.run(ScheduledThreadPoolExecutor.java:310)
	at java.base/java.util.concurrent.ThreadPoolExecutor.runWorker(ThreadPoolExecutor.java:1090)
	at java.base/java.util.concurrent.ThreadPoolExecutor$Worker.run(ThreadPoolExecutor.java:614)
	at java.base/java.lang.Thread.run(Thread.java:1516)
14:56:03.449 [ INFO] maestro.orchestra.Orchestra.executeSubflowCommands: [Command execution subflow] CommandSkipped: null
14:56:03.449 [ INFO] maestro.cli.runner.MaestroCommandRunner.runCommands$lambda$8: Run flow when "Update email" is visible SKIPPED
14:56:06.054 [ INFO] maestro.cli.runner.MaestroCommandRunner.runCommands$lambda$0: Run flow when "Number and Email Already Linked" is visible RUNNING
14:56:06.185 [ERROR] maestro.cli.session.MaestroSessionManager.newSession$lambda$0: Failed to record heartbeat
java.io.IOException: The process cannot access the file because another process has locked a portion of the file
	at java.base/java.io.FileOutputStream.writeBytes(Native Method)
	at java.base/java.io.FileOutputStream.write(FileOutputStream.java:332)
	at kotlin.io.FilesKt__FileReadWriteKt.writeTextImpl(FileReadWrite.kt:160)
	at kotlin.io.FilesKt__FileReadWriteKt.writeText(FileReadWrite.kt:145)
	at kotlin.io.FilesKt__FileReadWriteKt.writeText$default(FileReadWrite.kt:144)
	at maestro.cli.db.KeyValueStore.commit(KeyValueStore.kt:50)
	at maestro.cli.db.KeyValueStore.set$lambda$3$lambda$2(KeyValueStore.kt:23)
	at maestro.cli.db.KeyValueStore.withFileLock(KeyValueStore.kt:62)
	at maestro.cli.db.KeyValueStore.set(KeyValueStore.kt:20)
	at maestro.cli.session.SessionStore.heartbeat(SessionStore.kt:12)
	at maestro.cli.session.MaestroSessionManager.newSession$lambda$0(MaestroSessionManager.kt:98)
	at java.base/java.util.concurrent.Executors$RunnableAdapter.call(Executors.java:545)
	at java.base/java.util.concurrent.FutureTask.runAndReset(FutureTask.java:371)
	at java.base/java.util.concurrent.ScheduledThreadPoolExecutor$ScheduledFutureTask.run(ScheduledThreadPoolExecutor.java:310)
	at java.base/java.util.concurrent.ThreadPoolExecutor.runWorker(ThreadPoolExecutor.java:1090)
	at java.base/java.util.concurrent.ThreadPoolExecutor$Worker.run(ThreadPoolExecutor.java:614)
	at java.base/java.lang.Thread.run(Thread.java:1516)
14:56:08.430 [ INFO] maestro.cli.runner.MaestroCommandRunner.runCommands$lambda$11: Run flow when "Number and Email Already Linked" is visible metadata CommandMetadata(numberOfRuns=null, evaluatedCommand=MaestroCommand(runFlowCommand=RunFlowCommand(commands=[MaestroCommand(tapOnPointV2Command=TapOnPointV2Command(point=7%,9%, retryIfNoChange=false, longPress=false, repeat=null, waitToSettleTimeoutMs=null, label=null, optional=false)), MaestroCommand(waitForAnimationToEndCommand=WaitForAnimationToEndCommand(timeout=4000, label=null, optional=false))], condition=Condition(platform=null, visible=ElementSelector(textRegex=Number and Email Already Linked, idRegex=null, size=null, below=null, above=null, leftOf=null, rightOf=null, containsChild=null, containsDescendants=null, traits=null, index=null, enabled=null, optional=false, selected=null, checked=null, focused=null, childOf=null, css=null), notVisible=null, scriptCondition=null, label=null), sourceDescription=null, config=null, label=null, optional=false)), logMessages=[], insight=Insight(message=, level=NONE), aiReasoning=null, labeledCommand=null)
14:56:11.047 [ INFO] maestro.orchestra.Orchestra.executeSubflowCommands: [Command execution subflow] CommandSkipped: null
14:56:11.047 [ INFO] maestro.cli.runner.MaestroCommandRunner.runCommands$lambda$8: Run flow when "Number and Email Already Linked" is visible SKIPPED
14:56:11.184 [ERROR] maestro.cli.session.MaestroSessionManager.newSession$lambda$0: Failed to record heartbeat
java.io.IOException: The process cannot access the file because another process has locked a portion of the file
	at java.base/java.io.FileOutputStream.writeBytes(Native Method)
	at java.base/java.io.FileOutputStream.write(FileOutputStream.java:332)
	at kotlin.io.FilesKt__FileReadWriteKt.writeTextImpl(FileReadWrite.kt:160)
	at kotlin.io.FilesKt__FileReadWriteKt.writeText(FileReadWrite.kt:145)
	at kotlin.io.FilesKt__FileReadWriteKt.writeText$default(FileReadWrite.kt:144)
	at maestro.cli.db.KeyValueStore.commit(KeyValueStore.kt:50)
	at maestro.cli.db.KeyValueStore.set$lambda$3$lambda$2(KeyValueStore.kt:23)
	at maestro.cli.db.KeyValueStore.withFileLock(KeyValueStore.kt:62)
	at maestro.cli.db.KeyValueStore.set(KeyValueStore.kt:20)
	at maestro.cli.session.SessionStore.heartbeat(SessionStore.kt:12)
	at maestro.cli.session.MaestroSessionManager.newSession$lambda$0(MaestroSessionManager.kt:98)
	at java.base/java.util.concurrent.Executors$RunnableAdapter.call(Executors.java:545)
	at java.base/java.util.concurrent.FutureTask.runAndReset(FutureTask.java:371)
	at java.base/java.util.concurrent.ScheduledThreadPoolExecutor$ScheduledFutureTask.run(ScheduledThreadPoolExecutor.java:310)
	at java.base/java.util.concurrent.ThreadPoolExecutor.runWorker(ThreadPoolExecutor.java:1090)
	at java.base/java.util.concurrent.ThreadPoolExecutor$Worker.run(ThreadPoolExecutor.java:614)
	at java.base/java.lang.Thread.run(Thread.java:1516)
14:56:13.620 [ INFO] maestro.cli.runner.MaestroCommandRunner.runCommands$lambda$0: Run flow when "(?s).*would you recommend benefiting from Sakani.*" is visible RUNNING
14:56:16.067 [ INFO] maestro.cli.runner.MaestroCommandRunner.runCommands$lambda$11: Run flow when "(?s).*would you recommend benefiting from Sakani.*" is visible metadata CommandMetadata(numberOfRuns=null, evaluatedCommand=MaestroCommand(runFlowCommand=RunFlowCommand(commands=[MaestroCommand(runFlowCommand=RunFlowCommand(commands=[MaestroCommand(swipeCommand=SwipeCommand(direction=null, startPoint=null, endPoint=null, elementSelector=null, startRelative=50%,58%, endRelative=50%,99%, duration=400, waitToSettleTimeoutMs=null, relativePoint=null, label=null, optional=false)), MaestroCommand(waitForAnimationToEndCommand=WaitForAnimationToEndCommand(timeout=4000, label=null, optional=false))], condition=Condition(platform=null, visible=null, notVisible=ElementSelector(textRegex=(?s)(.*There.s something wrong.*|.*the service is down.*|Error!), idRegex=null, size=null, below=null, above=null, leftOf=null, rightOf=null, containsChild=null, containsDescendants=null, traits=null, index=null, enabled=null, optional=false, selected=null, checked=null, focused=null, childOf=null, css=null), scriptCondition=null, label=null), sourceDescription=null, config=null, label=null, optional=false))], condition=Condition(platform=null, visible=ElementSelector(textRegex=(?s).*would you recommend benefiting from Sakani.*, idRegex=null, size=null, below=null, above=null, leftOf=null, rightOf=null, containsChild=null, containsDescendants=null, traits=null, index=null, enabled=null, optional=false, selected=null, checked=null, focused=null, childOf=null, css=null), notVisible=null, scriptCondition=null, label=null), sourceDescription=null, config=null, label=null, optional=false)), logMessages=[], insight=Insight(message=, level=NONE), aiReasoning=null, labeledCommand=null)
14:56:16.184 [ERROR] maestro.cli.session.MaestroSessionManager.newSession$lambda$0: Failed to record heartbeat
java.io.IOException: The process cannot access the file because another process has locked a portion of the file
	at java.base/java.io.FileOutputStream.writeBytes(Native Method)
	at java.base/java.io.FileOutputStream.write(FileOutputStream.java:332)
	at kotlin.io.FilesKt__FileReadWriteKt.writeTextImpl(FileReadWrite.kt:160)
	at kotlin.io.FilesKt__FileReadWriteKt.writeText(FileReadWrite.kt:145)
	at kotlin.io.FilesKt__FileReadWriteKt.writeText$default(FileReadWrite.kt:144)
	at maestro.cli.db.KeyValueStore.commit(KeyValueStore.kt:50)
	at maestro.cli.db.KeyValueStore.set$lambda$3$lambda$2(KeyValueStore.kt:23)
	at maestro.cli.db.KeyValueStore.withFileLock(KeyValueStore.kt:62)
	at maestro.cli.db.KeyValueStore.set(KeyValueStore.kt:20)
	at maestro.cli.session.SessionStore.heartbeat(SessionStore.kt:12)
	at maestro.cli.session.MaestroSessionManager.newSession$lambda$0(MaestroSessionManager.kt:98)
	at java.base/java.util.concurrent.Executors$RunnableAdapter.call(Executors.java:545)
	at java.base/java.util.concurrent.FutureTask.runAndReset(FutureTask.java:371)
	at java.base/java.util.concurrent.ScheduledThreadPoolExecutor$ScheduledFutureTask.run(ScheduledThreadPoolExecutor.java:310)
	at java.base/java.util.concurrent.ThreadPoolExecutor.runWorker(ThreadPoolExecutor.java:1090)
	at java.base/java.util.concurrent.ThreadPoolExecutor$Worker.run(ThreadPoolExecutor.java:614)
	at java.base/java.lang.Thread.run(Thread.java:1516)
14:56:18.947 [ INFO] maestro.orchestra.Orchestra.executeSubflowCommands: [Command execution subflow] CommandSkipped: null
14:56:18.947 [ INFO] maestro.cli.runner.MaestroCommandRunner.runCommands$lambda$8: Run flow when "(?s).*would you recommend benefiting from Sakani.*" is visible SKIPPED
14:56:21.184 [ERROR] maestro.cli.session.MaestroSessionManager.newSession$lambda$0: Failed to record heartbeat
java.io.IOException: The process cannot access the file because another process has locked a portion of the file
	at java.base/java.io.FileOutputStream.writeBytes(Native Method)
	at java.base/java.io.FileOutputStream.write(FileOutputStream.java:332)
	at kotlin.io.FilesKt__FileReadWriteKt.writeTextImpl(FileReadWrite.kt:160)
	at kotlin.io.FilesKt__FileReadWriteKt.writeText(FileReadWrite.kt:145)
	at kotlin.io.FilesKt__FileReadWriteKt.writeText$default(FileReadWrite.kt:144)
	at maestro.cli.db.KeyValueStore.commit(KeyValueStore.kt:50)
	at maestro.cli.db.KeyValueStore.set$lambda$3$lambda$2(KeyValueStore.kt:23)
	at maestro.cli.db.KeyValueStore.withFileLock(KeyValueStore.kt:62)
	at maestro.cli.db.KeyValueStore.set(KeyValueStore.kt:20)
	at maestro.cli.session.SessionStore.heartbeat(SessionStore.kt:12)
	at maestro.cli.session.MaestroSessionManager.newSession$lambda$0(MaestroSessionManager.kt:98)
	at java.base/java.util.concurrent.Executors$RunnableAdapter.call(Executors.java:545)
	at java.base/java.util.concurrent.FutureTask.runAndReset(FutureTask.java:371)
	at java.base/java.util.concurrent.ScheduledThreadPoolExecutor$ScheduledFutureTask.run(ScheduledThreadPoolExecutor.java:310)
	at java.base/java.util.concurrent.ThreadPoolExecutor.runWorker(ThreadPoolExecutor.java:1090)
	at java.base/java.util.concurrent.ThreadPoolExecutor$Worker.run(ThreadPoolExecutor.java:614)
	at java.base/java.lang.Thread.run(Thread.java:1516)
14:56:22.032 [ INFO] maestro.cli.runner.MaestroCommandRunner.runCommands$lambda$0: Run flow when "Maybe Later" is visible RUNNING
14:56:25.720 [ INFO] maestro.cli.runner.MaestroCommandRunner.runCommands$lambda$11: Run flow when "Maybe Later" is visible metadata CommandMetadata(numberOfRuns=null, evaluatedCommand=MaestroCommand(runFlowCommand=RunFlowCommand(commands=[MaestroCommand(tapOnElementCommand=TapOnElementCommand(selector=ElementSelector(textRegex=Maybe Later, idRegex=null, size=null, below=null, above=null, leftOf=null, rightOf=null, containsChild=null, containsDescendants=null, traits=null, index=null, enabled=null, optional=false, selected=null, checked=null, focused=null, childOf=null, css=null), retryIfNoChange=false, waitUntilVisible=false, longPress=false, repeat=null, waitToSettleTimeoutMs=null, relativePoint=null, label=null, optional=false)), MaestroCommand(waitForAnimationToEndCommand=WaitForAnimationToEndCommand(timeout=3000, label=null, optional=false))], condition=Condition(platform=null, visible=ElementSelector(textRegex=Maybe Later, idRegex=null, size=null, below=null, above=null, leftOf=null, rightOf=null, containsChild=null, containsDescendants=null, traits=null, index=null, enabled=null, optional=false, selected=null, checked=null, focused=null, childOf=null, css=null), notVisible=null, scriptCondition=null, label=null), sourceDescription=null, config=null, label=null, optional=false)), logMessages=[], insight=Insight(message=, level=NONE), aiReasoning=null, labeledCommand=null)
14:56:26.183 [ERROR] maestro.cli.session.MaestroSessionManager.newSession$lambda$0: Failed to record heartbeat
java.io.IOException: The process cannot access the file because another process has locked a portion of the file
	at java.base/java.io.FileOutputStream.writeBytes(Native Method)
	at java.base/java.io.FileOutputStream.write(FileOutputStream.java:332)
	at kotlin.io.FilesKt__FileReadWriteKt.writeTextImpl(FileReadWrite.kt:160)
	at kotlin.io.FilesKt__FileReadWriteKt.writeText(FileReadWrite.kt:145)
	at kotlin.io.FilesKt__FileReadWriteKt.writeText$default(FileReadWrite.kt:144)
	at maestro.cli.db.KeyValueStore.commit(KeyValueStore.kt:50)
	at maestro.cli.db.KeyValueStore.set$lambda$3$lambda$2(KeyValueStore.kt:23)
	at maestro.cli.db.KeyValueStore.withFileLock(KeyValueStore.kt:62)
	at maestro.cli.db.KeyValueStore.set(KeyValueStore.kt:20)
	at maestro.cli.session.SessionStore.heartbeat(SessionStore.kt:12)
	at maestro.cli.session.MaestroSessionManager.newSession$lambda$0(MaestroSessionManager.kt:98)
	at java.base/java.util.concurrent.Executors$RunnableAdapter.call(Executors.java:545)
	at java.base/java.util.concurrent.FutureTask.runAndReset(FutureTask.java:371)
	at java.base/java.util.concurrent.ScheduledThreadPoolExecutor$ScheduledFutureTask.run(ScheduledThreadPoolExecutor.java:310)
	at java.base/java.util.concurrent.ThreadPoolExecutor.runWorker(ThreadPoolExecutor.java:1090)
	at java.base/java.util.concurrent.ThreadPoolExecutor$Worker.run(ThreadPoolExecutor.java:614)
	at java.base/java.lang.Thread.run(Thread.java:1516)
14:56:29.116 [ INFO] maestro.orchestra.Orchestra.executeSubflowCommands: [Command execution subflow] CommandSkipped: null
14:56:29.116 [ INFO] maestro.cli.runner.MaestroCommandRunner.runCommands$lambda$8: Run flow when "Maybe Later" is visible SKIPPED
14:56:31.183 [ERROR] maestro.cli.session.MaestroSessionManager.newSession$lambda$0: Failed to record heartbeat
java.io.IOException: The process cannot access the file because another process has locked a portion of the file
	at java.base/java.io.FileOutputStream.writeBytes(Native Method)
	at java.base/java.io.FileOutputStream.write(FileOutputStream.java:332)
	at kotlin.io.FilesKt__FileReadWriteKt.writeTextImpl(FileReadWrite.kt:160)
	at kotlin.io.FilesKt__FileReadWriteKt.writeText(FileReadWrite.kt:145)
	at kotlin.io.FilesKt__FileReadWriteKt.writeText$default(FileReadWrite.kt:144)
	at maestro.cli.db.KeyValueStore.commit(KeyValueStore.kt:50)
	at maestro.cli.db.KeyValueStore.set$lambda$3$lambda$2(KeyValueStore.kt:23)
	at maestro.cli.db.KeyValueStore.withFileLock(KeyValueStore.kt:62)
	at maestro.cli.db.KeyValueStore.set(KeyValueStore.kt:20)
	at maestro.cli.session.SessionStore.heartbeat(SessionStore.kt:12)
	at maestro.cli.session.MaestroSessionManager.newSession$lambda$0(MaestroSessionManager.kt:98)
	at java.base/java.util.concurrent.Executors$RunnableAdapter.call(Executors.java:545)
	at java.base/java.util.concurrent.FutureTask.runAndReset(FutureTask.java:371)
	at java.base/java.util.concurrent.ScheduledThreadPoolExecutor$ScheduledFutureTask.run(ScheduledThreadPoolExecutor.java:310)
	at java.base/java.util.concurrent.ThreadPoolExecutor.runWorker(ThreadPoolExecutor.java:1090)
	at java.base/java.util.concurrent.ThreadPoolExecutor$Worker.run(ThreadPoolExecutor.java:614)
	at java.base/java.lang.Thread.run(Thread.java:1516)
14:56:31.852 [ INFO] maestro.cli.runner.MaestroCommandRunner.runCommands$lambda$0: Run flow when "Reject cookies" is visible RUNNING
14:56:34.544 [ INFO] maestro.cli.runner.MaestroCommandRunner.runCommands$lambda$11: Run flow when "Reject cookies" is visible metadata CommandMetadata(numberOfRuns=null, evaluatedCommand=MaestroCommand(runFlowCommand=RunFlowCommand(commands=[MaestroCommand(tapOnElementCommand=TapOnElementCommand(selector=ElementSelector(textRegex=Reject cookies, idRegex=null, size=null, below=null, above=null, leftOf=null, rightOf=null, containsChild=null, containsDescendants=null, traits=null, index=null, enabled=null, optional=false, selected=null, checked=null, focused=null, childOf=null, css=null), retryIfNoChange=false, waitUntilVisible=false, longPress=false, repeat=null, waitToSettleTimeoutMs=null, relativePoint=null, label=null, optional=false)), MaestroCommand(waitForAnimationToEndCommand=WaitForAnimationToEndCommand(timeout=4000, label=null, optional=false))], condition=Condition(platform=null, visible=ElementSelector(textRegex=Reject cookies, idRegex=null, size=null, below=null, above=null, leftOf=null, rightOf=null, containsChild=null, containsDescendants=null, traits=null, index=null, enabled=null, optional=false, selected=null, checked=null, focused=null, childOf=null, css=null), notVisible=null, scriptCondition=null, label=null), sourceDescription=null, config=null, label=null, optional=false)), logMessages=[], insight=Insight(message=, level=NONE), aiReasoning=null, labeledCommand=null)
14:56:36.183 [ERROR] maestro.cli.session.MaestroSessionManager.newSession$lambda$0: Failed to record heartbeat
java.io.IOException: The process cannot access the file because another process has locked a portion of the file
	at java.base/java.io.FileOutputStream.writeBytes(Native Method)
	at java.base/java.io.FileOutputStream.write(FileOutputStream.java:332)
	at kotlin.io.FilesKt__FileReadWriteKt.writeTextImpl(FileReadWrite.kt:160)
	at kotlin.io.FilesKt__FileReadWriteKt.writeText(FileReadWrite.kt:145)
	at kotlin.io.FilesKt__FileReadWriteKt.writeText$default(FileReadWrite.kt:144)
	at maestro.cli.db.KeyValueStore.commit(KeyValueStore.kt:50)
	at maestro.cli.db.KeyValueStore.set$lambda$3$lambda$2(KeyValueStore.kt:23)
	at maestro.cli.db.KeyValueStore.withFileLock(KeyValueStore.kt:62)
	at maestro.cli.db.KeyValueStore.set(KeyValueStore.kt:20)
	at maestro.cli.session.SessionStore.heartbeat(SessionStore.kt:12)
	at maestro.cli.session.MaestroSessionManager.newSession$lambda$0(MaestroSessionManager.kt:98)
	at java.base/java.util.concurrent.Executors$RunnableAdapter.call(Executors.java:545)
	at java.base/java.util.concurrent.FutureTask.runAndReset(FutureTask.java:371)
	at java.base/java.util.concurrent.ScheduledThreadPoolExecutor$ScheduledFutureTask.run(ScheduledThreadPoolExecutor.java:310)
	at java.base/java.util.concurrent.ThreadPoolExecutor.runWorker(ThreadPoolExecutor.java:1090)
	at java.base/java.util.concurrent.ThreadPoolExecutor$Worker.run(ThreadPoolExecutor.java:614)
	at java.base/java.lang.Thread.run(Thread.java:1516)
14:56:37.199 [ INFO] maestro.orchestra.Orchestra.executeSubflowCommands: [Command execution subflow] CommandSkipped: null
14:56:37.199 [ INFO] maestro.cli.runner.MaestroCommandRunner.runCommands$lambda$8: Run flow when "Reject cookies" is visible SKIPPED
14:56:39.747 [ INFO] maestro.cli.runner.MaestroCommandRunner.runCommands$lambda$0: Run flow when "${ANCHOR}" is not visible RUNNING
14:56:41.185 [ERROR] maestro.cli.session.MaestroSessionManager.newSession$lambda$0: Failed to record heartbeat
java.io.IOException: The process cannot access the file because another process has locked a portion of the file
	at java.base/java.io.FileOutputStream.writeBytes(Native Method)
	at java.base/java.io.FileOutputStream.write(FileOutputStream.java:332)
	at kotlin.io.FilesKt__FileReadWriteKt.writeTextImpl(FileReadWrite.kt:160)
	at kotlin.io.FilesKt__FileReadWriteKt.writeText(FileReadWrite.kt:145)
	at kotlin.io.FilesKt__FileReadWriteKt.writeText$default(FileReadWrite.kt:144)
	at maestro.cli.db.KeyValueStore.commit(KeyValueStore.kt:50)
	at maestro.cli.db.KeyValueStore.set$lambda$3$lambda$2(KeyValueStore.kt:23)
	at maestro.cli.db.KeyValueStore.withFileLock(KeyValueStore.kt:62)
	at maestro.cli.db.KeyValueStore.set(KeyValueStore.kt:20)
	at maestro.cli.session.SessionStore.heartbeat(SessionStore.kt:12)
	at maestro.cli.session.MaestroSessionManager.newSession$lambda$0(MaestroSessionManager.kt:98)
	at java.base/java.util.concurrent.Executors$RunnableAdapter.call(Executors.java:545)
	at java.base/java.util.concurrent.FutureTask.runAndReset(FutureTask.java:371)
	at java.base/java.util.concurrent.ScheduledThreadPoolExecutor$ScheduledFutureTask.run(ScheduledThreadPoolExecutor.java:310)
	at java.base/java.util.concurrent.ThreadPoolExecutor.runWorker(ThreadPoolExecutor.java:1090)
	at java.base/java.util.concurrent.ThreadPoolExecutor$Worker.run(ThreadPoolExecutor.java:614)
	at java.base/java.lang.Thread.run(Thread.java:1516)
14:56:42.133 [ INFO] maestro.cli.runner.MaestroCommandRunner.runCommands$lambda$11: Run flow when "${ANCHOR}" is not visible metadata CommandMetadata(numberOfRuns=null, evaluatedCommand=MaestroCommand(runFlowCommand=RunFlowCommand(commands=[MaestroCommand(waitForAnimationToEndCommand=WaitForAnimationToEndCommand(timeout=5000, label=null, optional=false))], condition=Condition(platform=null, visible=null, notVisible=ElementSelector(textRegex=(?si)(Hello|Good (morning|afternoon|evening)),\s*\S.*, idRegex=null, size=null, below=null, above=null, leftOf=null, rightOf=null, containsChild=null, containsDescendants=null, traits=null, index=null, enabled=null, optional=false, selected=null, checked=null, focused=null, childOf=null, css=null), scriptCondition=null, label=null), sourceDescription=null, config=null, label=null, optional=false)), logMessages=[], insight=Insight(message=, level=NONE), aiReasoning=null, labeledCommand=null)
14:56:45.313 [ INFO] maestro.cli.runner.MaestroCommandRunner.runCommands$lambda$0: Wait for animation to end within 5000 ms RUNNING
14:56:46.183 [ERROR] maestro.cli.session.MaestroSessionManager.newSession$lambda$0: Failed to record heartbeat
java.io.IOException: The process cannot access the file because another process has locked a portion of the file
	at java.base/java.io.FileOutputStream.writeBytes(Native Method)
	at java.base/java.io.FileOutputStream.write(FileOutputStream.java:332)
	at kotlin.io.FilesKt__FileReadWriteKt.writeTextImpl(FileReadWrite.kt:160)
	at kotlin.io.FilesKt__FileReadWriteKt.writeText(FileReadWrite.kt:145)
	at kotlin.io.FilesKt__FileReadWriteKt.writeText$default(FileReadWrite.kt:144)
	at maestro.cli.db.KeyValueStore.commit(KeyValueStore.kt:50)
	at maestro.cli.db.KeyValueStore.set$lambda$3$lambda$2(KeyValueStore.kt:23)
	at maestro.cli.db.KeyValueStore.withFileLock(KeyValueStore.kt:62)
	at maestro.cli.db.KeyValueStore.set(KeyValueStore.kt:20)
	at maestro.cli.session.SessionStore.heartbeat(SessionStore.kt:12)
	at maestro.cli.session.MaestroSessionManager.newSession$lambda$0(MaestroSessionManager.kt:98)
	at java.base/java.util.concurrent.Executors$RunnableAdapter.call(Executors.java:545)
	at java.base/java.util.concurrent.FutureTask.runAndReset(FutureTask.java:371)
	at java.base/java.util.concurrent.ScheduledThreadPoolExecutor$ScheduledFutureTask.run(ScheduledThreadPoolExecutor.java:310)
	at java.base/java.util.concurrent.ThreadPoolExecutor.runWorker(ThreadPoolExecutor.java:1090)
	at java.base/java.util.concurrent.ThreadPoolExecutor$Worker.run(ThreadPoolExecutor.java:614)
	at java.base/java.lang.Thread.run(Thread.java:1516)
14:56:47.570 [ INFO] maestro.cli.runner.MaestroCommandRunner.runCommands$lambda$11: Wait for animation to end within 5000 ms metadata CommandMetadata(numberOfRuns=null, evaluatedCommand=MaestroCommand(waitForAnimationToEndCommand=WaitForAnimationToEndCommand(timeout=5000, label=null, optional=false)), logMessages=[], insight=Insight(message=, level=NONE), aiReasoning=null, labeledCommand=null)
14:56:50.130 [ INFO] maestro.Maestro.waitForAnimationToEnd$lambda$53: Waiting for animation to end with timeout 5000
14:56:50.130 [TRACE] maestro.utils.ScreenshotUtils.takeScreenshot: Taking screenshot to byte array
14:56:50.130 [TRACE] maestro.utils.ScreenshotUtils.takeScreenshot: Taking screenshot to output sink
14:56:50.415 [TRACE] maestro.utils.ScreenshotUtils.takeScreenshot: Taking screenshot to byte array
14:56:50.415 [TRACE] maestro.utils.ScreenshotUtils.takeScreenshot: Taking screenshot to output sink
14:56:50.918 [ INFO] maestro.cli.runner.MaestroCommandRunner.runCommands$lambda$2: Wait for animation to end within 5000 ms COMPLETED
14:56:51.185 [ERROR] maestro.cli.session.MaestroSessionManager.newSession$lambda$0: Failed to record heartbeat
java.io.IOException: The process cannot access the file because another process has locked a portion of the file
	at java.base/java.io.FileOutputStream.writeBytes(Native Method)
	at java.base/java.io.FileOutputStream.write(FileOutputStream.java:332)
	at kotlin.io.FilesKt__FileReadWriteKt.writeTextImpl(FileReadWrite.kt:160)
	at kotlin.io.FilesKt__FileReadWriteKt.writeText(FileReadWrite.kt:145)
	at kotlin.io.FilesKt__FileReadWriteKt.writeText$default(FileReadWrite.kt:144)
	at maestro.cli.db.KeyValueStore.commit(KeyValueStore.kt:50)
	at maestro.cli.db.KeyValueStore.set$lambda$3$lambda$2(KeyValueStore.kt:23)
	at maestro.cli.db.KeyValueStore.withFileLock(KeyValueStore.kt:62)
	at maestro.cli.db.KeyValueStore.set(KeyValueStore.kt:20)
	at maestro.cli.session.SessionStore.heartbeat(SessionStore.kt:12)
	at maestro.cli.session.MaestroSessionManager.newSession$lambda$0(MaestroSessionManager.kt:98)
	at java.base/java.util.concurrent.Executors$RunnableAdapter.call(Executors.java:545)
	at java.base/java.util.concurrent.FutureTask.runAndReset(FutureTask.java:371)
	at java.base/java.util.concurrent.ScheduledThreadPoolExecutor$ScheduledFutureTask.run(ScheduledThreadPoolExecutor.java:310)
	at java.base/java.util.concurrent.ThreadPoolExecutor.runWorker(ThreadPoolExecutor.java:1090)
	at java.base/java.util.concurrent.ThreadPoolExecutor$Worker.run(ThreadPoolExecutor.java:614)
	at java.base/java.lang.Thread.run(Thread.java:1516)
14:56:53.236 [ INFO] maestro.cli.runner.MaestroCommandRunner.runCommands$lambda$2: Run flow when "${ANCHOR}" is not visible COMPLETED
14:56:55.601 [ INFO] maestro.cli.runner.MaestroCommandRunner.runCommands$lambda$11: Repeat while "${ANCHOR}" is not visible (up to 20 times) metadata CommandMetadata(numberOfRuns=1, evaluatedCommand=MaestroCommand(repeatCommand=RepeatCommand(times=20, condition=Condition(platform=null, visible=null, notVisible=ElementSelector(textRegex=${ANCHOR}, idRegex=null, size=null, below=null, above=null, leftOf=null, rightOf=null, containsChild=null, containsDescendants=null, traits=null, index=null, enabled=null, optional=false, selected=null, checked=null, focused=null, childOf=null, css=null), scriptCondition=null, label=null), commands=[MaestroCommand(runFlowCommand=RunFlowCommand(commands=[MaestroCommand(tapOnElementCommand=TapOnElementCommand(selector=ElementSelector(textRegex=Don.t allow, idRegex=null, size=null, below=null, above=null, leftOf=null, rightOf=null, containsChild=null, containsDescendants=null, traits=null, index=null, enabled=null, optional=false, selected=null, checked=null, focused=null, childOf=null, css=null), retryIfNoChange=false, waitUntilVisible=false, longPress=false, repeat=null, waitToSettleTimeoutMs=null, relativePoint=null, label=null, optional=false)), MaestroCommand(waitForAnimationToEndCommand=WaitForAnimationToEndCommand(timeout=3000, label=null, optional=false))], condition=Condition(platform=null, visible=ElementSelector(textRegex=Don.t allow, idRegex=null, size=null, below=null, above=null, leftOf=null, rightOf=null, containsChild=null, containsDescendants=null, traits=null, index=null, enabled=null, optional=false, selected=null, checked=null, focused=null, childOf=null, css=null), notVisible=null, scriptCondition=null, label=null), sourceDescription=null, config=null, label=null, optional=false)), MaestroCommand(runFlowCommand=RunFlowCommand(commands=[MaestroCommand(tapOnElementCommand=TapOnElementCommand(selector=ElementSelector(textRegex=Skip, idRegex=null, size=null, below=null, above=null, leftOf=null, rightOf=null, containsChild=null, containsDescendants=null, traits=null, index=null, enabled=null, optional=false, selected=null, checked=null, focused=null, childOf=null, css=null), retryIfNoChange=false, waitUntilVisible=false, longPress=false, repeat=null, waitToSettleTimeoutMs=null, relativePoint=null, label=null, optional=false)), MaestroCommand(waitForAnimationToEndCommand=WaitForAnimationToEndCommand(timeout=3000, label=null, optional=false))], condition=Condition(platform=null, visible=ElementSelector(textRegex=Skip, idRegex=null, size=null, below=null, above=null, leftOf=null, rightOf=null, containsChild=null, containsDescendants=null, traits=null, index=null, enabled=null, optional=false, selected=null, checked=null, focused=null, childOf=null, css=null), notVisible=null, scriptCondition=null, label=null), sourceDescription=null, config=null, label=null, optional=false)), MaestroCommand(runFlowCommand=RunFlowCommand(commands=[MaestroCommand(tapOnElementCommand=TapOnElementCommand(selector=ElementSelector(textRegex=Dismiss, idRegex=null, size=null, below=null, above=null, leftOf=null, rightOf=null, containsChild=null, containsDescendants=null, traits=null, index=null, enabled=null, optional=false, selected=null, checked=null, focused=null, childOf=null, css=null), retryIfNoChange=false, waitUntilVisible=false, longPress=false, repeat=null, waitToSettleTimeoutMs=null, relativePoint=null, label=null, optional=false)), MaestroCommand(waitForAnimationToEndCommand=WaitForAnimationToEndCommand(timeout=3000, label=null, optional=false))], condition=Condition(platform=null, visible=ElementSelector(textRegex=Dismiss, idRegex=null, size=null, below=null, above=null, leftOf=null, rightOf=null, containsChild=null, containsDescendants=null, traits=null, index=null, enabled=null, optional=false, selected=null, checked=null, focused=null, childOf=null, css=null), notVisible=null, scriptCondition=null, label=null), sourceDescription=null, config=null, label=null, optional=false)), MaestroCommand(runFlowCommand=RunFlowCommand(commands=[MaestroCommand(runFlowCommand=RunFlowCommand(commands=[MaestroCommand(evalScriptCommand=EvalScriptCommand(scriptString=${console.log('CLEAR-OVERLAYS OK-HANDLER: dismissing the ERROR dialog (there is something wrong / please try again later). If this line sits after a reservation, payment or signature step, the business outcome MUST be re-read from the product records before the run is called green.')}, label=null, optional=false))], condition=Condition(platform=null, visible=ElementSelector(textRegex=There's something wrong. Please try again later!, idRegex=null, size=null, below=null, above=null, leftOf=null, rightOf=null, containsChild=null, containsDescendants=null, traits=null, index=null, enabled=null, optional=false, selected=null, checked=null, focused=null, childOf=null, css=null), notVisible=null, scriptCondition=null, label=null), sourceDescription=null, config=null, label=null, optional=false)), MaestroCommand(evalScriptCommand=EvalScriptCommand(scriptString=${console.log('CLEAR-OVERLAYS OK-HANDLER: tapping Ok')}, label=null, optional=false)), MaestroCommand(tapOnElementCommand=TapOnElementCommand(selector=ElementSelector(textRegex=Ok, idRegex=null, size=null, below=null, above=null, leftOf=null, rightOf=null, containsChild=null, containsDescendants=null, traits=null, index=null, enabled=null, optional=false, selected=null, checked=null, focused=null, childOf=null, css=null), retryIfNoChange=false, waitUntilVisible=false, longPress=false, repeat=null, waitToSettleTimeoutMs=null, relativePoint=null, label=null, optional=false)), MaestroCommand(waitForAnimationToEndCommand=WaitForAnimationToEndCommand(timeout=3000, label=null, optional=false))], condition=Condition(platform=null, visible=ElementSelector(textRegex=Ok, idRegex=null, size=null, below=null, above=null, leftOf=null, rightOf=null, containsChild=null, containsDescendants=null, traits=null, index=null, enabled=null, optional=false, selected=null, checked=null, focused=null, childOf=null, css=null), notVisible=null, scriptCondition=null, label=null), sourceDescription=null, config=null, label=null, optional=false)), MaestroCommand(runFlowCommand=RunFlowCommand(commands=[MaestroCommand(backPressCommand=BackPressCommand()), MaestroCommand(waitForAnimationToEndCommand=WaitForAnimationToEndCommand(timeout=3000, label=null, optional=false))], condition=Condition(platform=null, visible=ElementSelector(textRegex=Marketplace Day, idRegex=null, size=null, below=null, above=null, leftOf=null, rightOf=null, containsChild=null, containsDescendants=null, traits=null, index=null, enabled=null, optional=false, selected=null, checked=null, focused=null, childOf=null, css=null), notVisible=null, scriptCondition=null, label=null), sourceDescription=null, config=null, label=null, optional=false)), MaestroCommand(runFlowCommand=RunFlowCommand(commands=[MaestroCommand(backPressCommand=BackPressCommand()), MaestroCommand(waitForAnimationToEndCommand=WaitForAnimationToEndCommand(timeout=3000, label=null, optional=false))], condition=Condition(platform=null, visible=ElementSelector(textRegex=Start comparing properties, idRegex=null, size=null, below=null, above=null, leftOf=null, rightOf=null, containsChild=null, containsDescendants=null, traits=null, index=null, enabled=null, optional=false, selected=null, checked=null, focused=null, childOf=null, css=null), notVisible=null, scriptCondition=null, label=null), sourceDescription=null, config=null, label=null, optional=false)), MaestroCommand(runFlowCommand=RunFlowCommand(commands=[MaestroCommand(backPressCommand=BackPressCommand()), MaestroCommand(waitForAnimationToEndCommand=WaitForAnimationToEndCommand(timeout=3000, label=null, optional=false))], condition=Condition(platform=null, visible=ElementSelector(textRegex=Go to the weekly (offer|deal), idRegex=null, size=null, below=null, above=null, leftOf=null, rightOf=null, containsChild=null, containsDescendants=null, traits=null, index=null, enabled=null, optional=false, selected=null, checked=null, focused=null, childOf=null, css=null), notVisible=null, scriptCondition=null, label=null), sourceDescription=null, config=null, label=null, optional=false)), MaestroCommand(runFlowCommand=RunFlowCommand(commands=[MaestroCommand(backPressCommand=BackPressCommand()), MaestroCommand(waitForAnimationToEndCommand=WaitForAnimationToEndCommand(timeout=3000, label=null, optional=false))], condition=Condition(platform=null, visible=ElementSelector(textRegex=Update email, idRegex=null, size=null, below=null, above=null, leftOf=null, rightOf=null, containsChild=null, containsDescendants=null, traits=null, index=null, enabled=null, optional=false, selected=null, checked=null, focused=null, childOf=null, css=null), notVisible=null, scriptCondition=null, label=null), sourceDescription=null, config=null, label=null, optional=false)), MaestroCommand(runFlowCommand=RunFlowCommand(commands=[MaestroCommand(tapOnPointV2Command=TapOnPointV2Command(point=7%,9%, retryIfNoChange=false, longPress=false, repeat=null, waitToSettleTimeoutMs=null, label=null, optional=false)), MaestroCommand(waitForAnimationToEndCommand=WaitForAnimationToEndCommand(timeout=4000, label=null, optional=false))], condition=Condition(platform=null, visible=ElementSelector(textRegex=Number and Email Already Linked, idRegex=null, size=null, below=null, above=null, leftOf=null, rightOf=null, containsChild=null, containsDescendants=null, traits=null, index=null, enabled=null, optional=false, selected=null, checked=null, focused=null, childOf=null, css=null), notVisible=null, scriptCondition=null, label=null), sourceDescription=null, config=null, label=null, optional=false)), MaestroCommand(runFlowCommand=RunFlowCommand(commands=[MaestroCommand(runFlowCommand=RunFlowCommand(commands=[MaestroCommand(swipeCommand=SwipeCommand(direction=null, startPoint=null, endPoint=null, elementSelector=null, startRelative=50%,58%, endRelative=50%,99%, duration=400, waitToSettleTimeoutMs=null, relativePoint=null, label=null, optional=false)), MaestroCommand(waitForAnimationToEndCommand=WaitForAnimationToEndCommand(timeout=4000, label=null, optional=false))], condition=Condition(platform=null, visible=null, notVisible=ElementSelector(textRegex=(?s)(.*There.s something wrong.*|.*the service is down.*|Error!), idRegex=null, size=null, below=null, above=null, leftOf=null, rightOf=null, containsChild=null, containsDescendants=null, traits=null, index=null, enabled=null, optional=false, selected=null, checked=null, focused=null, childOf=null, css=null), scriptCondition=null, label=null), sourceDescription=null, config=null, label=null, optional=false))], condition=Condition(platform=null, visible=ElementSelector(textRegex=(?s).*would you recommend benefiting from Sakani.*, idRegex=null, size=null, below=null, above=null, leftOf=null, rightOf=null, containsChild=null, containsDescendants=null, traits=null, index=null, enabled=null, optional=false, selected=null, checked=null, focused=null, childOf=null, css=null), notVisible=null, scriptCondition=null, label=null), sourceDescription=null, config=null, label=null, optional=false)), MaestroCommand(runFlowCommand=RunFlowCommand(commands=[MaestroCommand(tapOnElementCommand=TapOnElementCommand(selector=ElementSelector(textRegex=Maybe Later, idRegex=null, size=null, below=null, above=null, leftOf=null, rightOf=null, containsChild=null, containsDescendants=null, traits=null, index=null, enabled=null, optional=false, selected=null, checked=null, focused=null, childOf=null, css=null), retryIfNoChange=false, waitUntilVisible=false, longPress=false, repeat=null, waitToSettleTimeoutMs=null, relativePoint=null, label=null, optional=false)), MaestroCommand(waitForAnimationToEndCommand=WaitForAnimationToEndCommand(timeout=3000, label=null, optional=false))], condition=Condition(platform=null, visible=ElementSelector(textRegex=Maybe Later, idRegex=null, size=null, below=null, above=null, leftOf=null, rightOf=null, containsChild=null, containsDescendants=null, traits=null, index=null, enabled=null, optional=false, selected=null, checked=null, focused=null, childOf=null, css=null), notVisible=null, scriptCondition=null, label=null), sourceDescription=null, config=null, label=null, optional=false)), MaestroCommand(runFlowCommand=RunFlowCommand(commands=[MaestroCommand(tapOnElementCommand=TapOnElementCommand(selector=ElementSelector(textRegex=Reject cookies, idRegex=null, size=null, below=null, above=null, leftOf=null, rightOf=null, containsChild=null, containsDescendants=null, traits=null, index=null, enabled=null, optional=false, selected=null, checked=null, focused=null, childOf=null, css=null), retryIfNoChange=false, waitUntilVisible=false, longPress=false, repeat=null, waitToSettleTimeoutMs=null, relativePoint=null, label=null, optional=false)), MaestroCommand(waitForAnimationToEndCommand=WaitForAnimationToEndCommand(timeout=4000, label=null, optional=false))], condition=Condition(platform=null, visible=ElementSelector(textRegex=Reject cookies, idRegex=null, size=null, below=null, above=null, leftOf=null, rightOf=null, containsChild=null, containsDescendants=null, traits=null, index=null, enabled=null, optional=false, selected=null, checked=null, focused=null, childOf=null, css=null), notVisible=null, scriptCondition=null, label=null), sourceDescription=null, config=null, label=null, optional=false)), MaestroCommand(runFlowCommand=RunFlowCommand(commands=[MaestroCommand(waitForAnimationToEndCommand=WaitForAnimationToEndCommand(timeout=5000, label=null, optional=false))], condition=Condition(platform=null, visible=null, notVisible=ElementSelector(textRegex=${ANCHOR}, idRegex=null, size=null, below=null, above=null, leftOf=null, rightOf=null, containsChild=null, containsDescendants=null, traits=null, index=null, enabled=null, optional=false, selected=null, checked=null, focused=null, childOf=null, css=null), scriptCondition=null, label=null), sourceDescription=null, config=null, label=null, optional=false))], label=null, optional=false)), logMessages=[], insight=Insight(message=, level=NONE), aiReasoning=null, labeledCommand=null)
14:56:56.184 [ERROR] maestro.cli.session.MaestroSessionManager.newSession$lambda$0: Failed to record heartbeat
java.io.IOException: The process cannot access the file because another process has locked a portion of the file
	at java.base/java.io.FileOutputStream.writeBytes(Native Method)
	at java.base/java.io.FileOutputStream.write(FileOutputStream.java:332)
	at kotlin.io.FilesKt__FileReadWriteKt.writeTextImpl(FileReadWrite.kt:160)
	at kotlin.io.FilesKt__FileReadWriteKt.writeText(FileReadWrite.kt:145)
	at kotlin.io.FilesKt__FileReadWriteKt.writeText$default(FileReadWrite.kt:144)
	at maestro.cli.db.KeyValueStore.commit(KeyValueStore.kt:50)
	at maestro.cli.db.KeyValueStore.set$lambda$3$lambda$2(KeyValueStore.kt:23)
	at maestro.cli.db.KeyValueStore.withFileLock(KeyValueStore.kt:62)
	at maestro.cli.db.KeyValueStore.set(KeyValueStore.kt:20)
	at maestro.cli.session.SessionStore.heartbeat(SessionStore.kt:12)
	at maestro.cli.session.MaestroSessionManager.newSession$lambda$0(MaestroSessionManager.kt:98)
	at java.base/java.util.concurrent.Executors$RunnableAdapter.call(Executors.java:545)
	at java.base/java.util.concurrent.FutureTask.runAndReset(FutureTask.java:371)
	at java.base/java.util.concurrent.ScheduledThreadPoolExecutor$ScheduledFutureTask.run(ScheduledThreadPoolExecutor.java:310)
	at java.base/java.util.concurrent.ThreadPoolExecutor.runWorker(ThreadPoolExecutor.java:1090)
	at java.base/java.util.concurrent.ThreadPoolExecutor$Worker.run(ThreadPoolExecutor.java:614)
	at java.base/java.lang.Thread.run(Thread.java:1516)
14:56:59.025 [ INFO] maestro.cli.runner.MaestroCommandRunner.runCommands$lambda$10: Run flow when "Don.t allow" is visible PENDING
14:57:01.185 [ERROR] maestro.cli.session.MaestroSessionManager.newSession$lambda$0: Failed to record heartbeat
java.io.IOException: The process cannot access the file because another process has locked a portion of the file
	at java.base/java.io.FileOutputStream.writeBytes(Native Method)
	at java.base/java.io.FileOutputStream.write(FileOutputStream.java:332)
	at kotlin.io.FilesKt__FileReadWriteKt.writeTextImpl(FileReadWrite.kt:160)
	at kotlin.io.FilesKt__FileReadWriteKt.writeText(FileReadWrite.kt:145)
	at kotlin.io.FilesKt__FileReadWriteKt.writeText$default(FileReadWrite.kt:144)
	at maestro.cli.db.KeyValueStore.commit(KeyValueStore.kt:50)
	at maestro.cli.db.KeyValueStore.set$lambda$3$lambda$2(KeyValueStore.kt:23)
	at maestro.cli.db.KeyValueStore.withFileLock(KeyValueStore.kt:62)
	at maestro.cli.db.KeyValueStore.set(KeyValueStore.kt:20)
	at maestro.cli.session.SessionStore.heartbeat(SessionStore.kt:12)
	at maestro.cli.session.MaestroSessionManager.newSession$lambda$0(MaestroSessionManager.kt:98)
	at java.base/java.util.concurrent.Executors$RunnableAdapter.call(Executors.java:545)
	at java.base/java.util.concurrent.FutureTask.runAndReset(FutureTask.java:371)
	at java.base/java.util.concurrent.ScheduledThreadPoolExecutor$ScheduledFutureTask.run(ScheduledThreadPoolExecutor.java:310)
	at java.base/java.util.concurrent.ThreadPoolExecutor.runWorker(ThreadPoolExecutor.java:1090)
	at java.base/java.util.concurrent.ThreadPoolExecutor$Worker.run(ThreadPoolExecutor.java:614)
	at java.base/java.lang.Thread.run(Thread.java:1516)
14:57:01.371 [ INFO] maestro.cli.runner.MaestroCommandRunner.runCommands$lambda$10: Tap on "Don.t allow" PENDING
14:57:03.772 [ INFO] maestro.cli.runner.MaestroCommandRunner.runCommands$lambda$10: Wait for animation to end within 3000 ms PENDING
14:57:06.183 [ERROR] maestro.cli.session.MaestroSessionManager.newSession$lambda$0: Failed to record heartbeat
java.io.IOException: The process cannot access the file because another process has locked a portion of the file
	at java.base/java.io.FileOutputStream.writeBytes(Native Method)
	at java.base/java.io.FileOutputStream.write(FileOutputStream.java:332)
	at kotlin.io.FilesKt__FileReadWriteKt.writeTextImpl(FileReadWrite.kt:160)
	at kotlin.io.FilesKt__FileReadWriteKt.writeText(FileReadWrite.kt:145)
	at kotlin.io.FilesKt__FileReadWriteKt.writeText$default(FileReadWrite.kt:144)
	at maestro.cli.db.KeyValueStore.commit(KeyValueStore.kt:50)
	at maestro.cli.db.KeyValueStore.set$lambda$3$lambda$2(KeyValueStore.kt:23)
	at maestro.cli.db.KeyValueStore.withFileLock(KeyValueStore.kt:62)
	at maestro.cli.db.KeyValueStore.set(KeyValueStore.kt:20)
	at maestro.cli.session.SessionStore.heartbeat(SessionStore.kt:12)
	at maestro.cli.session.MaestroSessionManager.newSession$lambda$0(MaestroSessionManager.kt:98)
	at java.base/java.util.concurrent.Executors$RunnableAdapter.call(Executors.java:545)
	at java.base/java.util.concurrent.FutureTask.runAndReset(FutureTask.java:371)
	at java.base/java.util.concurrent.ScheduledThreadPoolExecutor$ScheduledFutureTask.run(ScheduledThreadPoolExecutor.java:310)
	at java.base/java.util.concurrent.ThreadPoolExecutor.runWorker(ThreadPoolExecutor.java:1090)
	at java.base/java.util.concurrent.ThreadPoolExecutor$Worker.run(ThreadPoolExecutor.java:614)
	at java.base/java.lang.Thread.run(Thread.java:1516)
14:57:06.473 [ INFO] maestro.cli.runner.MaestroCommandRunner.runCommands$lambda$10: Run flow when "Skip" is visible PENDING
14:57:09.153 [ INFO] maestro.cli.runner.MaestroCommandRunner.runCommands$lambda$10: Tap on "Skip" PENDING
14:57:11.183 [ERROR] maestro.cli.session.MaestroSessionManager.newSession$lambda$0: Failed to record heartbeat
java.io.IOException: The process cannot access the file because another process has locked a portion of the file
	at java.base/java.io.FileOutputStream.writeBytes(Native Method)
	at java.base/java.io.FileOutputStream.write(FileOutputStream.java:332)
	at kotlin.io.FilesKt__FileReadWriteKt.writeTextImpl(FileReadWrite.kt:160)
	at kotlin.io.FilesKt__FileReadWriteKt.writeText(FileReadWrite.kt:145)
	at kotlin.io.FilesKt__FileReadWriteKt.writeText$default(FileReadWrite.kt:144)
	at maestro.cli.db.KeyValueStore.commit(KeyValueStore.kt:50)
	at maestro.cli.db.KeyValueStore.set$lambda$3$lambda$2(KeyValueStore.kt:23)
	at maestro.cli.db.KeyValueStore.withFileLock(KeyValueStore.kt:62)
	at maestro.cli.db.KeyValueStore.set(KeyValueStore.kt:20)
	at maestro.cli.session.SessionStore.heartbeat(SessionStore.kt:12)
	at maestro.cli.session.MaestroSessionManager.newSession$lambda$0(MaestroSessionManager.kt:98)
	at java.base/java.util.concurrent.Executors$RunnableAdapter.call(Executors.java:545)
	at java.base/java.util.concurrent.FutureTask.runAndReset(FutureTask.java:371)
	at java.base/java.util.concurrent.ScheduledThreadPoolExecutor$ScheduledFutureTask.run(ScheduledThreadPoolExecutor.java:310)
	at java.base/java.util.concurrent.ThreadPoolExecutor.runWorker(ThreadPoolExecutor.java:1090)
	at java.base/java.util.concurrent.ThreadPoolExecutor$Worker.run(ThreadPoolExecutor.java:614)
	at java.base/java.lang.Thread.run(Thread.java:1516)
14:57:12.337 [ INFO] maestro.cli.runner.MaestroCommandRunner.runCommands$lambda$10: Wait for animation to end within 3000 ms PENDING
14:57:16.185 [ERROR] maestro.cli.session.MaestroSessionManager.newSession$lambda$0: Failed to record heartbeat
java.io.IOException: The process cannot access the file because another process has locked a portion of the file
	at java.base/java.io.FileOutputStream.writeBytes(Native Method)
	at java.base/java.io.FileOutputStream.write(FileOutputStream.java:332)
	at kotlin.io.FilesKt__FileReadWriteKt.writeTextImpl(FileReadWrite.kt:160)
	at kotlin.io.FilesKt__FileReadWriteKt.writeText(FileReadWrite.kt:145)
	at kotlin.io.FilesKt__FileReadWriteKt.writeText$default(FileReadWrite.kt:144)
	at maestro.cli.db.KeyValueStore.commit(KeyValueStore.kt:50)
	at maestro.cli.db.KeyValueStore.set$lambda$3$lambda$2(KeyValueStore.kt:23)
	at maestro.cli.db.KeyValueStore.withFileLock(KeyValueStore.kt:62)
	at maestro.cli.db.KeyValueStore.set(KeyValueStore.kt:20)
	at maestro.cli.session.SessionStore.heartbeat(SessionStore.kt:12)
	at maestro.cli.session.MaestroSessionManager.newSession$lambda$0(MaestroSessionManager.kt:98)
	at java.base/java.util.concurrent.Executors$RunnableAdapter.call(Executors.java:545)
	at java.base/java.util.concurrent.FutureTask.runAndReset(FutureTask.java:371)
	at java.base/java.util.concurrent.ScheduledThreadPoolExecutor$ScheduledFutureTask.run(ScheduledThreadPoolExecutor.java:310)
	at java.base/java.util.concurrent.ThreadPoolExecutor.runWorker(ThreadPoolExecutor.java:1090)
	at java.base/java.util.concurrent.ThreadPoolExecutor$Worker.run(ThreadPoolExecutor.java:614)
	at java.base/java.lang.Thread.run(Thread.java:1516)
14:57:16.519 [ INFO] maestro.cli.runner.MaestroCommandRunner.runCommands$lambda$10: Run flow when "Dismiss" is visible PENDING
14:57:21.185 [ERROR] maestro.cli.session.MaestroSessionManager.newSession$lambda$0: Failed to record heartbeat
java.io.IOException: The process cannot access the file because another process has locked a portion of the file
	at java.base/java.io.FileOutputStream.writeBytes(Native Method)
	at java.base/java.io.FileOutputStream.write(FileOutputStream.java:332)
	at kotlin.io.FilesKt__FileReadWriteKt.writeTextImpl(FileReadWrite.kt:160)
	at kotlin.io.FilesKt__FileReadWriteKt.writeText(FileReadWrite.kt:145)
	at kotlin.io.FilesKt__FileReadWriteKt.writeText$default(FileReadWrite.kt:144)
	at maestro.cli.db.KeyValueStore.commit(KeyValueStore.kt:50)
	at maestro.cli.db.KeyValueStore.set$lambda$3$lambda$2(KeyValueStore.kt:23)
	at maestro.cli.db.KeyValueStore.withFileLock(KeyValueStore.kt:62)
	at maestro.cli.db.KeyValueStore.set(KeyValueStore.kt:20)
	at maestro.cli.session.SessionStore.heartbeat(SessionStore.kt:12)
	at maestro.cli.session.MaestroSessionManager.newSession$lambda$0(MaestroSessionManager.kt:98)
	at java.base/java.util.concurrent.Executors$RunnableAdapter.call(Executors.java:545)
	at java.base/java.util.concurrent.FutureTask.runAndReset(FutureTask.java:371)
	at java.base/java.util.concurrent.ScheduledThreadPoolExecutor$ScheduledFutureTask.run(ScheduledThreadPoolExecutor.java:310)
	at java.base/java.util.concurrent.ThreadPoolExecutor.runWorker(ThreadPoolExecutor.java:1090)
	at java.base/java.util.concurrent.ThreadPoolExecutor$Worker.run(ThreadPoolExecutor.java:614)
	at java.base/java.lang.Thread.run(Thread.java:1516)
14:57:22.165 [ INFO] maestro.cli.runner.MaestroCommandRunner.runCommands$lambda$10: Tap on "Dismiss" PENDING
14:57:26.184 [ERROR] maestro.cli.session.MaestroSessionManager.newSession$lambda$0: Failed to record heartbeat
java.io.IOException: The process cannot access the file because another process has locked a portion of the file
	at java.base/java.io.FileOutputStream.writeBytes(Native Method)
	at java.base/java.io.FileOutputStream.write(FileOutputStream.java:332)
	at kotlin.io.FilesKt__FileReadWriteKt.writeTextImpl(FileReadWrite.kt:160)
	at kotlin.io.FilesKt__FileReadWriteKt.writeText(FileReadWrite.kt:145)
	at kotlin.io.FilesKt__FileReadWriteKt.writeText$default(FileReadWrite.kt:144)
	at maestro.cli.db.KeyValueStore.commit(KeyValueStore.kt:50)
	at maestro.cli.db.KeyValueStore.set$lambda$3$lambda$2(KeyValueStore.kt:23)
	at maestro.cli.db.KeyValueStore.withFileLock(KeyValueStore.kt:62)
	at maestro.cli.db.KeyValueStore.set(KeyValueStore.kt:20)
	at maestro.cli.session.SessionStore.heartbeat(SessionStore.kt:12)
	at maestro.cli.session.MaestroSessionManager.newSession$lambda$0(MaestroSessionManager.kt:98)
	at java.base/java.util.concurrent.Executors$RunnableAdapter.call(Executors.java:545)
	at java.base/java.util.concurrent.FutureTask.runAndReset(FutureTask.java:371)
	at java.base/java.util.concurrent.ScheduledThreadPoolExecutor$ScheduledFutureTask.run(ScheduledThreadPoolExecutor.java:310)
	at java.base/java.util.concurrent.ThreadPoolExecutor.runWorker(ThreadPoolExecutor.java:1090)
	at java.base/java.util.concurrent.ThreadPoolExecutor$Worker.run(ThreadPoolExecutor.java:614)
	at java.base/java.lang.Thread.run(Thread.java:1516)
14:57:27.590 [ INFO] maestro.cli.runner.MaestroCommandRunner.runCommands$lambda$10: Wait for animation to end within 3000 ms PENDING
14:57:31.183 [ERROR] maestro.cli.session.MaestroSessionManager.newSession$lambda$0: Failed to record heartbeat
java.io.IOException: The process cannot access the file because another process has locked a portion of the file
	at java.base/java.io.FileOutputStream.writeBytes(Native Method)
	at java.base/java.io.FileOutputStream.write(FileOutputStream.java:332)
	at kotlin.io.FilesKt__FileReadWriteKt.writeTextImpl(FileReadWrite.kt:160)
	at kotlin.io.FilesKt__FileReadWriteKt.writeText(FileReadWrite.kt:145)
	at kotlin.io.FilesKt__FileReadWriteKt.writeText$default(FileReadWrite.kt:144)
	at maestro.cli.db.KeyValueStore.commit(KeyValueStore.kt:50)
	at maestro.cli.db.KeyValueStore.set$lambda$3$lambda$2(KeyValueStore.kt:23)
	at maestro.cli.db.KeyValueStore.withFileLock(KeyValueStore.kt:62)
	at maestro.cli.db.KeyValueStore.set(KeyValueStore.kt:20)
	at maestro.cli.session.SessionStore.heartbeat(SessionStore.kt:12)
	at maestro.cli.session.MaestroSessionManager.newSession$lambda$0(MaestroSessionManager.kt:98)
	at java.base/java.util.concurrent.Executors$RunnableAdapter.call(Executors.java:545)
	at java.base/java.util.concurrent.FutureTask.runAndReset(FutureTask.java:371)
	at java.base/java.util.concurrent.ScheduledThreadPoolExecutor$ScheduledFutureTask.run(ScheduledThreadPoolExecutor.java:310)
	at java.base/java.util.concurrent.ThreadPoolExecutor.runWorker(ThreadPoolExecutor.java:1090)
	at java.base/java.util.concurrent.ThreadPoolExecutor$Worker.run(ThreadPoolExecutor.java:614)
	at java.base/java.lang.Thread.run(Thread.java:1516)
14:57:32.058 [ INFO] maestro.cli.runner.MaestroCommandRunner.runCommands$lambda$10: Run flow when "Ok" is visible PENDING
14:57:36.186 [ERROR] maestro.cli.session.MaestroSessionManager.newSession$lambda$0: Failed to record heartbeat
java.io.IOException: The process cannot access the file because another process has locked a portion of the file
	at java.base/java.io.FileOutputStream.writeBytes(Native Method)
	at java.base/java.io.FileOutputStream.write(FileOutputStream.java:332)
	at kotlin.io.FilesKt__FileReadWriteKt.writeTextImpl(FileReadWrite.kt:160)
	at kotlin.io.FilesKt__FileReadWriteKt.writeText(FileReadWrite.kt:145)
	at kotlin.io.FilesKt__FileReadWriteKt.writeText$default(FileReadWrite.kt:144)
	at maestro.cli.db.KeyValueStore.commit(KeyValueStore.kt:50)
	at maestro.cli.db.KeyValueStore.set$lambda$3$lambda$2(KeyValueStore.kt:23)
	at maestro.cli.db.KeyValueStore.withFileLock(KeyValueStore.kt:62)
	at maestro.cli.db.KeyValueStore.set(KeyValueStore.kt:20)
	at maestro.cli.session.SessionStore.heartbeat(SessionStore.kt:12)
	at maestro.cli.session.MaestroSessionManager.newSession$lambda$0(MaestroSessionManager.kt:98)
	at java.base/java.util.concurrent.Executors$RunnableAdapter.call(Executors.java:545)
	at java.base/java.util.concurrent.FutureTask.runAndReset(FutureTask.java:371)
	at java.base/java.util.concurrent.ScheduledThreadPoolExecutor$ScheduledFutureTask.run(ScheduledThreadPoolExecutor.java:310)
	at java.base/java.util.concurrent.ThreadPoolExecutor.runWorker(ThreadPoolExecutor.java:1090)
	at java.base/java.util.concurrent.ThreadPoolExecutor$Worker.run(ThreadPoolExecutor.java:614)
	at java.base/java.lang.Thread.run(Thread.java:1516)
14:57:36.445 [ INFO] maestro.cli.runner.MaestroCommandRunner.runCommands$lambda$10: Run flow when "There's something wrong. Please try again later!" is visible PENDING
14:57:40.686 [ INFO] maestro.cli.runner.MaestroCommandRunner.runCommands$lambda$10: Run ${console.log('CLEAR-OVERLAYS OK-HANDLER: dismissing the ERROR dialog (there is something wrong / please try again later). If this line sits after a reservation, payment or signature step, the business outcome MUST be re-read from the product records before the run is called green.')} PENDING
14:57:41.187 [ERROR] maestro.cli.session.MaestroSessionManager.newSession$lambda$0: Failed to record heartbeat
java.io.IOException: The process cannot access the file because another process has locked a portion of the file
	at java.base/java.io.FileOutputStream.writeBytes(Native Method)
	at java.base/java.io.FileOutputStream.write(FileOutputStream.java:332)
	at kotlin.io.FilesKt__FileReadWriteKt.writeTextImpl(FileReadWrite.kt:160)
	at kotlin.io.FilesKt__FileReadWriteKt.writeText(FileReadWrite.kt:145)
	at kotlin.io.FilesKt__FileReadWriteKt.writeText$default(FileReadWrite.kt:144)
	at maestro.cli.db.KeyValueStore.commit(KeyValueStore.kt:50)
	at maestro.cli.db.KeyValueStore.set$lambda$3$lambda$2(KeyValueStore.kt:23)
	at maestro.cli.db.KeyValueStore.withFileLock(KeyValueStore.kt:62)
	at maestro.cli.db.KeyValueStore.set(KeyValueStore.kt:20)
	at maestro.cli.session.SessionStore.heartbeat(SessionStore.kt:12)
	at maestro.cli.session.MaestroSessionManager.newSession$lambda$0(MaestroSessionManager.kt:98)
	at java.base/java.util.concurrent.Executors$RunnableAdapter.call(Executors.java:545)
	at java.base/java.util.concurrent.FutureTask.runAndReset(FutureTask.java:371)
	at java.base/java.util.concurrent.ScheduledThreadPoolExecutor$ScheduledFutureTask.run(ScheduledThreadPoolExecutor.java:310)
	at java.base/java.util.concurrent.ThreadPoolExecutor.runWorker(ThreadPoolExecutor.java:1090)
	at java.base/java.util.concurrent.ThreadPoolExecutor$Worker.run(ThreadPoolExecutor.java:614)
	at java.base/java.lang.Thread.run(Thread.java:1516)
14:57:44.505 [ INFO] maestro.cli.runner.MaestroCommandRunner.runCommands$lambda$10: Run ${console.log('CLEAR-OVERLAYS OK-HANDLER: tapping Ok')} PENDING
14:57:46.187 [ERROR] maestro.cli.session.MaestroSessionManager.newSession$lambda$0: Failed to record heartbeat
java.io.IOException: The process cannot access the file because another process has locked a portion of the file
	at java.base/java.io.FileOutputStream.writeBytes(Native Method)
	at java.base/java.io.FileOutputStream.write(FileOutputStream.java:332)
	at kotlin.io.FilesKt__FileReadWriteKt.writeTextImpl(FileReadWrite.kt:160)
	at kotlin.io.FilesKt__FileReadWriteKt.writeText(FileReadWrite.kt:145)
	at kotlin.io.FilesKt__FileReadWriteKt.writeText$default(FileReadWrite.kt:144)
	at maestro.cli.db.KeyValueStore.commit(KeyValueStore.kt:50)
	at maestro.cli.db.KeyValueStore.set$lambda$3$lambda$2(KeyValueStore.kt:23)
	at maestro.cli.db.KeyValueStore.withFileLock(KeyValueStore.kt:62)
	at maestro.cli.db.KeyValueStore.set(KeyValueStore.kt:20)
	at maestro.cli.session.SessionStore.heartbeat(SessionStore.kt:12)
	at maestro.cli.session.MaestroSessionManager.newSession$lambda$0(MaestroSessionManager.kt:98)
	at java.base/java.util.concurrent.Executors$RunnableAdapter.call(Executors.java:545)
	at java.base/java.util.concurrent.FutureTask.runAndReset(FutureTask.java:371)
	at java.base/java.util.concurrent.ScheduledThreadPoolExecutor$ScheduledFutureTask.run(ScheduledThreadPoolExecutor.java:310)
	at java.base/java.util.concurrent.ThreadPoolExecutor.runWorker(ThreadPoolExecutor.java:1090)
	at java.base/java.util.concurrent.ThreadPoolExecutor$Worker.run(ThreadPoolExecutor.java:614)
	at java.base/java.lang.Thread.run(Thread.java:1516)
14:57:47.590 [ INFO] maestro.cli.runner.MaestroCommandRunner.runCommands$lambda$10: Tap on "Ok" PENDING
14:57:50.483 [ INFO] maestro.cli.runner.MaestroCommandRunner.runCommands$lambda$10: Wait for animation to end within 3000 ms PENDING
14:57:51.198 [ERROR] maestro.cli.session.MaestroSessionManager.newSession$lambda$0: Failed to record heartbeat
java.io.IOException: The process cannot access the file because another process has locked a portion of the file
	at java.base/java.io.FileOutputStream.writeBytes(Native Method)
	at java.base/java.io.FileOutputStream.write(FileOutputStream.java:332)
	at kotlin.io.FilesKt__FileReadWriteKt.writeTextImpl(FileReadWrite.kt:160)
	at kotlin.io.FilesKt__FileReadWriteKt.writeText(FileReadWrite.kt:145)
	at kotlin.io.FilesKt__FileReadWriteKt.writeText$default(FileReadWrite.kt:144)
	at maestro.cli.db.KeyValueStore.commit(KeyValueStore.kt:50)
	at maestro.cli.db.KeyValueStore.set$lambda$3$lambda$2(KeyValueStore.kt:23)
	at maestro.cli.db.KeyValueStore.withFileLock(KeyValueStore.kt:62)
	at maestro.cli.db.KeyValueStore.set(KeyValueStore.kt:20)
	at maestro.cli.session.SessionStore.heartbeat(SessionStore.kt:12)
	at maestro.cli.session.MaestroSessionManager.newSession$lambda$0(MaestroSessionManager.kt:98)
	at java.base/java.util.concurrent.Executors$RunnableAdapter.call(Executors.java:545)
	at java.base/java.util.concurrent.FutureTask.runAndReset(FutureTask.java:371)
	at java.base/java.util.concurrent.ScheduledThreadPoolExecutor$ScheduledFutureTask.run(ScheduledThreadPoolExecutor.java:310)
	at java.base/java.util.concurrent.ThreadPoolExecutor.runWorker(ThreadPoolExecutor.java:1090)
	at java.base/java.util.concurrent.ThreadPoolExecutor$Worker.run(ThreadPoolExecutor.java:614)
	at java.base/java.lang.Thread.run(Thread.java:1516)
14:57:54.803 [ INFO] maestro.cli.runner.MaestroCommandRunner.runCommands$lambda$10: Run flow when "Marketplace Day" is visible PENDING
14:57:56.187 [ERROR] maestro.cli.session.MaestroSessionManager.newSession$lambda$0: Failed to record heartbeat
java.io.IOException: The process cannot access the file because another process has locked a portion of the file
	at java.base/java.io.FileOutputStream.writeBytes(Native Method)
	at java.base/java.io.FileOutputStream.write(FileOutputStream.java:332)
	at kotlin.io.FilesKt__FileReadWriteKt.writeTextImpl(FileReadWrite.kt:160)
	at kotlin.io.FilesKt__FileReadWriteKt.writeText(FileReadWrite.kt:145)
	at kotlin.io.FilesKt__FileReadWriteKt.writeText$default(FileReadWrite.kt:144)
	at maestro.cli.db.KeyValueStore.commit(KeyValueStore.kt:50)
	at maestro.cli.db.KeyValueStore.set$lambda$3$lambda$2(KeyValueStore.kt:23)
	at maestro.cli.db.KeyValueStore.withFileLock(KeyValueStore.kt:62)
	at maestro.cli.db.KeyValueStore.set(KeyValueStore.kt:20)
	at maestro.cli.session.SessionStore.heartbeat(SessionStore.kt:12)
	at maestro.cli.session.MaestroSessionManager.newSession$lambda$0(MaestroSessionManager.kt:98)
	at java.base/java.util.concurrent.Executors$RunnableAdapter.call(Executors.java:545)
	at java.base/java.util.concurrent.FutureTask.runAndReset(FutureTask.java:371)
	at java.base/java.util.concurrent.ScheduledThreadPoolExecutor$ScheduledFutureTask.run(ScheduledThreadPoolExecutor.java:310)
	at java.base/java.util.concurrent.ThreadPoolExecutor.runWorker(ThreadPoolExecutor.java:1090)
	at java.base/java.util.concurrent.ThreadPoolExecutor$Worker.run(ThreadPoolExecutor.java:614)
	at java.base/java.lang.Thread.run(Thread.java:1516)
14:57:57.956 [ INFO] maestro.cli.runner.MaestroCommandRunner.runCommands$lambda$10: Press back PENDING
14:58:01.037 [ INFO] maestro.cli.runner.MaestroCommandRunner.runCommands$lambda$10: Wait for animation to end within 3000 ms PENDING
14:58:01.192 [ERROR] maestro.cli.session.MaestroSessionManager.newSession$lambda$0: Failed to record heartbeat
java.io.IOException: The process cannot access the file because another process has locked a portion of the file
	at java.base/java.io.FileOutputStream.writeBytes(Native Method)
	at java.base/java.io.FileOutputStream.write(FileOutputStream.java:332)
	at kotlin.io.FilesKt__FileReadWriteKt.writeTextImpl(FileReadWrite.kt:160)
	at kotlin.io.FilesKt__FileReadWriteKt.writeText(FileReadWrite.kt:145)
	at kotlin.io.FilesKt__FileReadWriteKt.writeText$default(FileReadWrite.kt:144)
	at maestro.cli.db.KeyValueStore.commit(KeyValueStore.kt:50)
	at maestro.cli.db.KeyValueStore.set$lambda$3$lambda$2(KeyValueStore.kt:23)
	at maestro.cli.db.KeyValueStore.withFileLock(KeyValueStore.kt:62)
	at maestro.cli.db.KeyValueStore.set(KeyValueStore.kt:20)
	at maestro.cli.session.SessionStore.heartbeat(SessionStore.kt:12)
	at maestro.cli.session.MaestroSessionManager.newSession$lambda$0(MaestroSessionManager.kt:98)
	at java.base/java.util.concurrent.Executors$RunnableAdapter.call(Executors.java:545)
	at java.base/java.util.concurrent.FutureTask.runAndReset(FutureTask.java:371)
	at java.base/java.util.concurrent.ScheduledThreadPoolExecutor$ScheduledFutureTask.run(ScheduledThreadPoolExecutor.java:310)
	at java.base/java.util.concurrent.ThreadPoolExecutor.runWorker(ThreadPoolExecutor.java:1090)
	at java.base/java.util.concurrent.ThreadPoolExecutor$Worker.run(ThreadPoolExecutor.java:614)
	at java.base/java.lang.Thread.run(Thread.java:1516)
14:58:05.703 [ INFO] maestro.cli.runner.MaestroCommandRunner.runCommands$lambda$10: Run flow when "Start comparing properties" is visible PENDING
14:58:06.185 [ERROR] maestro.cli.session.MaestroSessionManager.newSession$lambda$0: Failed to record heartbeat
java.io.IOException: The process cannot access the file because another process has locked a portion of the file
	at java.base/java.io.FileOutputStream.writeBytes(Native Method)
	at java.base/java.io.FileOutputStream.write(FileOutputStream.java:332)
	at kotlin.io.FilesKt__FileReadWriteKt.writeTextImpl(FileReadWrite.kt:160)
	at kotlin.io.FilesKt__FileReadWriteKt.writeText(FileReadWrite.kt:145)
	at kotlin.io.FilesKt__FileReadWriteKt.writeText$default(FileReadWrite.kt:144)
	at maestro.cli.db.KeyValueStore.commit(KeyValueStore.kt:50)
	at maestro.cli.db.KeyValueStore.set$lambda$3$lambda$2(KeyValueStore.kt:23)
	at maestro.cli.db.KeyValueStore.withFileLock(KeyValueStore.kt:62)
	at maestro.cli.db.KeyValueStore.set(KeyValueStore.kt:20)
	at maestro.cli.session.SessionStore.heartbeat(SessionStore.kt:12)
	at maestro.cli.session.MaestroSessionManager.newSession$lambda$0(MaestroSessionManager.kt:98)
	at java.base/java.util.concurrent.Executors$RunnableAdapter.call(Executors.java:545)
	at java.base/java.util.concurrent.FutureTask.runAndReset(FutureTask.java:371)
	at java.base/java.util.concurrent.ScheduledThreadPoolExecutor$ScheduledFutureTask.run(ScheduledThreadPoolExecutor.java:310)
	at java.base/java.util.concurrent.ThreadPoolExecutor.runWorker(ThreadPoolExecutor.java:1090)
	at java.base/java.util.concurrent.ThreadPoolExecutor$Worker.run(ThreadPoolExecutor.java:614)
	at java.base/java.lang.Thread.run(Thread.java:1516)
14:58:08.723 [ INFO] maestro.cli.runner.MaestroCommandRunner.runCommands$lambda$10: Press back PENDING
14:58:11.196 [ERROR] maestro.cli.session.MaestroSessionManager.newSession$lambda$0: Failed to record heartbeat
java.io.IOException: The process cannot access the file because another process has locked a portion of the file
	at java.base/java.io.FileOutputStream.writeBytes(Native Method)
	at java.base/java.io.FileOutputStream.write(FileOutputStream.java:332)
	at kotlin.io.FilesKt__FileReadWriteKt.writeTextImpl(FileReadWrite.kt:160)
	at kotlin.io.FilesKt__FileReadWriteKt.writeText(FileReadWrite.kt:145)
	at kotlin.io.FilesKt__FileReadWriteKt.writeText$default(FileReadWrite.kt:144)
	at maestro.cli.db.KeyValueStore.commit(KeyValueStore.kt:50)
	at maestro.cli.db.KeyValueStore.set$lambda$3$lambda$2(KeyValueStore.kt:23)
	at maestro.cli.db.KeyValueStore.withFileLock(KeyValueStore.kt:62)
	at maestro.cli.db.KeyValueStore.set(KeyValueStore.kt:20)
	at maestro.cli.session.SessionStore.heartbeat(SessionStore.kt:12)
	at maestro.cli.session.MaestroSessionManager.newSession$lambda$0(MaestroSessionManager.kt:98)
	at java.base/java.util.concurrent.Executors$RunnableAdapter.call(Executors.java:545)
	at java.base/java.util.concurrent.FutureTask.runAndReset(FutureTask.java:371)
	at java.base/java.util.concurrent.ScheduledThreadPoolExecutor$ScheduledFutureTask.run(ScheduledThreadPoolExecutor.java:310)
	at java.base/java.util.concurrent.ThreadPoolExecutor.runWorker(ThreadPoolExecutor.java:1090)
	at java.base/java.util.concurrent.ThreadPoolExecutor$Worker.run(ThreadPoolExecutor.java:614)
	at java.base/java.lang.Thread.run(Thread.java:1516)
14:58:11.885 [ INFO] maestro.cli.runner.MaestroCommandRunner.runCommands$lambda$10: Wait for animation to end within 3000 ms PENDING
14:58:14.992 [ INFO] maestro.cli.runner.MaestroCommandRunner.runCommands$lambda$10: Run flow when "Go to the weekly (offer|deal)" is visible PENDING
14:58:16.183 [ERROR] maestro.cli.session.MaestroSessionManager.newSession$lambda$0: Failed to record heartbeat
java.io.IOException: The process cannot access the file because another process has locked a portion of the file
	at java.base/java.io.FileOutputStream.writeBytes(Native Method)
	at java.base/java.io.FileOutputStream.write(FileOutputStream.java:332)
	at kotlin.io.FilesKt__FileReadWriteKt.writeTextImpl(FileReadWrite.kt:160)
	at kotlin.io.FilesKt__FileReadWriteKt.writeText(FileReadWrite.kt:145)
	at kotlin.io.FilesKt__FileReadWriteKt.writeText$default(FileReadWrite.kt:144)
	at maestro.cli.db.KeyValueStore.commit(KeyValueStore.kt:50)
	at maestro.cli.db.KeyValueStore.set$lambda$3$lambda$2(KeyValueStore.kt:23)
	at maestro.cli.db.KeyValueStore.withFileLock(KeyValueStore.kt:62)
	at maestro.cli.db.KeyValueStore.set(KeyValueStore.kt:20)
	at maestro.cli.session.SessionStore.heartbeat(SessionStore.kt:12)
	at maestro.cli.session.MaestroSessionManager.newSession$lambda$0(MaestroSessionManager.kt:98)
	at java.base/java.util.concurrent.Executors$RunnableAdapter.call(Executors.java:545)
	at java.base/java.util.concurrent.FutureTask.runAndReset(FutureTask.java:371)
	at java.base/java.util.concurrent.ScheduledThreadPoolExecutor$ScheduledFutureTask.run(ScheduledThreadPoolExecutor.java:310)
	at java.base/java.util.concurrent.ThreadPoolExecutor.runWorker(ThreadPoolExecutor.java:1090)
	at java.base/java.util.concurrent.ThreadPoolExecutor$Worker.run(ThreadPoolExecutor.java:614)
	at java.base/java.lang.Thread.run(Thread.java:1516)
14:58:17.958 [ INFO] maestro.cli.runner.MaestroCommandRunner.runCommands$lambda$10: Press back PENDING
14:58:20.390 [ INFO] maestro.cli.runner.MaestroCommandRunner.runCommands$lambda$10: Wait for animation to end within 3000 ms PENDING
14:58:21.185 [ERROR] maestro.cli.session.MaestroSessionManager.newSession$lambda$0: Failed to record heartbeat
java.io.IOException: The process cannot access the file because another process has locked a portion of the file
	at java.base/java.io.FileOutputStream.writeBytes(Native Method)
	at java.base/java.io.FileOutputStream.write(FileOutputStream.java:332)
	at kotlin.io.FilesKt__FileReadWriteKt.writeTextImpl(FileReadWrite.kt:160)
	at kotlin.io.FilesKt__FileReadWriteKt.writeText(FileReadWrite.kt:145)
	at kotlin.io.FilesKt__FileReadWriteKt.writeText$default(FileReadWrite.kt:144)
	at maestro.cli.db.KeyValueStore.commit(KeyValueStore.kt:50)
	at maestro.cli.db.KeyValueStore.set$lambda$3$lambda$2(KeyValueStore.kt:23)
	at maestro.cli.db.KeyValueStore.withFileLock(KeyValueStore.kt:62)
	at maestro.cli.db.KeyValueStore.set(KeyValueStore.kt:20)
	at maestro.cli.session.SessionStore.heartbeat(SessionStore.kt:12)
	at maestro.cli.session.MaestroSessionManager.newSession$lambda$0(MaestroSessionManager.kt:98)
	at java.base/java.util.concurrent.Executors$RunnableAdapter.call(Executors.java:545)
	at java.base/java.util.concurrent.FutureTask.runAndReset(FutureTask.java:371)
	at java.base/java.util.concurrent.ScheduledThreadPoolExecutor$ScheduledFutureTask.run(ScheduledThreadPoolExecutor.java:310)
	at java.base/java.util.concurrent.ThreadPoolExecutor.runWorker(ThreadPoolExecutor.java:1090)
	at java.base/java.util.concurrent.ThreadPoolExecutor$Worker.run(ThreadPoolExecutor.java:614)
	at java.base/java.lang.Thread.run(Thread.java:1516)
14:58:24.945 [ INFO] maestro.cli.runner.MaestroCommandRunner.runCommands$lambda$10: Run flow when "Update email" is visible PENDING
14:58:26.183 [ERROR] maestro.cli.session.MaestroSessionManager.newSession$lambda$0: Failed to record heartbeat
java.io.IOException: The process cannot access the file because another process has locked a portion of the file
	at java.base/java.io.FileOutputStream.writeBytes(Native Method)
	at java.base/java.io.FileOutputStream.write(FileOutputStream.java:332)
	at kotlin.io.FilesKt__FileReadWriteKt.writeTextImpl(FileReadWrite.kt:160)
	at kotlin.io.FilesKt__FileReadWriteKt.writeText(FileReadWrite.kt:145)
	at kotlin.io.FilesKt__FileReadWriteKt.writeText$default(FileReadWrite.kt:144)
	at maestro.cli.db.KeyValueStore.commit(KeyValueStore.kt:50)
	at maestro.cli.db.KeyValueStore.set$lambda$3$lambda$2(KeyValueStore.kt:23)
	at maestro.cli.db.KeyValueStore.withFileLock(KeyValueStore.kt:62)
	at maestro.cli.db.KeyValueStore.set(KeyValueStore.kt:20)
	at maestro.cli.session.SessionStore.heartbeat(SessionStore.kt:12)
	at maestro.cli.session.MaestroSessionManager.newSession$lambda$0(MaestroSessionManager.kt:98)
	at java.base/java.util.concurrent.Executors$RunnableAdapter.call(Executors.java:545)
	at java.base/java.util.concurrent.FutureTask.runAndReset(FutureTask.java:371)
	at java.base/java.util.concurrent.ScheduledThreadPoolExecutor$ScheduledFutureTask.run(ScheduledThreadPoolExecutor.java:310)
	at java.base/java.util.concurrent.ThreadPoolExecutor.runWorker(ThreadPoolExecutor.java:1090)
	at java.base/java.util.concurrent.ThreadPoolExecutor$Worker.run(ThreadPoolExecutor.java:614)
	at java.base/java.lang.Thread.run(Thread.java:1516)
14:58:28.635 [ INFO] maestro.cli.runner.MaestroCommandRunner.runCommands$lambda$10: Press back PENDING
14:58:31.192 [ERROR] maestro.cli.session.MaestroSessionManager.newSession$lambda$0: Failed to record heartbeat
java.io.IOException: The process cannot access the file because another process has locked a portion of the file
	at java.base/java.io.FileOutputStream.writeBytes(Native Method)
	at java.base/java.io.FileOutputStream.write(FileOutputStream.java:332)
	at kotlin.io.FilesKt__FileReadWriteKt.writeTextImpl(FileReadWrite.kt:160)
	at kotlin.io.FilesKt__FileReadWriteKt.writeText(FileReadWrite.kt:145)
	at kotlin.io.FilesKt__FileReadWriteKt.writeText$default(FileReadWrite.kt:144)
	at maestro.cli.db.KeyValueStore.commit(KeyValueStore.kt:50)
	at maestro.cli.db.KeyValueStore.set$lambda$3$lambda$2(KeyValueStore.kt:23)
	at maestro.cli.db.KeyValueStore.withFileLock(KeyValueStore.kt:62)
	at maestro.cli.db.KeyValueStore.set(KeyValueStore.kt:20)
	at maestro.cli.session.SessionStore.heartbeat(SessionStore.kt:12)
	at maestro.cli.session.MaestroSessionManager.newSession$lambda$0(MaestroSessionManager.kt:98)
	at java.base/java.util.concurrent.Executors$RunnableAdapter.call(Executors.java:545)
	at java.base/java.util.concurrent.FutureTask.runAndReset(FutureTask.java:371)
	at java.base/java.util.concurrent.ScheduledThreadPoolExecutor$ScheduledFutureTask.run(ScheduledThreadPoolExecutor.java:310)
	at java.base/java.util.concurrent.ThreadPoolExecutor.runWorker(ThreadPoolExecutor.java:1090)
	at java.base/java.util.concurrent.ThreadPoolExecutor$Worker.run(ThreadPoolExecutor.java:614)
	at java.base/java.lang.Thread.run(Thread.java:1516)
14:58:31.926 [ INFO] maestro.cli.runner.MaestroCommandRunner.runCommands$lambda$10: Wait for animation to end within 3000 ms PENDING
14:58:36.144 [ INFO] maestro.cli.runner.MaestroCommandRunner.runCommands$lambda$10: Run flow when "Number and Email Already Linked" is visible PENDING
14:58:36.199 [ERROR] maestro.cli.session.MaestroSessionManager.newSession$lambda$0: Failed to record heartbeat
java.io.IOException: The process cannot access the file because another process has locked a portion of the file
	at java.base/java.io.FileOutputStream.writeBytes(Native Method)
	at java.base/java.io.FileOutputStream.write(FileOutputStream.java:332)
	at kotlin.io.FilesKt__FileReadWriteKt.writeTextImpl(FileReadWrite.kt:160)
	at kotlin.io.FilesKt__FileReadWriteKt.writeText(FileReadWrite.kt:145)
	at kotlin.io.FilesKt__FileReadWriteKt.writeText$default(FileReadWrite.kt:144)
	at maestro.cli.db.KeyValueStore.commit(KeyValueStore.kt:50)
	at maestro.cli.db.KeyValueStore.set$lambda$3$lambda$2(KeyValueStore.kt:23)
	at maestro.cli.db.KeyValueStore.withFileLock(KeyValueStore.kt:62)
	at maestro.cli.db.KeyValueStore.set(KeyValueStore.kt:20)
	at maestro.cli.session.SessionStore.heartbeat(SessionStore.kt:12)
	at maestro.cli.session.MaestroSessionManager.newSession$lambda$0(MaestroSessionManager.kt:98)
	at java.base/java.util.concurrent.Executors$RunnableAdapter.call(Executors.java:545)
	at java.base/java.util.concurrent.FutureTask.runAndReset(FutureTask.java:371)
	at java.base/java.util.concurrent.ScheduledThreadPoolExecutor$ScheduledFutureTask.run(ScheduledThreadPoolExecutor.java:310)
	at java.base/java.util.concurrent.ThreadPoolExecutor.runWorker(ThreadPoolExecutor.java:1090)
	at java.base/java.util.concurrent.ThreadPoolExecutor$Worker.run(ThreadPoolExecutor.java:614)
	at java.base/java.lang.Thread.run(Thread.java:1516)
14:58:39.553 [ INFO] maestro.cli.runner.MaestroCommandRunner.runCommands$lambda$10: Tap on point (7%,9%) PENDING
14:58:41.194 [ERROR] maestro.cli.session.MaestroSessionManager.newSession$lambda$0: Failed to record heartbeat
java.io.IOException: The process cannot access the file because another process has locked a portion of the file
	at java.base/java.io.FileOutputStream.writeBytes(Native Method)
	at java.base/java.io.FileOutputStream.write(FileOutputStream.java:332)
	at kotlin.io.FilesKt__FileReadWriteKt.writeTextImpl(FileReadWrite.kt:160)
	at kotlin.io.FilesKt__FileReadWriteKt.writeText(FileReadWrite.kt:145)
	at kotlin.io.FilesKt__FileReadWriteKt.writeText$default(FileReadWrite.kt:144)
	at maestro.cli.db.KeyValueStore.commit(KeyValueStore.kt:50)
	at maestro.cli.db.KeyValueStore.set$lambda$3$lambda$2(KeyValueStore.kt:23)
	at maestro.cli.db.KeyValueStore.withFileLock(KeyValueStore.kt:62)
	at maestro.cli.db.KeyValueStore.set(KeyValueStore.kt:20)
	at maestro.cli.session.SessionStore.heartbeat(SessionStore.kt:12)
	at maestro.cli.session.MaestroSessionManager.newSession$lambda$0(MaestroSessionManager.kt:98)
	at java.base/java.util.concurrent.Executors$RunnableAdapter.call(Executors.java:545)
	at java.base/java.util.concurrent.FutureTask.runAndReset(FutureTask.java:371)
	at java.base/java.util.concurrent.ScheduledThreadPoolExecutor$ScheduledFutureTask.run(ScheduledThreadPoolExecutor.java:310)
	at java.base/java.util.concurrent.ThreadPoolExecutor.runWorker(ThreadPoolExecutor.java:1090)
	at java.base/java.util.concurrent.ThreadPoolExecutor$Worker.run(ThreadPoolExecutor.java:614)
	at java.base/java.lang.Thread.run(Thread.java:1516)
14:58:42.484 [ INFO] maestro.cli.runner.MaestroCommandRunner.runCommands$lambda$10: Wait for animation to end within 4000 ms PENDING
14:58:45.638 [ INFO] maestro.cli.runner.MaestroCommandRunner.runCommands$lambda$10: Run flow when "(?s).*would you recommend benefiting from Sakani.*" is visible PENDING
14:58:46.184 [ERROR] maestro.cli.session.MaestroSessionManager.newSession$lambda$0: Failed to record heartbeat
java.io.IOException: The process cannot access the file because another process has locked a portion of the file
	at java.base/java.io.FileOutputStream.writeBytes(Native Method)
	at java.base/java.io.FileOutputStream.write(FileOutputStream.java:332)
	at kotlin.io.FilesKt__FileReadWriteKt.writeTextImpl(FileReadWrite.kt:160)
	at kotlin.io.FilesKt__FileReadWriteKt.writeText(FileReadWrite.kt:145)
	at kotlin.io.FilesKt__FileReadWriteKt.writeText$default(FileReadWrite.kt:144)
	at maestro.cli.db.KeyValueStore.commit(KeyValueStore.kt:50)
	at maestro.cli.db.KeyValueStore.set$lambda$3$lambda$2(KeyValueStore.kt:23)
	at maestro.cli.db.KeyValueStore.withFileLock(KeyValueStore.kt:62)
	at maestro.cli.db.KeyValueStore.set(KeyValueStore.kt:20)
	at maestro.cli.session.SessionStore.heartbeat(SessionStore.kt:12)
	at maestro.cli.session.MaestroSessionManager.newSession$lambda$0(MaestroSessionManager.kt:98)
	at java.base/java.util.concurrent.Executors$RunnableAdapter.call(Executors.java:545)
	at java.base/java.util.concurrent.FutureTask.runAndReset(FutureTask.java:371)
	at java.base/java.util.concurrent.ScheduledThreadPoolExecutor$ScheduledFutureTask.run(ScheduledThreadPoolExecutor.java:310)
	at java.base/java.util.concurrent.ThreadPoolExecutor.runWorker(ThreadPoolExecutor.java:1090)
	at java.base/java.util.concurrent.ThreadPoolExecutor$Worker.run(ThreadPoolExecutor.java:614)
	at java.base/java.lang.Thread.run(Thread.java:1516)
14:58:48.744 [ INFO] maestro.cli.runner.MaestroCommandRunner.runCommands$lambda$10: Run flow when "(?s)(.*There.s something wrong.*|.*the service is down.*|Error!)" is not visible PENDING
14:58:51.185 [ERROR] maestro.cli.session.MaestroSessionManager.newSession$lambda$0: Failed to record heartbeat
java.io.IOException: The process cannot access the file because another process has locked a portion of the file
	at java.base/java.io.FileOutputStream.writeBytes(Native Method)
	at java.base/java.io.FileOutputStream.write(FileOutputStream.java:332)
	at kotlin.io.FilesKt__FileReadWriteKt.writeTextImpl(FileReadWrite.kt:160)
	at kotlin.io.FilesKt__FileReadWriteKt.writeText(FileReadWrite.kt:145)
	at kotlin.io.FilesKt__FileReadWriteKt.writeText$default(FileReadWrite.kt:144)
	at maestro.cli.db.KeyValueStore.commit(KeyValueStore.kt:50)
	at maestro.cli.db.KeyValueStore.set$lambda$3$lambda$2(KeyValueStore.kt:23)
	at maestro.cli.db.KeyValueStore.withFileLock(KeyValueStore.kt:62)
	at maestro.cli.db.KeyValueStore.set(KeyValueStore.kt:20)
	at maestro.cli.session.SessionStore.heartbeat(SessionStore.kt:12)
	at maestro.cli.session.MaestroSessionManager.newSession$lambda$0(MaestroSessionManager.kt:98)
	at java.base/java.util.concurrent.Executors$RunnableAdapter.call(Executors.java:545)
	at java.base/java.util.concurrent.FutureTask.runAndReset(FutureTask.java:371)
	at java.base/java.util.concurrent.ScheduledThreadPoolExecutor$ScheduledFutureTask.run(ScheduledThreadPoolExecutor.java:310)
	at java.base/java.util.concurrent.ThreadPoolExecutor.runWorker(ThreadPoolExecutor.java:1090)
	at java.base/java.util.concurrent.ThreadPoolExecutor$Worker.run(ThreadPoolExecutor.java:614)
	at java.base/java.lang.Thread.run(Thread.java:1516)
14:58:51.495 [ INFO] maestro.cli.runner.MaestroCommandRunner.runCommands$lambda$10: Swipe from (50%,58%) to (50%,99%) in 400 ms PENDING
14:58:54.338 [ INFO] maestro.cli.runner.MaestroCommandRunner.runCommands$lambda$10: Wait for animation to end within 4000 ms PENDING
14:58:56.183 [ERROR] maestro.cli.session.MaestroSessionManager.newSession$lambda$0: Failed to record heartbeat
java.io.IOException: The process cannot access the file because another process has locked a portion of the file
	at java.base/java.io.FileOutputStream.writeBytes(Native Method)
	at java.base/java.io.FileOutputStream.write(FileOutputStream.java:332)
	at kotlin.io.FilesKt__FileReadWriteKt.writeTextImpl(FileReadWrite.kt:160)
	at kotlin.io.FilesKt__FileReadWriteKt.writeText(FileReadWrite.kt:145)
	at kotlin.io.FilesKt__FileReadWriteKt.writeText$default(FileReadWrite.kt:144)
	at maestro.cli.db.KeyValueStore.commit(KeyValueStore.kt:50)
	at maestro.cli.db.KeyValueStore.set$lambda$3$lambda$2(KeyValueStore.kt:23)
	at maestro.cli.db.KeyValueStore.withFileLock(KeyValueStore.kt:62)
	at maestro.cli.db.KeyValueStore.set(KeyValueStore.kt:20)
	at maestro.cli.session.SessionStore.heartbeat(SessionStore.kt:12)
	at maestro.cli.session.MaestroSessionManager.newSession$lambda$0(MaestroSessionManager.kt:98)
	at java.base/java.util.concurrent.Executors$RunnableAdapter.call(Executors.java:545)
	at java.base/java.util.concurrent.FutureTask.runAndReset(FutureTask.java:371)
	at java.base/java.util.concurrent.ScheduledThreadPoolExecutor$ScheduledFutureTask.run(ScheduledThreadPoolExecutor.java:310)
	at java.base/java.util.concurrent.ThreadPoolExecutor.runWorker(ThreadPoolExecutor.java:1090)
	at java.base/java.util.concurrent.ThreadPoolExecutor$Worker.run(ThreadPoolExecutor.java:614)
	at java.base/java.lang.Thread.run(Thread.java:1516)
14:58:57.194 [ INFO] maestro.cli.runner.MaestroCommandRunner.runCommands$lambda$10: Run flow when "Maybe Later" is visible PENDING
14:59:00.044 [ INFO] maestro.cli.runner.MaestroCommandRunner.runCommands$lambda$10: Tap on "Maybe Later" PENDING
14:59:01.183 [ERROR] maestro.cli.session.MaestroSessionManager.newSession$lambda$0: Failed to record heartbeat
java.io.IOException: The process cannot access the file because another process has locked a portion of the file
	at java.base/java.io.FileOutputStream.writeBytes(Native Method)
	at java.base/java.io.FileOutputStream.write(FileOutputStream.java:332)
	at kotlin.io.FilesKt__FileReadWriteKt.writeTextImpl(FileReadWrite.kt:160)
	at kotlin.io.FilesKt__FileReadWriteKt.writeText(FileReadWrite.kt:145)
	at kotlin.io.FilesKt__FileReadWriteKt.writeText$default(FileReadWrite.kt:144)
	at maestro.cli.db.KeyValueStore.commit(KeyValueStore.kt:50)
	at maestro.cli.db.KeyValueStore.set$lambda$3$lambda$2(KeyValueStore.kt:23)
	at maestro.cli.db.KeyValueStore.withFileLock(KeyValueStore.kt:62)
	at maestro.cli.db.KeyValueStore.set(KeyValueStore.kt:20)
	at maestro.cli.session.SessionStore.heartbeat(SessionStore.kt:12)
	at maestro.cli.session.MaestroSessionManager.newSession$lambda$0(MaestroSessionManager.kt:98)
	at java.base/java.util.concurrent.Executors$RunnableAdapter.call(Executors.java:545)
	at java.base/java.util.concurrent.FutureTask.runAndReset(FutureTask.java:371)
	at java.base/java.util.concurrent.ScheduledThreadPoolExecutor$ScheduledFutureTask.run(ScheduledThreadPoolExecutor.java:310)
	at java.base/java.util.concurrent.ThreadPoolExecutor.runWorker(ThreadPoolExecutor.java:1090)
	at java.base/java.util.concurrent.ThreadPoolExecutor$Worker.run(ThreadPoolExecutor.java:614)
	at java.base/java.lang.Thread.run(Thread.java:1516)
14:59:02.912 [ INFO] maestro.cli.runner.MaestroCommandRunner.runCommands$lambda$10: Wait for animation to end within 3000 ms PENDING
14:59:05.935 [ INFO] maestro.cli.runner.MaestroCommandRunner.runCommands$lambda$10: Run flow when "Reject cookies" is visible PENDING
14:59:06.184 [ERROR] maestro.cli.session.MaestroSessionManager.newSession$lambda$0: Failed to record heartbeat
java.io.IOException: The process cannot access the file because another process has locked a portion of the file
	at java.base/java.io.FileOutputStream.writeBytes(Native Method)
	at java.base/java.io.FileOutputStream.write(FileOutputStream.java:332)
	at kotlin.io.FilesKt__FileReadWriteKt.writeTextImpl(FileReadWrite.kt:160)
	at kotlin.io.FilesKt__FileReadWriteKt.writeText(FileReadWrite.kt:145)
	at kotlin.io.FilesKt__FileReadWriteKt.writeText$default(FileReadWrite.kt:144)
	at maestro.cli.db.KeyValueStore.commit(KeyValueStore.kt:50)
	at maestro.cli.db.KeyValueStore.set$lambda$3$lambda$2(KeyValueStore.kt:23)
	at maestro.cli.db.KeyValueStore.withFileLock(KeyValueStore.kt:62)
	at maestro.cli.db.KeyValueStore.set(KeyValueStore.kt:20)
	at maestro.cli.session.SessionStore.heartbeat(SessionStore.kt:12)
	at maestro.cli.session.MaestroSessionManager.newSession$lambda$0(MaestroSessionManager.kt:98)
	at java.base/java.util.concurrent.Executors$RunnableAdapter.call(Executors.java:545)
	at java.base/java.util.concurrent.FutureTask.runAndReset(FutureTask.java:371)
	at java.base/java.util.concurrent.ScheduledThreadPoolExecutor$ScheduledFutureTask.run(ScheduledThreadPoolExecutor.java:310)
	at java.base/java.util.concurrent.ThreadPoolExecutor.runWorker(ThreadPoolExecutor.java:1090)
	at java.base/java.util.concurrent.ThreadPoolExecutor$Worker.run(ThreadPoolExecutor.java:614)
	at java.base/java.lang.Thread.run(Thread.java:1516)
14:59:09.139 [ INFO] maestro.cli.runner.MaestroCommandRunner.runCommands$lambda$10: Tap on "Reject cookies" PENDING
14:59:11.187 [ERROR] maestro.cli.session.MaestroSessionManager.newSession$lambda$0: Failed to record heartbeat
java.io.IOException: The process cannot access the file because another process has locked a portion of the file
	at java.base/java.io.FileOutputStream.writeBytes(Native Method)
	at java.base/java.io.FileOutputStream.write(FileOutputStream.java:332)
	at kotlin.io.FilesKt__FileReadWriteKt.writeTextImpl(FileReadWrite.kt:160)
	at kotlin.io.FilesKt__FileReadWriteKt.writeText(FileReadWrite.kt:145)
	at kotlin.io.FilesKt__FileReadWriteKt.writeText$default(FileReadWrite.kt:144)
	at maestro.cli.db.KeyValueStore.commit(KeyValueStore.kt:50)
	at maestro.cli.db.KeyValueStore.set$lambda$3$lambda$2(KeyValueStore.kt:23)
	at maestro.cli.db.KeyValueStore.withFileLock(KeyValueStore.kt:62)
	at maestro.cli.db.KeyValueStore.set(KeyValueStore.kt:20)
	at maestro.cli.session.SessionStore.heartbeat(SessionStore.kt:12)
	at maestro.cli.session.MaestroSessionManager.newSession$lambda$0(MaestroSessionManager.kt:98)
	at java.base/java.util.concurrent.Executors$RunnableAdapter.call(Executors.java:545)
	at java.base/java.util.concurrent.FutureTask.runAndReset(FutureTask.java:371)
	at java.base/java.util.concurrent.ScheduledThreadPoolExecutor$ScheduledFutureTask.run(ScheduledThreadPoolExecutor.java:310)
	at java.base/java.util.concurrent.ThreadPoolExecutor.runWorker(ThreadPoolExecutor.java:1090)
	at java.base/java.util.concurrent.ThreadPoolExecutor$Worker.run(ThreadPoolExecutor.java:614)
	at java.base/java.lang.Thread.run(Thread.java:1516)
14:59:12.181 [ INFO] maestro.cli.runner.MaestroCommandRunner.runCommands$lambda$10: Wait for animation to end within 4000 ms PENDING
14:59:15.156 [ INFO] maestro.cli.runner.MaestroCommandRunner.runCommands$lambda$10: Run flow when "${ANCHOR}" is not visible PENDING
14:59:16.183 [ERROR] maestro.cli.session.MaestroSessionManager.newSession$lambda$0: Failed to record heartbeat
java.io.IOException: The process cannot access the file because another process has locked a portion of the file
	at java.base/java.io.FileOutputStream.writeBytes(Native Method)
	at java.base/java.io.FileOutputStream.write(FileOutputStream.java:332)
	at kotlin.io.FilesKt__FileReadWriteKt.writeTextImpl(FileReadWrite.kt:160)
	at kotlin.io.FilesKt__FileReadWriteKt.writeText(FileReadWrite.kt:145)
	at kotlin.io.FilesKt__FileReadWriteKt.writeText$default(FileReadWrite.kt:144)
	at maestro.cli.db.KeyValueStore.commit(KeyValueStore.kt:50)
	at maestro.cli.db.KeyValueStore.set$lambda$3$lambda$2(KeyValueStore.kt:23)
	at maestro.cli.db.KeyValueStore.withFileLock(KeyValueStore.kt:62)
	at maestro.cli.db.KeyValueStore.set(KeyValueStore.kt:20)
	at maestro.cli.session.SessionStore.heartbeat(SessionStore.kt:12)
	at maestro.cli.session.MaestroSessionManager.newSession$lambda$0(MaestroSessionManager.kt:98)
	at java.base/java.util.concurrent.Executors$RunnableAdapter.call(Executors.java:545)
	at java.base/java.util.concurrent.FutureTask.runAndReset(FutureTask.java:371)
	at java.base/java.util.concurrent.ScheduledThreadPoolExecutor$ScheduledFutureTask.run(ScheduledThreadPoolExecutor.java:310)
	at java.base/java.util.concurrent.ThreadPoolExecutor.runWorker(ThreadPoolExecutor.java:1090)
	at java.base/java.util.concurrent.ThreadPoolExecutor$Worker.run(ThreadPoolExecutor.java:614)
	at java.base/java.lang.Thread.run(Thread.java:1516)
14:59:17.810 [ INFO] maestro.cli.runner.MaestroCommandRunner.runCommands$lambda$10: Wait for animation to end within 5000 ms PENDING
14:59:20.125 [ INFO] maestro.cli.runner.MaestroCommandRunner.runCommands$lambda$0: Run flow when "Don.t allow" is visible RUNNING
14:59:21.183 [ERROR] maestro.cli.session.MaestroSessionManager.newSession$lambda$0: Failed to record heartbeat
java.io.IOException: The process cannot access the file because another process has locked a portion of the file
	at java.base/java.io.FileOutputStream.writeBytes(Native Method)
	at java.base/java.io.FileOutputStream.write(FileOutputStream.java:332)
	at kotlin.io.FilesKt__FileReadWriteKt.writeTextImpl(FileReadWrite.kt:160)
	at kotlin.io.FilesKt__FileReadWriteKt.writeText(FileReadWrite.kt:145)
	at kotlin.io.FilesKt__FileReadWriteKt.writeText$default(FileReadWrite.kt:144)
	at maestro.cli.db.KeyValueStore.commit(KeyValueStore.kt:50)
	at maestro.cli.db.KeyValueStore.set$lambda$3$lambda$2(KeyValueStore.kt:23)
	at maestro.cli.db.KeyValueStore.withFileLock(KeyValueStore.kt:62)
	at maestro.cli.db.KeyValueStore.set(KeyValueStore.kt:20)
	at maestro.cli.session.SessionStore.heartbeat(SessionStore.kt:12)
	at maestro.cli.session.MaestroSessionManager.newSession$lambda$0(MaestroSessionManager.kt:98)
	at java.base/java.util.concurrent.Executors$RunnableAdapter.call(Executors.java:545)
	at java.base/java.util.concurrent.FutureTask.runAndReset(FutureTask.java:371)
	at java.base/java.util.concurrent.ScheduledThreadPoolExecutor$ScheduledFutureTask.run(ScheduledThreadPoolExecutor.java:310)
	at java.base/java.util.concurrent.ThreadPoolExecutor.runWorker(ThreadPoolExecutor.java:1090)
	at java.base/java.util.concurrent.ThreadPoolExecutor$Worker.run(ThreadPoolExecutor.java:614)
	at java.base/java.lang.Thread.run(Thread.java:1516)
14:59:22.813 [ INFO] maestro.cli.runner.MaestroCommandRunner.runCommands$lambda$11: Run flow when "Don.t allow" is visible metadata CommandMetadata(numberOfRuns=null, evaluatedCommand=MaestroCommand(runFlowCommand=RunFlowCommand(commands=[MaestroCommand(tapOnElementCommand=TapOnElementCommand(selector=ElementSelector(textRegex=Don.t allow, idRegex=null, size=null, below=null, above=null, leftOf=null, rightOf=null, containsChild=null, containsDescendants=null, traits=null, index=null, enabled=null, optional=false, selected=null, checked=null, focused=null, childOf=null, css=null), retryIfNoChange=false, waitUntilVisible=false, longPress=false, repeat=null, waitToSettleTimeoutMs=null, relativePoint=null, label=null, optional=false)), MaestroCommand(waitForAnimationToEndCommand=WaitForAnimationToEndCommand(timeout=3000, label=null, optional=false))], condition=Condition(platform=null, visible=ElementSelector(textRegex=Don.t allow, idRegex=null, size=null, below=null, above=null, leftOf=null, rightOf=null, containsChild=null, containsDescendants=null, traits=null, index=null, enabled=null, optional=false, selected=null, checked=null, focused=null, childOf=null, css=null), notVisible=null, scriptCondition=null, label=null), sourceDescription=null, config=null, label=null, optional=false)), logMessages=[], insight=Insight(message=, level=NONE), aiReasoning=null, labeledCommand=null)
14:59:25.834 [ INFO] maestro.orchestra.Orchestra.executeSubflowCommands: [Command execution subflow] CommandSkipped: null
14:59:25.834 [ INFO] maestro.cli.runner.MaestroCommandRunner.runCommands$lambda$8: Run flow when "Don.t allow" is visible SKIPPED
14:59:26.186 [ERROR] maestro.cli.session.MaestroSessionManager.newSession$lambda$0: Failed to record heartbeat
java.io.IOException: The process cannot access the file because another process has locked a portion of the file
	at java.base/java.io.FileOutputStream.writeBytes(Native Method)
	at java.base/java.io.FileOutputStream.write(FileOutputStream.java:332)
	at kotlin.io.FilesKt__FileReadWriteKt.writeTextImpl(FileReadWrite.kt:160)
	at kotlin.io.FilesKt__FileReadWriteKt.writeText(FileReadWrite.kt:145)
	at kotlin.io.FilesKt__FileReadWriteKt.writeText$default(FileReadWrite.kt:144)
	at maestro.cli.db.KeyValueStore.commit(KeyValueStore.kt:50)
	at maestro.cli.db.KeyValueStore.set$lambda$3$lambda$2(KeyValueStore.kt:23)
	at maestro.cli.db.KeyValueStore.withFileLock(KeyValueStore.kt:62)
	at maestro.cli.db.KeyValueStore.set(KeyValueStore.kt:20)
	at maestro.cli.session.SessionStore.heartbeat(SessionStore.kt:12)
	at maestro.cli.session.MaestroSessionManager.newSession$lambda$0(MaestroSessionManager.kt:98)
	at java.base/java.util.concurrent.Executors$RunnableAdapter.call(Executors.java:545)
	at java.base/java.util.concurrent.FutureTask.runAndReset(FutureTask.java:371)
	at java.base/java.util.concurrent.ScheduledThreadPoolExecutor$ScheduledFutureTask.run(ScheduledThreadPoolExecutor.java:310)
	at java.base/java.util.concurrent.ThreadPoolExecutor.runWorker(ThreadPoolExecutor.java:1090)
	at java.base/java.util.concurrent.ThreadPoolExecutor$Worker.run(ThreadPoolExecutor.java:614)
	at java.base/java.lang.Thread.run(Thread.java:1516)
14:59:28.415 [ INFO] maestro.cli.runner.MaestroCommandRunner.runCommands$lambda$0: Run flow when "Skip" is visible RUNNING
14:59:30.993 [ INFO] maestro.cli.runner.MaestroCommandRunner.runCommands$lambda$11: Run flow when "Skip" is visible metadata CommandMetadata(numberOfRuns=null, evaluatedCommand=MaestroCommand(runFlowCommand=RunFlowCommand(commands=[MaestroCommand(tapOnElementCommand=TapOnElementCommand(selector=ElementSelector(textRegex=Skip, idRegex=null, size=null, below=null, above=null, leftOf=null, rightOf=null, containsChild=null, containsDescendants=null, traits=null, index=null, enabled=null, optional=false, selected=null, checked=null, focused=null, childOf=null, css=null), retryIfNoChange=false, waitUntilVisible=false, longPress=false, repeat=null, waitToSettleTimeoutMs=null, relativePoint=null, label=null, optional=false)), MaestroCommand(waitForAnimationToEndCommand=WaitForAnimationToEndCommand(timeout=3000, label=null, optional=false))], condition=Condition(platform=null, visible=ElementSelector(textRegex=Skip, idRegex=null, size=null, below=null, above=null, leftOf=null, rightOf=null, containsChild=null, containsDescendants=null, traits=null, index=null, enabled=null, optional=false, selected=null, checked=null, focused=null, childOf=null, css=null), notVisible=null, scriptCondition=null, label=null), sourceDescription=null, config=null, label=null, optional=false)), logMessages=[], insight=Insight(message=, level=NONE), aiReasoning=null, labeledCommand=null)
14:59:31.184 [ERROR] maestro.cli.session.MaestroSessionManager.newSession$lambda$0: Failed to record heartbeat
java.io.IOException: The process cannot access the file because another process has locked a portion of the file
	at java.base/java.io.FileOutputStream.writeBytes(Native Method)
	at java.base/java.io.FileOutputStream.write(FileOutputStream.java:332)
	at kotlin.io.FilesKt__FileReadWriteKt.writeTextImpl(FileReadWrite.kt:160)
	at kotlin.io.FilesKt__FileReadWriteKt.writeText(FileReadWrite.kt:145)
	at kotlin.io.FilesKt__FileReadWriteKt.writeText$default(FileReadWrite.kt:144)
	at maestro.cli.db.KeyValueStore.commit(KeyValueStore.kt:50)
	at maestro.cli.db.KeyValueStore.set$lambda$3$lambda$2(KeyValueStore.kt:23)
	at maestro.cli.db.KeyValueStore.withFileLock(KeyValueStore.kt:62)
	at maestro.cli.db.KeyValueStore.set(KeyValueStore.kt:20)
	at maestro.cli.session.SessionStore.heartbeat(SessionStore.kt:12)
	at maestro.cli.session.MaestroSessionManager.newSession$lambda$0(MaestroSessionManager.kt:98)
	at java.base/java.util.concurrent.Executors$RunnableAdapter.call(Executors.java:545)
	at java.base/java.util.concurrent.FutureTask.runAndReset(FutureTask.java:371)
	at java.base/java.util.concurrent.ScheduledThreadPoolExecutor$ScheduledFutureTask.run(ScheduledThreadPoolExecutor.java:310)
	at java.base/java.util.concurrent.ThreadPoolExecutor.runWorker(ThreadPoolExecutor.java:1090)
	at java.base/java.util.concurrent.ThreadPoolExecutor$Worker.run(ThreadPoolExecutor.java:614)
	at java.base/java.lang.Thread.run(Thread.java:1516)
14:59:34.591 [ INFO] maestro.orchestra.Orchestra.executeSubflowCommands: [Command execution subflow] CommandSkipped: null
14:59:34.591 [ INFO] maestro.cli.runner.MaestroCommandRunner.runCommands$lambda$8: Run flow when "Skip" is visible SKIPPED
14:59:36.184 [ERROR] maestro.cli.session.MaestroSessionManager.newSession$lambda$0: Failed to record heartbeat
java.io.IOException: The process cannot access the file because another process has locked a portion of the file
	at java.base/java.io.FileOutputStream.writeBytes(Native Method)
	at java.base/java.io.FileOutputStream.write(FileOutputStream.java:332)
	at kotlin.io.FilesKt__FileReadWriteKt.writeTextImpl(FileReadWrite.kt:160)
	at kotlin.io.FilesKt__FileReadWriteKt.writeText(FileReadWrite.kt:145)
	at kotlin.io.FilesKt__FileReadWriteKt.writeText$default(FileReadWrite.kt:144)
	at maestro.cli.db.KeyValueStore.commit(KeyValueStore.kt:50)
	at maestro.cli.db.KeyValueStore.set$lambda$3$lambda$2(KeyValueStore.kt:23)
	at maestro.cli.db.KeyValueStore.withFileLock(KeyValueStore.kt:62)
	at maestro.cli.db.KeyValueStore.set(KeyValueStore.kt:20)
	at maestro.cli.session.SessionStore.heartbeat(SessionStore.kt:12)
	at maestro.cli.session.MaestroSessionManager.newSession$lambda$0(MaestroSessionManager.kt:98)
	at java.base/java.util.concurrent.Executors$RunnableAdapter.call(Executors.java:545)
	at java.base/java.util.concurrent.FutureTask.runAndReset(FutureTask.java:371)
	at java.base/java.util.concurrent.ScheduledThreadPoolExecutor$ScheduledFutureTask.run(ScheduledThreadPoolExecutor.java:310)
	at java.base/java.util.concurrent.ThreadPoolExecutor.runWorker(ThreadPoolExecutor.java:1090)
	at java.base/java.util.concurrent.ThreadPoolExecutor$Worker.run(ThreadPoolExecutor.java:614)
	at java.base/java.lang.Thread.run(Thread.java:1516)
14:59:37.928 [ INFO] maestro.cli.runner.MaestroCommandRunner.runCommands$lambda$0: Run flow when "Dismiss" is visible RUNNING
14:59:41.196 [ERROR] maestro.cli.session.MaestroSessionManager.newSession$lambda$0: Failed to record heartbeat
java.io.IOException: The process cannot access the file because another process has locked a portion of the file
	at java.base/java.io.FileOutputStream.writeBytes(Native Method)
	at java.base/java.io.FileOutputStream.write(FileOutputStream.java:332)
	at kotlin.io.FilesKt__FileReadWriteKt.writeTextImpl(FileReadWrite.kt:160)
	at kotlin.io.FilesKt__FileReadWriteKt.writeText(FileReadWrite.kt:145)
	at kotlin.io.FilesKt__FileReadWriteKt.writeText$default(FileReadWrite.kt:144)
	at maestro.cli.db.KeyValueStore.commit(KeyValueStore.kt:50)
	at maestro.cli.db.KeyValueStore.set$lambda$3$lambda$2(KeyValueStore.kt:23)
	at maestro.cli.db.KeyValueStore.withFileLock(KeyValueStore.kt:62)
	at maestro.cli.db.KeyValueStore.set(KeyValueStore.kt:20)
	at maestro.cli.session.SessionStore.heartbeat(SessionStore.kt:12)
	at maestro.cli.session.MaestroSessionManager.newSession$lambda$0(MaestroSessionManager.kt:98)
	at java.base/java.util.concurrent.Executors$RunnableAdapter.call(Executors.java:545)
	at java.base/java.util.concurrent.FutureTask.runAndReset(FutureTask.java:371)
	at java.base/java.util.concurrent.ScheduledThreadPoolExecutor$ScheduledFutureTask.run(ScheduledThreadPoolExecutor.java:310)
	at java.base/java.util.concurrent.ThreadPoolExecutor.runWorker(ThreadPoolExecutor.java:1090)
	at java.base/java.util.concurrent.ThreadPoolExecutor$Worker.run(ThreadPoolExecutor.java:614)
	at java.base/java.lang.Thread.run(Thread.java:1516)
14:59:41.339 [ INFO] maestro.cli.runner.MaestroCommandRunner.runCommands$lambda$11: Run flow when "Dismiss" is visible metadata CommandMetadata(numberOfRuns=null, evaluatedCommand=MaestroCommand(runFlowCommand=RunFlowCommand(commands=[MaestroCommand(tapOnElementCommand=TapOnElementCommand(selector=ElementSelector(textRegex=Dismiss, idRegex=null, size=null, below=null, above=null, leftOf=null, rightOf=null, containsChild=null, containsDescendants=null, traits=null, index=null, enabled=null, optional=false, selected=null, checked=null, focused=null, childOf=null, css=null), retryIfNoChange=false, waitUntilVisible=false, longPress=false, repeat=null, waitToSettleTimeoutMs=null, relativePoint=null, label=null, optional=false)), MaestroCommand(waitForAnimationToEndCommand=WaitForAnimationToEndCommand(timeout=3000, label=null, optional=false))], condition=Condition(platform=null, visible=ElementSelector(textRegex=Dismiss, idRegex=null, size=null, below=null, above=null, leftOf=null, rightOf=null, containsChild=null, containsDescendants=null, traits=null, index=null, enabled=null, optional=false, selected=null, checked=null, focused=null, childOf=null, css=null), notVisible=null, scriptCondition=null, label=null), sourceDescription=null, config=null, label=null, optional=false)), logMessages=[], insight=Insight(message=, level=NONE), aiReasoning=null, labeledCommand=null)
14:59:45.369 [ INFO] maestro.orchestra.Orchestra.executeSubflowCommands: [Command execution subflow] CommandSkipped: null
14:59:45.369 [ INFO] maestro.cli.runner.MaestroCommandRunner.runCommands$lambda$8: Run flow when "Dismiss" is visible SKIPPED
14:59:46.192 [ERROR] maestro.cli.session.MaestroSessionManager.newSession$lambda$0: Failed to record heartbeat
java.io.IOException: The process cannot access the file because another process has locked a portion of the file
	at java.base/java.io.FileOutputStream.writeBytes(Native Method)
	at java.base/java.io.FileOutputStream.write(FileOutputStream.java:332)
	at kotlin.io.FilesKt__FileReadWriteKt.writeTextImpl(FileReadWrite.kt:160)
	at kotlin.io.FilesKt__FileReadWriteKt.writeText(FileReadWrite.kt:145)
	at kotlin.io.FilesKt__FileReadWriteKt.writeText$default(FileReadWrite.kt:144)
	at maestro.cli.db.KeyValueStore.commit(KeyValueStore.kt:50)
	at maestro.cli.db.KeyValueStore.set$lambda$3$lambda$2(KeyValueStore.kt:23)
	at maestro.cli.db.KeyValueStore.withFileLock(KeyValueStore.kt:62)
	at maestro.cli.db.KeyValueStore.set(KeyValueStore.kt:20)
	at maestro.cli.session.SessionStore.heartbeat(SessionStore.kt:12)
	at maestro.cli.session.MaestroSessionManager.newSession$lambda$0(MaestroSessionManager.kt:98)
	at java.base/java.util.concurrent.Executors$RunnableAdapter.call(Executors.java:545)
	at java.base/java.util.concurrent.FutureTask.runAndReset(FutureTask.java:371)
	at java.base/java.util.concurrent.ScheduledThreadPoolExecutor$ScheduledFutureTask.run(ScheduledThreadPoolExecutor.java:310)
	at java.base/java.util.concurrent.ThreadPoolExecutor.runWorker(ThreadPoolExecutor.java:1090)
	at java.base/java.util.concurrent.ThreadPoolExecutor$Worker.run(ThreadPoolExecutor.java:614)
	at java.base/java.lang.Thread.run(Thread.java:1516)
14:59:48.647 [ INFO] maestro.cli.runner.MaestroCommandRunner.runCommands$lambda$0: Run flow when "Ok" is visible RUNNING
14:59:51.189 [ERROR] maestro.cli.session.MaestroSessionManager.newSession$lambda$0: Failed to record heartbeat
java.io.IOException: The process cannot access the file because another process has locked a portion of the file
	at java.base/java.io.FileOutputStream.writeBytes(Native Method)
	at java.base/java.io.FileOutputStream.write(FileOutputStream.java:332)
	at kotlin.io.FilesKt__FileReadWriteKt.writeTextImpl(FileReadWrite.kt:160)
	at kotlin.io.FilesKt__FileReadWriteKt.writeText(FileReadWrite.kt:145)
	at kotlin.io.FilesKt__FileReadWriteKt.writeText$default(FileReadWrite.kt:144)
	at maestro.cli.db.KeyValueStore.commit(KeyValueStore.kt:50)
	at maestro.cli.db.KeyValueStore.set$lambda$3$lambda$2(KeyValueStore.kt:23)
	at maestro.cli.db.KeyValueStore.withFileLock(KeyValueStore.kt:62)
	at maestro.cli.db.KeyValueStore.set(KeyValueStore.kt:20)
	at maestro.cli.session.SessionStore.heartbeat(SessionStore.kt:12)
	at maestro.cli.session.MaestroSessionManager.newSession$lambda$0(MaestroSessionManager.kt:98)
	at java.base/java.util.concurrent.Executors$RunnableAdapter.call(Executors.java:545)
	at java.base/java.util.concurrent.FutureTask.runAndReset(FutureTask.java:371)
	at java.base/java.util.concurrent.ScheduledThreadPoolExecutor$ScheduledFutureTask.run(ScheduledThreadPoolExecutor.java:310)
	at java.base/java.util.concurrent.ThreadPoolExecutor.runWorker(ThreadPoolExecutor.java:1090)
	at java.base/java.util.concurrent.ThreadPoolExecutor$Worker.run(ThreadPoolExecutor.java:614)
	at java.base/java.lang.Thread.run(Thread.java:1516)
14:59:51.732 [ INFO] maestro.cli.runner.MaestroCommandRunner.runCommands$lambda$11: Run flow when "Ok" is visible metadata CommandMetadata(numberOfRuns=null, evaluatedCommand=MaestroCommand(runFlowCommand=RunFlowCommand(commands=[MaestroCommand(runFlowCommand=RunFlowCommand(commands=[MaestroCommand(evalScriptCommand=EvalScriptCommand(scriptString=${console.log('CLEAR-OVERLAYS OK-HANDLER: dismissing the ERROR dialog (there is something wrong / please try again later). If this line sits after a reservation, payment or signature step, the business outcome MUST be re-read from the product records before the run is called green.')}, label=null, optional=false))], condition=Condition(platform=null, visible=ElementSelector(textRegex=There's something wrong. Please try again later!, idRegex=null, size=null, below=null, above=null, leftOf=null, rightOf=null, containsChild=null, containsDescendants=null, traits=null, index=null, enabled=null, optional=false, selected=null, checked=null, focused=null, childOf=null, css=null), notVisible=null, scriptCondition=null, label=null), sourceDescription=null, config=null, label=null, optional=false)), MaestroCommand(evalScriptCommand=EvalScriptCommand(scriptString=${console.log('CLEAR-OVERLAYS OK-HANDLER: tapping Ok')}, label=null, optional=false)), MaestroCommand(tapOnElementCommand=TapOnElementCommand(selector=ElementSelector(textRegex=Ok, idRegex=null, size=null, below=null, above=null, leftOf=null, rightOf=null, containsChild=null, containsDescendants=null, traits=null, index=null, enabled=null, optional=false, selected=null, checked=null, focused=null, childOf=null, css=null), retryIfNoChange=false, waitUntilVisible=false, longPress=false, repeat=null, waitToSettleTimeoutMs=null, relativePoint=null, label=null, optional=false)), MaestroCommand(waitForAnimationToEndCommand=WaitForAnimationToEndCommand(timeout=3000, label=null, optional=false))], condition=Condition(platform=null, visible=ElementSelector(textRegex=Ok, idRegex=null, size=null, below=null, above=null, leftOf=null, rightOf=null, containsChild=null, containsDescendants=null, traits=null, index=null, enabled=null, optional=false, selected=null, checked=null, focused=null, childOf=null, css=null), notVisible=null, scriptCondition=null, label=null), sourceDescription=null, config=null, label=null, optional=false)), logMessages=[], insight=Insight(message=, level=NONE), aiReasoning=null, labeledCommand=null)
14:59:55.104 [ INFO] maestro.orchestra.Orchestra.executeSubflowCommands: [Command execution subflow] CommandSkipped: null
14:59:55.104 [ INFO] maestro.cli.runner.MaestroCommandRunner.runCommands$lambda$8: Run flow when "Ok" is visible SKIPPED
14:59:56.197 [ERROR] maestro.cli.session.MaestroSessionManager.newSession$lambda$0: Failed to record heartbeat
java.io.IOException: The process cannot access the file because another process has locked a portion of the file
	at java.base/java.io.FileOutputStream.writeBytes(Native Method)
	at java.base/java.io.FileOutputStream.write(FileOutputStream.java:332)
	at kotlin.io.FilesKt__FileReadWriteKt.writeTextImpl(FileReadWrite.kt:160)
	at kotlin.io.FilesKt__FileReadWriteKt.writeText(FileReadWrite.kt:145)
	at kotlin.io.FilesKt__FileReadWriteKt.writeText$default(FileReadWrite.kt:144)
	at maestro.cli.db.KeyValueStore.commit(KeyValueStore.kt:50)
	at maestro.cli.db.KeyValueStore.set$lambda$3$lambda$2(KeyValueStore.kt:23)
	at maestro.cli.db.KeyValueStore.withFileLock(KeyValueStore.kt:62)
	at maestro.cli.db.KeyValueStore.set(KeyValueStore.kt:20)
	at maestro.cli.session.SessionStore.heartbeat(SessionStore.kt:12)
	at maestro.cli.session.MaestroSessionManager.newSession$lambda$0(MaestroSessionManager.kt:98)
	at java.base/java.util.concurrent.Executors$RunnableAdapter.call(Executors.java:545)
	at java.base/java.util.concurrent.FutureTask.runAndReset(FutureTask.java:371)
	at java.base/java.util.concurrent.ScheduledThreadPoolExecutor$ScheduledFutureTask.run(ScheduledThreadPoolExecutor.java:310)
	at java.base/java.util.concurrent.ThreadPoolExecutor.runWorker(ThreadPoolExecutor.java:1090)
	at java.base/java.util.concurrent.ThreadPoolExecutor$Worker.run(ThreadPoolExecutor.java:614)
	at java.base/java.lang.Thread.run(Thread.java:1516)
14:59:58.089 [ INFO] maestro.cli.runner.MaestroCommandRunner.runCommands$lambda$0: Run flow when "Marketplace Day" is visible RUNNING
15:00:01.190 [ERROR] maestro.cli.session.MaestroSessionManager.newSession$lambda$0: Failed to record heartbeat
java.io.IOException: The process cannot access the file because another process has locked a portion of the file
	at java.base/java.io.FileOutputStream.writeBytes(Native Method)
	at java.base/java.io.FileOutputStream.write(FileOutputStream.java:332)
	at kotlin.io.FilesKt__FileReadWriteKt.writeTextImpl(FileReadWrite.kt:160)
	at kotlin.io.FilesKt__FileReadWriteKt.writeText(FileReadWrite.kt:145)
	at kotlin.io.FilesKt__FileReadWriteKt.writeText$default(FileReadWrite.kt:144)
	at maestro.cli.db.KeyValueStore.commit(KeyValueStore.kt:50)
	at maestro.cli.db.KeyValueStore.set$lambda$3$lambda$2(KeyValueStore.kt:23)
	at maestro.cli.db.KeyValueStore.withFileLock(KeyValueStore.kt:62)
	at maestro.cli.db.KeyValueStore.set(KeyValueStore.kt:20)
	at maestro.cli.session.SessionStore.heartbeat(SessionStore.kt:12)
	at maestro.cli.session.MaestroSessionManager.newSession$lambda$0(MaestroSessionManager.kt:98)
	at java.base/java.util.concurrent.Executors$RunnableAdapter.call(Executors.java:545)
	at java.base/java.util.concurrent.FutureTask.runAndReset(FutureTask.java:371)
	at java.base/java.util.concurrent.ScheduledThreadPoolExecutor$ScheduledFutureTask.run(ScheduledThreadPoolExecutor.java:310)
	at java.base/java.util.concurrent.ThreadPoolExecutor.runWorker(ThreadPoolExecutor.java:1090)
	at java.base/java.util.concurrent.ThreadPoolExecutor$Worker.run(ThreadPoolExecutor.java:614)
	at java.base/java.lang.Thread.run(Thread.java:1516)
15:00:01.351 [ INFO] maestro.cli.runner.MaestroCommandRunner.runCommands$lambda$11: Run flow when "Marketplace Day" is visible metadata CommandMetadata(numberOfRuns=null, evaluatedCommand=MaestroCommand(runFlowCommand=RunFlowCommand(commands=[MaestroCommand(backPressCommand=BackPressCommand()), MaestroCommand(waitForAnimationToEndCommand=WaitForAnimationToEndCommand(timeout=3000, label=null, optional=false))], condition=Condition(platform=null, visible=ElementSelector(textRegex=Marketplace Day, idRegex=null, size=null, below=null, above=null, leftOf=null, rightOf=null, containsChild=null, containsDescendants=null, traits=null, index=null, enabled=null, optional=false, selected=null, checked=null, focused=null, childOf=null, css=null), notVisible=null, scriptCondition=null, label=null), sourceDescription=null, config=null, label=null, optional=false)), logMessages=[], insight=Insight(message=, level=NONE), aiReasoning=null, labeledCommand=null)
15:00:04.959 [ INFO] maestro.orchestra.Orchestra.executeSubflowCommands: [Command execution subflow] CommandSkipped: null
15:00:04.959 [ INFO] maestro.cli.runner.MaestroCommandRunner.runCommands$lambda$8: Run flow when "Marketplace Day" is visible SKIPPED
15:00:06.185 [ERROR] maestro.cli.session.MaestroSessionManager.newSession$lambda$0: Failed to record heartbeat
java.io.IOException: The process cannot access the file because another process has locked a portion of the file
	at java.base/java.io.FileOutputStream.writeBytes(Native Method)
	at java.base/java.io.FileOutputStream.write(FileOutputStream.java:332)
	at kotlin.io.FilesKt__FileReadWriteKt.writeTextImpl(FileReadWrite.kt:160)
	at kotlin.io.FilesKt__FileReadWriteKt.writeText(FileReadWrite.kt:145)
	at kotlin.io.FilesKt__FileReadWriteKt.writeText$default(FileReadWrite.kt:144)
	at maestro.cli.db.KeyValueStore.commit(KeyValueStore.kt:50)
	at maestro.cli.db.KeyValueStore.set$lambda$3$lambda$2(KeyValueStore.kt:23)
	at maestro.cli.db.KeyValueStore.withFileLock(KeyValueStore.kt:62)
	at maestro.cli.db.KeyValueStore.set(KeyValueStore.kt:20)
	at maestro.cli.session.SessionStore.heartbeat(SessionStore.kt:12)
	at maestro.cli.session.MaestroSessionManager.newSession$lambda$0(MaestroSessionManager.kt:98)
	at java.base/java.util.concurrent.Executors$RunnableAdapter.call(Executors.java:545)
	at java.base/java.util.concurrent.FutureTask.runAndReset(FutureTask.java:371)
	at java.base/java.util.concurrent.ScheduledThreadPoolExecutor$ScheduledFutureTask.run(ScheduledThreadPoolExecutor.java:310)
	at java.base/java.util.concurrent.ThreadPoolExecutor.runWorker(ThreadPoolExecutor.java:1090)
	at java.base/java.util.concurrent.ThreadPoolExecutor$Worker.run(ThreadPoolExecutor.java:614)
	at java.base/java.lang.Thread.run(Thread.java:1516)
15:00:08.308 [ INFO] maestro.cli.runner.MaestroCommandRunner.runCommands$lambda$0: Run flow when "Start comparing properties" is visible RUNNING
15:00:11.192 [ERROR] maestro.cli.session.MaestroSessionManager.newSession$lambda$0: Failed to record heartbeat
java.io.IOException: The process cannot access the file because another process has locked a portion of the file
	at java.base/java.io.FileOutputStream.writeBytes(Native Method)
	at java.base/java.io.FileOutputStream.write(FileOutputStream.java:332)
	at kotlin.io.FilesKt__FileReadWriteKt.writeTextImpl(FileReadWrite.kt:160)
	at kotlin.io.FilesKt__FileReadWriteKt.writeText(FileReadWrite.kt:145)
	at kotlin.io.FilesKt__FileReadWriteKt.writeText$default(FileReadWrite.kt:144)
	at maestro.cli.db.KeyValueStore.commit(KeyValueStore.kt:50)
	at maestro.cli.db.KeyValueStore.set$lambda$3$lambda$2(KeyValueStore.kt:23)
	at maestro.cli.db.KeyValueStore.withFileLock(KeyValueStore.kt:62)
	at maestro.cli.db.KeyValueStore.set(KeyValueStore.kt:20)
	at maestro.cli.session.SessionStore.heartbeat(SessionStore.kt:12)
	at maestro.cli.session.MaestroSessionManager.newSession$lambda$0(MaestroSessionManager.kt:98)
	at java.base/java.util.concurrent.Executors$RunnableAdapter.call(Executors.java:545)
	at java.base/java.util.concurrent.FutureTask.runAndReset(FutureTask.java:371)
	at java.base/java.util.concurrent.ScheduledThreadPoolExecutor$ScheduledFutureTask.run(ScheduledThreadPoolExecutor.java:310)
	at java.base/java.util.concurrent.ThreadPoolExecutor.runWorker(ThreadPoolExecutor.java:1090)
	at java.base/java.util.concurrent.ThreadPoolExecutor$Worker.run(ThreadPoolExecutor.java:614)
	at java.base/java.lang.Thread.run(Thread.java:1516)
15:00:11.604 [ INFO] maestro.cli.runner.MaestroCommandRunner.runCommands$lambda$11: Run flow when "Start comparing properties" is visible metadata CommandMetadata(numberOfRuns=null, evaluatedCommand=MaestroCommand(runFlowCommand=RunFlowCommand(commands=[MaestroCommand(backPressCommand=BackPressCommand()), MaestroCommand(waitForAnimationToEndCommand=WaitForAnimationToEndCommand(timeout=3000, label=null, optional=false))], condition=Condition(platform=null, visible=ElementSelector(textRegex=Start comparing properties, idRegex=null, size=null, below=null, above=null, leftOf=null, rightOf=null, containsChild=null, containsDescendants=null, traits=null, index=null, enabled=null, optional=false, selected=null, checked=null, focused=null, childOf=null, css=null), notVisible=null, scriptCondition=null, label=null), sourceDescription=null, config=null, label=null, optional=false)), logMessages=[], insight=Insight(message=, level=NONE), aiReasoning=null, labeledCommand=null)
15:00:15.437 [ INFO] maestro.orchestra.Orchestra.executeSubflowCommands: [Command execution subflow] CommandSkipped: null
15:00:15.438 [ INFO] maestro.cli.runner.MaestroCommandRunner.runCommands$lambda$8: Run flow when "Start comparing properties" is visible SKIPPED
15:00:16.187 [ERROR] maestro.cli.session.MaestroSessionManager.newSession$lambda$0: Failed to record heartbeat
java.io.IOException: The process cannot access the file because another process has locked a portion of the file
	at java.base/java.io.FileOutputStream.writeBytes(Native Method)
	at java.base/java.io.FileOutputStream.write(FileOutputStream.java:332)
	at kotlin.io.FilesKt__FileReadWriteKt.writeTextImpl(FileReadWrite.kt:160)
	at kotlin.io.FilesKt__FileReadWriteKt.writeText(FileReadWrite.kt:145)
	at kotlin.io.FilesKt__FileReadWriteKt.writeText$default(FileReadWrite.kt:144)
	at maestro.cli.db.KeyValueStore.commit(KeyValueStore.kt:50)
	at maestro.cli.db.KeyValueStore.set$lambda$3$lambda$2(KeyValueStore.kt:23)
	at maestro.cli.db.KeyValueStore.withFileLock(KeyValueStore.kt:62)
	at maestro.cli.db.KeyValueStore.set(KeyValueStore.kt:20)
	at maestro.cli.session.SessionStore.heartbeat(SessionStore.kt:12)
	at maestro.cli.session.MaestroSessionManager.newSession$lambda$0(MaestroSessionManager.kt:98)
	at java.base/java.util.concurrent.Executors$RunnableAdapter.call(Executors.java:545)
	at java.base/java.util.concurrent.FutureTask.runAndReset(FutureTask.java:371)
	at java.base/java.util.concurrent.ScheduledThreadPoolExecutor$ScheduledFutureTask.run(ScheduledThreadPoolExecutor.java:310)
	at java.base/java.util.concurrent.ThreadPoolExecutor.runWorker(ThreadPoolExecutor.java:1090)
	at java.base/java.util.concurrent.ThreadPoolExecutor$Worker.run(ThreadPoolExecutor.java:614)
	at java.base/java.lang.Thread.run(Thread.java:1516)
15:00:18.879 [ INFO] maestro.cli.runner.MaestroCommandRunner.runCommands$lambda$0: Run flow when "Go to the weekly (offer|deal)" is visible RUNNING
15:00:21.185 [ERROR] maestro.cli.session.MaestroSessionManager.newSession$lambda$0: Failed to record heartbeat
java.io.IOException: The process cannot access the file because another process has locked a portion of the file
	at java.base/java.io.FileOutputStream.writeBytes(Native Method)
	at java.base/java.io.FileOutputStream.write(FileOutputStream.java:332)
	at kotlin.io.FilesKt__FileReadWriteKt.writeTextImpl(FileReadWrite.kt:160)
	at kotlin.io.FilesKt__FileReadWriteKt.writeText(FileReadWrite.kt:145)
	at kotlin.io.FilesKt__FileReadWriteKt.writeText$default(FileReadWrite.kt:144)
	at maestro.cli.db.KeyValueStore.commit(KeyValueStore.kt:50)
	at maestro.cli.db.KeyValueStore.set$lambda$3$lambda$2(KeyValueStore.kt:23)
	at maestro.cli.db.KeyValueStore.withFileLock(KeyValueStore.kt:62)
	at maestro.cli.db.KeyValueStore.set(KeyValueStore.kt:20)
	at maestro.cli.session.SessionStore.heartbeat(SessionStore.kt:12)
	at maestro.cli.session.MaestroSessionManager.newSession$lambda$0(MaestroSessionManager.kt:98)
	at java.base/java.util.concurrent.Executors$RunnableAdapter.call(Executors.java:545)
	at java.base/java.util.concurrent.FutureTask.runAndReset(FutureTask.java:371)
	at java.base/java.util.concurrent.ScheduledThreadPoolExecutor$ScheduledFutureTask.run(ScheduledThreadPoolExecutor.java:310)
	at java.base/java.util.concurrent.ThreadPoolExecutor.runWorker(ThreadPoolExecutor.java:1090)
	at java.base/java.util.concurrent.ThreadPoolExecutor$Worker.run(ThreadPoolExecutor.java:614)
	at java.base/java.lang.Thread.run(Thread.java:1516)
15:00:22.069 [ INFO] maestro.cli.runner.MaestroCommandRunner.runCommands$lambda$11: Run flow when "Go to the weekly (offer|deal)" is visible metadata CommandMetadata(numberOfRuns=null, evaluatedCommand=MaestroCommand(runFlowCommand=RunFlowCommand(commands=[MaestroCommand(backPressCommand=BackPressCommand()), MaestroCommand(waitForAnimationToEndCommand=WaitForAnimationToEndCommand(timeout=3000, label=null, optional=false))], condition=Condition(platform=null, visible=ElementSelector(textRegex=Go to the weekly (offer|deal), idRegex=null, size=null, below=null, above=null, leftOf=null, rightOf=null, containsChild=null, containsDescendants=null, traits=null, index=null, enabled=null, optional=false, selected=null, checked=null, focused=null, childOf=null, css=null), notVisible=null, scriptCondition=null, label=null), sourceDescription=null, config=null, label=null, optional=false)), logMessages=[], insight=Insight(message=, level=NONE), aiReasoning=null, labeledCommand=null)
15:00:25.573 [ INFO] maestro.orchestra.Orchestra.executeSubflowCommands: [Command execution subflow] CommandSkipped: null
15:00:25.574 [ INFO] maestro.cli.runner.MaestroCommandRunner.runCommands$lambda$8: Run flow when "Go to the weekly (offer|deal)" is visible SKIPPED
15:00:26.192 [ERROR] maestro.cli.session.MaestroSessionManager.newSession$lambda$0: Failed to record heartbeat
java.io.IOException: The process cannot access the file because another process has locked a portion of the file
	at java.base/java.io.FileOutputStream.writeBytes(Native Method)
	at java.base/java.io.FileOutputStream.write(FileOutputStream.java:332)
	at kotlin.io.FilesKt__FileReadWriteKt.writeTextImpl(FileReadWrite.kt:160)
	at kotlin.io.FilesKt__FileReadWriteKt.writeText(FileReadWrite.kt:145)
	at kotlin.io.FilesKt__FileReadWriteKt.writeText$default(FileReadWrite.kt:144)
	at maestro.cli.db.KeyValueStore.commit(KeyValueStore.kt:50)
	at maestro.cli.db.KeyValueStore.set$lambda$3$lambda$2(KeyValueStore.kt:23)
	at maestro.cli.db.KeyValueStore.withFileLock(KeyValueStore.kt:62)
	at maestro.cli.db.KeyValueStore.set(KeyValueStore.kt:20)
	at maestro.cli.session.SessionStore.heartbeat(SessionStore.kt:12)
	at maestro.cli.session.MaestroSessionManager.newSession$lambda$0(MaestroSessionManager.kt:98)
	at java.base/java.util.concurrent.Executors$RunnableAdapter.call(Executors.java:545)
	at java.base/java.util.concurrent.FutureTask.runAndReset(FutureTask.java:371)
	at java.base/java.util.concurrent.ScheduledThreadPoolExecutor$ScheduledFutureTask.run(ScheduledThreadPoolExecutor.java:310)
	at java.base/java.util.concurrent.ThreadPoolExecutor.runWorker(ThreadPoolExecutor.java:1090)
	at java.base/java.util.concurrent.ThreadPoolExecutor$Worker.run(ThreadPoolExecutor.java:614)
	at java.base/java.lang.Thread.run(Thread.java:1516)
15:00:29.061 [ INFO] maestro.cli.runner.MaestroCommandRunner.runCommands$lambda$0: Run flow when "Update email" is visible RUNNING
15:00:31.199 [ERROR] maestro.cli.session.MaestroSessionManager.newSession$lambda$0: Failed to record heartbeat
java.io.IOException: The process cannot access the file because another process has locked a portion of the file
	at java.base/java.io.FileOutputStream.writeBytes(Native Method)
	at java.base/java.io.FileOutputStream.write(FileOutputStream.java:332)
	at kotlin.io.FilesKt__FileReadWriteKt.writeTextImpl(FileReadWrite.kt:160)
	at kotlin.io.FilesKt__FileReadWriteKt.writeText(FileReadWrite.kt:145)
	at kotlin.io.FilesKt__FileReadWriteKt.writeText$default(FileReadWrite.kt:144)
	at maestro.cli.db.KeyValueStore.commit(KeyValueStore.kt:50)
	at maestro.cli.db.KeyValueStore.set$lambda$3$lambda$2(KeyValueStore.kt:23)
	at maestro.cli.db.KeyValueStore.withFileLock(KeyValueStore.kt:62)
	at maestro.cli.db.KeyValueStore.set(KeyValueStore.kt:20)
	at maestro.cli.session.SessionStore.heartbeat(SessionStore.kt:12)
	at maestro.cli.session.MaestroSessionManager.newSession$lambda$0(MaestroSessionManager.kt:98)
	at java.base/java.util.concurrent.Executors$RunnableAdapter.call(Executors.java:545)
	at java.base/java.util.concurrent.FutureTask.runAndReset(FutureTask.java:371)
	at java.base/java.util.concurrent.ScheduledThreadPoolExecutor$ScheduledFutureTask.run(ScheduledThreadPoolExecutor.java:310)
	at java.base/java.util.concurrent.ThreadPoolExecutor.runWorker(ThreadPoolExecutor.java:1090)
	at java.base/java.util.concurrent.ThreadPoolExecutor$Worker.run(ThreadPoolExecutor.java:614)
	at java.base/java.lang.Thread.run(Thread.java:1516)
15:00:32.299 [ INFO] maestro.cli.runner.MaestroCommandRunner.runCommands$lambda$11: Run flow when "Update email" is visible metadata CommandMetadata(numberOfRuns=null, evaluatedCommand=MaestroCommand(runFlowCommand=RunFlowCommand(commands=[MaestroCommand(backPressCommand=BackPressCommand()), MaestroCommand(waitForAnimationToEndCommand=WaitForAnimationToEndCommand(timeout=3000, label=null, optional=false))], condition=Condition(platform=null, visible=ElementSelector(textRegex=Update email, idRegex=null, size=null, below=null, above=null, leftOf=null, rightOf=null, containsChild=null, containsDescendants=null, traits=null, index=null, enabled=null, optional=false, selected=null, checked=null, focused=null, childOf=null, css=null), notVisible=null, scriptCondition=null, label=null), sourceDescription=null, config=null, label=null, optional=false)), logMessages=[], insight=Insight(message=, level=NONE), aiReasoning=null, labeledCommand=null)
15:00:36.191 [ERROR] maestro.cli.session.MaestroSessionManager.newSession$lambda$0: Failed to record heartbeat
java.io.IOException: The process cannot access the file because another process has locked a portion of the file
	at java.base/java.io.FileOutputStream.writeBytes(Native Method)
	at java.base/java.io.FileOutputStream.write(FileOutputStream.java:332)
	at kotlin.io.FilesKt__FileReadWriteKt.writeTextImpl(FileReadWrite.kt:160)
	at kotlin.io.FilesKt__FileReadWriteKt.writeText(FileReadWrite.kt:145)
	at kotlin.io.FilesKt__FileReadWriteKt.writeText$default(FileReadWrite.kt:144)
	at maestro.cli.db.KeyValueStore.commit(KeyValueStore.kt:50)
	at maestro.cli.db.KeyValueStore.set$lambda$3$lambda$2(KeyValueStore.kt:23)
	at maestro.cli.db.KeyValueStore.withFileLock(KeyValueStore.kt:62)
	at maestro.cli.db.KeyValueStore.set(KeyValueStore.kt:20)
	at maestro.cli.session.SessionStore.heartbeat(SessionStore.kt:12)
	at maestro.cli.session.MaestroSessionManager.newSession$lambda$0(MaestroSessionManager.kt:98)
	at java.base/java.util.concurrent.Executors$RunnableAdapter.call(Executors.java:545)
	at java.base/java.util.concurrent.FutureTask.runAndReset(FutureTask.java:371)
	at java.base/java.util.concurrent.ScheduledThreadPoolExecutor$ScheduledFutureTask.run(ScheduledThreadPoolExecutor.java:310)
	at java.base/java.util.concurrent.ThreadPoolExecutor.runWorker(ThreadPoolExecutor.java:1090)
	at java.base/java.util.concurrent.ThreadPoolExecutor$Worker.run(ThreadPoolExecutor.java:614)
	at java.base/java.lang.Thread.run(Thread.java:1516)
15:00:36.387 [ INFO] maestro.orchestra.Orchestra.executeSubflowCommands: [Command execution subflow] CommandSkipped: null
15:00:36.387 [ INFO] maestro.cli.runner.MaestroCommandRunner.runCommands$lambda$8: Run flow when "Update email" is visible SKIPPED
15:00:39.883 [ INFO] maestro.cli.runner.MaestroCommandRunner.runCommands$lambda$0: Run flow when "Number and Email Already Linked" is visible RUNNING
15:00:41.192 [ERROR] maestro.cli.session.MaestroSessionManager.newSession$lambda$0: Failed to record heartbeat
java.io.IOException: The process cannot access the file because another process has locked a portion of the file
	at java.base/java.io.FileOutputStream.writeBytes(Native Method)
	at java.base/java.io.FileOutputStream.write(FileOutputStream.java:332)
	at kotlin.io.FilesKt__FileReadWriteKt.writeTextImpl(FileReadWrite.kt:160)
	at kotlin.io.FilesKt__FileReadWriteKt.writeText(FileReadWrite.kt:145)
	at kotlin.io.FilesKt__FileReadWriteKt.writeText$default(FileReadWrite.kt:144)
	at maestro.cli.db.KeyValueStore.commit(KeyValueStore.kt:50)
	at maestro.cli.db.KeyValueStore.set$lambda$3$lambda$2(KeyValueStore.kt:23)
	at maestro.cli.db.KeyValueStore.withFileLock(KeyValueStore.kt:62)
	at maestro.cli.db.KeyValueStore.set(KeyValueStore.kt:20)
	at maestro.cli.session.SessionStore.heartbeat(SessionStore.kt:12)
	at maestro.cli.session.MaestroSessionManager.newSession$lambda$0(MaestroSessionManager.kt:98)
	at java.base/java.util.concurrent.Executors$RunnableAdapter.call(Executors.java:545)
	at java.base/java.util.concurrent.FutureTask.runAndReset(FutureTask.java:371)
	at java.base/java.util.concurrent.ScheduledThreadPoolExecutor$ScheduledFutureTask.run(ScheduledThreadPoolExecutor.java:310)
	at java.base/java.util.concurrent.ThreadPoolExecutor.runWorker(ThreadPoolExecutor.java:1090)
	at java.base/java.util.concurrent.ThreadPoolExecutor$Worker.run(ThreadPoolExecutor.java:614)
	at java.base/java.lang.Thread.run(Thread.java:1516)
