14:01:43.181 [ INFO] maestro.cli.runner.MaestroCommandRunner.runCommands$lambda$0: Define variables RUNNING
14:01:43.212 [ INFO] maestro.cli.runner.MaestroCommandRunner.runCommands$lambda$11: Define variables metadata CommandMetadata(numberOfRuns=null, evaluatedCommand=MaestroCommand(defineVariablesCommand=DefineVariablesCommand(env={NATIONAL_ID=1000011485, MAESTRO_FILENAME=_probe-acc007b, MAESTRO_DEVICE_UDID=emulator-5554, MAESTRO_SHARD_ID=1, MAESTRO_SHARD_INDEX=0}, label=null, optional=false)), logMessages=[], insight=Insight(message=, level=NONE), aiReasoning=null, labeledCommand=null)
14:01:43.222 [ INFO] maestro.cli.runner.MaestroCommandRunner.runCommands$lambda$2: Define variables COMPLETED
14:01:43.228 [ INFO] maestro.cli.runner.MaestroCommandRunner.runCommands$lambda$0: Define variables RUNNING
14:01:44.384 [ INFO] maestro.cli.runner.MaestroCommandRunner.runCommands$lambda$11: Define variables metadata CommandMetadata(numberOfRuns=null, evaluatedCommand=MaestroCommand(defineVariablesCommand=DefineVariablesCommand(env={NATIONAL_ID=1000011485}, label=null, optional=false)), logMessages=[], insight=Insight(message=, level=NONE), aiReasoning=null, labeledCommand=null)
14:01:44.388 [ INFO] maestro.cli.runner.MaestroCommandRunner.runCommands$lambda$2: Define variables COMPLETED
14:01:44.392 [ INFO] maestro.cli.runner.MaestroCommandRunner.runCommands$lambda$0: Apply configuration RUNNING
14:01:44.399 [ INFO] maestro.cli.runner.MaestroCommandRunner.runCommands$lambda$11: Apply configuration metadata CommandMetadata(numberOfRuns=null, evaluatedCommand=MaestroCommand(applyConfigurationCommand=ApplyConfigurationCommand(config=MaestroConfig(appId=fi.iwa.sakani, name=PROBE ACC-007b - read this account bookings properly, on the session already signed in, tags=[], ext={}, onFlowStart=null, onFlowComplete=null, properties={}), label=null, optional=false)), logMessages=[], insight=Insight(message=, level=NONE), aiReasoning=null, labeledCommand=null)
14:01:44.402 [ INFO] maestro.cli.runner.MaestroCommandRunner.runCommands$lambda$2: Apply configuration COMPLETED
14:01:44.404 [ INFO] maestro.cli.runner.MaestroCommandRunner.runCommands$lambda$0: Run ${console.log('PROBE ACC-007b TARGET NATIONAL_ID = [' + NATIONAL_ID + ']')} RUNNING
14:01:44.407 [ INFO] maestro.cli.runner.MaestroCommandRunner.runCommands$lambda$11: Run ${console.log('PROBE ACC-007b TARGET NATIONAL_ID = [' + NATIONAL_ID + ']')} metadata CommandMetadata(numberOfRuns=null, evaluatedCommand=MaestroCommand(evalScriptCommand=EvalScriptCommand(scriptString=${console.log('PROBE ACC-007b TARGET NATIONAL_ID = [' + NATIONAL_ID + ']')}, label=null, optional=false)), logMessages=[], insight=Insight(message=, level=NONE), aiReasoning=null, labeledCommand=null)
14:01:44.432 [ INFO] maestro.cli.runner.MaestroCommandRunner.runCommands$lambda$11: Run ${console.log('PROBE ACC-007b TARGET NATIONAL_ID = [' + NATIONAL_ID + ']')} metadata CommandMetadata(numberOfRuns=null, evaluatedCommand=MaestroCommand(evalScriptCommand=EvalScriptCommand(scriptString=${console.log('PROBE ACC-007b TARGET NATIONAL_ID = [' + NATIONAL_ID + ']')}, label=null, optional=false)), logMessages=[PROBE ACC-007b TARGET NATIONAL_ID = [1000011485]], insight=Insight(message=, level=NONE), aiReasoning=null, labeledCommand=null)
14:01:44.434 [ INFO] maestro.orchestra.Orchestra.executeCommands$lambda$23$lambda$21: JsConsole: PROBE ACC-007b TARGET NATIONAL_ID = [1000011485]
14:01:44.437 [ INFO] maestro.cli.runner.MaestroCommandRunner.runCommands$lambda$2: Run ${console.log('PROBE ACC-007b TARGET NATIONAL_ID = [' + NATIONAL_ID + ']')} COMPLETED
14:01:44.440 [ INFO] maestro.cli.runner.MaestroCommandRunner.runCommands$lambda$0: Assert that ${String(NATIONAL_ID).length === 10 && !/[^0-9]/.test(String(NATIONAL_ID)) && (String(NATIONAL_ID).charAt(0) === "1" || String(NATIONAL_ID).charAt(0) === "2")} is true RUNNING
14:01:44.581 [ INFO] maestro.cli.runner.MaestroCommandRunner.runCommands$lambda$11: Assert that ${String(NATIONAL_ID).length === 10 && !/[^0-9]/.test(String(NATIONAL_ID)) && (String(NATIONAL_ID).charAt(0) === "1" || String(NATIONAL_ID).charAt(0) === "2")} is true metadata CommandMetadata(numberOfRuns=null, evaluatedCommand=MaestroCommand(assertConditionCommand=AssertConditionCommand(condition=Condition(platform=null, visible=null, notVisible=null, scriptCondition=true, label=null), timeout=null, label=null, optional=false)), logMessages=[], insight=Insight(message=, level=NONE), aiReasoning=null, labeledCommand=null)
14:01:44.583 [ERROR] maestro.cli.session.MaestroSessionManager.newSession$lambda$0: Failed to record heartbeat
java.io.IOException: The process cannot access the file because another process has locked a portion of the file
	at java.base/java.io.FileOutputStream.writeBytes(Native Method)
	at java.base/java.io.FileOutputStream.write(FileOutputStream.java:332)
	at kotlin.io.FilesKt__FileReadWriteKt.writeTextImpl(FileReadWrite.kt:160)
	at kotlin.io.FilesKt__FileReadWriteKt.writeText(FileReadWrite.kt:145)
	at kotlin.io.FilesKt__FileReadWriteKt.writeText$default(FileReadWrite.kt:144)
	at maestro.cli.db.KeyValueStore.commit(KeyValueStore.kt:50)
	at maestro.cli.db.KeyValueStore.set$lambda$3$lambda$2(KeyValueStore.kt:23)
	at maestro.cli.db.KeyValueStore.withFileLock(KeyValueStore.kt:62)
	at maestro.cli.db.KeyValueStore.set(KeyValueStore.kt:20)
	at maestro.cli.session.SessionStore.heartbeat(SessionStore.kt:12)
	at maestro.cli.session.MaestroSessionManager.newSession$lambda$0(MaestroSessionManager.kt:98)
	at java.base/java.util.concurrent.Executors$RunnableAdapter.call(Executors.java:545)
	at java.base/java.util.concurrent.FutureTask.runAndReset(FutureTask.java:371)
	at java.base/java.util.concurrent.ScheduledThreadPoolExecutor$ScheduledFutureTask.run(ScheduledThreadPoolExecutor.java:310)
	at java.base/java.util.concurrent.ThreadPoolExecutor.runWorker(ThreadPoolExecutor.java:1090)
	at java.base/java.util.concurrent.ThreadPoolExecutor$Worker.run(ThreadPoolExecutor.java:614)
	at java.base/java.lang.Thread.run(Thread.java:1516)
14:01:44.585 [ INFO] maestro.cli.runner.MaestroCommandRunner.runCommands$lambda$2: Assert that ${String(NATIONAL_ID).length === 10 && !/[^0-9]/.test(String(NATIONAL_ID)) && (String(NATIONAL_ID).charAt(0) === "1" || String(NATIONAL_ID).charAt(0) === "2")} is true COMPLETED
14:01:44.587 [ INFO] maestro.cli.runner.MaestroCommandRunner.runCommands$lambda$0: Launch app "fi.iwa.sakani" RUNNING
14:01:44.593 [ INFO] maestro.cli.runner.MaestroCommandRunner.runCommands$lambda$11: Launch app "fi.iwa.sakani" metadata CommandMetadata(numberOfRuns=null, evaluatedCommand=MaestroCommand(launchAppCommand=LaunchAppCommand(appId=fi.iwa.sakani, clearState=null, clearKeychain=null, stopApp=null, permissions=null, launchArguments=null, label=null, optional=false)), logMessages=[], insight=Insight(message=, level=NONE), aiReasoning=null, labeledCommand=null)
14:01:48.998 [DEBUG] maestro.Maestro.setPermissionInternal: Failed to set permission android.permission.READ_EXTERNAL_STORAGE for app fi.iwa.sakani: shell command failed (exit -1): 
Exception occurred while executing 'grant':
java.lang.SecurityException: Package fi.iwa.sakani has not requested permission android.permission.READ_EXTERNAL_STORAGE
	at com.android.server.pm.permission.PermissionManagerServiceImpl.grantRuntimePermissionInternal(PermissionManagerServiceImpl.java:1423)
	at com.android.server.pm.permission.PermissionManagerServiceImpl.grantRuntimePermission(PermissionManagerServiceImpl.java:1337)
	at com.android.server.pm.permission.PermissionManagerService.grantRuntimePermission(PermissionManagerService.java:551)
	at android.permission.PermissionManager.grantRuntimePermission(PermissionManager.java:609)
	at com.android.server.pm.PackageManagerShellCommand.runGrantRevokePermission(PackageManagerShellCommand.java:2672)
	at com.android.server.pm.PackageManagerShellCommand.onCommand(PackageManagerShellCommand.java:291)
	at com.android.modules.utils.BasicShellCommandHandler.exec(BasicShellCommandHandler.java:97)
	at android.os.ShellCommand.exec(ShellCommand.java:38)
	at com.android.server.pm.PackageManagerService$IPackageManagerImpl.onShellCommand(PackageManagerService.java:6350)
	at android.os.Binder.shellCommand(Binder.java:1068)
	at android.os.Binder.onTransact(Binder.java:888)
	at android.content.pm.IPackageManager$Stub.onTransact(IPackageManager.java:4352)
	at com.android.server.pm.PackageManagerService$IPackageManagerImpl.onTransact(PackageManagerService.java:6334)
	at android.os.Binder.execTransactInternal(Binder.java:1344)
	at android.os.Binder.execTransact(Binder.java:1275)

14:01:49.017 [DEBUG] maestro.Maestro.setPermissionInternal: Failed to set permission android.permission.WRITE_EXTERNAL_STORAGE for app fi.iwa.sakani: shell command failed (exit -1): 
Exception occurred while executing 'grant':
java.lang.SecurityException: Package fi.iwa.sakani has not requested permission android.permission.WRITE_EXTERNAL_STORAGE
	at com.android.server.pm.permission.PermissionManagerServiceImpl.grantRuntimePermissionInternal(PermissionManagerServiceImpl.java:1423)
	at com.android.server.pm.permission.PermissionManagerServiceImpl.grantRuntimePermission(PermissionManagerServiceImpl.java:1337)
	at com.android.server.pm.permission.PermissionManagerService.grantRuntimePermission(PermissionManagerService.java:551)
	at android.permission.PermissionManager.grantRuntimePermission(PermissionManager.java:609)
	at com.android.server.pm.PackageManagerShellCommand.runGrantRevokePermission(PackageManagerShellCommand.java:2672)
	at com.android.server.pm.PackageManagerShellCommand.onCommand(PackageManagerShellCommand.java:291)
	at com.android.modules.utils.BasicShellCommandHandler.exec(BasicShellCommandHandler.java:97)
	at android.os.ShellCommand.exec(ShellCommand.java:38)
	at com.android.server.pm.PackageManagerService$IPackageManagerImpl.onShellCommand(PackageManagerService.java:6350)
	at android.os.Binder.shellCommand(Binder.java:1068)
	at android.os.Binder.onTransact(Binder.java:888)
	at android.content.pm.IPackageManager$Stub.onTransact(IPackageManager.java:4352)
	at com.android.server.pm.PackageManagerService$IPackageManagerImpl.onTransact(PackageManagerService.java:6334)
	at android.os.Binder.execTransactInternal(Binder.java:1344)
	at android.os.Binder.execTransact(Binder.java:1275)

14:01:49.182 [DEBUG] maestro.Maestro.setPermissionInternal: Failed to set permission com.sec.android.provider.badge.permission.READ for app fi.iwa.sakani: shell command failed (exit -1): 
Exception occurred while executing 'grant':
java.lang.IllegalArgumentException: Unknown permission: com.sec.android.provider.badge.permission.READ
	at com.android.server.pm.permission.PermissionManagerServiceImpl.grantRuntimePermissionInternal(PermissionManagerServiceImpl.java:1380)
	at com.android.server.pm.permission.PermissionManagerServiceImpl.grantRuntimePermission(PermissionManagerServiceImpl.java:1337)
	at com.android.server.pm.permission.PermissionManagerService.grantRuntimePermission(PermissionManagerService.java:551)
	at android.permission.PermissionManager.grantRuntimePermission(PermissionManager.java:609)
	at com.android.server.pm.PackageManagerShellCommand.runGrantRevokePermission(PackageManagerShellCommand.java:2672)
	at com.android.server.pm.PackageManagerShellCommand.onCommand(PackageManagerShellCommand.java:291)
	at com.android.modules.utils.BasicShellCommandHandler.exec(BasicShellCommandHandler.java:97)
	at android.os.ShellCommand.exec(ShellCommand.java:38)
	at com.android.server.pm.PackageManagerService$IPackageManagerImpl.onShellCommand(PackageManagerService.java:6350)
	at android.os.Binder.shellCommand(Binder.java:1068)
	at android.os.Binder.onTransact(Binder.java:888)
	at android.content.pm.IPackageManager$Stub.onTransact(IPackageManager.java:4352)
	at com.android.server.pm.PackageManagerService$IPackageManagerImpl.onTransact(PackageManagerService.java:6334)
	at android.os.Binder.execTransactInternal(Binder.java:1344)
	at android.os.Binder.execTransact(Binder.java:1275)

14:01:49.201 [DEBUG] maestro.Maestro.setPermissionInternal: Failed to set permission com.sec.android.provider.badge.permission.WRITE for app fi.iwa.sakani: shell command failed (exit -1): 
Exception occurred while executing 'grant':
java.lang.IllegalArgumentException: Unknown permission: com.sec.android.provider.badge.permission.WRITE
	at com.android.server.pm.permission.PermissionManagerServiceImpl.grantRuntimePermissionInternal(PermissionManagerServiceImpl.java:1380)
	at com.android.server.pm.permission.PermissionManagerServiceImpl.grantRuntimePermission(PermissionManagerServiceImpl.java:1337)
	at com.android.server.pm.permission.PermissionManagerService.grantRuntimePermission(PermissionManagerService.java:551)
	at android.permission.PermissionManager.grantRuntimePermission(PermissionManager.java:609)
	at com.android.server.pm.PackageManagerShellCommand.runGrantRevokePermission(PackageManagerShellCommand.java:2672)
	at com.android.server.pm.PackageManagerShellCommand.onCommand(PackageManagerShellCommand.java:291)
	at com.android.modules.utils.BasicShellCommandHandler.exec(BasicShellCommandHandler.java:97)
	at android.os.ShellCommand.exec(ShellCommand.java:38)
	at com.android.server.pm.PackageManagerService$IPackageManagerImpl.onShellCommand(PackageManagerService.java:6350)
	at android.os.Binder.shellCommand(Binder.java:1068)
	at android.os.Binder.onTransact(Binder.java:888)
	at android.content.pm.IPackageManager$Stub.onTransact(IPackageManager.java:4352)
	at com.android.server.pm.PackageManagerService$IPackageManagerImpl.onTransact(PackageManagerService.java:6334)
	at android.os.Binder.execTransactInternal(Binder.java:1344)
	at android.os.Binder.execTransact(Binder.java:1275)

14:01:49.218 [DEBUG] maestro.Maestro.setPermissionInternal: Failed to set permission com.htc.launcher.permission.READ_SETTINGS for app fi.iwa.sakani: shell command failed (exit -1): 
Exception occurred while executing 'grant':
java.lang.IllegalArgumentException: Unknown permission: com.htc.launcher.permission.READ_SETTINGS
	at com.android.server.pm.permission.PermissionManagerServiceImpl.grantRuntimePermissionInternal(PermissionManagerServiceImpl.java:1380)
	at com.android.server.pm.permission.PermissionManagerServiceImpl.grantRuntimePermission(PermissionManagerServiceImpl.java:1337)
	at com.android.server.pm.permission.PermissionManagerService.grantRuntimePermission(PermissionManagerService.java:551)
	at android.permission.PermissionManager.grantRuntimePermission(PermissionManager.java:609)
	at com.android.server.pm.PackageManagerShellCommand.runGrantRevokePermission(PackageManagerShellCommand.java:2672)
	at com.android.server.pm.PackageManagerShellCommand.onCommand(PackageManagerShellCommand.java:291)
	at com.android.modules.utils.BasicShellCommandHandler.exec(BasicShellCommandHandler.java:97)
	at android.os.ShellCommand.exec(ShellCommand.java:38)
	at com.android.server.pm.PackageManagerService$IPackageManagerImpl.onShellCommand(PackageManagerService.java:6350)
	at android.os.Binder.shellCommand(Binder.java:1068)
	at android.os.Binder.onTransact(Binder.java:888)
	at android.content.pm.IPackageManager$Stub.onTransact(IPackageManager.java:4352)
	at com.android.server.pm.PackageManagerService$IPackageManagerImpl.onTransact(PackageManagerService.java:6334)
	at android.os.Binder.execTransactInternal(Binder.java:1344)
	at android.os.Binder.execTransact(Binder.java:1275)

14:01:49.236 [DEBUG] maestro.Maestro.setPermissionInternal: Failed to set permission com.htc.launcher.permission.UPDATE_SHORTCUT for app fi.iwa.sakani: shell command failed (exit -1): 
Exception occurred while executing 'grant':
java.lang.IllegalArgumentException: Unknown permission: com.htc.launcher.permission.UPDATE_SHORTCUT
	at com.android.server.pm.permission.PermissionManagerServiceImpl.grantRuntimePermissionInternal(PermissionManagerServiceImpl.java:1380)
	at com.android.server.pm.permission.PermissionManagerServiceImpl.grantRuntimePermission(PermissionManagerServiceImpl.java:1337)
	at com.android.server.pm.permission.PermissionManagerService.grantRuntimePermission(PermissionManagerService.java:551)
	at android.permission.PermissionManager.grantRuntimePermission(PermissionManager.java:609)
	at com.android.server.pm.PackageManagerShellCommand.runGrantRevokePermission(PackageManagerShellCommand.java:2672)
	at com.android.server.pm.PackageManagerShellCommand.onCommand(PackageManagerShellCommand.java:291)
	at com.android.modules.utils.BasicShellCommandHandler.exec(BasicShellCommandHandler.java:97)
	at android.os.ShellCommand.exec(ShellCommand.java:38)
	at com.android.server.pm.PackageManagerService$IPackageManagerImpl.onShellCommand(PackageManagerService.java:6350)
	at android.os.Binder.shellCommand(Binder.java:1068)
	at android.os.Binder.onTransact(Binder.java:888)
	at android.content.pm.IPackageManager$Stub.onTransact(IPackageManager.java:4352)
	at com.android.server.pm.PackageManagerService$IPackageManagerImpl.onTransact(PackageManagerService.java:6334)
	at android.os.Binder.execTransactInternal(Binder.java:1344)
	at android.os.Binder.execTransact(Binder.java:1275)

14:01:49.254 [DEBUG] maestro.Maestro.setPermissionInternal: Failed to set permission com.sonyericsson.home.permission.BROADCAST_BADGE for app fi.iwa.sakani: shell command failed (exit -1): 
Exception occurred while executing 'grant':
java.lang.IllegalArgumentException: Unknown permission: com.sonyericsson.home.permission.BROADCAST_BADGE
	at com.android.server.pm.permission.PermissionManagerServiceImpl.grantRuntimePermissionInternal(PermissionManagerServiceImpl.java:1380)
	at com.android.server.pm.permission.PermissionManagerServiceImpl.grantRuntimePermission(PermissionManagerServiceImpl.java:1337)
	at com.android.server.pm.permission.PermissionManagerService.grantRuntimePermission(PermissionManagerService.java:551)
	at android.permission.PermissionManager.grantRuntimePermission(PermissionManager.java:609)
	at com.android.server.pm.PackageManagerShellCommand.runGrantRevokePermission(PackageManagerShellCommand.java:2672)
	at com.android.server.pm.PackageManagerShellCommand.onCommand(PackageManagerShellCommand.java:291)
	at com.android.modules.utils.BasicShellCommandHandler.exec(BasicShellCommandHandler.java:97)
	at android.os.ShellCommand.exec(ShellCommand.java:38)
	at com.android.server.pm.PackageManagerService$IPackageManagerImpl.onShellCommand(PackageManagerService.java:6350)
	at android.os.Binder.shellCommand(Binder.java:1068)
	at android.os.Binder.onTransact(Binder.java:888)
	at android.content.pm.IPackageManager$Stub.onTransact(IPackageManager.java:4352)
	at com.android.server.pm.PackageManagerService$IPackageManagerImpl.onTransact(PackageManagerService.java:6334)
	at android.os.Binder.execTransactInternal(Binder.java:1344)
	at android.os.Binder.execTransact(Binder.java:1275)

14:01:49.276 [DEBUG] maestro.Maestro.setPermissionInternal: Failed to set permission com.sonymobile.home.permission.PROVIDER_INSERT_BADGE for app fi.iwa.sakani: shell command failed (exit -1): 
Exception occurred while executing 'grant':
java.lang.IllegalArgumentException: Unknown permission: com.sonymobile.home.permission.PROVIDER_INSERT_BADGE
	at com.android.server.pm.permission.PermissionManagerServiceImpl.grantRuntimePermissionInternal(PermissionManagerServiceImpl.java:1380)
	at com.android.server.pm.permission.PermissionManagerServiceImpl.grantRuntimePermission(PermissionManagerServiceImpl.java:1337)
	at com.android.server.pm.permission.PermissionManagerService.grantRuntimePermission(PermissionManagerService.java:551)
	at android.permission.PermissionManager.grantRuntimePermission(PermissionManager.java:609)
	at com.android.server.pm.PackageManagerShellCommand.runGrantRevokePermission(PackageManagerShellCommand.java:2672)
	at com.android.server.pm.PackageManagerShellCommand.onCommand(PackageManagerShellCommand.java:291)
	at com.android.modules.utils.BasicShellCommandHandler.exec(BasicShellCommandHandler.java:97)
	at android.os.ShellCommand.exec(ShellCommand.java:38)
	at com.android.server.pm.PackageManagerService$IPackageManagerImpl.onShellCommand(PackageManagerService.java:6350)
	at android.os.Binder.shellCommand(Binder.java:1068)
	at android.os.Binder.onTransact(Binder.java:888)
	at android.content.pm.IPackageManager$Stub.onTransact(IPackageManager.java:4352)
	at com.android.server.pm.PackageManagerService$IPackageManagerImpl.onTransact(PackageManagerService.java:6334)
	at android.os.Binder.execTransactInternal(Binder.java:1344)
	at android.os.Binder.execTransact(Binder.java:1275)

14:01:49.295 [DEBUG] maestro.Maestro.setPermissionInternal: Failed to set permission com.anddoes.launcher.permission.UPDATE_COUNT for app fi.iwa.sakani: shell command failed (exit -1): 
Exception occurred while executing 'grant':
java.lang.IllegalArgumentException: Unknown permission: com.anddoes.launcher.permission.UPDATE_COUNT
	at com.android.server.pm.permission.PermissionManagerServiceImpl.grantRuntimePermissionInternal(PermissionManagerServiceImpl.java:1380)
	at com.android.server.pm.permission.PermissionManagerServiceImpl.grantRuntimePermission(PermissionManagerServiceImpl.java:1337)
	at com.android.server.pm.permission.PermissionManagerService.grantRuntimePermission(PermissionManagerService.java:551)
	at android.permission.PermissionManager.grantRuntimePermission(PermissionManager.java:609)
	at com.android.server.pm.PackageManagerShellCommand.runGrantRevokePermission(PackageManagerShellCommand.java:2672)
	at com.android.server.pm.PackageManagerShellCommand.onCommand(PackageManagerShellCommand.java:291)
	at com.android.modules.utils.BasicShellCommandHandler.exec(BasicShellCommandHandler.java:97)
	at android.os.ShellCommand.exec(ShellCommand.java:38)
	at com.android.server.pm.PackageManagerService$IPackageManagerImpl.onShellCommand(PackageManagerService.java:6350)
	at android.os.Binder.shellCommand(Binder.java:1068)
	at android.os.Binder.onTransact(Binder.java:888)
	at android.content.pm.IPackageManager$Stub.onTransact(IPackageManager.java:4352)
	at com.android.server.pm.PackageManagerService$IPackageManagerImpl.onTransact(PackageManagerService.java:6334)
	at android.os.Binder.execTransactInternal(Binder.java:1344)
	at android.os.Binder.execTransact(Binder.java:1275)

14:01:49.311 [DEBUG] maestro.Maestro.setPermissionInternal: Failed to set permission com.majeur.launcher.permission.UPDATE_BADGE for app fi.iwa.sakani: shell command failed (exit -1): 
Exception occurred while executing 'grant':
java.lang.IllegalArgumentException: Unknown permission: com.majeur.launcher.permission.UPDATE_BADGE
	at com.android.server.pm.permission.PermissionManagerServiceImpl.grantRuntimePermissionInternal(PermissionManagerServiceImpl.java:1380)
	at com.android.server.pm.permission.PermissionManagerServiceImpl.grantRuntimePermission(PermissionManagerServiceImpl.java:1337)
	at com.android.server.pm.permission.PermissionManagerService.grantRuntimePermission(PermissionManagerService.java:551)
	at android.permission.PermissionManager.grantRuntimePermission(PermissionManager.java:609)
	at com.android.server.pm.PackageManagerShellCommand.runGrantRevokePermission(PackageManagerShellCommand.java:2672)
	at com.android.server.pm.PackageManagerShellCommand.onCommand(PackageManagerShellCommand.java:291)
	at com.android.modules.utils.BasicShellCommandHandler.exec(BasicShellCommandHandler.java:97)
	at android.os.ShellCommand.exec(ShellCommand.java:38)
	at com.android.server.pm.PackageManagerService$IPackageManagerImpl.onShellCommand(PackageManagerService.java:6350)
	at android.os.Binder.shellCommand(Binder.java:1068)
	at android.os.Binder.onTransact(Binder.java:888)
	at android.content.pm.IPackageManager$Stub.onTransact(IPackageManager.java:4352)
	at com.android.server.pm.PackageManagerService$IPackageManagerImpl.onTransact(PackageManagerService.java:6334)
	at android.os.Binder.execTransactInternal(Binder.java:1344)
	at android.os.Binder.execTransact(Binder.java:1275)

14:01:49.331 [DEBUG] maestro.Maestro.setPermissionInternal: Failed to set permission com.huawei.android.launcher.permission.CHANGE_BADGE for app fi.iwa.sakani: shell command failed (exit -1): 
Exception occurred while executing 'grant':
java.lang.IllegalArgumentException: Unknown permission: com.huawei.android.launcher.permission.CHANGE_BADGE
	at com.android.server.pm.permission.PermissionManagerServiceImpl.grantRuntimePermissionInternal(PermissionManagerServiceImpl.java:1380)
	at com.android.server.pm.permission.PermissionManagerServiceImpl.grantRuntimePermission(PermissionManagerServiceImpl.java:1337)
	at com.android.server.pm.permission.PermissionManagerService.grantRuntimePermission(PermissionManagerService.java:551)
	at android.permission.PermissionManager.grantRuntimePermission(PermissionManager.java:609)
	at com.android.server.pm.PackageManagerShellCommand.runGrantRevokePermission(PackageManagerShellCommand.java:2672)
	at com.android.server.pm.PackageManagerShellCommand.onCommand(PackageManagerShellCommand.java:291)
	at com.android.modules.utils.BasicShellCommandHandler.exec(BasicShellCommandHandler.java:97)
	at android.os.ShellCommand.exec(ShellCommand.java:38)
	at com.android.server.pm.PackageManagerService$IPackageManagerImpl.onShellCommand(PackageManagerService.java:6350)
	at android.os.Binder.shellCommand(Binder.java:1068)
	at android.os.Binder.onTransact(Binder.java:888)
	at android.content.pm.IPackageManager$Stub.onTransact(IPackageManager.java:4352)
	at com.android.server.pm.PackageManagerService$IPackageManagerImpl.onTransact(PackageManagerService.java:6334)
	at android.os.Binder.execTransactInternal(Binder.java:1344)
	at android.os.Binder.execTransact(Binder.java:1275)

14:01:49.348 [DEBUG] maestro.Maestro.setPermissionInternal: Failed to set permission com.huawei.android.launcher.permission.READ_SETTINGS for app fi.iwa.sakani: shell command failed (exit -1): 
Exception occurred while executing 'grant':
java.lang.IllegalArgumentException: Unknown permission: com.huawei.android.launcher.permission.READ_SETTINGS
	at com.android.server.pm.permission.PermissionManagerServiceImpl.grantRuntimePermissionInternal(PermissionManagerServiceImpl.java:1380)
	at com.android.server.pm.permission.PermissionManagerServiceImpl.grantRuntimePermission(PermissionManagerServiceImpl.java:1337)
	at com.android.server.pm.permission.PermissionManagerService.grantRuntimePermission(PermissionManagerService.java:551)
	at android.permission.PermissionManager.grantRuntimePermission(PermissionManager.java:609)
	at com.android.server.pm.PackageManagerShellCommand.runGrantRevokePermission(PackageManagerShellCommand.java:2672)
	at com.android.server.pm.PackageManagerShellCommand.onCommand(PackageManagerShellCommand.java:291)
	at com.android.modules.utils.BasicShellCommandHandler.exec(BasicShellCommandHandler.java:97)
	at android.os.ShellCommand.exec(ShellCommand.java:38)
	at com.android.server.pm.PackageManagerService$IPackageManagerImpl.onShellCommand(PackageManagerService.java:6350)
	at android.os.Binder.shellCommand(Binder.java:1068)
	at android.os.Binder.onTransact(Binder.java:888)
	at android.content.pm.IPackageManager$Stub.onTransact(IPackageManager.java:4352)
	at com.android.server.pm.PackageManagerService$IPackageManagerImpl.onTransact(PackageManagerService.java:6334)
	at android.os.Binder.execTransactInternal(Binder.java:1344)
	at android.os.Binder.execTransact(Binder.java:1275)

14:01:49.368 [DEBUG] maestro.Maestro.setPermissionInternal: Failed to set permission com.huawei.android.launcher.permission.WRITE_SETTINGS for app fi.iwa.sakani: shell command failed (exit -1): 
Exception occurred while executing 'grant':
java.lang.IllegalArgumentException: Unknown permission: com.huawei.android.launcher.permission.WRITE_SETTINGS
	at com.android.server.pm.permission.PermissionManagerServiceImpl.grantRuntimePermissionInternal(PermissionManagerServiceImpl.java:1380)
	at com.android.server.pm.permission.PermissionManagerServiceImpl.grantRuntimePermission(PermissionManagerServiceImpl.java:1337)
	at com.android.server.pm.permission.PermissionManagerService.grantRuntimePermission(PermissionManagerService.java:551)
	at android.permission.PermissionManager.grantRuntimePermission(PermissionManager.java:609)
	at com.android.server.pm.PackageManagerShellCommand.runGrantRevokePermission(PackageManagerShellCommand.java:2672)
	at com.android.server.pm.PackageManagerShellCommand.onCommand(PackageManagerShellCommand.java:291)
	at com.android.modules.utils.BasicShellCommandHandler.exec(BasicShellCommandHandler.java:97)
	at android.os.ShellCommand.exec(ShellCommand.java:38)
	at com.android.server.pm.PackageManagerService$IPackageManagerImpl.onShellCommand(PackageManagerService.java:6350)
	at android.os.Binder.shellCommand(Binder.java:1068)
	at android.os.Binder.onTransact(Binder.java:888)
	at android.content.pm.IPackageManager$Stub.onTransact(IPackageManager.java:4352)
	at com.android.server.pm.PackageManagerService$IPackageManagerImpl.onTransact(PackageManagerService.java:6334)
	at android.os.Binder.execTransactInternal(Binder.java:1344)
	at android.os.Binder.execTransact(Binder.java:1275)

14:01:49.387 [DEBUG] maestro.Maestro.setPermissionInternal: Failed to set permission android.permission.READ_APP_BADGE for app fi.iwa.sakani: shell command failed (exit -1): 
Exception occurred while executing 'grant':
java.lang.IllegalArgumentException: Unknown permission: android.permission.READ_APP_BADGE
	at com.android.server.pm.permission.PermissionManagerServiceImpl.grantRuntimePermissionInternal(PermissionManagerServiceImpl.java:1380)
	at com.android.server.pm.permission.PermissionManagerServiceImpl.grantRuntimePermission(PermissionManagerServiceImpl.java:1337)
	at com.android.server.pm.permission.PermissionManagerService.grantRuntimePermission(PermissionManagerService.java:551)
	at android.permission.PermissionManager.grantRuntimePermission(PermissionManager.java:609)
	at com.android.server.pm.PackageManagerShellCommand.runGrantRevokePermission(PackageManagerShellCommand.java:2672)
	at com.android.server.pm.PackageManagerShellCommand.onCommand(PackageManagerShellCommand.java:291)
	at com.android.modules.utils.BasicShellCommandHandler.exec(BasicShellCommandHandler.java:97)
	at android.os.ShellCommand.exec(ShellCommand.java:38)
	at com.android.server.pm.PackageManagerService$IPackageManagerImpl.onShellCommand(PackageManagerService.java:6350)
	at android.os.Binder.shellCommand(Binder.java:1068)
	at android.os.Binder.onTransact(Binder.java:888)
	at android.content.pm.IPackageManager$Stub.onTransact(IPackageManager.java:4352)
	at com.android.server.pm.PackageManagerService$IPackageManagerImpl.onTransact(PackageManagerService.java:6334)
	at android.os.Binder.execTransactInternal(Binder.java:1344)
	at android.os.Binder.execTransact(Binder.java:1275)

14:01:49.407 [DEBUG] maestro.Maestro.setPermissionInternal: Failed to set permission com.oppo.launcher.permission.READ_SETTINGS for app fi.iwa.sakani: shell command failed (exit -1): 
Exception occurred while executing 'grant':
java.lang.IllegalArgumentException: Unknown permission: com.oppo.launcher.permission.READ_SETTINGS
	at com.android.server.pm.permission.PermissionManagerServiceImpl.grantRuntimePermissionInternal(PermissionManagerServiceImpl.java:1380)
	at com.android.server.pm.permission.PermissionManagerServiceImpl.grantRuntimePermission(PermissionManagerServiceImpl.java:1337)
	at com.android.server.pm.permission.PermissionManagerService.grantRuntimePermission(PermissionManagerService.java:551)
	at android.permission.PermissionManager.grantRuntimePermission(PermissionManager.java:609)
	at com.android.server.pm.PackageManagerShellCommand.runGrantRevokePermission(PackageManagerShellCommand.java:2672)
	at com.android.server.pm.PackageManagerShellCommand.onCommand(PackageManagerShellCommand.java:291)
	at com.android.modules.utils.BasicShellCommandHandler.exec(BasicShellCommandHandler.java:97)
	at android.os.ShellCommand.exec(ShellCommand.java:38)
	at com.android.server.pm.PackageManagerService$IPackageManagerImpl.onShellCommand(PackageManagerService.java:6350)
	at android.os.Binder.shellCommand(Binder.java:1068)
	at android.os.Binder.onTransact(Binder.java:888)
	at android.content.pm.IPackageManager$Stub.onTransact(IPackageManager.java:4352)
	at com.android.server.pm.PackageManagerService$IPackageManagerImpl.onTransact(PackageManagerService.java:6334)
	at android.os.Binder.execTransactInternal(Binder.java:1344)
	at android.os.Binder.execTransact(Binder.java:1275)

14:01:49.423 [DEBUG] maestro.Maestro.setPermissionInternal: Failed to set permission com.oppo.launcher.permission.WRITE_SETTINGS for app fi.iwa.sakani: shell command failed (exit -1): 
Exception occurred while executing 'grant':
java.lang.IllegalArgumentException: Unknown permission: com.oppo.launcher.permission.WRITE_SETTINGS
	at com.android.server.pm.permission.PermissionManagerServiceImpl.grantRuntimePermissionInternal(PermissionManagerServiceImpl.java:1380)
	at com.android.server.pm.permission.PermissionManagerServiceImpl.grantRuntimePermission(PermissionManagerServiceImpl.java:1337)
	at com.android.server.pm.permission.PermissionManagerService.grantRuntimePermission(PermissionManagerService.java:551)
	at android.permission.PermissionManager.grantRuntimePermission(PermissionManager.java:609)
	at com.android.server.pm.PackageManagerShellCommand.runGrantRevokePermission(PackageManagerShellCommand.java:2672)
	at com.android.server.pm.PackageManagerShellCommand.onCommand(PackageManagerShellCommand.java:291)
	at com.android.modules.utils.BasicShellCommandHandler.exec(BasicShellCommandHandler.java:97)
	at android.os.ShellCommand.exec(ShellCommand.java:38)
	at com.android.server.pm.PackageManagerService$IPackageManagerImpl.onShellCommand(PackageManagerService.java:6350)
	at android.os.Binder.shellCommand(Binder.java:1068)
	at android.os.Binder.onTransact(Binder.java:888)
	at android.content.pm.IPackageManager$Stub.onTransact(IPackageManager.java:4352)
	at com.android.server.pm.PackageManagerService$IPackageManagerImpl.onTransact(PackageManagerService.java:6334)
	at android.os.Binder.execTransactInternal(Binder.java:1344)
	at android.os.Binder.execTransact(Binder.java:1275)

14:01:49.440 [DEBUG] maestro.Maestro.setPermissionInternal: Failed to set permission me.everything.badger.permission.BADGE_COUNT_READ for app fi.iwa.sakani: shell command failed (exit -1): 
Exception occurred while executing 'grant':
java.lang.IllegalArgumentException: Unknown permission: me.everything.badger.permission.BADGE_COUNT_READ
	at com.android.server.pm.permission.PermissionManagerServiceImpl.grantRuntimePermissionInternal(PermissionManagerServiceImpl.java:1380)
	at com.android.server.pm.permission.PermissionManagerServiceImpl.grantRuntimePermission(PermissionManagerServiceImpl.java:1337)
	at com.android.server.pm.permission.PermissionManagerService.grantRuntimePermission(PermissionManagerService.java:551)
	at android.permission.PermissionManager.grantRuntimePermission(PermissionManager.java:609)
	at com.android.server.pm.PackageManagerShellCommand.runGrantRevokePermission(PackageManagerShellCommand.java:2672)
	at com.android.server.pm.PackageManagerShellCommand.onCommand(PackageManagerShellCommand.java:291)
	at com.android.modules.utils.BasicShellCommandHandler.exec(BasicShellCommandHandler.java:97)
	at android.os.ShellCommand.exec(ShellCommand.java:38)
	at com.android.server.pm.PackageManagerService$IPackageManagerImpl.onShellCommand(PackageManagerService.java:6350)
	at android.os.Binder.shellCommand(Binder.java:1068)
	at android.os.Binder.onTransact(Binder.java:888)
	at android.content.pm.IPackageManager$Stub.onTransact(IPackageManager.java:4352)
	at com.android.server.pm.PackageManagerService$IPackageManagerImpl.onTransact(PackageManagerService.java:6334)
	at android.os.Binder.execTransactInternal(Binder.java:1344)
	at android.os.Binder.execTransact(Binder.java:1275)

14:01:49.457 [DEBUG] maestro.Maestro.setPermissionInternal: Failed to set permission me.everything.badger.permission.BADGE_COUNT_WRITE for app fi.iwa.sakani: shell command failed (exit -1): 
Exception occurred while executing 'grant':
java.lang.IllegalArgumentException: Unknown permission: me.everything.badger.permission.BADGE_COUNT_WRITE
	at com.android.server.pm.permission.PermissionManagerServiceImpl.grantRuntimePermissionInternal(PermissionManagerServiceImpl.java:1380)
	at com.android.server.pm.permission.PermissionManagerServiceImpl.grantRuntimePermission(PermissionManagerServiceImpl.java:1337)
	at com.android.server.pm.permission.PermissionManagerService.grantRuntimePermission(PermissionManagerService.java:551)
	at android.permission.PermissionManager.grantRuntimePermission(PermissionManager.java:609)
	at com.android.server.pm.PackageManagerShellCommand.runGrantRevokePermission(PackageManagerShellCommand.java:2672)
	at com.android.server.pm.PackageManagerShellCommand.onCommand(PackageManagerShellCommand.java:291)
	at com.android.modules.utils.BasicShellCommandHandler.exec(BasicShellCommandHandler.java:97)
	at android.os.ShellCommand.exec(ShellCommand.java:38)
	at com.android.server.pm.PackageManagerService$IPackageManagerImpl.onShellCommand(PackageManagerService.java:6350)
	at android.os.Binder.shellCommand(Binder.java:1068)
	at android.os.Binder.onTransact(Binder.java:888)
	at android.content.pm.IPackageManager$Stub.onTransact(IPackageManager.java:4352)
	at com.android.server.pm.PackageManagerService$IPackageManagerImpl.onTransact(PackageManagerService.java:6334)
	at android.os.Binder.execTransactInternal(Binder.java:1344)
	at android.os.Binder.execTransact(Binder.java:1275)

14:01:49.573 [ERROR] maestro.cli.session.MaestroSessionManager.newSession$lambda$0: Failed to record heartbeat
java.io.IOException: The process cannot access the file because another process has locked a portion of the file
	at java.base/java.io.FileOutputStream.writeBytes(Native Method)
	at java.base/java.io.FileOutputStream.write(FileOutputStream.java:332)
	at kotlin.io.FilesKt__FileReadWriteKt.writeTextImpl(FileReadWrite.kt:160)
	at kotlin.io.FilesKt__FileReadWriteKt.writeText(FileReadWrite.kt:145)
	at kotlin.io.FilesKt__FileReadWriteKt.writeText$default(FileReadWrite.kt:144)
	at maestro.cli.db.KeyValueStore.commit(KeyValueStore.kt:50)
	at maestro.cli.db.KeyValueStore.set$lambda$3$lambda$2(KeyValueStore.kt:23)
	at maestro.cli.db.KeyValueStore.withFileLock(KeyValueStore.kt:62)
	at maestro.cli.db.KeyValueStore.set(KeyValueStore.kt:20)
	at maestro.cli.session.SessionStore.heartbeat(SessionStore.kt:12)
	at maestro.cli.session.MaestroSessionManager.newSession$lambda$0(MaestroSessionManager.kt:98)
	at java.base/java.util.concurrent.Executors$RunnableAdapter.call(Executors.java:545)
	at java.base/java.util.concurrent.FutureTask.runAndReset(FutureTask.java:371)
	at java.base/java.util.concurrent.ScheduledThreadPoolExecutor$ScheduledFutureTask.run(ScheduledThreadPoolExecutor.java:310)
	at java.base/java.util.concurrent.ThreadPoolExecutor.runWorker(ThreadPoolExecutor.java:1090)
	at java.base/java.util.concurrent.ThreadPoolExecutor$Worker.run(ThreadPoolExecutor.java:614)
	at java.base/java.lang.Thread.run(Thread.java:1516)
14:01:49.602 [ INFO] maestro.Maestro.launchApp$lambda$5: Launching app fi.iwa.sakani
14:01:49.602 [ INFO] maestro.Maestro.launchApp$lambda$5: Stopping fi.iwa.sakani app during launch
14:01:49.811 [ INFO] maestro.cli.runner.MaestroCommandRunner.runCommands$lambda$2: Launch app "fi.iwa.sakani" COMPLETED
14:01:49.812 [ INFO] maestro.cli.runner.MaestroCommandRunner.runCommands$lambda$0: Run subflows/clear-overlays.yaml RUNNING
14:01:49.831 [ INFO] maestro.cli.runner.MaestroCommandRunner.runCommands$lambda$11: Run subflows/clear-overlays.yaml metadata CommandMetadata(numberOfRuns=null, evaluatedCommand=MaestroCommand(runFlowCommand=RunFlowCommand(commands=[MaestroCommand(defineVariablesCommand=DefineVariablesCommand(env={ANCHOR=Account\s*Tab 4 of 4}, label=null, optional=false)), MaestroCommand(applyConfigurationCommand=ApplyConfigurationCommand(config=MaestroConfig(appId=fi.iwa.sakani, name=Clear first-run and promo overlays, tags=[], ext={}, onFlowStart=null, onFlowComplete=null, properties={}), label=null, optional=false)), MaestroCommand(repeatCommand=RepeatCommand(times=20, condition=Condition(platform=null, visible=null, notVisible=ElementSelector(textRegex=${ANCHOR}, idRegex=null, size=null, below=null, above=null, leftOf=null, rightOf=null, containsChild=null, containsDescendants=null, traits=null, index=null, enabled=null, optional=false, selected=null, checked=null, focused=null, childOf=null, css=null), scriptCondition=null, label=null), commands=[MaestroCommand(runFlowCommand=RunFlowCommand(commands=[MaestroCommand(tapOnElementCommand=TapOnElementCommand(selector=ElementSelector(textRegex=Don.t allow, idRegex=null, size=null, below=null, above=null, leftOf=null, rightOf=null, containsChild=null, containsDescendants=null, traits=null, index=null, enabled=null, optional=false, selected=null, checked=null, focused=null, childOf=null, css=null), retryIfNoChange=false, waitUntilVisible=false, longPress=false, repeat=null, waitToSettleTimeoutMs=null, relativePoint=null, label=null, optional=false)), MaestroCommand(waitForAnimationToEndCommand=WaitForAnimationToEndCommand(timeout=3000, label=null, optional=false))], condition=Condition(platform=null, visible=ElementSelector(textRegex=Don.t allow, idRegex=null, size=null, below=null, above=null, leftOf=null, rightOf=null, containsChild=null, containsDescendants=null, traits=null, index=null, enabled=null, optional=false, selected=null, checked=null, focused=null, childOf=null, css=null), notVisible=null, scriptCondition=null, label=null), sourceDescription=null, config=null, label=null, optional=false)), MaestroCommand(runFlowCommand=RunFlowCommand(commands=[MaestroCommand(tapOnElementCommand=TapOnElementCommand(selector=ElementSelector(textRegex=Skip, idRegex=null, size=null, below=null, above=null, leftOf=null, rightOf=null, containsChild=null, containsDescendants=null, traits=null, index=null, enabled=null, optional=false, selected=null, checked=null, focused=null, childOf=null, css=null), retryIfNoChange=false, waitUntilVisible=false, longPress=false, repeat=null, waitToSettleTimeoutMs=null, relativePoint=null, label=null, optional=false)), MaestroCommand(waitForAnimationToEndCommand=WaitForAnimationToEndCommand(timeout=3000, label=null, optional=false))], condition=Condition(platform=null, visible=ElementSelector(textRegex=Skip, idRegex=null, size=null, below=null, above=null, leftOf=null, rightOf=null, containsChild=null, containsDescendants=null, traits=null, index=null, enabled=null, optional=false, selected=null, checked=null, focused=null, childOf=null, css=null), notVisible=null, scriptCondition=null, label=null), sourceDescription=null, config=null, label=null, optional=false)), MaestroCommand(runFlowCommand=RunFlowCommand(commands=[MaestroCommand(tapOnElementCommand=TapOnElementCommand(selector=ElementSelector(textRegex=Dismiss, idRegex=null, size=null, below=null, above=null, leftOf=null, rightOf=null, containsChild=null, containsDescendants=null, traits=null, index=null, enabled=null, optional=false, selected=null, checked=null, focused=null, childOf=null, css=null), retryIfNoChange=false, waitUntilVisible=false, longPress=false, repeat=null, waitToSettleTimeoutMs=null, relativePoint=null, label=null, optional=false)), MaestroCommand(waitForAnimationToEndCommand=WaitForAnimationToEndCommand(timeout=3000, label=null, optional=false))], condition=Condition(platform=null, visible=ElementSelector(textRegex=Dismiss, idRegex=null, size=null, below=null, above=null, leftOf=null, rightOf=null, containsChild=null, containsDescendants=null, traits=null, index=null, enabled=null, optional=false, selected=null, checked=null, focused=null, childOf=null, css=null), notVisible=null, scriptCondition=null, label=null), sourceDescription=null, config=null, label=null, optional=false)), MaestroCommand(runFlowCommand=RunFlowCommand(commands=[MaestroCommand(runFlowCommand=RunFlowCommand(commands=[MaestroCommand(evalScriptCommand=EvalScriptCommand(scriptString=${console.log('CLEAR-OVERLAYS OK-HANDLER: dismissing the ERROR dialog (there is something wrong / please try again later). If this line sits after a reservation, payment or signature step, the business outcome MUST be re-read from the product records before the run is called green.')}, label=null, optional=false))], condition=Condition(platform=null, visible=ElementSelector(textRegex=There's something wrong. Please try again later!, idRegex=null, size=null, below=null, above=null, leftOf=null, rightOf=null, containsChild=null, containsDescendants=null, traits=null, index=null, enabled=null, optional=false, selected=null, checked=null, focused=null, childOf=null, css=null), notVisible=null, scriptCondition=null, label=null), sourceDescription=null, config=null, label=null, optional=false)), MaestroCommand(evalScriptCommand=EvalScriptCommand(scriptString=${console.log('CLEAR-OVERLAYS OK-HANDLER: tapping Ok')}, label=null, optional=false)), MaestroCommand(tapOnElementCommand=TapOnElementCommand(selector=ElementSelector(textRegex=Ok, idRegex=null, size=null, below=null, above=null, leftOf=null, rightOf=null, containsChild=null, containsDescendants=null, traits=null, index=null, enabled=null, optional=false, selected=null, checked=null, focused=null, childOf=null, css=null), retryIfNoChange=false, waitUntilVisible=false, longPress=false, repeat=null, waitToSettleTimeoutMs=null, relativePoint=null, label=null, optional=false)), MaestroCommand(waitForAnimationToEndCommand=WaitForAnimationToEndCommand(timeout=3000, label=null, optional=false))], condition=Condition(platform=null, visible=ElementSelector(textRegex=Ok, idRegex=null, size=null, below=null, above=null, leftOf=null, rightOf=null, containsChild=null, containsDescendants=null, traits=null, index=null, enabled=null, optional=false, selected=null, checked=null, focused=null, childOf=null, css=null), notVisible=null, scriptCondition=null, label=null), sourceDescription=null, config=null, label=null, optional=false)), MaestroCommand(runFlowCommand=RunFlowCommand(commands=[MaestroCommand(backPressCommand=BackPressCommand()), MaestroCommand(waitForAnimationToEndCommand=WaitForAnimationToEndCommand(timeout=3000, label=null, optional=false))], condition=Condition(platform=null, visible=ElementSelector(textRegex=Marketplace Day, idRegex=null, size=null, below=null, above=null, leftOf=null, rightOf=null, containsChild=null, containsDescendants=null, traits=null, index=null, enabled=null, optional=false, selected=null, checked=null, focused=null, childOf=null, css=null), notVisible=null, scriptCondition=null, label=null), sourceDescription=null, config=null, label=null, optional=false)), MaestroCommand(runFlowCommand=RunFlowCommand(commands=[MaestroCommand(backPressCommand=BackPressCommand()), MaestroCommand(waitForAnimationToEndCommand=WaitForAnimationToEndCommand(timeout=3000, label=null, optional=false))], condition=Condition(platform=null, visible=ElementSelector(textRegex=Start comparing properties, idRegex=null, size=null, below=null, above=null, leftOf=null, rightOf=null, containsChild=null, containsDescendants=null, traits=null, index=null, enabled=null, optional=false, selected=null, checked=null, focused=null, childOf=null, css=null), notVisible=null, scriptCondition=null, label=null), sourceDescription=null, config=null, label=null, optional=false)), MaestroCommand(runFlowCommand=RunFlowCommand(commands=[MaestroCommand(backPressCommand=BackPressCommand()), MaestroCommand(waitForAnimationToEndCommand=WaitForAnimationToEndCommand(timeout=3000, label=null, optional=false))], condition=Condition(platform=null, visible=ElementSelector(textRegex=Go to the weekly (offer|deal), idRegex=null, size=null, below=null, above=null, leftOf=null, rightOf=null, containsChild=null, containsDescendants=null, traits=null, index=null, enabled=null, optional=false, selected=null, checked=null, focused=null, childOf=null, css=null), notVisible=null, scriptCondition=null, label=null), sourceDescription=null, config=null, label=null, optional=false)), MaestroCommand(runFlowCommand=RunFlowCommand(commands=[MaestroCommand(backPressCommand=BackPressCommand()), MaestroCommand(waitForAnimationToEndCommand=WaitForAnimationToEndCommand(timeout=3000, label=null, optional=false))], condition=Condition(platform=null, visible=ElementSelector(textRegex=Update email, idRegex=null, size=null, below=null, above=null, leftOf=null, rightOf=null, containsChild=null, containsDescendants=null, traits=null, index=null, enabled=null, optional=false, selected=null, checked=null, focused=null, childOf=null, css=null), notVisible=null, scriptCondition=null, label=null), sourceDescription=null, config=null, label=null, optional=false)), MaestroCommand(runFlowCommand=RunFlowCommand(commands=[MaestroCommand(tapOnPointV2Command=TapOnPointV2Command(point=7%,9%, retryIfNoChange=false, longPress=false, repeat=null, waitToSettleTimeoutMs=null, label=null, optional=false)), MaestroCommand(waitForAnimationToEndCommand=WaitForAnimationToEndCommand(timeout=4000, label=null, optional=false))], condition=Condition(platform=null, visible=ElementSelector(textRegex=Number and Email Already Linked, idRegex=null, size=null, below=null, above=null, leftOf=null, rightOf=null, containsChild=null, containsDescendants=null, traits=null, index=null, enabled=null, optional=false, selected=null, checked=null, focused=null, childOf=null, css=null), notVisible=null, scriptCondition=null, label=null), sourceDescription=null, config=null, label=null, optional=false)), MaestroCommand(runFlowCommand=RunFlowCommand(commands=[MaestroCommand(runFlowCommand=RunFlowCommand(commands=[MaestroCommand(swipeCommand=SwipeCommand(direction=null, startPoint=null, endPoint=null, elementSelector=null, startRelative=50%,58%, endRelative=50%,99%, duration=400, waitToSettleTimeoutMs=null, relativePoint=null, label=null, optional=false)), MaestroCommand(waitForAnimationToEndCommand=WaitForAnimationToEndCommand(timeout=4000, label=null, optional=false))], condition=Condition(platform=null, visible=null, notVisible=ElementSelector(textRegex=(?s)(.*There.s something wrong.*|.*the service is down.*|Error!), idRegex=null, size=null, below=null, above=null, leftOf=null, rightOf=null, containsChild=null, containsDescendants=null, traits=null, index=null, enabled=null, optional=false, selected=null, checked=null, focused=null, childOf=null, css=null), scriptCondition=null, label=null), sourceDescription=null, config=null, label=null, optional=false))], condition=Condition(platform=null, visible=ElementSelector(textRegex=(?s).*would you recommend benefiting from Sakani.*, idRegex=null, size=null, below=null, above=null, leftOf=null, rightOf=null, containsChild=null, containsDescendants=null, traits=null, index=null, enabled=null, optional=false, selected=null, checked=null, focused=null, childOf=null, css=null), notVisible=null, scriptCondition=null, label=null), sourceDescription=null, config=null, label=null, optional=false)), MaestroCommand(runFlowCommand=RunFlowCommand(commands=[MaestroCommand(tapOnElementCommand=TapOnElementCommand(selector=ElementSelector(textRegex=Maybe Later, idRegex=null, size=null, below=null, above=null, leftOf=null, rightOf=null, containsChild=null, containsDescendants=null, traits=null, index=null, enabled=null, optional=false, selected=null, checked=null, focused=null, childOf=null, css=null), retryIfNoChange=false, waitUntilVisible=false, longPress=false, repeat=null, waitToSettleTimeoutMs=null, relativePoint=null, label=null, optional=false)), MaestroCommand(waitForAnimationToEndCommand=WaitForAnimationToEndCommand(timeout=3000, label=null, optional=false))], condition=Condition(platform=null, visible=ElementSelector(textRegex=Maybe Later, idRegex=null, size=null, below=null, above=null, leftOf=null, rightOf=null, containsChild=null, containsDescendants=null, traits=null, index=null, enabled=null, optional=false, selected=null, checked=null, focused=null, childOf=null, css=null), notVisible=null, scriptCondition=null, label=null), sourceDescription=null, config=null, label=null, optional=false)), MaestroCommand(runFlowCommand=RunFlowCommand(commands=[MaestroCommand(tapOnElementCommand=TapOnElementCommand(selector=ElementSelector(textRegex=Reject cookies, idRegex=null, size=null, below=null, above=null, leftOf=null, rightOf=null, containsChild=null, containsDescendants=null, traits=null, index=null, enabled=null, optional=false, selected=null, checked=null, focused=null, childOf=null, css=null), retryIfNoChange=false, waitUntilVisible=false, longPress=false, repeat=null, waitToSettleTimeoutMs=null, relativePoint=null, label=null, optional=false)), MaestroCommand(waitForAnimationToEndCommand=WaitForAnimationToEndCommand(timeout=4000, label=null, optional=false))], condition=Condition(platform=null, visible=ElementSelector(textRegex=Reject cookies, idRegex=null, size=null, below=null, above=null, leftOf=null, rightOf=null, containsChild=null, containsDescendants=null, traits=null, index=null, enabled=null, optional=false, selected=null, checked=null, focused=null, childOf=null, css=null), notVisible=null, scriptCondition=null, label=null), sourceDescription=null, config=null, label=null, optional=false)), MaestroCommand(runFlowCommand=RunFlowCommand(commands=[MaestroCommand(waitForAnimationToEndCommand=WaitForAnimationToEndCommand(timeout=5000, label=null, optional=false))], condition=Condition(platform=null, visible=null, notVisible=ElementSelector(textRegex=${ANCHOR}, idRegex=null, size=null, below=null, above=null, leftOf=null, rightOf=null, containsChild=null, containsDescendants=null, traits=null, index=null, enabled=null, optional=false, selected=null, checked=null, focused=null, childOf=null, css=null), scriptCondition=null, label=null), sourceDescription=null, config=null, label=null, optional=false))], label=null, optional=false)), MaestroCommand(repeatCommand=RepeatCommand(times=3, condition=Condition(platform=null, visible=ElementSelector(textRegex=(?s).*would you recommend benefiting from Sakani.*, idRegex=null, size=null, below=null, above=null, leftOf=null, rightOf=null, containsChild=null, containsDescendants=null, traits=null, index=null, enabled=null, optional=false, selected=null, checked=null, focused=null, childOf=null, css=null), notVisible=null, scriptCondition=null, label=null), commands=[MaestroCommand(runFlowCommand=RunFlowCommand(commands=[MaestroCommand(swipeCommand=SwipeCommand(direction=null, startPoint=null, endPoint=null, elementSelector=null, startRelative=50%,58%, endRelative=50%,99%, duration=400, waitToSettleTimeoutMs=null, relativePoint=null, label=null, optional=false)), MaestroCommand(waitForAnimationToEndCommand=WaitForAnimationToEndCommand(timeout=4000, label=null, optional=false))], condition=Condition(platform=null, visible=null, notVisible=ElementSelector(textRegex=(?s)(.*There.s something wrong.*|.*the service is down.*|Error!), idRegex=null, size=null, below=null, above=null, leftOf=null, rightOf=null, containsChild=null, containsDescendants=null, traits=null, index=null, enabled=null, optional=false, selected=null, checked=null, focused=null, childOf=null, css=null), scriptCondition=null, label=null), sourceDescription=null, config=null, label=null, optional=false))], label=null, optional=false)), MaestroCommand(assertConditionCommand=AssertConditionCommand(condition=Condition(platform=null, visible=null, notVisible=ElementSelector(textRegex=(?s).*would you recommend benefiting from Sakani.*, idRegex=null, size=null, below=null, above=null, leftOf=null, rightOf=null, containsChild=null, containsDescendants=null, traits=null, index=null, enabled=null, optional=false, selected=null, checked=null, focused=null, childOf=null, css=null), scriptCondition=null, label=null), timeout=null, label=null, optional=false)), MaestroCommand(runFlowCommand=RunFlowCommand(commands=[MaestroCommand(assertConditionCommand=AssertConditionCommand(condition=Condition(platform=null, visible=ElementSelector(textRegex=${ANCHOR}, idRegex=null, size=null, below=null, above=null, leftOf=null, rightOf=null, containsChild=null, containsDescendants=null, traits=null, index=null, enabled=null, optional=false, selected=null, checked=null, focused=null, childOf=null, css=null), notVisible=null, scriptCondition=null, label=null), timeout=120000, label=null, optional=false))], condition=Condition(platform=null, visible=null, notVisible=null, scriptCondition=${output.anchorOptional !== true}, label=null), sourceDescription=null, config=null, label=null, optional=false))], condition=null, sourceDescription=subflows/clear-overlays.yaml, config=MaestroConfig(appId=fi.iwa.sakani, name=Clear first-run and promo overlays, tags=[], ext={}, onFlowStart=null, onFlowComplete=null, properties={}), label=null, optional=false)), logMessages=[], insight=Insight(message=, level=NONE), aiReasoning=null, labeledCommand=null)
14:01:49.835 [ INFO] maestro.cli.runner.MaestroCommandRunner.runCommands$lambda$0: Define variables RUNNING
14:01:49.837 [ INFO] maestro.cli.runner.MaestroCommandRunner.runCommands$lambda$11: Define variables metadata CommandMetadata(numberOfRuns=null, evaluatedCommand=MaestroCommand(defineVariablesCommand=DefineVariablesCommand(env={ANCHOR=Account\s*Tab 4 of 4}, label=null, optional=false)), logMessages=[], insight=Insight(message=, level=NONE), aiReasoning=null, labeledCommand=null)
14:01:49.838 [ INFO] maestro.cli.runner.MaestroCommandRunner.runCommands$lambda$2: Define variables COMPLETED
14:01:49.840 [ INFO] maestro.cli.runner.MaestroCommandRunner.runCommands$lambda$0: Apply configuration RUNNING
14:01:49.843 [ INFO] maestro.cli.runner.MaestroCommandRunner.runCommands$lambda$11: Apply configuration metadata CommandMetadata(numberOfRuns=null, evaluatedCommand=MaestroCommand(applyConfigurationCommand=ApplyConfigurationCommand(config=MaestroConfig(appId=fi.iwa.sakani, name=Clear first-run and promo overlays, tags=[], ext={}, onFlowStart=null, onFlowComplete=null, properties={}), label=null, optional=false)), logMessages=[], insight=Insight(message=, level=NONE), aiReasoning=null, labeledCommand=null)
14:01:49.843 [ INFO] maestro.cli.runner.MaestroCommandRunner.runCommands$lambda$2: Apply configuration COMPLETED
14:01:49.844 [ INFO] maestro.cli.runner.MaestroCommandRunner.runCommands$lambda$0: Repeat while "${ANCHOR}" is not visible (up to 20 times) RUNNING
14:01:49.845 [ INFO] maestro.cli.runner.MaestroCommandRunner.runCommands$lambda$11: Repeat while "${ANCHOR}" is not visible (up to 20 times) metadata CommandMetadata(numberOfRuns=null, evaluatedCommand=MaestroCommand(repeatCommand=RepeatCommand(times=20, condition=Condition(platform=null, visible=null, notVisible=ElementSelector(textRegex=${ANCHOR}, idRegex=null, size=null, below=null, above=null, leftOf=null, rightOf=null, containsChild=null, containsDescendants=null, traits=null, index=null, enabled=null, optional=false, selected=null, checked=null, focused=null, childOf=null, css=null), scriptCondition=null, label=null), commands=[MaestroCommand(runFlowCommand=RunFlowCommand(commands=[MaestroCommand(tapOnElementCommand=TapOnElementCommand(selector=ElementSelector(textRegex=Don.t allow, idRegex=null, size=null, below=null, above=null, leftOf=null, rightOf=null, containsChild=null, containsDescendants=null, traits=null, index=null, enabled=null, optional=false, selected=null, checked=null, focused=null, childOf=null, css=null), retryIfNoChange=false, waitUntilVisible=false, longPress=false, repeat=null, waitToSettleTimeoutMs=null, relativePoint=null, label=null, optional=false)), MaestroCommand(waitForAnimationToEndCommand=WaitForAnimationToEndCommand(timeout=3000, label=null, optional=false))], condition=Condition(platform=null, visible=ElementSelector(textRegex=Don.t allow, idRegex=null, size=null, below=null, above=null, leftOf=null, rightOf=null, containsChild=null, containsDescendants=null, traits=null, index=null, enabled=null, optional=false, selected=null, checked=null, focused=null, childOf=null, css=null), notVisible=null, scriptCondition=null, label=null), sourceDescription=null, config=null, label=null, optional=false)), MaestroCommand(runFlowCommand=RunFlowCommand(commands=[MaestroCommand(tapOnElementCommand=TapOnElementCommand(selector=ElementSelector(textRegex=Skip, idRegex=null, size=null, below=null, above=null, leftOf=null, rightOf=null, containsChild=null, containsDescendants=null, traits=null, index=null, enabled=null, optional=false, selected=null, checked=null, focused=null, childOf=null, css=null), retryIfNoChange=false, waitUntilVisible=false, longPress=false, repeat=null, waitToSettleTimeoutMs=null, relativePoint=null, label=null, optional=false)), MaestroCommand(waitForAnimationToEndCommand=WaitForAnimationToEndCommand(timeout=3000, label=null, optional=false))], condition=Condition(platform=null, visible=ElementSelector(textRegex=Skip, idRegex=null, size=null, below=null, above=null, leftOf=null, rightOf=null, containsChild=null, containsDescendants=null, traits=null, index=null, enabled=null, optional=false, selected=null, checked=null, focused=null, childOf=null, css=null), notVisible=null, scriptCondition=null, label=null), sourceDescription=null, config=null, label=null, optional=false)), MaestroCommand(runFlowCommand=RunFlowCommand(commands=[MaestroCommand(tapOnElementCommand=TapOnElementCommand(selector=ElementSelector(textRegex=Dismiss, idRegex=null, size=null, below=null, above=null, leftOf=null, rightOf=null, containsChild=null, containsDescendants=null, traits=null, index=null, enabled=null, optional=false, selected=null, checked=null, focused=null, childOf=null, css=null), retryIfNoChange=false, waitUntilVisible=false, longPress=false, repeat=null, waitToSettleTimeoutMs=null, relativePoint=null, label=null, optional=false)), MaestroCommand(waitForAnimationToEndCommand=WaitForAnimationToEndCommand(timeout=3000, label=null, optional=false))], condition=Condition(platform=null, visible=ElementSelector(textRegex=Dismiss, idRegex=null, size=null, below=null, above=null, leftOf=null, rightOf=null, containsChild=null, containsDescendants=null, traits=null, index=null, enabled=null, optional=false, selected=null, checked=null, focused=null, childOf=null, css=null), notVisible=null, scriptCondition=null, label=null), sourceDescription=null, config=null, label=null, optional=false)), MaestroCommand(runFlowCommand=RunFlowCommand(commands=[MaestroCommand(runFlowCommand=RunFlowCommand(commands=[MaestroCommand(evalScriptCommand=EvalScriptCommand(scriptString=${console.log('CLEAR-OVERLAYS OK-HANDLER: dismissing the ERROR dialog (there is something wrong / please try again later). If this line sits after a reservation, payment or signature step, the business outcome MUST be re-read from the product records before the run is called green.')}, label=null, optional=false))], condition=Condition(platform=null, visible=ElementSelector(textRegex=There's something wrong. Please try again later!, idRegex=null, size=null, below=null, above=null, leftOf=null, rightOf=null, containsChild=null, containsDescendants=null, traits=null, index=null, enabled=null, optional=false, selected=null, checked=null, focused=null, childOf=null, css=null), notVisible=null, scriptCondition=null, label=null), sourceDescription=null, config=null, label=null, optional=false)), MaestroCommand(evalScriptCommand=EvalScriptCommand(scriptString=${console.log('CLEAR-OVERLAYS OK-HANDLER: tapping Ok')}, label=null, optional=false)), MaestroCommand(tapOnElementCommand=TapOnElementCommand(selector=ElementSelector(textRegex=Ok, idRegex=null, size=null, below=null, above=null, leftOf=null, rightOf=null, containsChild=null, containsDescendants=null, traits=null, index=null, enabled=null, optional=false, selected=null, checked=null, focused=null, childOf=null, css=null), retryIfNoChange=false, waitUntilVisible=false, longPress=false, repeat=null, waitToSettleTimeoutMs=null, relativePoint=null, label=null, optional=false)), MaestroCommand(waitForAnimationToEndCommand=WaitForAnimationToEndCommand(timeout=3000, label=null, optional=false))], condition=Condition(platform=null, visible=ElementSelector(textRegex=Ok, idRegex=null, size=null, below=null, above=null, leftOf=null, rightOf=null, containsChild=null, containsDescendants=null, traits=null, index=null, enabled=null, optional=false, selected=null, checked=null, focused=null, childOf=null, css=null), notVisible=null, scriptCondition=null, label=null), sourceDescription=null, config=null, label=null, optional=false)), MaestroCommand(runFlowCommand=RunFlowCommand(commands=[MaestroCommand(backPressCommand=BackPressCommand()), MaestroCommand(waitForAnimationToEndCommand=WaitForAnimationToEndCommand(timeout=3000, label=null, optional=false))], condition=Condition(platform=null, visible=ElementSelector(textRegex=Marketplace Day, idRegex=null, size=null, below=null, above=null, leftOf=null, rightOf=null, containsChild=null, containsDescendants=null, traits=null, index=null, enabled=null, optional=false, selected=null, checked=null, focused=null, childOf=null, css=null), notVisible=null, scriptCondition=null, label=null), sourceDescription=null, config=null, label=null, optional=false)), MaestroCommand(runFlowCommand=RunFlowCommand(commands=[MaestroCommand(backPressCommand=BackPressCommand()), MaestroCommand(waitForAnimationToEndCommand=WaitForAnimationToEndCommand(timeout=3000, label=null, optional=false))], condition=Condition(platform=null, visible=ElementSelector(textRegex=Start comparing properties, idRegex=null, size=null, below=null, above=null, leftOf=null, rightOf=null, containsChild=null, containsDescendants=null, traits=null, index=null, enabled=null, optional=false, selected=null, checked=null, focused=null, childOf=null, css=null), notVisible=null, scriptCondition=null, label=null), sourceDescription=null, config=null, label=null, optional=false)), MaestroCommand(runFlowCommand=RunFlowCommand(commands=[MaestroCommand(backPressCommand=BackPressCommand()), MaestroCommand(waitForAnimationToEndCommand=WaitForAnimationToEndCommand(timeout=3000, label=null, optional=false))], condition=Condition(platform=null, visible=ElementSelector(textRegex=Go to the weekly (offer|deal), idRegex=null, size=null, below=null, above=null, leftOf=null, rightOf=null, containsChild=null, containsDescendants=null, traits=null, index=null, enabled=null, optional=false, selected=null, checked=null, focused=null, childOf=null, css=null), notVisible=null, scriptCondition=null, label=null), sourceDescription=null, config=null, label=null, optional=false)), MaestroCommand(runFlowCommand=RunFlowCommand(commands=[MaestroCommand(backPressCommand=BackPressCommand()), MaestroCommand(waitForAnimationToEndCommand=WaitForAnimationToEndCommand(timeout=3000, label=null, optional=false))], condition=Condition(platform=null, visible=ElementSelector(textRegex=Update email, idRegex=null, size=null, below=null, above=null, leftOf=null, rightOf=null, containsChild=null, containsDescendants=null, traits=null, index=null, enabled=null, optional=false, selected=null, checked=null, focused=null, childOf=null, css=null), notVisible=null, scriptCondition=null, label=null), sourceDescription=null, config=null, label=null, optional=false)), MaestroCommand(runFlowCommand=RunFlowCommand(commands=[MaestroCommand(tapOnPointV2Command=TapOnPointV2Command(point=7%,9%, retryIfNoChange=false, longPress=false, repeat=null, waitToSettleTimeoutMs=null, label=null, optional=false)), MaestroCommand(waitForAnimationToEndCommand=WaitForAnimationToEndCommand(timeout=4000, label=null, optional=false))], condition=Condition(platform=null, visible=ElementSelector(textRegex=Number and Email Already Linked, idRegex=null, size=null, below=null, above=null, leftOf=null, rightOf=null, containsChild=null, containsDescendants=null, traits=null, index=null, enabled=null, optional=false, selected=null, checked=null, focused=null, childOf=null, css=null), notVisible=null, scriptCondition=null, label=null), sourceDescription=null, config=null, label=null, optional=false)), MaestroCommand(runFlowCommand=RunFlowCommand(commands=[MaestroCommand(runFlowCommand=RunFlowCommand(commands=[MaestroCommand(swipeCommand=SwipeCommand(direction=null, startPoint=null, endPoint=null, elementSelector=null, startRelative=50%,58%, endRelative=50%,99%, duration=400, waitToSettleTimeoutMs=null, relativePoint=null, label=null, optional=false)), MaestroCommand(waitForAnimationToEndCommand=WaitForAnimationToEndCommand(timeout=4000, label=null, optional=false))], condition=Condition(platform=null, visible=null, notVisible=ElementSelector(textRegex=(?s)(.*There.s something wrong.*|.*the service is down.*|Error!), idRegex=null, size=null, below=null, above=null, leftOf=null, rightOf=null, containsChild=null, containsDescendants=null, traits=null, index=null, enabled=null, optional=false, selected=null, checked=null, focused=null, childOf=null, css=null), scriptCondition=null, label=null), sourceDescription=null, config=null, label=null, optional=false))], condition=Condition(platform=null, visible=ElementSelector(textRegex=(?s).*would you recommend benefiting from Sakani.*, idRegex=null, size=null, below=null, above=null, leftOf=null, rightOf=null, containsChild=null, containsDescendants=null, traits=null, index=null, enabled=null, optional=false, selected=null, checked=null, focused=null, childOf=null, css=null), notVisible=null, scriptCondition=null, label=null), sourceDescription=null, config=null, label=null, optional=false)), MaestroCommand(runFlowCommand=RunFlowCommand(commands=[MaestroCommand(tapOnElementCommand=TapOnElementCommand(selector=ElementSelector(textRegex=Maybe Later, idRegex=null, size=null, below=null, above=null, leftOf=null, rightOf=null, containsChild=null, containsDescendants=null, traits=null, index=null, enabled=null, optional=false, selected=null, checked=null, focused=null, childOf=null, css=null), retryIfNoChange=false, waitUntilVisible=false, longPress=false, repeat=null, waitToSettleTimeoutMs=null, relativePoint=null, label=null, optional=false)), MaestroCommand(waitForAnimationToEndCommand=WaitForAnimationToEndCommand(timeout=3000, label=null, optional=false))], condition=Condition(platform=null, visible=ElementSelector(textRegex=Maybe Later, idRegex=null, size=null, below=null, above=null, leftOf=null, rightOf=null, containsChild=null, containsDescendants=null, traits=null, index=null, enabled=null, optional=false, selected=null, checked=null, focused=null, childOf=null, css=null), notVisible=null, scriptCondition=null, label=null), sourceDescription=null, config=null, label=null, optional=false)), MaestroCommand(runFlowCommand=RunFlowCommand(commands=[MaestroCommand(tapOnElementCommand=TapOnElementCommand(selector=ElementSelector(textRegex=Reject cookies, idRegex=null, size=null, below=null, above=null, leftOf=null, rightOf=null, containsChild=null, containsDescendants=null, traits=null, index=null, enabled=null, optional=false, selected=null, checked=null, focused=null, childOf=null, css=null), retryIfNoChange=false, waitUntilVisible=false, longPress=false, repeat=null, waitToSettleTimeoutMs=null, relativePoint=null, label=null, optional=false)), MaestroCommand(waitForAnimationToEndCommand=WaitForAnimationToEndCommand(timeout=4000, label=null, optional=false))], condition=Condition(platform=null, visible=ElementSelector(textRegex=Reject cookies, idRegex=null, size=null, below=null, above=null, leftOf=null, rightOf=null, containsChild=null, containsDescendants=null, traits=null, index=null, enabled=null, optional=false, selected=null, checked=null, focused=null, childOf=null, css=null), notVisible=null, scriptCondition=null, label=null), sourceDescription=null, config=null, label=null, optional=false)), MaestroCommand(runFlowCommand=RunFlowCommand(commands=[MaestroCommand(waitForAnimationToEndCommand=WaitForAnimationToEndCommand(timeout=5000, label=null, optional=false))], condition=Condition(platform=null, visible=null, notVisible=ElementSelector(textRegex=${ANCHOR}, idRegex=null, size=null, below=null, above=null, leftOf=null, rightOf=null, containsChild=null, containsDescendants=null, traits=null, index=null, enabled=null, optional=false, selected=null, checked=null, focused=null, childOf=null, css=null), scriptCondition=null, label=null), sourceDescription=null, config=null, label=null, optional=false))], label=null, optional=false)), logMessages=[], insight=Insight(message=, level=NONE), aiReasoning=null, labeledCommand=null)
14:01:52.452 [ INFO] maestro.cli.runner.MaestroCommandRunner.runCommands$lambda$0: Run flow when "Don.t allow" is visible RUNNING
14:01:52.452 [ INFO] maestro.cli.runner.MaestroCommandRunner.runCommands$lambda$11: Run flow when "Don.t allow" is visible metadata CommandMetadata(numberOfRuns=null, evaluatedCommand=MaestroCommand(runFlowCommand=RunFlowCommand(commands=[MaestroCommand(tapOnElementCommand=TapOnElementCommand(selector=ElementSelector(textRegex=Don.t allow, idRegex=null, size=null, below=null, above=null, leftOf=null, rightOf=null, containsChild=null, containsDescendants=null, traits=null, index=null, enabled=null, optional=false, selected=null, checked=null, focused=null, childOf=null, css=null), retryIfNoChange=false, waitUntilVisible=false, longPress=false, repeat=null, waitToSettleTimeoutMs=null, relativePoint=null, label=null, optional=false)), MaestroCommand(waitForAnimationToEndCommand=WaitForAnimationToEndCommand(timeout=3000, label=null, optional=false))], condition=Condition(platform=null, visible=ElementSelector(textRegex=Don.t allow, idRegex=null, size=null, below=null, above=null, leftOf=null, rightOf=null, containsChild=null, containsDescendants=null, traits=null, index=null, enabled=null, optional=false, selected=null, checked=null, focused=null, childOf=null, css=null), notVisible=null, scriptCondition=null, label=null), sourceDescription=null, config=null, label=null, optional=false)), logMessages=[], insight=Insight(message=, level=NONE), aiReasoning=null, labeledCommand=null)
14:01:54.572 [ERROR] maestro.cli.session.MaestroSessionManager.newSession$lambda$0: Failed to record heartbeat
java.io.IOException: The process cannot access the file because another process has locked a portion of the file
	at java.base/java.io.FileOutputStream.writeBytes(Native Method)
	at java.base/java.io.FileOutputStream.write(FileOutputStream.java:332)
	at kotlin.io.FilesKt__FileReadWriteKt.writeTextImpl(FileReadWrite.kt:160)
	at kotlin.io.FilesKt__FileReadWriteKt.writeText(FileReadWrite.kt:145)
	at kotlin.io.FilesKt__FileReadWriteKt.writeText$default(FileReadWrite.kt:144)
	at maestro.cli.db.KeyValueStore.commit(KeyValueStore.kt:50)
	at maestro.cli.db.KeyValueStore.set$lambda$3$lambda$2(KeyValueStore.kt:23)
	at maestro.cli.db.KeyValueStore.withFileLock(KeyValueStore.kt:62)
	at maestro.cli.db.KeyValueStore.set(KeyValueStore.kt:20)
	at maestro.cli.session.SessionStore.heartbeat(SessionStore.kt:12)
	at maestro.cli.session.MaestroSessionManager.newSession$lambda$0(MaestroSessionManager.kt:98)
	at java.base/java.util.concurrent.Executors$RunnableAdapter.call(Executors.java:545)
	at java.base/java.util.concurrent.FutureTask.runAndReset(FutureTask.java:371)
	at java.base/java.util.concurrent.ScheduledThreadPoolExecutor$ScheduledFutureTask.run(ScheduledThreadPoolExecutor.java:310)
	at java.base/java.util.concurrent.ThreadPoolExecutor.runWorker(ThreadPoolExecutor.java:1090)
	at java.base/java.util.concurrent.ThreadPoolExecutor$Worker.run(ThreadPoolExecutor.java:614)
	at java.base/java.lang.Thread.run(Thread.java:1516)
14:01:57.225 [ INFO] maestro.orchestra.Orchestra.executeSubflowCommands: [Command execution subflow] CommandSkipped: null
14:01:57.226 [ INFO] maestro.cli.runner.MaestroCommandRunner.runCommands$lambda$8: Run flow when "Don.t allow" is visible SKIPPED
14:01:57.227 [ INFO] maestro.cli.runner.MaestroCommandRunner.runCommands$lambda$0: Run flow when "Skip" is visible RUNNING
14:01:57.227 [ INFO] maestro.cli.runner.MaestroCommandRunner.runCommands$lambda$11: Run flow when "Skip" is visible metadata CommandMetadata(numberOfRuns=null, evaluatedCommand=MaestroCommand(runFlowCommand=RunFlowCommand(commands=[MaestroCommand(tapOnElementCommand=TapOnElementCommand(selector=ElementSelector(textRegex=Skip, idRegex=null, size=null, below=null, above=null, leftOf=null, rightOf=null, containsChild=null, containsDescendants=null, traits=null, index=null, enabled=null, optional=false, selected=null, checked=null, focused=null, childOf=null, css=null), retryIfNoChange=false, waitUntilVisible=false, longPress=false, repeat=null, waitToSettleTimeoutMs=null, relativePoint=null, label=null, optional=false)), MaestroCommand(waitForAnimationToEndCommand=WaitForAnimationToEndCommand(timeout=3000, label=null, optional=false))], condition=Condition(platform=null, visible=ElementSelector(textRegex=Skip, idRegex=null, size=null, below=null, above=null, leftOf=null, rightOf=null, containsChild=null, containsDescendants=null, traits=null, index=null, enabled=null, optional=false, selected=null, checked=null, focused=null, childOf=null, css=null), notVisible=null, scriptCondition=null, label=null), sourceDescription=null, config=null, label=null, optional=false)), logMessages=[], insight=Insight(message=, level=NONE), aiReasoning=null, labeledCommand=null)
14:01:57.516 [ INFO] maestro.orchestra.Orchestra.executeSubflowCommands: [Command execution subflow] CommandSkipped: null
14:01:57.517 [ INFO] maestro.cli.runner.MaestroCommandRunner.runCommands$lambda$8: Run flow when "Skip" is visible SKIPPED
14:01:57.520 [ INFO] maestro.cli.runner.MaestroCommandRunner.runCommands$lambda$0: Run flow when "Dismiss" is visible RUNNING
14:01:57.522 [ INFO] maestro.cli.runner.MaestroCommandRunner.runCommands$lambda$11: Run flow when "Dismiss" is visible metadata CommandMetadata(numberOfRuns=null, evaluatedCommand=MaestroCommand(runFlowCommand=RunFlowCommand(commands=[MaestroCommand(tapOnElementCommand=TapOnElementCommand(selector=ElementSelector(textRegex=Dismiss, idRegex=null, size=null, below=null, above=null, leftOf=null, rightOf=null, containsChild=null, containsDescendants=null, traits=null, index=null, enabled=null, optional=false, selected=null, checked=null, focused=null, childOf=null, css=null), retryIfNoChange=false, waitUntilVisible=false, longPress=false, repeat=null, waitToSettleTimeoutMs=null, relativePoint=null, label=null, optional=false)), MaestroCommand(waitForAnimationToEndCommand=WaitForAnimationToEndCommand(timeout=3000, label=null, optional=false))], condition=Condition(platform=null, visible=ElementSelector(textRegex=Dismiss, idRegex=null, size=null, below=null, above=null, leftOf=null, rightOf=null, containsChild=null, containsDescendants=null, traits=null, index=null, enabled=null, optional=false, selected=null, checked=null, focused=null, childOf=null, css=null), notVisible=null, scriptCondition=null, label=null), sourceDescription=null, config=null, label=null, optional=false)), logMessages=[], insight=Insight(message=, level=NONE), aiReasoning=null, labeledCommand=null)
14:01:57.731 [ INFO] maestro.cli.runner.MaestroCommandRunner.runCommands$lambda$0: Tap on "Dismiss" RUNNING
14:01:57.734 [ INFO] maestro.cli.runner.MaestroCommandRunner.runCommands$lambda$11: Tap on "Dismiss" metadata CommandMetadata(numberOfRuns=null, evaluatedCommand=MaestroCommand(tapOnElementCommand=TapOnElementCommand(selector=ElementSelector(textRegex=Dismiss, idRegex=null, size=null, below=null, above=null, leftOf=null, rightOf=null, containsChild=null, containsDescendants=null, traits=null, index=null, enabled=null, optional=false, selected=null, checked=null, focused=null, childOf=null, css=null), retryIfNoChange=false, waitUntilVisible=false, longPress=false, repeat=null, waitToSettleTimeoutMs=null, relativePoint=null, label=null, optional=false)), logMessages=[], insight=Insight(message=, level=NONE), aiReasoning=null, labeledCommand=null)
14:01:57.976 [ INFO] maestro.Maestro.tap-HgV9Ck0: Tapping on element:  UiElement(treeNode=TreeNode(attributes={text=, accessibilityText=Dismiss, hintText=, ignoreBoundsFiltering=false, resource-id=, clickable=true, bounds=[42,2127][1038,2253], enabled=true, focused=false, checked=false, scrollable=false, selected=false, class=android.view.View, important-for-accessibility=true, error=}, children=[], clickable=true, enabled=true, focused=false, checked=false, selected=false), bounds=Bounds(x=42, y=2127, width=996, height=126))
14:01:59.320 [ INFO] maestro.Maestro.tap-HgV9Ck0: Tap aimed via settled hierarchy
14:01:59.324 [ INFO] maestro.Maestro.hierarchyBasedTap-ogj28Uc: Tapping at (540, 2190) using hierarchy based logic for wait
14:01:59.581 [ERROR] maestro.cli.session.MaestroSessionManager.newSession$lambda$0: Failed to record heartbeat
java.io.IOException: The process cannot access the file because another process has locked a portion of the file
	at java.base/java.io.FileOutputStream.writeBytes(Native Method)
	at java.base/java.io.FileOutputStream.write(FileOutputStream.java:332)
	at kotlin.io.FilesKt__FileReadWriteKt.writeTextImpl(FileReadWrite.kt:160)
	at kotlin.io.FilesKt__FileReadWriteKt.writeText(FileReadWrite.kt:145)
	at kotlin.io.FilesKt__FileReadWriteKt.writeText$default(FileReadWrite.kt:144)
	at maestro.cli.db.KeyValueStore.commit(KeyValueStore.kt:50)
	at maestro.cli.db.KeyValueStore.set$lambda$3$lambda$2(KeyValueStore.kt:23)
	at maestro.cli.db.KeyValueStore.withFileLock(KeyValueStore.kt:62)
	at maestro.cli.db.KeyValueStore.set(KeyValueStore.kt:20)
	at maestro.cli.session.SessionStore.heartbeat(SessionStore.kt:12)
	at maestro.cli.session.MaestroSessionManager.newSession$lambda$0(MaestroSessionManager.kt:98)
	at java.base/java.util.concurrent.Executors$RunnableAdapter.call(Executors.java:545)
	at java.base/java.util.concurrent.FutureTask.runAndReset(FutureTask.java:371)
	at java.base/java.util.concurrent.ScheduledThreadPoolExecutor$ScheduledFutureTask.run(ScheduledThreadPoolExecutor.java:310)
	at java.base/java.util.concurrent.ThreadPoolExecutor.runWorker(ThreadPoolExecutor.java:1090)
	at java.base/java.util.concurrent.ThreadPoolExecutor$Worker.run(ThreadPoolExecutor.java:614)
	at java.base/java.lang.Thread.run(Thread.java:1516)
14:02:01.021 [ INFO] maestro.Maestro.hierarchyBasedTap-ogj28Uc: Something has changed in the UI judging by view hierarchy. Proceed.
14:02:01.022 [ INFO] maestro.cli.runner.MaestroCommandRunner.runCommands$lambda$2: Tap on "Dismiss" COMPLETED
14:02:01.024 [ INFO] maestro.cli.runner.MaestroCommandRunner.runCommands$lambda$0: Wait for animation to end within 3000 ms RUNNING
14:02:01.025 [ INFO] maestro.cli.runner.MaestroCommandRunner.runCommands$lambda$11: Wait for animation to end within 3000 ms metadata CommandMetadata(numberOfRuns=null, evaluatedCommand=MaestroCommand(waitForAnimationToEndCommand=WaitForAnimationToEndCommand(timeout=3000, label=null, optional=false)), logMessages=[], insight=Insight(message=, level=NONE), aiReasoning=null, labeledCommand=null)
14:02:01.034 [ INFO] maestro.Maestro.waitForAnimationToEnd$lambda$53: Waiting for animation to end with timeout 3000
14:02:01.038 [TRACE] maestro.utils.ScreenshotUtils.takeScreenshot: Taking screenshot to byte array
14:02:01.039 [TRACE] maestro.utils.ScreenshotUtils.takeScreenshot: Taking screenshot to output sink
14:02:01.749 [TRACE] maestro.utils.ScreenshotUtils.takeScreenshot: Taking screenshot to byte array
14:02:01.750 [TRACE] maestro.utils.ScreenshotUtils.takeScreenshot: Taking screenshot to output sink
14:02:02.514 [ INFO] maestro.cli.runner.MaestroCommandRunner.runCommands$lambda$2: Wait for animation to end within 3000 ms COMPLETED
14:02:02.515 [ INFO] maestro.cli.runner.MaestroCommandRunner.runCommands$lambda$2: Run flow when "Dismiss" is visible COMPLETED
14:02:02.516 [ INFO] maestro.cli.runner.MaestroCommandRunner.runCommands$lambda$0: Run flow when "Ok" is visible RUNNING
14:02:02.517 [ INFO] maestro.cli.runner.MaestroCommandRunner.runCommands$lambda$11: Run flow when "Ok" is visible metadata CommandMetadata(numberOfRuns=null, evaluatedCommand=MaestroCommand(runFlowCommand=RunFlowCommand(commands=[MaestroCommand(runFlowCommand=RunFlowCommand(commands=[MaestroCommand(evalScriptCommand=EvalScriptCommand(scriptString=${console.log('CLEAR-OVERLAYS OK-HANDLER: dismissing the ERROR dialog (there is something wrong / please try again later). If this line sits after a reservation, payment or signature step, the business outcome MUST be re-read from the product records before the run is called green.')}, label=null, optional=false))], condition=Condition(platform=null, visible=ElementSelector(textRegex=There's something wrong. Please try again later!, idRegex=null, size=null, below=null, above=null, leftOf=null, rightOf=null, containsChild=null, containsDescendants=null, traits=null, index=null, enabled=null, optional=false, selected=null, checked=null, focused=null, childOf=null, css=null), notVisible=null, scriptCondition=null, label=null), sourceDescription=null, config=null, label=null, optional=false)), MaestroCommand(evalScriptCommand=EvalScriptCommand(scriptString=${console.log('CLEAR-OVERLAYS OK-HANDLER: tapping Ok')}, label=null, optional=false)), MaestroCommand(tapOnElementCommand=TapOnElementCommand(selector=ElementSelector(textRegex=Ok, idRegex=null, size=null, below=null, above=null, leftOf=null, rightOf=null, containsChild=null, containsDescendants=null, traits=null, index=null, enabled=null, optional=false, selected=null, checked=null, focused=null, childOf=null, css=null), retryIfNoChange=false, waitUntilVisible=false, longPress=false, repeat=null, waitToSettleTimeoutMs=null, relativePoint=null, label=null, optional=false)), MaestroCommand(waitForAnimationToEndCommand=WaitForAnimationToEndCommand(timeout=3000, label=null, optional=false))], condition=Condition(platform=null, visible=ElementSelector(textRegex=Ok, idRegex=null, size=null, below=null, above=null, leftOf=null, rightOf=null, containsChild=null, containsDescendants=null, traits=null, index=null, enabled=null, optional=false, selected=null, checked=null, focused=null, childOf=null, css=null), notVisible=null, scriptCondition=null, label=null), sourceDescription=null, config=null, label=null, optional=false)), logMessages=[], insight=Insight(message=, level=NONE), aiReasoning=null, labeledCommand=null)
14:02:04.574 [ERROR] maestro.cli.session.MaestroSessionManager.newSession$lambda$0: Failed to record heartbeat
java.io.IOException: The process cannot access the file because another process has locked a portion of the file
	at java.base/java.io.FileOutputStream.writeBytes(Native Method)
	at java.base/java.io.FileOutputStream.write(FileOutputStream.java:332)
	at kotlin.io.FilesKt__FileReadWriteKt.writeTextImpl(FileReadWrite.kt:160)
	at kotlin.io.FilesKt__FileReadWriteKt.writeText(FileReadWrite.kt:145)
	at kotlin.io.FilesKt__FileReadWriteKt.writeText$default(FileReadWrite.kt:144)
	at maestro.cli.db.KeyValueStore.commit(KeyValueStore.kt:50)
	at maestro.cli.db.KeyValueStore.set$lambda$3$lambda$2(KeyValueStore.kt:23)
	at maestro.cli.db.KeyValueStore.withFileLock(KeyValueStore.kt:62)
	at maestro.cli.db.KeyValueStore.set(KeyValueStore.kt:20)
	at maestro.cli.session.SessionStore.heartbeat(SessionStore.kt:12)
	at maestro.cli.session.MaestroSessionManager.newSession$lambda$0(MaestroSessionManager.kt:98)
	at java.base/java.util.concurrent.Executors$RunnableAdapter.call(Executors.java:545)
	at java.base/java.util.concurrent.FutureTask.runAndReset(FutureTask.java:371)
	at java.base/java.util.concurrent.ScheduledThreadPoolExecutor$ScheduledFutureTask.run(ScheduledThreadPoolExecutor.java:310)
	at java.base/java.util.concurrent.ThreadPoolExecutor.runWorker(ThreadPoolExecutor.java:1090)
	at java.base/java.util.concurrent.ThreadPoolExecutor$Worker.run(ThreadPoolExecutor.java:614)
	at java.base/java.lang.Thread.run(Thread.java:1516)
14:02:09.582 [ERROR] maestro.cli.session.MaestroSessionManager.newSession$lambda$0: Failed to record heartbeat
java.io.IOException: The process cannot access the file because another process has locked a portion of the file
	at java.base/java.io.FileOutputStream.writeBytes(Native Method)
	at java.base/java.io.FileOutputStream.write(FileOutputStream.java:332)
	at kotlin.io.FilesKt__FileReadWriteKt.writeTextImpl(FileReadWrite.kt:160)
	at kotlin.io.FilesKt__FileReadWriteKt.writeText(FileReadWrite.kt:145)
	at kotlin.io.FilesKt__FileReadWriteKt.writeText$default(FileReadWrite.kt:144)
	at maestro.cli.db.KeyValueStore.commit(KeyValueStore.kt:50)
	at maestro.cli.db.KeyValueStore.set$lambda$3$lambda$2(KeyValueStore.kt:23)
	at maestro.cli.db.KeyValueStore.withFileLock(KeyValueStore.kt:62)
	at maestro.cli.db.KeyValueStore.set(KeyValueStore.kt:20)
	at maestro.cli.session.SessionStore.heartbeat(SessionStore.kt:12)
	at maestro.cli.session.MaestroSessionManager.newSession$lambda$0(MaestroSessionManager.kt:98)
	at java.base/java.util.concurrent.Executors$RunnableAdapter.call(Executors.java:545)
	at java.base/java.util.concurrent.FutureTask.runAndReset(FutureTask.java:371)
	at java.base/java.util.concurrent.ScheduledThreadPoolExecutor$ScheduledFutureTask.run(ScheduledThreadPoolExecutor.java:310)
	at java.base/java.util.concurrent.ThreadPoolExecutor.runWorker(ThreadPoolExecutor.java:1090)
	at java.base/java.util.concurrent.ThreadPoolExecutor$Worker.run(ThreadPoolExecutor.java:614)
	at java.base/java.lang.Thread.run(Thread.java:1516)
14:02:09.758 [ INFO] maestro.orchestra.Orchestra.executeSubflowCommands: [Command execution subflow] CommandSkipped: null
14:02:09.758 [ INFO] maestro.cli.runner.MaestroCommandRunner.runCommands$lambda$8: Run flow when "Ok" is visible SKIPPED
14:02:09.759 [ INFO] maestro.cli.runner.MaestroCommandRunner.runCommands$lambda$0: Run flow when "Marketplace Day" is visible RUNNING
14:02:09.760 [ INFO] maestro.cli.runner.MaestroCommandRunner.runCommands$lambda$11: Run flow when "Marketplace Day" is visible metadata CommandMetadata(numberOfRuns=null, evaluatedCommand=MaestroCommand(runFlowCommand=RunFlowCommand(commands=[MaestroCommand(backPressCommand=BackPressCommand()), MaestroCommand(waitForAnimationToEndCommand=WaitForAnimationToEndCommand(timeout=3000, label=null, optional=false))], condition=Condition(platform=null, visible=ElementSelector(textRegex=Marketplace Day, idRegex=null, size=null, below=null, above=null, leftOf=null, rightOf=null, containsChild=null, containsDescendants=null, traits=null, index=null, enabled=null, optional=false, selected=null, checked=null, focused=null, childOf=null, css=null), notVisible=null, scriptCondition=null, label=null), sourceDescription=null, config=null, label=null, optional=false)), logMessages=[], insight=Insight(message=, level=NONE), aiReasoning=null, labeledCommand=null)
14:02:10.050 [ INFO] maestro.orchestra.Orchestra.executeSubflowCommands: [Command execution subflow] CommandSkipped: null
14:02:10.050 [ INFO] maestro.cli.runner.MaestroCommandRunner.runCommands$lambda$8: Run flow when "Marketplace Day" is visible SKIPPED
14:02:10.051 [ INFO] maestro.cli.runner.MaestroCommandRunner.runCommands$lambda$0: Run flow when "Start comparing properties" is visible RUNNING
14:02:10.052 [ INFO] maestro.cli.runner.MaestroCommandRunner.runCommands$lambda$11: Run flow when "Start comparing properties" is visible metadata CommandMetadata(numberOfRuns=null, evaluatedCommand=MaestroCommand(runFlowCommand=RunFlowCommand(commands=[MaestroCommand(backPressCommand=BackPressCommand()), MaestroCommand(waitForAnimationToEndCommand=WaitForAnimationToEndCommand(timeout=3000, label=null, optional=false))], condition=Condition(platform=null, visible=ElementSelector(textRegex=Start comparing properties, idRegex=null, size=null, below=null, above=null, leftOf=null, rightOf=null, containsChild=null, containsDescendants=null, traits=null, index=null, enabled=null, optional=false, selected=null, checked=null, focused=null, childOf=null, css=null), notVisible=null, scriptCondition=null, label=null), sourceDescription=null, config=null, label=null, optional=false)), logMessages=[], insight=Insight(message=, level=NONE), aiReasoning=null, labeledCommand=null)
14:02:10.344 [ INFO] maestro.orchestra.Orchestra.executeSubflowCommands: [Command execution subflow] CommandSkipped: null
14:02:10.345 [ INFO] maestro.cli.runner.MaestroCommandRunner.runCommands$lambda$8: Run flow when "Start comparing properties" is visible SKIPPED
14:02:10.345 [ INFO] maestro.cli.runner.MaestroCommandRunner.runCommands$lambda$0: Run flow when "Go to the weekly (offer|deal)" is visible RUNNING
14:02:10.346 [ INFO] maestro.cli.runner.MaestroCommandRunner.runCommands$lambda$11: Run flow when "Go to the weekly (offer|deal)" is visible metadata CommandMetadata(numberOfRuns=null, evaluatedCommand=MaestroCommand(runFlowCommand=RunFlowCommand(commands=[MaestroCommand(backPressCommand=BackPressCommand()), MaestroCommand(waitForAnimationToEndCommand=WaitForAnimationToEndCommand(timeout=3000, label=null, optional=false))], condition=Condition(platform=null, visible=ElementSelector(textRegex=Go to the weekly (offer|deal), idRegex=null, size=null, below=null, above=null, leftOf=null, rightOf=null, containsChild=null, containsDescendants=null, traits=null, index=null, enabled=null, optional=false, selected=null, checked=null, focused=null, childOf=null, css=null), notVisible=null, scriptCondition=null, label=null), sourceDescription=null, config=null, label=null, optional=false)), logMessages=[], insight=Insight(message=, level=NONE), aiReasoning=null, labeledCommand=null)
14:02:10.705 [ INFO] maestro.orchestra.Orchestra.executeSubflowCommands: [Command execution subflow] CommandSkipped: null
14:02:10.706 [ INFO] maestro.cli.runner.MaestroCommandRunner.runCommands$lambda$8: Run flow when "Go to the weekly (offer|deal)" is visible SKIPPED
14:02:10.707 [ INFO] maestro.cli.runner.MaestroCommandRunner.runCommands$lambda$0: Run flow when "Update email" is visible RUNNING
14:02:10.708 [ INFO] maestro.cli.runner.MaestroCommandRunner.runCommands$lambda$11: Run flow when "Update email" is visible metadata CommandMetadata(numberOfRuns=null, evaluatedCommand=MaestroCommand(runFlowCommand=RunFlowCommand(commands=[MaestroCommand(backPressCommand=BackPressCommand()), MaestroCommand(waitForAnimationToEndCommand=WaitForAnimationToEndCommand(timeout=3000, label=null, optional=false))], condition=Condition(platform=null, visible=ElementSelector(textRegex=Update email, idRegex=null, size=null, below=null, above=null, leftOf=null, rightOf=null, containsChild=null, containsDescendants=null, traits=null, index=null, enabled=null, optional=false, selected=null, checked=null, focused=null, childOf=null, css=null), notVisible=null, scriptCondition=null, label=null), sourceDescription=null, config=null, label=null, optional=false)), logMessages=[], insight=Insight(message=, level=NONE), aiReasoning=null, labeledCommand=null)
14:02:11.075 [ INFO] maestro.orchestra.Orchestra.executeSubflowCommands: [Command execution subflow] CommandSkipped: null
14:02:11.075 [ INFO] maestro.cli.runner.MaestroCommandRunner.runCommands$lambda$8: Run flow when "Update email" is visible SKIPPED
14:02:11.076 [ INFO] maestro.cli.runner.MaestroCommandRunner.runCommands$lambda$0: Run flow when "Number and Email Already Linked" is visible RUNNING
14:02:11.077 [ INFO] maestro.cli.runner.MaestroCommandRunner.runCommands$lambda$11: Run flow when "Number and Email Already Linked" is visible metadata CommandMetadata(numberOfRuns=null, evaluatedCommand=MaestroCommand(runFlowCommand=RunFlowCommand(commands=[MaestroCommand(tapOnPointV2Command=TapOnPointV2Command(point=7%,9%, retryIfNoChange=false, longPress=false, repeat=null, waitToSettleTimeoutMs=null, label=null, optional=false)), MaestroCommand(waitForAnimationToEndCommand=WaitForAnimationToEndCommand(timeout=4000, label=null, optional=false))], condition=Condition(platform=null, visible=ElementSelector(textRegex=Number and Email Already Linked, idRegex=null, size=null, below=null, above=null, leftOf=null, rightOf=null, containsChild=null, containsDescendants=null, traits=null, index=null, enabled=null, optional=false, selected=null, checked=null, focused=null, childOf=null, css=null), notVisible=null, scriptCondition=null, label=null), sourceDescription=null, config=null, label=null, optional=false)), logMessages=[], insight=Insight(message=, level=NONE), aiReasoning=null, labeledCommand=null)
14:02:12.457 [ INFO] maestro.orchestra.Orchestra.executeSubflowCommands: [Command execution subflow] CommandSkipped: null
14:02:12.458 [ INFO] maestro.cli.runner.MaestroCommandRunner.runCommands$lambda$8: Run flow when "Number and Email Already Linked" is visible SKIPPED
14:02:12.460 [ INFO] maestro.cli.runner.MaestroCommandRunner.runCommands$lambda$0: Run flow when "(?s).*would you recommend benefiting from Sakani.*" is visible RUNNING
14:02:12.461 [ INFO] maestro.cli.runner.MaestroCommandRunner.runCommands$lambda$11: Run flow when "(?s).*would you recommend benefiting from Sakani.*" is visible metadata CommandMetadata(numberOfRuns=null, evaluatedCommand=MaestroCommand(runFlowCommand=RunFlowCommand(commands=[MaestroCommand(runFlowCommand=RunFlowCommand(commands=[MaestroCommand(swipeCommand=SwipeCommand(direction=null, startPoint=null, endPoint=null, elementSelector=null, startRelative=50%,58%, endRelative=50%,99%, duration=400, waitToSettleTimeoutMs=null, relativePoint=null, label=null, optional=false)), MaestroCommand(waitForAnimationToEndCommand=WaitForAnimationToEndCommand(timeout=4000, label=null, optional=false))], condition=Condition(platform=null, visible=null, notVisible=ElementSelector(textRegex=(?s)(.*There.s something wrong.*|.*the service is down.*|Error!), idRegex=null, size=null, below=null, above=null, leftOf=null, rightOf=null, containsChild=null, containsDescendants=null, traits=null, index=null, enabled=null, optional=false, selected=null, checked=null, focused=null, childOf=null, css=null), scriptCondition=null, label=null), sourceDescription=null, config=null, label=null, optional=false))], condition=Condition(platform=null, visible=ElementSelector(textRegex=(?s).*would you recommend benefiting from Sakani.*, idRegex=null, size=null, below=null, above=null, leftOf=null, rightOf=null, containsChild=null, containsDescendants=null, traits=null, index=null, enabled=null, optional=false, selected=null, checked=null, focused=null, childOf=null, css=null), notVisible=null, scriptCondition=null, label=null), sourceDescription=null, config=null, label=null, optional=false)), logMessages=[], insight=Insight(message=, level=NONE), aiReasoning=null, labeledCommand=null)
14:02:12.776 [ INFO] maestro.orchestra.Orchestra.executeSubflowCommands: [Command execution subflow] CommandSkipped: null
14:02:12.777 [ INFO] maestro.cli.runner.MaestroCommandRunner.runCommands$lambda$8: Run flow when "(?s).*would you recommend benefiting from Sakani.*" is visible SKIPPED
14:02:12.781 [ INFO] maestro.cli.runner.MaestroCommandRunner.runCommands$lambda$0: Run flow when "Maybe Later" is visible RUNNING
14:02:12.783 [ INFO] maestro.cli.runner.MaestroCommandRunner.runCommands$lambda$11: Run flow when "Maybe Later" is visible metadata CommandMetadata(numberOfRuns=null, evaluatedCommand=MaestroCommand(runFlowCommand=RunFlowCommand(commands=[MaestroCommand(tapOnElementCommand=TapOnElementCommand(selector=ElementSelector(textRegex=Maybe Later, idRegex=null, size=null, below=null, above=null, leftOf=null, rightOf=null, containsChild=null, containsDescendants=null, traits=null, index=null, enabled=null, optional=false, selected=null, checked=null, focused=null, childOf=null, css=null), retryIfNoChange=false, waitUntilVisible=false, longPress=false, repeat=null, waitToSettleTimeoutMs=null, relativePoint=null, label=null, optional=false)), MaestroCommand(waitForAnimationToEndCommand=WaitForAnimationToEndCommand(timeout=3000, label=null, optional=false))], condition=Condition(platform=null, visible=ElementSelector(textRegex=Maybe Later, idRegex=null, size=null, below=null, above=null, leftOf=null, rightOf=null, containsChild=null, containsDescendants=null, traits=null, index=null, enabled=null, optional=false, selected=null, checked=null, focused=null, childOf=null, css=null), notVisible=null, scriptCondition=null, label=null), sourceDescription=null, config=null, label=null, optional=false)), logMessages=[], insight=Insight(message=, level=NONE), aiReasoning=null, labeledCommand=null)
14:02:13.190 [ INFO] maestro.orchestra.Orchestra.executeSubflowCommands: [Command execution subflow] CommandSkipped: null
14:02:13.191 [ INFO] maestro.cli.runner.MaestroCommandRunner.runCommands$lambda$8: Run flow when "Maybe Later" is visible SKIPPED
14:02:13.191 [ INFO] maestro.cli.runner.MaestroCommandRunner.runCommands$lambda$0: Run flow when "Reject cookies" is visible RUNNING
14:02:13.192 [ INFO] maestro.cli.runner.MaestroCommandRunner.runCommands$lambda$11: Run flow when "Reject cookies" is visible metadata CommandMetadata(numberOfRuns=null, evaluatedCommand=MaestroCommand(runFlowCommand=RunFlowCommand(commands=[MaestroCommand(tapOnElementCommand=TapOnElementCommand(selector=ElementSelector(textRegex=Reject cookies, idRegex=null, size=null, below=null, above=null, leftOf=null, rightOf=null, containsChild=null, containsDescendants=null, traits=null, index=null, enabled=null, optional=false, selected=null, checked=null, focused=null, childOf=null, css=null), retryIfNoChange=false, waitUntilVisible=false, longPress=false, repeat=null, waitToSettleTimeoutMs=null, relativePoint=null, label=null, optional=false)), MaestroCommand(waitForAnimationToEndCommand=WaitForAnimationToEndCommand(timeout=4000, label=null, optional=false))], condition=Condition(platform=null, visible=ElementSelector(textRegex=Reject cookies, idRegex=null, size=null, below=null, above=null, leftOf=null, rightOf=null, containsChild=null, containsDescendants=null, traits=null, index=null, enabled=null, optional=false, selected=null, checked=null, focused=null, childOf=null, css=null), notVisible=null, scriptCondition=null, label=null), sourceDescription=null, config=null, label=null, optional=false)), logMessages=[], insight=Insight(message=, level=NONE), aiReasoning=null, labeledCommand=null)
14:02:14.225 [ INFO] maestro.orchestra.Orchestra.executeSubflowCommands: [Command execution subflow] CommandSkipped: null
14:02:14.225 [ INFO] maestro.cli.runner.MaestroCommandRunner.runCommands$lambda$8: Run flow when "Reject cookies" is visible SKIPPED
14:02:14.226 [ INFO] maestro.cli.runner.MaestroCommandRunner.runCommands$lambda$0: Run flow when "${ANCHOR}" is not visible RUNNING
14:02:14.239 [ INFO] maestro.cli.runner.MaestroCommandRunner.runCommands$lambda$11: Run flow when "${ANCHOR}" is not visible metadata CommandMetadata(numberOfRuns=null, evaluatedCommand=MaestroCommand(runFlowCommand=RunFlowCommand(commands=[MaestroCommand(waitForAnimationToEndCommand=WaitForAnimationToEndCommand(timeout=5000, label=null, optional=false))], condition=Condition(platform=null, visible=null, notVisible=ElementSelector(textRegex=Account\s*Tab 4 of 4, idRegex=null, size=null, below=null, above=null, leftOf=null, rightOf=null, containsChild=null, containsDescendants=null, traits=null, index=null, enabled=null, optional=false, selected=null, checked=null, focused=null, childOf=null, css=null), scriptCondition=null, label=null), sourceDescription=null, config=null, label=null, optional=false)), logMessages=[], insight=Insight(message=, level=NONE), aiReasoning=null, labeledCommand=null)
14:02:14.520 [ INFO] maestro.orchestra.Orchestra.executeSubflowCommands: [Command execution subflow] CommandSkipped: null
14:02:14.520 [ INFO] maestro.cli.runner.MaestroCommandRunner.runCommands$lambda$8: Run flow when "${ANCHOR}" is not visible SKIPPED
14:02:14.524 [ INFO] maestro.cli.runner.MaestroCommandRunner.runCommands$lambda$11: Repeat while "${ANCHOR}" is not visible (up to 20 times) metadata CommandMetadata(numberOfRuns=1, evaluatedCommand=MaestroCommand(repeatCommand=RepeatCommand(times=20, condition=Condition(platform=null, visible=null, notVisible=ElementSelector(textRegex=${ANCHOR}, idRegex=null, size=null, below=null, above=null, leftOf=null, rightOf=null, containsChild=null, containsDescendants=null, traits=null, index=null, enabled=null, optional=false, selected=null, checked=null, focused=null, childOf=null, css=null), scriptCondition=null, label=null), commands=[MaestroCommand(runFlowCommand=RunFlowCommand(commands=[MaestroCommand(tapOnElementCommand=TapOnElementCommand(selector=ElementSelector(textRegex=Don.t allow, idRegex=null, size=null, below=null, above=null, leftOf=null, rightOf=null, containsChild=null, containsDescendants=null, traits=null, index=null, enabled=null, optional=false, selected=null, checked=null, focused=null, childOf=null, css=null), retryIfNoChange=false, waitUntilVisible=false, longPress=false, repeat=null, waitToSettleTimeoutMs=null, relativePoint=null, label=null, optional=false)), MaestroCommand(waitForAnimationToEndCommand=WaitForAnimationToEndCommand(timeout=3000, label=null, optional=false))], condition=Condition(platform=null, visible=ElementSelector(textRegex=Don.t allow, idRegex=null, size=null, below=null, above=null, leftOf=null, rightOf=null, containsChild=null, containsDescendants=null, traits=null, index=null, enabled=null, optional=false, selected=null, checked=null, focused=null, childOf=null, css=null), notVisible=null, scriptCondition=null, label=null), sourceDescription=null, config=null, label=null, optional=false)), MaestroCommand(runFlowCommand=RunFlowCommand(commands=[MaestroCommand(tapOnElementCommand=TapOnElementCommand(selector=ElementSelector(textRegex=Skip, idRegex=null, size=null, below=null, above=null, leftOf=null, rightOf=null, containsChild=null, containsDescendants=null, traits=null, index=null, enabled=null, optional=false, selected=null, checked=null, focused=null, childOf=null, css=null), retryIfNoChange=false, waitUntilVisible=false, longPress=false, repeat=null, waitToSettleTimeoutMs=null, relativePoint=null, label=null, optional=false)), MaestroCommand(waitForAnimationToEndCommand=WaitForAnimationToEndCommand(timeout=3000, label=null, optional=false))], condition=Condition(platform=null, visible=ElementSelector(textRegex=Skip, idRegex=null, size=null, below=null, above=null, leftOf=null, rightOf=null, containsChild=null, containsDescendants=null, traits=null, index=null, enabled=null, optional=false, selected=null, checked=null, focused=null, childOf=null, css=null), notVisible=null, scriptCondition=null, label=null), sourceDescription=null, config=null, label=null, optional=false)), MaestroCommand(runFlowCommand=RunFlowCommand(commands=[MaestroCommand(tapOnElementCommand=TapOnElementCommand(selector=ElementSelector(textRegex=Dismiss, idRegex=null, size=null, below=null, above=null, leftOf=null, rightOf=null, containsChild=null, containsDescendants=null, traits=null, index=null, enabled=null, optional=false, selected=null, checked=null, focused=null, childOf=null, css=null), retryIfNoChange=false, waitUntilVisible=false, longPress=false, repeat=null, waitToSettleTimeoutMs=null, relativePoint=null, label=null, optional=false)), MaestroCommand(waitForAnimationToEndCommand=WaitForAnimationToEndCommand(timeout=3000, label=null, optional=false))], condition=Condition(platform=null, visible=ElementSelector(textRegex=Dismiss, idRegex=null, size=null, below=null, above=null, leftOf=null, rightOf=null, containsChild=null, containsDescendants=null, traits=null, index=null, enabled=null, optional=false, selected=null, checked=null, focused=null, childOf=null, css=null), notVisible=null, scriptCondition=null, label=null), sourceDescription=null, config=null, label=null, optional=false)), MaestroCommand(runFlowCommand=RunFlowCommand(commands=[MaestroCommand(runFlowCommand=RunFlowCommand(commands=[MaestroCommand(evalScriptCommand=EvalScriptCommand(scriptString=${console.log('CLEAR-OVERLAYS OK-HANDLER: dismissing the ERROR dialog (there is something wrong / please try again later). If this line sits after a reservation, payment or signature step, the business outcome MUST be re-read from the product records before the run is called green.')}, label=null, optional=false))], condition=Condition(platform=null, visible=ElementSelector(textRegex=There's something wrong. Please try again later!, idRegex=null, size=null, below=null, above=null, leftOf=null, rightOf=null, containsChild=null, containsDescendants=null, traits=null, index=null, enabled=null, optional=false, selected=null, checked=null, focused=null, childOf=null, css=null), notVisible=null, scriptCondition=null, label=null), sourceDescription=null, config=null, label=null, optional=false)), MaestroCommand(evalScriptCommand=EvalScriptCommand(scriptString=${console.log('CLEAR-OVERLAYS OK-HANDLER: tapping Ok')}, label=null, optional=false)), MaestroCommand(tapOnElementCommand=TapOnElementCommand(selector=ElementSelector(textRegex=Ok, idRegex=null, size=null, below=null, above=null, leftOf=null, rightOf=null, containsChild=null, containsDescendants=null, traits=null, index=null, enabled=null, optional=false, selected=null, checked=null, focused=null, childOf=null, css=null), retryIfNoChange=false, waitUntilVisible=false, longPress=false, repeat=null, waitToSettleTimeoutMs=null, relativePoint=null, label=null, optional=false)), MaestroCommand(waitForAnimationToEndCommand=WaitForAnimationToEndCommand(timeout=3000, label=null, optional=false))], condition=Condition(platform=null, visible=ElementSelector(textRegex=Ok, idRegex=null, size=null, below=null, above=null, leftOf=null, rightOf=null, containsChild=null, containsDescendants=null, traits=null, index=null, enabled=null, optional=false, selected=null, checked=null, focused=null, childOf=null, css=null), notVisible=null, scriptCondition=null, label=null), sourceDescription=null, config=null, label=null, optional=false)), MaestroCommand(runFlowCommand=RunFlowCommand(commands=[MaestroCommand(backPressCommand=BackPressCommand()), MaestroCommand(waitForAnimationToEndCommand=WaitForAnimationToEndCommand(timeout=3000, label=null, optional=false))], condition=Condition(platform=null, visible=ElementSelector(textRegex=Marketplace Day, idRegex=null, size=null, below=null, above=null, leftOf=null, rightOf=null, containsChild=null, containsDescendants=null, traits=null, index=null, enabled=null, optional=false, selected=null, checked=null, focused=null, childOf=null, css=null), notVisible=null, scriptCondition=null, label=null), sourceDescription=null, config=null, label=null, optional=false)), MaestroCommand(runFlowCommand=RunFlowCommand(commands=[MaestroCommand(backPressCommand=BackPressCommand()), MaestroCommand(waitForAnimationToEndCommand=WaitForAnimationToEndCommand(timeout=3000, label=null, optional=false))], condition=Condition(platform=null, visible=ElementSelector(textRegex=Start comparing properties, idRegex=null, size=null, below=null, above=null, leftOf=null, rightOf=null, containsChild=null, containsDescendants=null, traits=null, index=null, enabled=null, optional=false, selected=null, checked=null, focused=null, childOf=null, css=null), notVisible=null, scriptCondition=null, label=null), sourceDescription=null, config=null, label=null, optional=false)), MaestroCommand(runFlowCommand=RunFlowCommand(commands=[MaestroCommand(backPressCommand=BackPressCommand()), MaestroCommand(waitForAnimationToEndCommand=WaitForAnimationToEndCommand(timeout=3000, label=null, optional=false))], condition=Condition(platform=null, visible=ElementSelector(textRegex=Go to the weekly (offer|deal), idRegex=null, size=null, below=null, above=null, leftOf=null, rightOf=null, containsChild=null, containsDescendants=null, traits=null, index=null, enabled=null, optional=false, selected=null, checked=null, focused=null, childOf=null, css=null), notVisible=null, scriptCondition=null, label=null), sourceDescription=null, config=null, label=null, optional=false)), MaestroCommand(runFlowCommand=RunFlowCommand(commands=[MaestroCommand(backPressCommand=BackPressCommand()), MaestroCommand(waitForAnimationToEndCommand=WaitForAnimationToEndCommand(timeout=3000, label=null, optional=false))], condition=Condition(platform=null, visible=ElementSelector(textRegex=Update email, idRegex=null, size=null, below=null, above=null, leftOf=null, rightOf=null, containsChild=null, containsDescendants=null, traits=null, index=null, enabled=null, optional=false, selected=null, checked=null, focused=null, childOf=null, css=null), notVisible=null, scriptCondition=null, label=null), sourceDescription=null, config=null, label=null, optional=false)), MaestroCommand(runFlowCommand=RunFlowCommand(commands=[MaestroCommand(tapOnPointV2Command=TapOnPointV2Command(point=7%,9%, retryIfNoChange=false, longPress=false, repeat=null, waitToSettleTimeoutMs=null, label=null, optional=false)), MaestroCommand(waitForAnimationToEndCommand=WaitForAnimationToEndCommand(timeout=4000, label=null, optional=false))], condition=Condition(platform=null, visible=ElementSelector(textRegex=Number and Email Already Linked, idRegex=null, size=null, below=null, above=null, leftOf=null, rightOf=null, containsChild=null, containsDescendants=null, traits=null, index=null, enabled=null, optional=false, selected=null, checked=null, focused=null, childOf=null, css=null), notVisible=null, scriptCondition=null, label=null), sourceDescription=null, config=null, label=null, optional=false)), MaestroCommand(runFlowCommand=RunFlowCommand(commands=[MaestroCommand(runFlowCommand=RunFlowCommand(commands=[MaestroCommand(swipeCommand=SwipeCommand(direction=null, startPoint=null, endPoint=null, elementSelector=null, startRelative=50%,58%, endRelative=50%,99%, duration=400, waitToSettleTimeoutMs=null, relativePoint=null, label=null, optional=false)), MaestroCommand(waitForAnimationToEndCommand=WaitForAnimationToEndCommand(timeout=4000, label=null, optional=false))], condition=Condition(platform=null, visible=null, notVisible=ElementSelector(textRegex=(?s)(.*There.s something wrong.*|.*the service is down.*|Error!), idRegex=null, size=null, below=null, above=null, leftOf=null, rightOf=null, containsChild=null, containsDescendants=null, traits=null, index=null, enabled=null, optional=false, selected=null, checked=null, focused=null, childOf=null, css=null), scriptCondition=null, label=null), sourceDescription=null, config=null, label=null, optional=false))], condition=Condition(platform=null, visible=ElementSelector(textRegex=(?s).*would you recommend benefiting from Sakani.*, idRegex=null, size=null, below=null, above=null, leftOf=null, rightOf=null, containsChild=null, containsDescendants=null, traits=null, index=null, enabled=null, optional=false, selected=null, checked=null, focused=null, childOf=null, css=null), notVisible=null, scriptCondition=null, label=null), sourceDescription=null, config=null, label=null, optional=false)), MaestroCommand(runFlowCommand=RunFlowCommand(commands=[MaestroCommand(tapOnElementCommand=TapOnElementCommand(selector=ElementSelector(textRegex=Maybe Later, idRegex=null, size=null, below=null, above=null, leftOf=null, rightOf=null, containsChild=null, containsDescendants=null, traits=null, index=null, enabled=null, optional=false, selected=null, checked=null, focused=null, childOf=null, css=null), retryIfNoChange=false, waitUntilVisible=false, longPress=false, repeat=null, waitToSettleTimeoutMs=null, relativePoint=null, label=null, optional=false)), MaestroCommand(waitForAnimationToEndCommand=WaitForAnimationToEndCommand(timeout=3000, label=null, optional=false))], condition=Condition(platform=null, visible=ElementSelector(textRegex=Maybe Later, idRegex=null, size=null, below=null, above=null, leftOf=null, rightOf=null, containsChild=null, containsDescendants=null, traits=null, index=null, enabled=null, optional=false, selected=null, checked=null, focused=null, childOf=null, css=null), notVisible=null, scriptCondition=null, label=null), sourceDescription=null, config=null, label=null, optional=false)), MaestroCommand(runFlowCommand=RunFlowCommand(commands=[MaestroCommand(tapOnElementCommand=TapOnElementCommand(selector=ElementSelector(textRegex=Reject cookies, idRegex=null, size=null, below=null, above=null, leftOf=null, rightOf=null, containsChild=null, containsDescendants=null, traits=null, index=null, enabled=null, optional=false, selected=null, checked=null, focused=null, childOf=null, css=null), retryIfNoChange=false, waitUntilVisible=false, longPress=false, repeat=null, waitToSettleTimeoutMs=null, relativePoint=null, label=null, optional=false)), MaestroCommand(waitForAnimationToEndCommand=WaitForAnimationToEndCommand(timeout=4000, label=null, optional=false))], condition=Condition(platform=null, visible=ElementSelector(textRegex=Reject cookies, idRegex=null, size=null, below=null, above=null, leftOf=null, rightOf=null, containsChild=null, containsDescendants=null, traits=null, index=null, enabled=null, optional=false, selected=null, checked=null, focused=null, childOf=null, css=null), notVisible=null, scriptCondition=null, label=null), sourceDescription=null, config=null, label=null, optional=false)), MaestroCommand(runFlowCommand=RunFlowCommand(commands=[MaestroCommand(waitForAnimationToEndCommand=WaitForAnimationToEndCommand(timeout=5000, label=null, optional=false))], condition=Condition(platform=null, visible=null, notVisible=ElementSelector(textRegex=${ANCHOR}, idRegex=null, size=null, below=null, above=null, leftOf=null, rightOf=null, containsChild=null, containsDescendants=null, traits=null, index=null, enabled=null, optional=false, selected=null, checked=null, focused=null, childOf=null, css=null), scriptCondition=null, label=null), sourceDescription=null, config=null, label=null, optional=false))], label=null, optional=false)), logMessages=[], insight=Insight(message=, level=NONE), aiReasoning=null, labeledCommand=null)
14:02:14.575 [ERROR] maestro.cli.session.MaestroSessionManager.newSession$lambda$0: Failed to record heartbeat
java.io.IOException: The process cannot access the file because another process has locked a portion of the file
	at java.base/java.io.FileOutputStream.writeBytes(Native Method)
	at java.base/java.io.FileOutputStream.write(FileOutputStream.java:332)
	at kotlin.io.FilesKt__FileReadWriteKt.writeTextImpl(FileReadWrite.kt:160)
	at kotlin.io.FilesKt__FileReadWriteKt.writeText(FileReadWrite.kt:145)
	at kotlin.io.FilesKt__FileReadWriteKt.writeText$default(FileReadWrite.kt:144)
	at maestro.cli.db.KeyValueStore.commit(KeyValueStore.kt:50)
	at maestro.cli.db.KeyValueStore.set$lambda$3$lambda$2(KeyValueStore.kt:23)
	at maestro.cli.db.KeyValueStore.withFileLock(KeyValueStore.kt:62)
	at maestro.cli.db.KeyValueStore.set(KeyValueStore.kt:20)
	at maestro.cli.session.SessionStore.heartbeat(SessionStore.kt:12)
	at maestro.cli.session.MaestroSessionManager.newSession$lambda$0(MaestroSessionManager.kt:98)
	at java.base/java.util.concurrent.Executors$RunnableAdapter.call(Executors.java:545)
	at java.base/java.util.concurrent.FutureTask.runAndReset(FutureTask.java:371)
	at java.base/java.util.concurrent.ScheduledThreadPoolExecutor$ScheduledFutureTask.run(ScheduledThreadPoolExecutor.java:310)
	at java.base/java.util.concurrent.ThreadPoolExecutor.runWorker(ThreadPoolExecutor.java:1090)
	at java.base/java.util.concurrent.ThreadPoolExecutor$Worker.run(ThreadPoolExecutor.java:614)
	at java.base/java.lang.Thread.run(Thread.java:1516)
14:02:14.737 [ INFO] maestro.cli.runner.MaestroCommandRunner.runCommands$lambda$2: Repeat while "${ANCHOR}" is not visible (up to 20 times) COMPLETED
14:02:14.739 [ INFO] maestro.cli.runner.MaestroCommandRunner.runCommands$lambda$0: Repeat while "(?s).*would you recommend benefiting from Sakani.*" is visible (up to 3 times) RUNNING
14:02:14.740 [ INFO] maestro.cli.runner.MaestroCommandRunner.runCommands$lambda$11: Repeat while "(?s).*would you recommend benefiting from Sakani.*" is visible (up to 3 times) metadata CommandMetadata(numberOfRuns=null, evaluatedCommand=MaestroCommand(repeatCommand=RepeatCommand(times=3, condition=Condition(platform=null, visible=ElementSelector(textRegex=(?s).*would you recommend benefiting from Sakani.*, idRegex=null, size=null, below=null, above=null, leftOf=null, rightOf=null, containsChild=null, containsDescendants=null, traits=null, index=null, enabled=null, optional=false, selected=null, checked=null, focused=null, childOf=null, css=null), notVisible=null, scriptCondition=null, label=null), commands=[MaestroCommand(runFlowCommand=RunFlowCommand(commands=[MaestroCommand(swipeCommand=SwipeCommand(direction=null, startPoint=null, endPoint=null, elementSelector=null, startRelative=50%,58%, endRelative=50%,99%, duration=400, waitToSettleTimeoutMs=null, relativePoint=null, label=null, optional=false)), MaestroCommand(waitForAnimationToEndCommand=WaitForAnimationToEndCommand(timeout=4000, label=null, optional=false))], condition=Condition(platform=null, visible=null, notVisible=ElementSelector(textRegex=(?s)(.*There.s something wrong.*|.*the service is down.*|Error!), idRegex=null, size=null, below=null, above=null, leftOf=null, rightOf=null, containsChild=null, containsDescendants=null, traits=null, index=null, enabled=null, optional=false, selected=null, checked=null, focused=null, childOf=null, css=null), scriptCondition=null, label=null), sourceDescription=null, config=null, label=null, optional=false))], label=null, optional=false)), logMessages=[], insight=Insight(message=, level=NONE), aiReasoning=null, labeledCommand=null)
14:02:19.583 [ERROR] maestro.cli.session.MaestroSessionManager.newSession$lambda$0: Failed to record heartbeat
java.io.IOException: The process cannot access the file because another process has locked a portion of the file
	at java.base/java.io.FileOutputStream.writeBytes(Native Method)
	at java.base/java.io.FileOutputStream.write(FileOutputStream.java:332)
	at kotlin.io.FilesKt__FileReadWriteKt.writeTextImpl(FileReadWrite.kt:160)
	at kotlin.io.FilesKt__FileReadWriteKt.writeText(FileReadWrite.kt:145)
	at kotlin.io.FilesKt__FileReadWriteKt.writeText$default(FileReadWrite.kt:144)
	at maestro.cli.db.KeyValueStore.commit(KeyValueStore.kt:50)
	at maestro.cli.db.KeyValueStore.set$lambda$3$lambda$2(KeyValueStore.kt:23)
	at maestro.cli.db.KeyValueStore.withFileLock(KeyValueStore.kt:62)
	at maestro.cli.db.KeyValueStore.set(KeyValueStore.kt:20)
	at maestro.cli.session.SessionStore.heartbeat(SessionStore.kt:12)
	at maestro.cli.session.MaestroSessionManager.newSession$lambda$0(MaestroSessionManager.kt:98)
	at java.base/java.util.concurrent.Executors$RunnableAdapter.call(Executors.java:545)
	at java.base/java.util.concurrent.FutureTask.runAndReset(FutureTask.java:371)
	at java.base/java.util.concurrent.ScheduledThreadPoolExecutor$ScheduledFutureTask.run(ScheduledThreadPoolExecutor.java:310)
	at java.base/java.util.concurrent.ThreadPoolExecutor.runWorker(ThreadPoolExecutor.java:1090)
	at java.base/java.util.concurrent.ThreadPoolExecutor$Worker.run(ThreadPoolExecutor.java:614)
	at java.base/java.lang.Thread.run(Thread.java:1516)
14:02:22.049 [ INFO] maestro.orchestra.Orchestra.executeSubflowCommands: [Command execution subflow] CommandSkipped: null
14:02:22.049 [ INFO] maestro.cli.runner.MaestroCommandRunner.runCommands$lambda$8: Repeat while "(?s).*would you recommend benefiting from Sakani.*" is visible (up to 3 times) SKIPPED
14:02:22.050 [ INFO] maestro.cli.runner.MaestroCommandRunner.runCommands$lambda$0: Assert that "(?s).*would you recommend benefiting from Sakani.*" is not visible RUNNING
14:02:22.052 [ INFO] maestro.cli.runner.MaestroCommandRunner.runCommands$lambda$11: Assert that "(?s).*would you recommend benefiting from Sakani.*" is not visible metadata CommandMetadata(numberOfRuns=null, evaluatedCommand=MaestroCommand(assertConditionCommand=AssertConditionCommand(condition=Condition(platform=null, visible=null, notVisible=ElementSelector(textRegex=(?s).*would you recommend benefiting from Sakani.*, idRegex=null, size=null, below=null, above=null, leftOf=null, rightOf=null, containsChild=null, containsDescendants=null, traits=null, index=null, enabled=null, optional=false, selected=null, checked=null, focused=null, childOf=null, css=null), scriptCondition=null, label=null), timeout=null, label=null, optional=false)), logMessages=[], insight=Insight(message=, level=NONE), aiReasoning=null, labeledCommand=null)
14:02:22.875 [ INFO] maestro.cli.runner.MaestroCommandRunner.runCommands$lambda$2: Assert that "(?s).*would you recommend benefiting from Sakani.*" is not visible COMPLETED
14:02:22.876 [ INFO] maestro.cli.runner.MaestroCommandRunner.runCommands$lambda$0: Run flow when ${output.anchorOptional !== true} is true RUNNING
14:02:22.898 [ INFO] maestro.cli.runner.MaestroCommandRunner.runCommands$lambda$11: Run flow when ${output.anchorOptional !== true} is true metadata CommandMetadata(numberOfRuns=null, evaluatedCommand=MaestroCommand(runFlowCommand=RunFlowCommand(commands=[MaestroCommand(assertConditionCommand=AssertConditionCommand(condition=Condition(platform=null, visible=ElementSelector(textRegex=${ANCHOR}, idRegex=null, size=null, below=null, above=null, leftOf=null, rightOf=null, containsChild=null, containsDescendants=null, traits=null, index=null, enabled=null, optional=false, selected=null, checked=null, focused=null, childOf=null, css=null), notVisible=null, scriptCondition=null, label=null), timeout=120000, label=null, optional=false))], condition=Condition(platform=null, visible=null, notVisible=null, scriptCondition=true, label=null), sourceDescription=null, config=null, label=null, optional=false)), logMessages=[], insight=Insight(message=, level=NONE), aiReasoning=null, labeledCommand=null)
14:02:22.899 [ INFO] maestro.cli.runner.MaestroCommandRunner.runCommands$lambda$0: Assert that "${ANCHOR}" is visible RUNNING
14:02:22.906 [ INFO] maestro.cli.runner.MaestroCommandRunner.runCommands$lambda$11: Assert that "${ANCHOR}" is visible metadata CommandMetadata(numberOfRuns=null, evaluatedCommand=MaestroCommand(assertConditionCommand=AssertConditionCommand(condition=Condition(platform=null, visible=ElementSelector(textRegex=Account\s*Tab 4 of 4, idRegex=null, size=null, below=null, above=null, leftOf=null, rightOf=null, containsChild=null, containsDescendants=null, traits=null, index=null, enabled=null, optional=false, selected=null, checked=null, focused=null, childOf=null, css=null), notVisible=null, scriptCondition=null, label=null), timeout=120000, label=null, optional=false)), logMessages=[], insight=Insight(message=, level=NONE), aiReasoning=null, labeledCommand=null)
14:02:23.071 [ INFO] maestro.cli.runner.MaestroCommandRunner.runCommands$lambda$2: Assert that "${ANCHOR}" is visible COMPLETED
14:02:23.072 [ INFO] maestro.cli.runner.MaestroCommandRunner.runCommands$lambda$2: Run flow when ${output.anchorOptional !== true} is true COMPLETED
14:02:23.072 [ INFO] maestro.cli.runner.MaestroCommandRunner.runCommands$lambda$2: Run subflows/clear-overlays.yaml COMPLETED
14:02:23.073 [ INFO] maestro.cli.runner.MaestroCommandRunner.runCommands$lambda$0: Tap on "Account\s*Tab 4 of 4" RUNNING
14:02:23.074 [ INFO] maestro.cli.runner.MaestroCommandRunner.runCommands$lambda$11: Tap on "Account\s*Tab 4 of 4" metadata CommandMetadata(numberOfRuns=null, evaluatedCommand=MaestroCommand(tapOnElementCommand=TapOnElementCommand(selector=ElementSelector(textRegex=Account\s*Tab 4 of 4, idRegex=null, size=null, below=null, above=null, leftOf=null, rightOf=null, containsChild=null, containsDescendants=null, traits=null, index=null, enabled=null, optional=false, selected=null, checked=null, focused=null, childOf=null, css=null), retryIfNoChange=false, waitUntilVisible=false, longPress=false, repeat=null, waitToSettleTimeoutMs=null, relativePoint=null, label=null, optional=false)), logMessages=[], insight=Insight(message=, level=NONE), aiReasoning=null, labeledCommand=null)
14:02:23.944 [ INFO] maestro.Maestro.tap-HgV9Ck0: Tapping on element:  UiElement(treeNode=TreeNode(attributes={text=, accessibilityText=Account
Tab 4 of 4, hintText=, ignoreBoundsFiltering=false, resource-id=, clickable=true, bounds=[810,2132][1080,2337], enabled=true, focused=false, checked=false, scrollable=false, selected=false, class=android.widget.ImageView, important-for-accessibility=true, error=}, children=[], clickable=true, enabled=true, focused=false, checked=false, selected=false), bounds=Bounds(x=810, y=2132, width=270, height=205))
14:02:24.581 [ERROR] maestro.cli.session.MaestroSessionManager.newSession$lambda$0: Failed to record heartbeat
java.io.IOException: The process cannot access the file because another process has locked a portion of the file
	at java.base/java.io.FileOutputStream.writeBytes(Native Method)
	at java.base/java.io.FileOutputStream.write(FileOutputStream.java:332)
	at kotlin.io.FilesKt__FileReadWriteKt.writeTextImpl(FileReadWrite.kt:160)
	at kotlin.io.FilesKt__FileReadWriteKt.writeText(FileReadWrite.kt:145)
	at kotlin.io.FilesKt__FileReadWriteKt.writeText$default(FileReadWrite.kt:144)
	at maestro.cli.db.KeyValueStore.commit(KeyValueStore.kt:50)
	at maestro.cli.db.KeyValueStore.set$lambda$3$lambda$2(KeyValueStore.kt:23)
	at maestro.cli.db.KeyValueStore.withFileLock(KeyValueStore.kt:62)
	at maestro.cli.db.KeyValueStore.set(KeyValueStore.kt:20)
	at maestro.cli.session.SessionStore.heartbeat(SessionStore.kt:12)
	at maestro.cli.session.MaestroSessionManager.newSession$lambda$0(MaestroSessionManager.kt:98)
	at java.base/java.util.concurrent.Executors$RunnableAdapter.call(Executors.java:545)
	at java.base/java.util.concurrent.FutureTask.runAndReset(FutureTask.java:371)
	at java.base/java.util.concurrent.ScheduledThreadPoolExecutor$ScheduledFutureTask.run(ScheduledThreadPoolExecutor.java:310)
	at java.base/java.util.concurrent.ThreadPoolExecutor.runWorker(ThreadPoolExecutor.java:1090)
	at java.base/java.util.concurrent.ThreadPoolExecutor$Worker.run(ThreadPoolExecutor.java:614)
	at java.base/java.lang.Thread.run(Thread.java:1516)
14:02:25.718 [ INFO] maestro.Maestro.tap-HgV9Ck0: Tap aimed via settled hierarchy
14:02:25.720 [ INFO] maestro.Maestro.hierarchyBasedTap-ogj28Uc: Tapping at (945, 2234) using hierarchy based logic for wait
14:02:26.608 [ INFO] maestro.Maestro.hierarchyBasedTap-ogj28Uc: Something has changed in the UI judging by view hierarchy. Proceed.
14:02:26.609 [ INFO] maestro.cli.runner.MaestroCommandRunner.runCommands$lambda$2: Tap on "Account\s*Tab 4 of 4" COMPLETED
14:02:26.609 [ INFO] maestro.cli.runner.MaestroCommandRunner.runCommands$lambda$0: Run subflows/clear-overlays.yaml RUNNING
14:02:26.610 [ INFO] maestro.cli.runner.MaestroCommandRunner.runCommands$lambda$11: Run subflows/clear-overlays.yaml metadata CommandMetadata(numberOfRuns=null, evaluatedCommand=MaestroCommand(runFlowCommand=RunFlowCommand(commands=[MaestroCommand(defineVariablesCommand=DefineVariablesCommand(env={ANCHOR=Profile details}, label=null, optional=false)), MaestroCommand(applyConfigurationCommand=ApplyConfigurationCommand(config=MaestroConfig(appId=fi.iwa.sakani, name=Clear first-run and promo overlays, tags=[], ext={}, onFlowStart=null, onFlowComplete=null, properties={}), label=null, optional=false)), MaestroCommand(repeatCommand=RepeatCommand(times=20, condition=Condition(platform=null, visible=null, notVisible=ElementSelector(textRegex=${ANCHOR}, idRegex=null, size=null, below=null, above=null, leftOf=null, rightOf=null, containsChild=null, containsDescendants=null, traits=null, index=null, enabled=null, optional=false, selected=null, checked=null, focused=null, childOf=null, css=null), scriptCondition=null, label=null), commands=[MaestroCommand(runFlowCommand=RunFlowCommand(commands=[MaestroCommand(tapOnElementCommand=TapOnElementCommand(selector=ElementSelector(textRegex=Don.t allow, idRegex=null, size=null, below=null, above=null, leftOf=null, rightOf=null, containsChild=null, containsDescendants=null, traits=null, index=null, enabled=null, optional=false, selected=null, checked=null, focused=null, childOf=null, css=null), retryIfNoChange=false, waitUntilVisible=false, longPress=false, repeat=null, waitToSettleTimeoutMs=null, relativePoint=null, label=null, optional=false)), MaestroCommand(waitForAnimationToEndCommand=WaitForAnimationToEndCommand(timeout=3000, label=null, optional=false))], condition=Condition(platform=null, visible=ElementSelector(textRegex=Don.t allow, idRegex=null, size=null, below=null, above=null, leftOf=null, rightOf=null, containsChild=null, containsDescendants=null, traits=null, index=null, enabled=null, optional=false, selected=null, checked=null, focused=null, childOf=null, css=null), notVisible=null, scriptCondition=null, label=null), sourceDescription=null, config=null, label=null, optional=false)), MaestroCommand(runFlowCommand=RunFlowCommand(commands=[MaestroCommand(tapOnElementCommand=TapOnElementCommand(selector=ElementSelector(textRegex=Skip, idRegex=null, size=null, below=null, above=null, leftOf=null, rightOf=null, containsChild=null, containsDescendants=null, traits=null, index=null, enabled=null, optional=false, selected=null, checked=null, focused=null, childOf=null, css=null), retryIfNoChange=false, waitUntilVisible=false, longPress=false, repeat=null, waitToSettleTimeoutMs=null, relativePoint=null, label=null, optional=false)), MaestroCommand(waitForAnimationToEndCommand=WaitForAnimationToEndCommand(timeout=3000, label=null, optional=false))], condition=Condition(platform=null, visible=ElementSelector(textRegex=Skip, idRegex=null, size=null, below=null, above=null, leftOf=null, rightOf=null, containsChild=null, containsDescendants=null, traits=null, index=null, enabled=null, optional=false, selected=null, checked=null, focused=null, childOf=null, css=null), notVisible=null, scriptCondition=null, label=null), sourceDescription=null, config=null, label=null, optional=false)), MaestroCommand(runFlowCommand=RunFlowCommand(commands=[MaestroCommand(tapOnElementCommand=TapOnElementCommand(selector=ElementSelector(textRegex=Dismiss, idRegex=null, size=null, below=null, above=null, leftOf=null, rightOf=null, containsChild=null, containsDescendants=null, traits=null, index=null, enabled=null, optional=false, selected=null, checked=null, focused=null, childOf=null, css=null), retryIfNoChange=false, waitUntilVisible=false, longPress=false, repeat=null, waitToSettleTimeoutMs=null, relativePoint=null, label=null, optional=false)), MaestroCommand(waitForAnimationToEndCommand=WaitForAnimationToEndCommand(timeout=3000, label=null, optional=false))], condition=Condition(platform=null, visible=ElementSelector(textRegex=Dismiss, idRegex=null, size=null, below=null, above=null, leftOf=null, rightOf=null, containsChild=null, containsDescendants=null, traits=null, index=null, enabled=null, optional=false, selected=null, checked=null, focused=null, childOf=null, css=null), notVisible=null, scriptCondition=null, label=null), sourceDescription=null, config=null, label=null, optional=false)), MaestroCommand(runFlowCommand=RunFlowCommand(commands=[MaestroCommand(runFlowCommand=RunFlowCommand(commands=[MaestroCommand(evalScriptCommand=EvalScriptCommand(scriptString=${console.log('CLEAR-OVERLAYS OK-HANDLER: dismissing the ERROR dialog (there is something wrong / please try again later). If this line sits after a reservation, payment or signature step, the business outcome MUST be re-read from the product records before the run is called green.')}, label=null, optional=false))], condition=Condition(platform=null, visible=ElementSelector(textRegex=There's something wrong. Please try again later!, idRegex=null, size=null, below=null, above=null, leftOf=null, rightOf=null, containsChild=null, containsDescendants=null, traits=null, index=null, enabled=null, optional=false, selected=null, checked=null, focused=null, childOf=null, css=null), notVisible=null, scriptCondition=null, label=null), sourceDescription=null, config=null, label=null, optional=false)), MaestroCommand(evalScriptCommand=EvalScriptCommand(scriptString=${console.log('CLEAR-OVERLAYS OK-HANDLER: tapping Ok')}, label=null, optional=false)), MaestroCommand(tapOnElementCommand=TapOnElementCommand(selector=ElementSelector(textRegex=Ok, idRegex=null, size=null, below=null, above=null, leftOf=null, rightOf=null, containsChild=null, containsDescendants=null, traits=null, index=null, enabled=null, optional=false, selected=null, checked=null, focused=null, childOf=null, css=null), retryIfNoChange=false, waitUntilVisible=false, longPress=false, repeat=null, waitToSettleTimeoutMs=null, relativePoint=null, label=null, optional=false)), MaestroCommand(waitForAnimationToEndCommand=WaitForAnimationToEndCommand(timeout=3000, label=null, optional=false))], condition=Condition(platform=null, visible=ElementSelector(textRegex=Ok, idRegex=null, size=null, below=null, above=null, leftOf=null, rightOf=null, containsChild=null, containsDescendants=null, traits=null, index=null, enabled=null, optional=false, selected=null, checked=null, focused=null, childOf=null, css=null), notVisible=null, scriptCondition=null, label=null), sourceDescription=null, config=null, label=null, optional=false)), MaestroCommand(runFlowCommand=RunFlowCommand(commands=[MaestroCommand(backPressCommand=BackPressCommand()), MaestroCommand(waitForAnimationToEndCommand=WaitForAnimationToEndCommand(timeout=3000, label=null, optional=false))], condition=Condition(platform=null, visible=ElementSelector(textRegex=Marketplace Day, idRegex=null, size=null, below=null, above=null, leftOf=null, rightOf=null, containsChild=null, containsDescendants=null, traits=null, index=null, enabled=null, optional=false, selected=null, checked=null, focused=null, childOf=null, css=null), notVisible=null, scriptCondition=null, label=null), sourceDescription=null, config=null, label=null, optional=false)), MaestroCommand(runFlowCommand=RunFlowCommand(commands=[MaestroCommand(backPressCommand=BackPressCommand()), MaestroCommand(waitForAnimationToEndCommand=WaitForAnimationToEndCommand(timeout=3000, label=null, optional=false))], condition=Condition(platform=null, visible=ElementSelector(textRegex=Start comparing properties, idRegex=null, size=null, below=null, above=null, leftOf=null, rightOf=null, containsChild=null, containsDescendants=null, traits=null, index=null, enabled=null, optional=false, selected=null, checked=null, focused=null, childOf=null, css=null), notVisible=null, scriptCondition=null, label=null), sourceDescription=null, config=null, label=null, optional=false)), MaestroCommand(runFlowCommand=RunFlowCommand(commands=[MaestroCommand(backPressCommand=BackPressCommand()), MaestroCommand(waitForAnimationToEndCommand=WaitForAnimationToEndCommand(timeout=3000, label=null, optional=false))], condition=Condition(platform=null, visible=ElementSelector(textRegex=Go to the weekly (offer|deal), idRegex=null, size=null, below=null, above=null, leftOf=null, rightOf=null, containsChild=null, containsDescendants=null, traits=null, index=null, enabled=null, optional=false, selected=null, checked=null, focused=null, childOf=null, css=null), notVisible=null, scriptCondition=null, label=null), sourceDescription=null, config=null, label=null, optional=false)), MaestroCommand(runFlowCommand=RunFlowCommand(commands=[MaestroCommand(backPressCommand=BackPressCommand()), MaestroCommand(waitForAnimationToEndCommand=WaitForAnimationToEndCommand(timeout=3000, label=null, optional=false))], condition=Condition(platform=null, visible=ElementSelector(textRegex=Update email, idRegex=null, size=null, below=null, above=null, leftOf=null, rightOf=null, containsChild=null, containsDescendants=null, traits=null, index=null, enabled=null, optional=false, selected=null, checked=null, focused=null, childOf=null, css=null), notVisible=null, scriptCondition=null, label=null), sourceDescription=null, config=null, label=null, optional=false)), MaestroCommand(runFlowCommand=RunFlowCommand(commands=[MaestroCommand(tapOnPointV2Command=TapOnPointV2Command(point=7%,9%, retryIfNoChange=false, longPress=false, repeat=null, waitToSettleTimeoutMs=null, label=null, optional=false)), MaestroCommand(waitForAnimationToEndCommand=WaitForAnimationToEndCommand(timeout=4000, label=null, optional=false))], condition=Condition(platform=null, visible=ElementSelector(textRegex=Number and Email Already Linked, idRegex=null, size=null, below=null, above=null, leftOf=null, rightOf=null, containsChild=null, containsDescendants=null, traits=null, index=null, enabled=null, optional=false, selected=null, checked=null, focused=null, childOf=null, css=null), notVisible=null, scriptCondition=null, label=null), sourceDescription=null, config=null, label=null, optional=false)), MaestroCommand(runFlowCommand=RunFlowCommand(commands=[MaestroCommand(runFlowCommand=RunFlowCommand(commands=[MaestroCommand(swipeCommand=SwipeCommand(direction=null, startPoint=null, endPoint=null, elementSelector=null, startRelative=50%,58%, endRelative=50%,99%, duration=400, waitToSettleTimeoutMs=null, relativePoint=null, label=null, optional=false)), MaestroCommand(waitForAnimationToEndCommand=WaitForAnimationToEndCommand(timeout=4000, label=null, optional=false))], condition=Condition(platform=null, visible=null, notVisible=ElementSelector(textRegex=(?s)(.*There.s something wrong.*|.*the service is down.*|Error!), idRegex=null, size=null, below=null, above=null, leftOf=null, rightOf=null, containsChild=null, containsDescendants=null, traits=null, index=null, enabled=null, optional=false, selected=null, checked=null, focused=null, childOf=null, css=null), scriptCondition=null, label=null), sourceDescription=null, config=null, label=null, optional=false))], condition=Condition(platform=null, visible=ElementSelector(textRegex=(?s).*would you recommend benefiting from Sakani.*, idRegex=null, size=null, below=null, above=null, leftOf=null, rightOf=null, containsChild=null, containsDescendants=null, traits=null, index=null, enabled=null, optional=false, selected=null, checked=null, focused=null, childOf=null, css=null), notVisible=null, scriptCondition=null, label=null), sourceDescription=null, config=null, label=null, optional=false)), MaestroCommand(runFlowCommand=RunFlowCommand(commands=[MaestroCommand(tapOnElementCommand=TapOnElementCommand(selector=ElementSelector(textRegex=Maybe Later, idRegex=null, size=null, below=null, above=null, leftOf=null, rightOf=null, containsChild=null, containsDescendants=null, traits=null, index=null, enabled=null, optional=false, selected=null, checked=null, focused=null, childOf=null, css=null), retryIfNoChange=false, waitUntilVisible=false, longPress=false, repeat=null, waitToSettleTimeoutMs=null, relativePoint=null, label=null, optional=false)), MaestroCommand(waitForAnimationToEndCommand=WaitForAnimationToEndCommand(timeout=3000, label=null, optional=false))], condition=Condition(platform=null, visible=ElementSelector(textRegex=Maybe Later, idRegex=null, size=null, below=null, above=null, leftOf=null, rightOf=null, containsChild=null, containsDescendants=null, traits=null, index=null, enabled=null, optional=false, selected=null, checked=null, focused=null, childOf=null, css=null), notVisible=null, scriptCondition=null, label=null), sourceDescription=null, config=null, label=null, optional=false)), MaestroCommand(runFlowCommand=RunFlowCommand(commands=[MaestroCommand(tapOnElementCommand=TapOnElementCommand(selector=ElementSelector(textRegex=Reject cookies, idRegex=null, size=null, below=null, above=null, leftOf=null, rightOf=null, containsChild=null, containsDescendants=null, traits=null, index=null, enabled=null, optional=false, selected=null, checked=null, focused=null, childOf=null, css=null), retryIfNoChange=false, waitUntilVisible=false, longPress=false, repeat=null, waitToSettleTimeoutMs=null, relativePoint=null, label=null, optional=false)), MaestroCommand(waitForAnimationToEndCommand=WaitForAnimationToEndCommand(timeout=4000, label=null, optional=false))], condition=Condition(platform=null, visible=ElementSelector(textRegex=Reject cookies, idRegex=null, size=null, below=null, above=null, leftOf=null, rightOf=null, containsChild=null, containsDescendants=null, traits=null, index=null, enabled=null, optional=false, selected=null, checked=null, focused=null, childOf=null, css=null), notVisible=null, scriptCondition=null, label=null), sourceDescription=null, config=null, label=null, optional=false)), MaestroCommand(runFlowCommand=RunFlowCommand(commands=[MaestroCommand(waitForAnimationToEndCommand=WaitForAnimationToEndCommand(timeout=5000, label=null, optional=false))], condition=Condition(platform=null, visible=null, notVisible=ElementSelector(textRegex=${ANCHOR}, idRegex=null, size=null, below=null, above=null, leftOf=null, rightOf=null, containsChild=null, containsDescendants=null, traits=null, index=null, enabled=null, optional=false, selected=null, checked=null, focused=null, childOf=null, css=null), scriptCondition=null, label=null), sourceDescription=null, config=null, label=null, optional=false))], label=null, optional=false)), MaestroCommand(repeatCommand=RepeatCommand(times=3, condition=Condition(platform=null, visible=ElementSelector(textRegex=(?s).*would you recommend benefiting from Sakani.*, idRegex=null, size=null, below=null, above=null, leftOf=null, rightOf=null, containsChild=null, containsDescendants=null, traits=null, index=null, enabled=null, optional=false, selected=null, checked=null, focused=null, childOf=null, css=null), notVisible=null, scriptCondition=null, label=null), commands=[MaestroCommand(runFlowCommand=RunFlowCommand(commands=[MaestroCommand(swipeCommand=SwipeCommand(direction=null, startPoint=null, endPoint=null, elementSelector=null, startRelative=50%,58%, endRelative=50%,99%, duration=400, waitToSettleTimeoutMs=null, relativePoint=null, label=null, optional=false)), MaestroCommand(waitForAnimationToEndCommand=WaitForAnimationToEndCommand(timeout=4000, label=null, optional=false))], condition=Condition(platform=null, visible=null, notVisible=ElementSelector(textRegex=(?s)(.*There.s something wrong.*|.*the service is down.*|Error!), idRegex=null, size=null, below=null, above=null, leftOf=null, rightOf=null, containsChild=null, containsDescendants=null, traits=null, index=null, enabled=null, optional=false, selected=null, checked=null, focused=null, childOf=null, css=null), scriptCondition=null, label=null), sourceDescription=null, config=null, label=null, optional=false))], label=null, optional=false)), MaestroCommand(assertConditionCommand=AssertConditionCommand(condition=Condition(platform=null, visible=null, notVisible=ElementSelector(textRegex=(?s).*would you recommend benefiting from Sakani.*, idRegex=null, size=null, below=null, above=null, leftOf=null, rightOf=null, containsChild=null, containsDescendants=null, traits=null, index=null, enabled=null, optional=false, selected=null, checked=null, focused=null, childOf=null, css=null), scriptCondition=null, label=null), timeout=null, label=null, optional=false)), MaestroCommand(runFlowCommand=RunFlowCommand(commands=[MaestroCommand(assertConditionCommand=AssertConditionCommand(condition=Condition(platform=null, visible=ElementSelector(textRegex=${ANCHOR}, idRegex=null, size=null, below=null, above=null, leftOf=null, rightOf=null, containsChild=null, containsDescendants=null, traits=null, index=null, enabled=null, optional=false, selected=null, checked=null, focused=null, childOf=null, css=null), notVisible=null, scriptCondition=null, label=null), timeout=120000, label=null, optional=false))], condition=Condition(platform=null, visible=null, notVisible=null, scriptCondition=${output.anchorOptional !== true}, label=null), sourceDescription=null, config=null, label=null, optional=false))], condition=null, sourceDescription=subflows/clear-overlays.yaml, config=MaestroConfig(appId=fi.iwa.sakani, name=Clear first-run and promo overlays, tags=[], ext={}, onFlowStart=null, onFlowComplete=null, properties={}), label=null, optional=false)), logMessages=[], insight=Insight(message=, level=NONE), aiReasoning=null, labeledCommand=null)
14:02:26.623 [ INFO] maestro.cli.runner.MaestroCommandRunner.runCommands$lambda$0: Define variables RUNNING
14:02:26.624 [ INFO] maestro.cli.runner.MaestroCommandRunner.runCommands$lambda$11: Define variables metadata CommandMetadata(numberOfRuns=null, evaluatedCommand=MaestroCommand(defineVariablesCommand=DefineVariablesCommand(env={ANCHOR=Profile details}, label=null, optional=false)), logMessages=[], insight=Insight(message=, level=NONE), aiReasoning=null, labeledCommand=null)
14:02:26.624 [ INFO] maestro.cli.runner.MaestroCommandRunner.runCommands$lambda$2: Define variables COMPLETED
14:02:26.626 [ INFO] maestro.cli.runner.MaestroCommandRunner.runCommands$lambda$0: Apply configuration RUNNING
14:02:26.627 [ INFO] maestro.cli.runner.MaestroCommandRunner.runCommands$lambda$11: Apply configuration metadata CommandMetadata(numberOfRuns=null, evaluatedCommand=MaestroCommand(applyConfigurationCommand=ApplyConfigurationCommand(config=MaestroConfig(appId=fi.iwa.sakani, name=Clear first-run and promo overlays, tags=[], ext={}, onFlowStart=null, onFlowComplete=null, properties={}), label=null, optional=false)), logMessages=[], insight=Insight(message=, level=NONE), aiReasoning=null, labeledCommand=null)
14:02:26.628 [ INFO] maestro.cli.runner.MaestroCommandRunner.runCommands$lambda$2: Apply configuration COMPLETED
14:02:26.628 [ INFO] maestro.cli.runner.MaestroCommandRunner.runCommands$lambda$0: Repeat while "${ANCHOR}" is not visible (up to 20 times) RUNNING
14:02:26.629 [ INFO] maestro.cli.runner.MaestroCommandRunner.runCommands$lambda$11: Repeat while "${ANCHOR}" is not visible (up to 20 times) metadata CommandMetadata(numberOfRuns=1, evaluatedCommand=MaestroCommand(repeatCommand=RepeatCommand(times=20, condition=Condition(platform=null, visible=null, notVisible=ElementSelector(textRegex=${ANCHOR}, idRegex=null, size=null, below=null, above=null, leftOf=null, rightOf=null, containsChild=null, containsDescendants=null, traits=null, index=null, enabled=null, optional=false, selected=null, checked=null, focused=null, childOf=null, css=null), scriptCondition=null, label=null), commands=[MaestroCommand(runFlowCommand=RunFlowCommand(commands=[MaestroCommand(tapOnElementCommand=TapOnElementCommand(selector=ElementSelector(textRegex=Don.t allow, idRegex=null, size=null, below=null, above=null, leftOf=null, rightOf=null, containsChild=null, containsDescendants=null, traits=null, index=null, enabled=null, optional=false, selected=null, checked=null, focused=null, childOf=null, css=null), retryIfNoChange=false, waitUntilVisible=false, longPress=false, repeat=null, waitToSettleTimeoutMs=null, relativePoint=null, label=null, optional=false)), MaestroCommand(waitForAnimationToEndCommand=WaitForAnimationToEndCommand(timeout=3000, label=null, optional=false))], condition=Condition(platform=null, visible=ElementSelector(textRegex=Don.t allow, idRegex=null, size=null, below=null, above=null, leftOf=null, rightOf=null, containsChild=null, containsDescendants=null, traits=null, index=null, enabled=null, optional=false, selected=null, checked=null, focused=null, childOf=null, css=null), notVisible=null, scriptCondition=null, label=null), sourceDescription=null, config=null, label=null, optional=false)), MaestroCommand(runFlowCommand=RunFlowCommand(commands=[MaestroCommand(tapOnElementCommand=TapOnElementCommand(selector=ElementSelector(textRegex=Skip, idRegex=null, size=null, below=null, above=null, leftOf=null, rightOf=null, containsChild=null, containsDescendants=null, traits=null, index=null, enabled=null, optional=false, selected=null, checked=null, focused=null, childOf=null, css=null), retryIfNoChange=false, waitUntilVisible=false, longPress=false, repeat=null, waitToSettleTimeoutMs=null, relativePoint=null, label=null, optional=false)), MaestroCommand(waitForAnimationToEndCommand=WaitForAnimationToEndCommand(timeout=3000, label=null, optional=false))], condition=Condition(platform=null, visible=ElementSelector(textRegex=Skip, idRegex=null, size=null, below=null, above=null, leftOf=null, rightOf=null, containsChild=null, containsDescendants=null, traits=null, index=null, enabled=null, optional=false, selected=null, checked=null, focused=null, childOf=null, css=null), notVisible=null, scriptCondition=null, label=null), sourceDescription=null, config=null, label=null, optional=false)), MaestroCommand(runFlowCommand=RunFlowCommand(commands=[MaestroCommand(tapOnElementCommand=TapOnElementCommand(selector=ElementSelector(textRegex=Dismiss, idRegex=null, size=null, below=null, above=null, leftOf=null, rightOf=null, containsChild=null, containsDescendants=null, traits=null, index=null, enabled=null, optional=false, selected=null, checked=null, focused=null, childOf=null, css=null), retryIfNoChange=false, waitUntilVisible=false, longPress=false, repeat=null, waitToSettleTimeoutMs=null, relativePoint=null, label=null, optional=false)), MaestroCommand(waitForAnimationToEndCommand=WaitForAnimationToEndCommand(timeout=3000, label=null, optional=false))], condition=Condition(platform=null, visible=ElementSelector(textRegex=Dismiss, idRegex=null, size=null, below=null, above=null, leftOf=null, rightOf=null, containsChild=null, containsDescendants=null, traits=null, index=null, enabled=null, optional=false, selected=null, checked=null, focused=null, childOf=null, css=null), notVisible=null, scriptCondition=null, label=null), sourceDescription=null, config=null, label=null, optional=false)), MaestroCommand(runFlowCommand=RunFlowCommand(commands=[MaestroCommand(runFlowCommand=RunFlowCommand(commands=[MaestroCommand(evalScriptCommand=EvalScriptCommand(scriptString=${console.log('CLEAR-OVERLAYS OK-HANDLER: dismissing the ERROR dialog (there is something wrong / please try again later). If this line sits after a reservation, payment or signature step, the business outcome MUST be re-read from the product records before the run is called green.')}, label=null, optional=false))], condition=Condition(platform=null, visible=ElementSelector(textRegex=There's something wrong. Please try again later!, idRegex=null, size=null, below=null, above=null, leftOf=null, rightOf=null, containsChild=null, containsDescendants=null, traits=null, index=null, enabled=null, optional=false, selected=null, checked=null, focused=null, childOf=null, css=null), notVisible=null, scriptCondition=null, label=null), sourceDescription=null, config=null, label=null, optional=false)), MaestroCommand(evalScriptCommand=EvalScriptCommand(scriptString=${console.log('CLEAR-OVERLAYS OK-HANDLER: tapping Ok')}, label=null, optional=false)), MaestroCommand(tapOnElementCommand=TapOnElementCommand(selector=ElementSelector(textRegex=Ok, idRegex=null, size=null, below=null, above=null, leftOf=null, rightOf=null, containsChild=null, containsDescendants=null, traits=null, index=null, enabled=null, optional=false, selected=null, checked=null, focused=null, childOf=null, css=null), retryIfNoChange=false, waitUntilVisible=false, longPress=false, repeat=null, waitToSettleTimeoutMs=null, relativePoint=null, label=null, optional=false)), MaestroCommand(waitForAnimationToEndCommand=WaitForAnimationToEndCommand(timeout=3000, label=null, optional=false))], condition=Condition(platform=null, visible=ElementSelector(textRegex=Ok, idRegex=null, size=null, below=null, above=null, leftOf=null, rightOf=null, containsChild=null, containsDescendants=null, traits=null, index=null, enabled=null, optional=false, selected=null, checked=null, focused=null, childOf=null, css=null), notVisible=null, scriptCondition=null, label=null), sourceDescription=null, config=null, label=null, optional=false)), MaestroCommand(runFlowCommand=RunFlowCommand(commands=[MaestroCommand(backPressCommand=BackPressCommand()), MaestroCommand(waitForAnimationToEndCommand=WaitForAnimationToEndCommand(timeout=3000, label=null, optional=false))], condition=Condition(platform=null, visible=ElementSelector(textRegex=Marketplace Day, idRegex=null, size=null, below=null, above=null, leftOf=null, rightOf=null, containsChild=null, containsDescendants=null, traits=null, index=null, enabled=null, optional=false, selected=null, checked=null, focused=null, childOf=null, css=null), notVisible=null, scriptCondition=null, label=null), sourceDescription=null, config=null, label=null, optional=false)), MaestroCommand(runFlowCommand=RunFlowCommand(commands=[MaestroCommand(backPressCommand=BackPressCommand()), MaestroCommand(waitForAnimationToEndCommand=WaitForAnimationToEndCommand(timeout=3000, label=null, optional=false))], condition=Condition(platform=null, visible=ElementSelector(textRegex=Start comparing properties, idRegex=null, size=null, below=null, above=null, leftOf=null, rightOf=null, containsChild=null, containsDescendants=null, traits=null, index=null, enabled=null, optional=false, selected=null, checked=null, focused=null, childOf=null, css=null), notVisible=null, scriptCondition=null, label=null), sourceDescription=null, config=null, label=null, optional=false)), MaestroCommand(runFlowCommand=RunFlowCommand(commands=[MaestroCommand(backPressCommand=BackPressCommand()), MaestroCommand(waitForAnimationToEndCommand=WaitForAnimationToEndCommand(timeout=3000, label=null, optional=false))], condition=Condition(platform=null, visible=ElementSelector(textRegex=Go to the weekly (offer|deal), idRegex=null, size=null, below=null, above=null, leftOf=null, rightOf=null, containsChild=null, containsDescendants=null, traits=null, index=null, enabled=null, optional=false, selected=null, checked=null, focused=null, childOf=null, css=null), notVisible=null, scriptCondition=null, label=null), sourceDescription=null, config=null, label=null, optional=false)), MaestroCommand(runFlowCommand=RunFlowCommand(commands=[MaestroCommand(backPressCommand=BackPressCommand()), MaestroCommand(waitForAnimationToEndCommand=WaitForAnimationToEndCommand(timeout=3000, label=null, optional=false))], condition=Condition(platform=null, visible=ElementSelector(textRegex=Update email, idRegex=null, size=null, below=null, above=null, leftOf=null, rightOf=null, containsChild=null, containsDescendants=null, traits=null, index=null, enabled=null, optional=false, selected=null, checked=null, focused=null, childOf=null, css=null), notVisible=null, scriptCondition=null, label=null), sourceDescription=null, config=null, label=null, optional=false)), MaestroCommand(runFlowCommand=RunFlowCommand(commands=[MaestroCommand(tapOnPointV2Command=TapOnPointV2Command(point=7%,9%, retryIfNoChange=false, longPress=false, repeat=null, waitToSettleTimeoutMs=null, label=null, optional=false)), MaestroCommand(waitForAnimationToEndCommand=WaitForAnimationToEndCommand(timeout=4000, label=null, optional=false))], condition=Condition(platform=null, visible=ElementSelector(textRegex=Number and Email Already Linked, idRegex=null, size=null, below=null, above=null, leftOf=null, rightOf=null, containsChild=null, containsDescendants=null, traits=null, index=null, enabled=null, optional=false, selected=null, checked=null, focused=null, childOf=null, css=null), notVisible=null, scriptCondition=null, label=null), sourceDescription=null, config=null, label=null, optional=false)), MaestroCommand(runFlowCommand=RunFlowCommand(commands=[MaestroCommand(runFlowCommand=RunFlowCommand(commands=[MaestroCommand(swipeCommand=SwipeCommand(direction=null, startPoint=null, endPoint=null, elementSelector=null, startRelative=50%,58%, endRelative=50%,99%, duration=400, waitToSettleTimeoutMs=null, relativePoint=null, label=null, optional=false)), MaestroCommand(waitForAnimationToEndCommand=WaitForAnimationToEndCommand(timeout=4000, label=null, optional=false))], condition=Condition(platform=null, visible=null, notVisible=ElementSelector(textRegex=(?s)(.*There.s something wrong.*|.*the service is down.*|Error!), idRegex=null, size=null, below=null, above=null, leftOf=null, rightOf=null, containsChild=null, containsDescendants=null, traits=null, index=null, enabled=null, optional=false, selected=null, checked=null, focused=null, childOf=null, css=null), scriptCondition=null, label=null), sourceDescription=null, config=null, label=null, optional=false))], condition=Condition(platform=null, visible=ElementSelector(textRegex=(?s).*would you recommend benefiting from Sakani.*, idRegex=null, size=null, below=null, above=null, leftOf=null, rightOf=null, containsChild=null, containsDescendants=null, traits=null, index=null, enabled=null, optional=false, selected=null, checked=null, focused=null, childOf=null, css=null), notVisible=null, scriptCondition=null, label=null), sourceDescription=null, config=null, label=null, optional=false)), MaestroCommand(runFlowCommand=RunFlowCommand(commands=[MaestroCommand(tapOnElementCommand=TapOnElementCommand(selector=ElementSelector(textRegex=Maybe Later, idRegex=null, size=null, below=null, above=null, leftOf=null, rightOf=null, containsChild=null, containsDescendants=null, traits=null, index=null, enabled=null, optional=false, selected=null, checked=null, focused=null, childOf=null, css=null), retryIfNoChange=false, waitUntilVisible=false, longPress=false, repeat=null, waitToSettleTimeoutMs=null, relativePoint=null, label=null, optional=false)), MaestroCommand(waitForAnimationToEndCommand=WaitForAnimationToEndCommand(timeout=3000, label=null, optional=false))], condition=Condition(platform=null, visible=ElementSelector(textRegex=Maybe Later, idRegex=null, size=null, below=null, above=null, leftOf=null, rightOf=null, containsChild=null, containsDescendants=null, traits=null, index=null, enabled=null, optional=false, selected=null, checked=null, focused=null, childOf=null, css=null), notVisible=null, scriptCondition=null, label=null), sourceDescription=null, config=null, label=null, optional=false)), MaestroCommand(runFlowCommand=RunFlowCommand(commands=[MaestroCommand(tapOnElementCommand=TapOnElementCommand(selector=ElementSelector(textRegex=Reject cookies, idRegex=null, size=null, below=null, above=null, leftOf=null, rightOf=null, containsChild=null, containsDescendants=null, traits=null, index=null, enabled=null, optional=false, selected=null, checked=null, focused=null, childOf=null, css=null), retryIfNoChange=false, waitUntilVisible=false, longPress=false, repeat=null, waitToSettleTimeoutMs=null, relativePoint=null, label=null, optional=false)), MaestroCommand(waitForAnimationToEndCommand=WaitForAnimationToEndCommand(timeout=4000, label=null, optional=false))], condition=Condition(platform=null, visible=ElementSelector(textRegex=Reject cookies, idRegex=null, size=null, below=null, above=null, leftOf=null, rightOf=null, containsChild=null, containsDescendants=null, traits=null, index=null, enabled=null, optional=false, selected=null, checked=null, focused=null, childOf=null, css=null), notVisible=null, scriptCondition=null, label=null), sourceDescription=null, config=null, label=null, optional=false)), MaestroCommand(runFlowCommand=RunFlowCommand(commands=[MaestroCommand(waitForAnimationToEndCommand=WaitForAnimationToEndCommand(timeout=5000, label=null, optional=false))], condition=Condition(platform=null, visible=null, notVisible=ElementSelector(textRegex=${ANCHOR}, idRegex=null, size=null, below=null, above=null, leftOf=null, rightOf=null, containsChild=null, containsDescendants=null, traits=null, index=null, enabled=null, optional=false, selected=null, checked=null, focused=null, childOf=null, css=null), scriptCondition=null, label=null), sourceDescription=null, config=null, label=null, optional=false))], label=null, optional=false)), logMessages=[], insight=Insight(message=, level=NONE), aiReasoning=null, labeledCommand=null)
14:02:27.549 [ INFO] maestro.cli.runner.MaestroCommandRunner.runCommands$lambda$0: Run flow when "Don.t allow" is visible RUNNING
14:02:27.550 [ INFO] maestro.cli.runner.MaestroCommandRunner.runCommands$lambda$11: Run flow when "Don.t allow" is visible metadata CommandMetadata(numberOfRuns=null, evaluatedCommand=MaestroCommand(runFlowCommand=RunFlowCommand(commands=[MaestroCommand(tapOnElementCommand=TapOnElementCommand(selector=ElementSelector(textRegex=Don.t allow, idRegex=null, size=null, below=null, above=null, leftOf=null, rightOf=null, containsChild=null, containsDescendants=null, traits=null, index=null, enabled=null, optional=false, selected=null, checked=null, focused=null, childOf=null, css=null), retryIfNoChange=false, waitUntilVisible=false, longPress=false, repeat=null, waitToSettleTimeoutMs=null, relativePoint=null, label=null, optional=false)), MaestroCommand(waitForAnimationToEndCommand=WaitForAnimationToEndCommand(timeout=3000, label=null, optional=false))], condition=Condition(platform=null, visible=ElementSelector(textRegex=Don.t allow, idRegex=null, size=null, below=null, above=null, leftOf=null, rightOf=null, containsChild=null, containsDescendants=null, traits=null, index=null, enabled=null, optional=false, selected=null, checked=null, focused=null, childOf=null, css=null), notVisible=null, scriptCondition=null, label=null), sourceDescription=null, config=null, label=null, optional=false)), logMessages=[], insight=Insight(message=, level=NONE), aiReasoning=null, labeledCommand=null)
14:02:29.583 [ERROR] maestro.cli.session.MaestroSessionManager.newSession$lambda$0: Failed to record heartbeat
java.io.IOException: The process cannot access the file because another process has locked a portion of the file
	at java.base/java.io.FileOutputStream.writeBytes(Native Method)
	at java.base/java.io.FileOutputStream.write(FileOutputStream.java:332)
	at kotlin.io.FilesKt__FileReadWriteKt.writeTextImpl(FileReadWrite.kt:160)
	at kotlin.io.FilesKt__FileReadWriteKt.writeText(FileReadWrite.kt:145)
	at kotlin.io.FilesKt__FileReadWriteKt.writeText$default(FileReadWrite.kt:144)
	at maestro.cli.db.KeyValueStore.commit(KeyValueStore.kt:50)
	at maestro.cli.db.KeyValueStore.set$lambda$3$lambda$2(KeyValueStore.kt:23)
	at maestro.cli.db.KeyValueStore.withFileLock(KeyValueStore.kt:62)
	at maestro.cli.db.KeyValueStore.set(KeyValueStore.kt:20)
	at maestro.cli.session.SessionStore.heartbeat(SessionStore.kt:12)
	at maestro.cli.session.MaestroSessionManager.newSession$lambda$0(MaestroSessionManager.kt:98)
	at java.base/java.util.concurrent.Executors$RunnableAdapter.call(Executors.java:545)
	at java.base/java.util.concurrent.FutureTask.runAndReset(FutureTask.java:371)
	at java.base/java.util.concurrent.ScheduledThreadPoolExecutor$ScheduledFutureTask.run(ScheduledThreadPoolExecutor.java:310)
	at java.base/java.util.concurrent.ThreadPoolExecutor.runWorker(ThreadPoolExecutor.java:1090)
	at java.base/java.util.concurrent.ThreadPoolExecutor$Worker.run(ThreadPoolExecutor.java:614)
	at java.base/java.lang.Thread.run(Thread.java:1516)
14:02:33.859 [ INFO] maestro.orchestra.Orchestra.executeSubflowCommands: [Command execution subflow] CommandSkipped: null
14:02:33.859 [ INFO] maestro.cli.runner.MaestroCommandRunner.runCommands$lambda$8: Run flow when "Don.t allow" is visible SKIPPED
14:02:33.860 [ INFO] maestro.cli.runner.MaestroCommandRunner.runCommands$lambda$0: Run flow when "Skip" is visible RUNNING
14:02:33.860 [ INFO] maestro.cli.runner.MaestroCommandRunner.runCommands$lambda$11: Run flow when "Skip" is visible metadata CommandMetadata(numberOfRuns=null, evaluatedCommand=MaestroCommand(runFlowCommand=RunFlowCommand(commands=[MaestroCommand(tapOnElementCommand=TapOnElementCommand(selector=ElementSelector(textRegex=Skip, idRegex=null, size=null, below=null, above=null, leftOf=null, rightOf=null, containsChild=null, containsDescendants=null, traits=null, index=null, enabled=null, optional=false, selected=null, checked=null, focused=null, childOf=null, css=null), retryIfNoChange=false, waitUntilVisible=false, longPress=false, repeat=null, waitToSettleTimeoutMs=null, relativePoint=null, label=null, optional=false)), MaestroCommand(waitForAnimationToEndCommand=WaitForAnimationToEndCommand(timeout=3000, label=null, optional=false))], condition=Condition(platform=null, visible=ElementSelector(textRegex=Skip, idRegex=null, size=null, below=null, above=null, leftOf=null, rightOf=null, containsChild=null, containsDescendants=null, traits=null, index=null, enabled=null, optional=false, selected=null, checked=null, focused=null, childOf=null, css=null), notVisible=null, scriptCondition=null, label=null), sourceDescription=null, config=null, label=null, optional=false)), logMessages=[], insight=Insight(message=, level=NONE), aiReasoning=null, labeledCommand=null)
14:02:34.246 [ INFO] maestro.orchestra.Orchestra.executeSubflowCommands: [Command execution subflow] CommandSkipped: null
14:02:34.246 [ INFO] maestro.cli.runner.MaestroCommandRunner.runCommands$lambda$8: Run flow when "Skip" is visible SKIPPED
14:02:34.246 [ INFO] maestro.cli.runner.MaestroCommandRunner.runCommands$lambda$0: Run flow when "Dismiss" is visible RUNNING
14:02:34.248 [ INFO] maestro.cli.runner.MaestroCommandRunner.runCommands$lambda$11: Run flow when "Dismiss" is visible metadata CommandMetadata(numberOfRuns=null, evaluatedCommand=MaestroCommand(runFlowCommand=RunFlowCommand(commands=[MaestroCommand(tapOnElementCommand=TapOnElementCommand(selector=ElementSelector(textRegex=Dismiss, idRegex=null, size=null, below=null, above=null, leftOf=null, rightOf=null, containsChild=null, containsDescendants=null, traits=null, index=null, enabled=null, optional=false, selected=null, checked=null, focused=null, childOf=null, css=null), retryIfNoChange=false, waitUntilVisible=false, longPress=false, repeat=null, waitToSettleTimeoutMs=null, relativePoint=null, label=null, optional=false)), MaestroCommand(waitForAnimationToEndCommand=WaitForAnimationToEndCommand(timeout=3000, label=null, optional=false))], condition=Condition(platform=null, visible=ElementSelector(textRegex=Dismiss, idRegex=null, size=null, below=null, above=null, leftOf=null, rightOf=null, containsChild=null, containsDescendants=null, traits=null, index=null, enabled=null, optional=false, selected=null, checked=null, focused=null, childOf=null, css=null), notVisible=null, scriptCondition=null, label=null), sourceDescription=null, config=null, label=null, optional=false)), logMessages=[], insight=Insight(message=, level=NONE), aiReasoning=null, labeledCommand=null)
14:02:34.523 [ INFO] maestro.orchestra.Orchestra.executeSubflowCommands: [Command execution subflow] CommandSkipped: null
14:02:34.523 [ INFO] maestro.cli.runner.MaestroCommandRunner.runCommands$lambda$8: Run flow when "Dismiss" is visible SKIPPED
14:02:34.523 [ INFO] maestro.cli.runner.MaestroCommandRunner.runCommands$lambda$0: Run flow when "Ok" is visible RUNNING
14:02:34.524 [ INFO] maestro.cli.runner.MaestroCommandRunner.runCommands$lambda$11: Run flow when "Ok" is visible metadata CommandMetadata(numberOfRuns=null, evaluatedCommand=MaestroCommand(runFlowCommand=RunFlowCommand(commands=[MaestroCommand(runFlowCommand=RunFlowCommand(commands=[MaestroCommand(evalScriptCommand=EvalScriptCommand(scriptString=${console.log('CLEAR-OVERLAYS OK-HANDLER: dismissing the ERROR dialog (there is something wrong / please try again later). If this line sits after a reservation, payment or signature step, the business outcome MUST be re-read from the product records before the run is called green.')}, label=null, optional=false))], condition=Condition(platform=null, visible=ElementSelector(textRegex=There's something wrong. Please try again later!, idRegex=null, size=null, below=null, above=null, leftOf=null, rightOf=null, containsChild=null, containsDescendants=null, traits=null, index=null, enabled=null, optional=false, selected=null, checked=null, focused=null, childOf=null, css=null), notVisible=null, scriptCondition=null, label=null), sourceDescription=null, config=null, label=null, optional=false)), MaestroCommand(evalScriptCommand=EvalScriptCommand(scriptString=${console.log('CLEAR-OVERLAYS OK-HANDLER: tapping Ok')}, label=null, optional=false)), MaestroCommand(tapOnElementCommand=TapOnElementCommand(selector=ElementSelector(textRegex=Ok, idRegex=null, size=null, below=null, above=null, leftOf=null, rightOf=null, containsChild=null, containsDescendants=null, traits=null, index=null, enabled=null, optional=false, selected=null, checked=null, focused=null, childOf=null, css=null), retryIfNoChange=false, waitUntilVisible=false, longPress=false, repeat=null, waitToSettleTimeoutMs=null, relativePoint=null, label=null, optional=false)), MaestroCommand(waitForAnimationToEndCommand=WaitForAnimationToEndCommand(timeout=3000, label=null, optional=false))], condition=Condition(platform=null, visible=ElementSelector(textRegex=Ok, idRegex=null, size=null, below=null, above=null, leftOf=null, rightOf=null, containsChild=null, containsDescendants=null, traits=null, index=null, enabled=null, optional=false, selected=null, checked=null, focused=null, childOf=null, css=null), notVisible=null, scriptCondition=null, label=null), sourceDescription=null, config=null, label=null, optional=false)), logMessages=[], insight=Insight(message=, level=NONE), aiReasoning=null, labeledCommand=null)
14:02:34.573 [ERROR] maestro.cli.session.MaestroSessionManager.newSession$lambda$0: Failed to record heartbeat
java.io.IOException: The process cannot access the file because another process has locked a portion of the file
	at java.base/java.io.FileOutputStream.writeBytes(Native Method)
	at java.base/java.io.FileOutputStream.write(FileOutputStream.java:332)
	at kotlin.io.FilesKt__FileReadWriteKt.writeTextImpl(FileReadWrite.kt:160)
	at kotlin.io.FilesKt__FileReadWriteKt.writeText(FileReadWrite.kt:145)
	at kotlin.io.FilesKt__FileReadWriteKt.writeText$default(FileReadWrite.kt:144)
	at maestro.cli.db.KeyValueStore.commit(KeyValueStore.kt:50)
	at maestro.cli.db.KeyValueStore.set$lambda$3$lambda$2(KeyValueStore.kt:23)
	at maestro.cli.db.KeyValueStore.withFileLock(KeyValueStore.kt:62)
	at maestro.cli.db.KeyValueStore.set(KeyValueStore.kt:20)
	at maestro.cli.session.SessionStore.heartbeat(SessionStore.kt:12)
	at maestro.cli.session.MaestroSessionManager.newSession$lambda$0(MaestroSessionManager.kt:98)
	at java.base/java.util.concurrent.Executors$RunnableAdapter.call(Executors.java:545)
	at java.base/java.util.concurrent.FutureTask.runAndReset(FutureTask.java:371)
	at java.base/java.util.concurrent.ScheduledThreadPoolExecutor$ScheduledFutureTask.run(ScheduledThreadPoolExecutor.java:310)
	at java.base/java.util.concurrent.ThreadPoolExecutor.runWorker(ThreadPoolExecutor.java:1090)
	at java.base/java.util.concurrent.ThreadPoolExecutor$Worker.run(ThreadPoolExecutor.java:614)
	at java.base/java.lang.Thread.run(Thread.java:1516)
14:02:34.864 [ INFO] maestro.orchestra.Orchestra.executeSubflowCommands: [Command execution subflow] CommandSkipped: null
14:02:34.864 [ INFO] maestro.cli.runner.MaestroCommandRunner.runCommands$lambda$8: Run flow when "Ok" is visible SKIPPED
14:02:34.864 [ INFO] maestro.cli.runner.MaestroCommandRunner.runCommands$lambda$0: Run flow when "Marketplace Day" is visible RUNNING
14:02:34.866 [ INFO] maestro.cli.runner.MaestroCommandRunner.runCommands$lambda$11: Run flow when "Marketplace Day" is visible metadata CommandMetadata(numberOfRuns=null, evaluatedCommand=MaestroCommand(runFlowCommand=RunFlowCommand(commands=[MaestroCommand(backPressCommand=BackPressCommand()), MaestroCommand(waitForAnimationToEndCommand=WaitForAnimationToEndCommand(timeout=3000, label=null, optional=false))], condition=Condition(platform=null, visible=ElementSelector(textRegex=Marketplace Day, idRegex=null, size=null, below=null, above=null, leftOf=null, rightOf=null, containsChild=null, containsDescendants=null, traits=null, index=null, enabled=null, optional=false, selected=null, checked=null, focused=null, childOf=null, css=null), notVisible=null, scriptCondition=null, label=null), sourceDescription=null, config=null, label=null, optional=false)), logMessages=[], insight=Insight(message=, level=NONE), aiReasoning=null, labeledCommand=null)
14:02:35.130 [ INFO] maestro.orchestra.Orchestra.executeSubflowCommands: [Command execution subflow] CommandSkipped: null
14:02:35.130 [ INFO] maestro.cli.runner.MaestroCommandRunner.runCommands$lambda$8: Run flow when "Marketplace Day" is visible SKIPPED
14:02:35.131 [ INFO] maestro.cli.runner.MaestroCommandRunner.runCommands$lambda$0: Run flow when "Start comparing properties" is visible RUNNING
14:02:35.131 [ INFO] maestro.cli.runner.MaestroCommandRunner.runCommands$lambda$11: Run flow when "Start comparing properties" is visible metadata CommandMetadata(numberOfRuns=null, evaluatedCommand=MaestroCommand(runFlowCommand=RunFlowCommand(commands=[MaestroCommand(backPressCommand=BackPressCommand()), MaestroCommand(waitForAnimationToEndCommand=WaitForAnimationToEndCommand(timeout=3000, label=null, optional=false))], condition=Condition(platform=null, visible=ElementSelector(textRegex=Start comparing properties, idRegex=null, size=null, below=null, above=null, leftOf=null, rightOf=null, containsChild=null, containsDescendants=null, traits=null, index=null, enabled=null, optional=false, selected=null, checked=null, focused=null, childOf=null, css=null), notVisible=null, scriptCondition=null, label=null), sourceDescription=null, config=null, label=null, optional=false)), logMessages=[], insight=Insight(message=, level=NONE), aiReasoning=null, labeledCommand=null)
14:02:35.410 [ INFO] maestro.orchestra.Orchestra.executeSubflowCommands: [Command execution subflow] CommandSkipped: null
14:02:35.410 [ INFO] maestro.cli.runner.MaestroCommandRunner.runCommands$lambda$8: Run flow when "Start comparing properties" is visible SKIPPED
14:02:35.410 [ INFO] maestro.cli.runner.MaestroCommandRunner.runCommands$lambda$0: Run flow when "Go to the weekly (offer|deal)" is visible RUNNING
14:02:35.411 [ INFO] maestro.cli.runner.MaestroCommandRunner.runCommands$lambda$11: Run flow when "Go to the weekly (offer|deal)" is visible metadata CommandMetadata(numberOfRuns=null, evaluatedCommand=MaestroCommand(runFlowCommand=RunFlowCommand(commands=[MaestroCommand(backPressCommand=BackPressCommand()), MaestroCommand(waitForAnimationToEndCommand=WaitForAnimationToEndCommand(timeout=3000, label=null, optional=false))], condition=Condition(platform=null, visible=ElementSelector(textRegex=Go to the weekly (offer|deal), idRegex=null, size=null, below=null, above=null, leftOf=null, rightOf=null, containsChild=null, containsDescendants=null, traits=null, index=null, enabled=null, optional=false, selected=null, checked=null, focused=null, childOf=null, css=null), notVisible=null, scriptCondition=null, label=null), sourceDescription=null, config=null, label=null, optional=false)), logMessages=[], insight=Insight(message=, level=NONE), aiReasoning=null, labeledCommand=null)
14:02:35.792 [ INFO] maestro.orchestra.Orchestra.executeSubflowCommands: [Command execution subflow] CommandSkipped: null
14:02:35.792 [ INFO] maestro.cli.runner.MaestroCommandRunner.runCommands$lambda$8: Run flow when "Go to the weekly (offer|deal)" is visible SKIPPED
14:02:35.793 [ INFO] maestro.cli.runner.MaestroCommandRunner.runCommands$lambda$0: Run flow when "Update email" is visible RUNNING
14:02:35.794 [ INFO] maestro.cli.runner.MaestroCommandRunner.runCommands$lambda$11: Run flow when "Update email" is visible metadata CommandMetadata(numberOfRuns=null, evaluatedCommand=MaestroCommand(runFlowCommand=RunFlowCommand(commands=[MaestroCommand(backPressCommand=BackPressCommand()), MaestroCommand(waitForAnimationToEndCommand=WaitForAnimationToEndCommand(timeout=3000, label=null, optional=false))], condition=Condition(platform=null, visible=ElementSelector(textRegex=Update email, idRegex=null, size=null, below=null, above=null, leftOf=null, rightOf=null, containsChild=null, containsDescendants=null, traits=null, index=null, enabled=null, optional=false, selected=null, checked=null, focused=null, childOf=null, css=null), notVisible=null, scriptCondition=null, label=null), sourceDescription=null, config=null, label=null, optional=false)), logMessages=[], insight=Insight(message=, level=NONE), aiReasoning=null, labeledCommand=null)
14:02:36.190 [ INFO] maestro.orchestra.Orchestra.executeSubflowCommands: [Command execution subflow] CommandSkipped: null
14:02:36.190 [ INFO] maestro.cli.runner.MaestroCommandRunner.runCommands$lambda$8: Run flow when "Update email" is visible SKIPPED
14:02:36.191 [ INFO] maestro.cli.runner.MaestroCommandRunner.runCommands$lambda$0: Run flow when "Number and Email Already Linked" is visible RUNNING
14:02:36.193 [ INFO] maestro.cli.runner.MaestroCommandRunner.runCommands$lambda$11: Run flow when "Number and Email Already Linked" is visible metadata CommandMetadata(numberOfRuns=null, evaluatedCommand=MaestroCommand(runFlowCommand=RunFlowCommand(commands=[MaestroCommand(tapOnPointV2Command=TapOnPointV2Command(point=7%,9%, retryIfNoChange=false, longPress=false, repeat=null, waitToSettleTimeoutMs=null, label=null, optional=false)), MaestroCommand(waitForAnimationToEndCommand=WaitForAnimationToEndCommand(timeout=4000, label=null, optional=false))], condition=Condition(platform=null, visible=ElementSelector(textRegex=Number and Email Already Linked, idRegex=null, size=null, below=null, above=null, leftOf=null, rightOf=null, containsChild=null, containsDescendants=null, traits=null, index=null, enabled=null, optional=false, selected=null, checked=null, focused=null, childOf=null, css=null), notVisible=null, scriptCondition=null, label=null), sourceDescription=null, config=null, label=null, optional=false)), logMessages=[], insight=Insight(message=, level=NONE), aiReasoning=null, labeledCommand=null)
14:02:36.591 [ INFO] maestro.orchestra.Orchestra.executeSubflowCommands: [Command execution subflow] CommandSkipped: null
14:02:36.591 [ INFO] maestro.cli.runner.MaestroCommandRunner.runCommands$lambda$8: Run flow when "Number and Email Already Linked" is visible SKIPPED
14:02:36.592 [ INFO] maestro.cli.runner.MaestroCommandRunner.runCommands$lambda$0: Run flow when "(?s).*would you recommend benefiting from Sakani.*" is visible RUNNING
14:02:36.593 [ INFO] maestro.cli.runner.MaestroCommandRunner.runCommands$lambda$11: Run flow when "(?s).*would you recommend benefiting from Sakani.*" is visible metadata CommandMetadata(numberOfRuns=null, evaluatedCommand=MaestroCommand(runFlowCommand=RunFlowCommand(commands=[MaestroCommand(runFlowCommand=RunFlowCommand(commands=[MaestroCommand(swipeCommand=SwipeCommand(direction=null, startPoint=null, endPoint=null, elementSelector=null, startRelative=50%,58%, endRelative=50%,99%, duration=400, waitToSettleTimeoutMs=null, relativePoint=null, label=null, optional=false)), MaestroCommand(waitForAnimationToEndCommand=WaitForAnimationToEndCommand(timeout=4000, label=null, optional=false))], condition=Condition(platform=null, visible=null, notVisible=ElementSelector(textRegex=(?s)(.*There.s something wrong.*|.*the service is down.*|Error!), idRegex=null, size=null, below=null, above=null, leftOf=null, rightOf=null, containsChild=null, containsDescendants=null, traits=null, index=null, enabled=null, optional=false, selected=null, checked=null, focused=null, childOf=null, css=null), scriptCondition=null, label=null), sourceDescription=null, config=null, label=null, optional=false))], condition=Condition(platform=null, visible=ElementSelector(textRegex=(?s).*would you recommend benefiting from Sakani.*, idRegex=null, size=null, below=null, above=null, leftOf=null, rightOf=null, containsChild=null, containsDescendants=null, traits=null, index=null, enabled=null, optional=false, selected=null, checked=null, focused=null, childOf=null, css=null), notVisible=null, scriptCondition=null, label=null), sourceDescription=null, config=null, label=null, optional=false)), logMessages=[], insight=Insight(message=, level=NONE), aiReasoning=null, labeledCommand=null)
14:02:36.924 [ INFO] maestro.orchestra.Orchestra.executeSubflowCommands: [Command execution subflow] CommandSkipped: null
14:02:36.924 [ INFO] maestro.cli.runner.MaestroCommandRunner.runCommands$lambda$8: Run flow when "(?s).*would you recommend benefiting from Sakani.*" is visible SKIPPED
14:02:36.925 [ INFO] maestro.cli.runner.MaestroCommandRunner.runCommands$lambda$0: Run flow when "Maybe Later" is visible RUNNING
14:02:36.925 [ INFO] maestro.cli.runner.MaestroCommandRunner.runCommands$lambda$11: Run flow when "Maybe Later" is visible metadata CommandMetadata(numberOfRuns=null, evaluatedCommand=MaestroCommand(runFlowCommand=RunFlowCommand(commands=[MaestroCommand(tapOnElementCommand=TapOnElementCommand(selector=ElementSelector(textRegex=Maybe Later, idRegex=null, size=null, below=null, above=null, leftOf=null, rightOf=null, containsChild=null, containsDescendants=null, traits=null, index=null, enabled=null, optional=false, selected=null, checked=null, focused=null, childOf=null, css=null), retryIfNoChange=false, waitUntilVisible=false, longPress=false, repeat=null, waitToSettleTimeoutMs=null, relativePoint=null, label=null, optional=false)), MaestroCommand(waitForAnimationToEndCommand=WaitForAnimationToEndCommand(timeout=3000, label=null, optional=false))], condition=Condition(platform=null, visible=ElementSelector(textRegex=Maybe Later, idRegex=null, size=null, below=null, above=null, leftOf=null, rightOf=null, containsChild=null, containsDescendants=null, traits=null, index=null, enabled=null, optional=false, selected=null, checked=null, focused=null, childOf=null, css=null), notVisible=null, scriptCondition=null, label=null), sourceDescription=null, config=null, label=null, optional=false)), logMessages=[], insight=Insight(message=, level=NONE), aiReasoning=null, labeledCommand=null)
14:02:37.209 [ INFO] maestro.orchestra.Orchestra.executeSubflowCommands: [Command execution subflow] CommandSkipped: null
14:02:37.210 [ INFO] maestro.cli.runner.MaestroCommandRunner.runCommands$lambda$8: Run flow when "Maybe Later" is visible SKIPPED
14:02:37.210 [ INFO] maestro.cli.runner.MaestroCommandRunner.runCommands$lambda$0: Run flow when "Reject cookies" is visible RUNNING
14:02:37.210 [ INFO] maestro.cli.runner.MaestroCommandRunner.runCommands$lambda$11: Run flow when "Reject cookies" is visible metadata CommandMetadata(numberOfRuns=null, evaluatedCommand=MaestroCommand(runFlowCommand=RunFlowCommand(commands=[MaestroCommand(tapOnElementCommand=TapOnElementCommand(selector=ElementSelector(textRegex=Reject cookies, idRegex=null, size=null, below=null, above=null, leftOf=null, rightOf=null, containsChild=null, containsDescendants=null, traits=null, index=null, enabled=null, optional=false, selected=null, checked=null, focused=null, childOf=null, css=null), retryIfNoChange=false, waitUntilVisible=false, longPress=false, repeat=null, waitToSettleTimeoutMs=null, relativePoint=null, label=null, optional=false)), MaestroCommand(waitForAnimationToEndCommand=WaitForAnimationToEndCommand(timeout=4000, label=null, optional=false))], condition=Condition(platform=null, visible=ElementSelector(textRegex=Reject cookies, idRegex=null, size=null, below=null, above=null, leftOf=null, rightOf=null, containsChild=null, containsDescendants=null, traits=null, index=null, enabled=null, optional=false, selected=null, checked=null, focused=null, childOf=null, css=null), notVisible=null, scriptCondition=null, label=null), sourceDescription=null, config=null, label=null, optional=false)), logMessages=[], insight=Insight(message=, level=NONE), aiReasoning=null, labeledCommand=null)
14:02:37.559 [ INFO] maestro.orchestra.Orchestra.executeSubflowCommands: [Command execution subflow] CommandSkipped: null
14:02:37.559 [ INFO] maestro.cli.runner.MaestroCommandRunner.runCommands$lambda$8: Run flow when "Reject cookies" is visible SKIPPED
14:02:37.559 [ INFO] maestro.cli.runner.MaestroCommandRunner.runCommands$lambda$0: Run flow when "${ANCHOR}" is not visible RUNNING
14:02:37.562 [ INFO] maestro.cli.runner.MaestroCommandRunner.runCommands$lambda$11: Run flow when "${ANCHOR}" is not visible metadata CommandMetadata(numberOfRuns=null, evaluatedCommand=MaestroCommand(runFlowCommand=RunFlowCommand(commands=[MaestroCommand(waitForAnimationToEndCommand=WaitForAnimationToEndCommand(timeout=5000, label=null, optional=false))], condition=Condition(platform=null, visible=null, notVisible=ElementSelector(textRegex=Profile details, idRegex=null, size=null, below=null, above=null, leftOf=null, rightOf=null, containsChild=null, containsDescendants=null, traits=null, index=null, enabled=null, optional=false, selected=null, checked=null, focused=null, childOf=null, css=null), scriptCondition=null, label=null), sourceDescription=null, config=null, label=null, optional=false)), logMessages=[], insight=Insight(message=, level=NONE), aiReasoning=null, labeledCommand=null)
14:02:37.725 [ INFO] maestro.orchestra.Orchestra.executeSubflowCommands: [Command execution subflow] CommandSkipped: null
14:02:37.725 [ INFO] maestro.cli.runner.MaestroCommandRunner.runCommands$lambda$8: Run flow when "${ANCHOR}" is not visible SKIPPED
14:02:37.726 [ INFO] maestro.cli.runner.MaestroCommandRunner.runCommands$lambda$11: Repeat while "${ANCHOR}" is not visible (up to 20 times) metadata CommandMetadata(numberOfRuns=1, evaluatedCommand=MaestroCommand(repeatCommand=RepeatCommand(times=20, condition=Condition(platform=null, visible=null, notVisible=ElementSelector(textRegex=${ANCHOR}, idRegex=null, size=null, below=null, above=null, leftOf=null, rightOf=null, containsChild=null, containsDescendants=null, traits=null, index=null, enabled=null, optional=false, selected=null, checked=null, focused=null, childOf=null, css=null), scriptCondition=null, label=null), commands=[MaestroCommand(runFlowCommand=RunFlowCommand(commands=[MaestroCommand(tapOnElementCommand=TapOnElementCommand(selector=ElementSelector(textRegex=Don.t allow, idRegex=null, size=null, below=null, above=null, leftOf=null, rightOf=null, containsChild=null, containsDescendants=null, traits=null, index=null, enabled=null, optional=false, selected=null, checked=null, focused=null, childOf=null, css=null), retryIfNoChange=false, waitUntilVisible=false, longPress=false, repeat=null, waitToSettleTimeoutMs=null, relativePoint=null, label=null, optional=false)), MaestroCommand(waitForAnimationToEndCommand=WaitForAnimationToEndCommand(timeout=3000, label=null, optional=false))], condition=Condition(platform=null, visible=ElementSelector(textRegex=Don.t allow, idRegex=null, size=null, below=null, above=null, leftOf=null, rightOf=null, containsChild=null, containsDescendants=null, traits=null, index=null, enabled=null, optional=false, selected=null, checked=null, focused=null, childOf=null, css=null), notVisible=null, scriptCondition=null, label=null), sourceDescription=null, config=null, label=null, optional=false)), MaestroCommand(runFlowCommand=RunFlowCommand(commands=[MaestroCommand(tapOnElementCommand=TapOnElementCommand(selector=ElementSelector(textRegex=Skip, idRegex=null, size=null, below=null, above=null, leftOf=null, rightOf=null, containsChild=null, containsDescendants=null, traits=null, index=null, enabled=null, optional=false, selected=null, checked=null, focused=null, childOf=null, css=null), retryIfNoChange=false, waitUntilVisible=false, longPress=false, repeat=null, waitToSettleTimeoutMs=null, relativePoint=null, label=null, optional=false)), MaestroCommand(waitForAnimationToEndCommand=WaitForAnimationToEndCommand(timeout=3000, label=null, optional=false))], condition=Condition(platform=null, visible=ElementSelector(textRegex=Skip, idRegex=null, size=null, below=null, above=null, leftOf=null, rightOf=null, containsChild=null, containsDescendants=null, traits=null, index=null, enabled=null, optional=false, selected=null, checked=null, focused=null, childOf=null, css=null), notVisible=null, scriptCondition=null, label=null), sourceDescription=null, config=null, label=null, optional=false)), MaestroCommand(runFlowCommand=RunFlowCommand(commands=[MaestroCommand(tapOnElementCommand=TapOnElementCommand(selector=ElementSelector(textRegex=Dismiss, idRegex=null, size=null, below=null, above=null, leftOf=null, rightOf=null, containsChild=null, containsDescendants=null, traits=null, index=null, enabled=null, optional=false, selected=null, checked=null, focused=null, childOf=null, css=null), retryIfNoChange=false, waitUntilVisible=false, longPress=false, repeat=null, waitToSettleTimeoutMs=null, relativePoint=null, label=null, optional=false)), MaestroCommand(waitForAnimationToEndCommand=WaitForAnimationToEndCommand(timeout=3000, label=null, optional=false))], condition=Condition(platform=null, visible=ElementSelector(textRegex=Dismiss, idRegex=null, size=null, below=null, above=null, leftOf=null, rightOf=null, containsChild=null, containsDescendants=null, traits=null, index=null, enabled=null, optional=false, selected=null, checked=null, focused=null, childOf=null, css=null), notVisible=null, scriptCondition=null, label=null), sourceDescription=null, config=null, label=null, optional=false)), MaestroCommand(runFlowCommand=RunFlowCommand(commands=[MaestroCommand(runFlowCommand=RunFlowCommand(commands=[MaestroCommand(evalScriptCommand=EvalScriptCommand(scriptString=${console.log('CLEAR-OVERLAYS OK-HANDLER: dismissing the ERROR dialog (there is something wrong / please try again later). If this line sits after a reservation, payment or signature step, the business outcome MUST be re-read from the product records before the run is called green.')}, label=null, optional=false))], condition=Condition(platform=null, visible=ElementSelector(textRegex=There's something wrong. Please try again later!, idRegex=null, size=null, below=null, above=null, leftOf=null, rightOf=null, containsChild=null, containsDescendants=null, traits=null, index=null, enabled=null, optional=false, selected=null, checked=null, focused=null, childOf=null, css=null), notVisible=null, scriptCondition=null, label=null), sourceDescription=null, config=null, label=null, optional=false)), MaestroCommand(evalScriptCommand=EvalScriptCommand(scriptString=${console.log('CLEAR-OVERLAYS OK-HANDLER: tapping Ok')}, label=null, optional=false)), MaestroCommand(tapOnElementCommand=TapOnElementCommand(selector=ElementSelector(textRegex=Ok, idRegex=null, size=null, below=null, above=null, leftOf=null, rightOf=null, containsChild=null, containsDescendants=null, traits=null, index=null, enabled=null, optional=false, selected=null, checked=null, focused=null, childOf=null, css=null), retryIfNoChange=false, waitUntilVisible=false, longPress=false, repeat=null, waitToSettleTimeoutMs=null, relativePoint=null, label=null, optional=false)), MaestroCommand(waitForAnimationToEndCommand=WaitForAnimationToEndCommand(timeout=3000, label=null, optional=false))], condition=Condition(platform=null, visible=ElementSelector(textRegex=Ok, idRegex=null, size=null, below=null, above=null, leftOf=null, rightOf=null, containsChild=null, containsDescendants=null, traits=null, index=null, enabled=null, optional=false, selected=null, checked=null, focused=null, childOf=null, css=null), notVisible=null, scriptCondition=null, label=null), sourceDescription=null, config=null, label=null, optional=false)), MaestroCommand(runFlowCommand=RunFlowCommand(commands=[MaestroCommand(backPressCommand=BackPressCommand()), MaestroCommand(waitForAnimationToEndCommand=WaitForAnimationToEndCommand(timeout=3000, label=null, optional=false))], condition=Condition(platform=null, visible=ElementSelector(textRegex=Marketplace Day, idRegex=null, size=null, below=null, above=null, leftOf=null, rightOf=null, containsChild=null, containsDescendants=null, traits=null, index=null, enabled=null, optional=false, selected=null, checked=null, focused=null, childOf=null, css=null), notVisible=null, scriptCondition=null, label=null), sourceDescription=null, config=null, label=null, optional=false)), MaestroCommand(runFlowCommand=RunFlowCommand(commands=[MaestroCommand(backPressCommand=BackPressCommand()), MaestroCommand(waitForAnimationToEndCommand=WaitForAnimationToEndCommand(timeout=3000, label=null, optional=false))], condition=Condition(platform=null, visible=ElementSelector(textRegex=Start comparing properties, idRegex=null, size=null, below=null, above=null, leftOf=null, rightOf=null, containsChild=null, containsDescendants=null, traits=null, index=null, enabled=null, optional=false, selected=null, checked=null, focused=null, childOf=null, css=null), notVisible=null, scriptCondition=null, label=null), sourceDescription=null, config=null, label=null, optional=false)), MaestroCommand(runFlowCommand=RunFlowCommand(commands=[MaestroCommand(backPressCommand=BackPressCommand()), MaestroCommand(waitForAnimationToEndCommand=WaitForAnimationToEndCommand(timeout=3000, label=null, optional=false))], condition=Condition(platform=null, visible=ElementSelector(textRegex=Go to the weekly (offer|deal), idRegex=null, size=null, below=null, above=null, leftOf=null, rightOf=null, containsChild=null, containsDescendants=null, traits=null, index=null, enabled=null, optional=false, selected=null, checked=null, focused=null, childOf=null, css=null), notVisible=null, scriptCondition=null, label=null), sourceDescription=null, config=null, label=null, optional=false)), MaestroCommand(runFlowCommand=RunFlowCommand(commands=[MaestroCommand(backPressCommand=BackPressCommand()), MaestroCommand(waitForAnimationToEndCommand=WaitForAnimationToEndCommand(timeout=3000, label=null, optional=false))], condition=Condition(platform=null, visible=ElementSelector(textRegex=Update email, idRegex=null, size=null, below=null, above=null, leftOf=null, rightOf=null, containsChild=null, containsDescendants=null, traits=null, index=null, enabled=null, optional=false, selected=null, checked=null, focused=null, childOf=null, css=null), notVisible=null, scriptCondition=null, label=null), sourceDescription=null, config=null, label=null, optional=false)), MaestroCommand(runFlowCommand=RunFlowCommand(commands=[MaestroCommand(tapOnPointV2Command=TapOnPointV2Command(point=7%,9%, retryIfNoChange=false, longPress=false, repeat=null, waitToSettleTimeoutMs=null, label=null, optional=false)), MaestroCommand(waitForAnimationToEndCommand=WaitForAnimationToEndCommand(timeout=4000, label=null, optional=false))], condition=Condition(platform=null, visible=ElementSelector(textRegex=Number and Email Already Linked, idRegex=null, size=null, below=null, above=null, leftOf=null, rightOf=null, containsChild=null, containsDescendants=null, traits=null, index=null, enabled=null, optional=false, selected=null, checked=null, focused=null, childOf=null, css=null), notVisible=null, scriptCondition=null, label=null), sourceDescription=null, config=null, label=null, optional=false)), MaestroCommand(runFlowCommand=RunFlowCommand(commands=[MaestroCommand(runFlowCommand=RunFlowCommand(commands=[MaestroCommand(swipeCommand=SwipeCommand(direction=null, startPoint=null, endPoint=null, elementSelector=null, startRelative=50%,58%, endRelative=50%,99%, duration=400, waitToSettleTimeoutMs=null, relativePoint=null, label=null, optional=false)), MaestroCommand(waitForAnimationToEndCommand=WaitForAnimationToEndCommand(timeout=4000, label=null, optional=false))], condition=Condition(platform=null, visible=null, notVisible=ElementSelector(textRegex=(?s)(.*There.s something wrong.*|.*the service is down.*|Error!), idRegex=null, size=null, below=null, above=null, leftOf=null, rightOf=null, containsChild=null, containsDescendants=null, traits=null, index=null, enabled=null, optional=false, selected=null, checked=null, focused=null, childOf=null, css=null), scriptCondition=null, label=null), sourceDescription=null, config=null, label=null, optional=false))], condition=Condition(platform=null, visible=ElementSelector(textRegex=(?s).*would you recommend benefiting from Sakani.*, idRegex=null, size=null, below=null, above=null, leftOf=null, rightOf=null, containsChild=null, containsDescendants=null, traits=null, index=null, enabled=null, optional=false, selected=null, checked=null, focused=null, childOf=null, css=null), notVisible=null, scriptCondition=null, label=null), sourceDescription=null, config=null, label=null, optional=false)), MaestroCommand(runFlowCommand=RunFlowCommand(commands=[MaestroCommand(tapOnElementCommand=TapOnElementCommand(selector=ElementSelector(textRegex=Maybe Later, idRegex=null, size=null, below=null, above=null, leftOf=null, rightOf=null, containsChild=null, containsDescendants=null, traits=null, index=null, enabled=null, optional=false, selected=null, checked=null, focused=null, childOf=null, css=null), retryIfNoChange=false, waitUntilVisible=false, longPress=false, repeat=null, waitToSettleTimeoutMs=null, relativePoint=null, label=null, optional=false)), MaestroCommand(waitForAnimationToEndCommand=WaitForAnimationToEndCommand(timeout=3000, label=null, optional=false))], condition=Condition(platform=null, visible=ElementSelector(textRegex=Maybe Later, idRegex=null, size=null, below=null, above=null, leftOf=null, rightOf=null, containsChild=null, containsDescendants=null, traits=null, index=null, enabled=null, optional=false, selected=null, checked=null, focused=null, childOf=null, css=null), notVisible=null, scriptCondition=null, label=null), sourceDescription=null, config=null, label=null, optional=false)), MaestroCommand(runFlowCommand=RunFlowCommand(commands=[MaestroCommand(tapOnElementCommand=TapOnElementCommand(selector=ElementSelector(textRegex=Reject cookies, idRegex=null, size=null, below=null, above=null, leftOf=null, rightOf=null, containsChild=null, containsDescendants=null, traits=null, index=null, enabled=null, optional=false, selected=null, checked=null, focused=null, childOf=null, css=null), retryIfNoChange=false, waitUntilVisible=false, longPress=false, repeat=null, waitToSettleTimeoutMs=null, relativePoint=null, label=null, optional=false)), MaestroCommand(waitForAnimationToEndCommand=WaitForAnimationToEndCommand(timeout=4000, label=null, optional=false))], condition=Condition(platform=null, visible=ElementSelector(textRegex=Reject cookies, idRegex=null, size=null, below=null, above=null, leftOf=null, rightOf=null, containsChild=null, containsDescendants=null, traits=null, index=null, enabled=null, optional=false, selected=null, checked=null, focused=null, childOf=null, css=null), notVisible=null, scriptCondition=null, label=null), sourceDescription=null, config=null, label=null, optional=false)), MaestroCommand(runFlowCommand=RunFlowCommand(commands=[MaestroCommand(waitForAnimationToEndCommand=WaitForAnimationToEndCommand(timeout=5000, label=null, optional=false))], condition=Condition(platform=null, visible=null, notVisible=ElementSelector(textRegex=${ANCHOR}, idRegex=null, size=null, below=null, above=null, leftOf=null, rightOf=null, containsChild=null, containsDescendants=null, traits=null, index=null, enabled=null, optional=false, selected=null, checked=null, focused=null, childOf=null, css=null), scriptCondition=null, label=null), sourceDescription=null, config=null, label=null, optional=false))], label=null, optional=false)), logMessages=[], insight=Insight(message=, level=NONE), aiReasoning=null, labeledCommand=null)
14:02:37.893 [ INFO] maestro.cli.runner.MaestroCommandRunner.runCommands$lambda$2: Repeat while "${ANCHOR}" is not visible (up to 20 times) COMPLETED
14:02:37.893 [ INFO] maestro.cli.runner.MaestroCommandRunner.runCommands$lambda$0: Repeat while "(?s).*would you recommend benefiting from Sakani.*" is visible (up to 3 times) RUNNING
14:02:37.894 [ INFO] maestro.cli.runner.MaestroCommandRunner.runCommands$lambda$11: Repeat while "(?s).*would you recommend benefiting from Sakani.*" is visible (up to 3 times) metadata CommandMetadata(numberOfRuns=null, evaluatedCommand=MaestroCommand(repeatCommand=RepeatCommand(times=3, condition=Condition(platform=null, visible=ElementSelector(textRegex=(?s).*would you recommend benefiting from Sakani.*, idRegex=null, size=null, below=null, above=null, leftOf=null, rightOf=null, containsChild=null, containsDescendants=null, traits=null, index=null, enabled=null, optional=false, selected=null, checked=null, focused=null, childOf=null, css=null), notVisible=null, scriptCondition=null, label=null), commands=[MaestroCommand(runFlowCommand=RunFlowCommand(commands=[MaestroCommand(swipeCommand=SwipeCommand(direction=null, startPoint=null, endPoint=null, elementSelector=null, startRelative=50%,58%, endRelative=50%,99%, duration=400, waitToSettleTimeoutMs=null, relativePoint=null, label=null, optional=false)), MaestroCommand(waitForAnimationToEndCommand=WaitForAnimationToEndCommand(timeout=4000, label=null, optional=false))], condition=Condition(platform=null, visible=null, notVisible=ElementSelector(textRegex=(?s)(.*There.s something wrong.*|.*the service is down.*|Error!), idRegex=null, size=null, below=null, above=null, leftOf=null, rightOf=null, containsChild=null, containsDescendants=null, traits=null, index=null, enabled=null, optional=false, selected=null, checked=null, focused=null, childOf=null, css=null), scriptCondition=null, label=null), sourceDescription=null, config=null, label=null, optional=false))], label=null, optional=false)), logMessages=[], insight=Insight(message=, level=NONE), aiReasoning=null, labeledCommand=null)
14:02:38.139 [ INFO] maestro.orchestra.Orchestra.executeSubflowCommands: [Command execution subflow] CommandSkipped: null
14:02:38.139 [ INFO] maestro.cli.runner.MaestroCommandRunner.runCommands$lambda$8: Repeat while "(?s).*would you recommend benefiting from Sakani.*" is visible (up to 3 times) SKIPPED
14:02:38.140 [ INFO] maestro.cli.runner.MaestroCommandRunner.runCommands$lambda$0: Assert that "(?s).*would you recommend benefiting from Sakani.*" is not visible RUNNING
14:02:38.140 [ INFO] maestro.cli.runner.MaestroCommandRunner.runCommands$lambda$11: Assert that "(?s).*would you recommend benefiting from Sakani.*" is not visible metadata CommandMetadata(numberOfRuns=null, evaluatedCommand=MaestroCommand(assertConditionCommand=AssertConditionCommand(condition=Condition(platform=null, visible=null, notVisible=ElementSelector(textRegex=(?s).*would you recommend benefiting from Sakani.*, idRegex=null, size=null, below=null, above=null, leftOf=null, rightOf=null, containsChild=null, containsDescendants=null, traits=null, index=null, enabled=null, optional=false, selected=null, checked=null, focused=null, childOf=null, css=null), scriptCondition=null, label=null), timeout=null, label=null, optional=false)), logMessages=[], insight=Insight(message=, level=NONE), aiReasoning=null, labeledCommand=null)
14:02:38.872 [ INFO] maestro.cli.runner.MaestroCommandRunner.runCommands$lambda$2: Assert that "(?s).*would you recommend benefiting from Sakani.*" is not visible COMPLETED
14:02:38.873 [ INFO] maestro.cli.runner.MaestroCommandRunner.runCommands$lambda$0: Run flow when ${output.anchorOptional !== true} is true RUNNING
14:02:38.877 [ INFO] maestro.cli.runner.MaestroCommandRunner.runCommands$lambda$11: Run flow when ${output.anchorOptional !== true} is true metadata CommandMetadata(numberOfRuns=null, evaluatedCommand=MaestroCommand(runFlowCommand=RunFlowCommand(commands=[MaestroCommand(assertConditionCommand=AssertConditionCommand(condition=Condition(platform=null, visible=ElementSelector(textRegex=${ANCHOR}, idRegex=null, size=null, below=null, above=null, leftOf=null, rightOf=null, containsChild=null, containsDescendants=null, traits=null, index=null, enabled=null, optional=false, selected=null, checked=null, focused=null, childOf=null, css=null), notVisible=null, scriptCondition=null, label=null), timeout=120000, label=null, optional=false))], condition=Condition(platform=null, visible=null, notVisible=null, scriptCondition=true, label=null), sourceDescription=null, config=null, label=null, optional=false)), logMessages=[], insight=Insight(message=, level=NONE), aiReasoning=null, labeledCommand=null)
14:02:38.878 [ INFO] maestro.cli.runner.MaestroCommandRunner.runCommands$lambda$0: Assert that "${ANCHOR}" is visible RUNNING
14:02:38.882 [ INFO] maestro.cli.runner.MaestroCommandRunner.runCommands$lambda$11: Assert that "${ANCHOR}" is visible metadata CommandMetadata(numberOfRuns=null, evaluatedCommand=MaestroCommand(assertConditionCommand=AssertConditionCommand(condition=Condition(platform=null, visible=ElementSelector(textRegex=Profile details, idRegex=null, size=null, below=null, above=null, leftOf=null, rightOf=null, containsChild=null, containsDescendants=null, traits=null, index=null, enabled=null, optional=false, selected=null, checked=null, focused=null, childOf=null, css=null), notVisible=null, scriptCondition=null, label=null), timeout=120000, label=null, optional=false)), logMessages=[], insight=Insight(message=, level=NONE), aiReasoning=null, labeledCommand=null)
14:02:39.024 [ INFO] maestro.cli.runner.MaestroCommandRunner.runCommands$lambda$2: Assert that "${ANCHOR}" is visible COMPLETED
14:02:39.024 [ INFO] maestro.cli.runner.MaestroCommandRunner.runCommands$lambda$2: Run flow when ${output.anchorOptional !== true} is true COMPLETED
14:02:39.025 [ INFO] maestro.cli.runner.MaestroCommandRunner.runCommands$lambda$2: Run subflows/clear-overlays.yaml COMPLETED
14:02:39.025 [ INFO] maestro.cli.runner.MaestroCommandRunner.runCommands$lambda$0: Tap on "Profile details" RUNNING
14:02:39.025 [ INFO] maestro.cli.runner.MaestroCommandRunner.runCommands$lambda$11: Tap on "Profile details" metadata CommandMetadata(numberOfRuns=null, evaluatedCommand=MaestroCommand(tapOnElementCommand=TapOnElementCommand(selector=ElementSelector(textRegex=Profile details, idRegex=null, size=null, below=null, above=null, leftOf=null, rightOf=null, containsChild=null, containsDescendants=null, traits=null, index=null, enabled=null, optional=false, selected=null, checked=null, focused=null, childOf=null, css=null), retryIfNoChange=false, waitUntilVisible=false, longPress=false, repeat=null, waitToSettleTimeoutMs=null, relativePoint=null, label=null, optional=false)), logMessages=[], insight=Insight(message=, level=NONE), aiReasoning=null, labeledCommand=null)
14:02:39.192 [ INFO] maestro.Maestro.tap-HgV9Ck0: Tapping on element:  UiElement(treeNode=TreeNode(attributes={text=, accessibilityText=Profile details, hintText=, ignoreBoundsFiltering=false, resource-id=, clickable=true, bounds=[42,696][1038,843], enabled=true, focused=false, checked=false, scrollable=false, selected=false, class=android.view.View, important-for-accessibility=true, error=}, children=[TreeNode(attributes={text=, accessibilityText=, hintText=, ignoreBoundsFiltering=false, resource-id=, clickable=false, bounds=[58,744][110,796], enabled=true, focused=false, checked=false, scrollable=false, selected=false, class=android.widget.ImageView, important-for-accessibility=false, error=}, children=[], clickable=false, enabled=true, focused=false, checked=false, selected=false), TreeNode(attributes={text=, accessibilityText=, hintText=, ignoreBoundsFiltering=false, resource-id=, clickable=false, bounds=[996,752][1017,788], enabled=true, focused=false, checked=false, scrollable=false, selected=false, class=android.widget.ImageView, important-for-accessibility=false, error=}, children=[], clickable=false, enabled=true, focused=false, checked=false, selected=false)], clickable=true, enabled=true, focused=false, checked=false, selected=false), bounds=Bounds(x=42, y=696, width=996, height=147))
14:02:39.576 [ERROR] maestro.cli.session.MaestroSessionManager.newSession$lambda$0: Failed to record heartbeat
java.io.IOException: The process cannot access the file because another process has locked a portion of the file
	at java.base/java.io.FileOutputStream.writeBytes(Native Method)
	at java.base/java.io.FileOutputStream.write(FileOutputStream.java:332)
	at kotlin.io.FilesKt__FileReadWriteKt.writeTextImpl(FileReadWrite.kt:160)
	at kotlin.io.FilesKt__FileReadWriteKt.writeText(FileReadWrite.kt:145)
	at kotlin.io.FilesKt__FileReadWriteKt.writeText$default(FileReadWrite.kt:144)
	at maestro.cli.db.KeyValueStore.commit(KeyValueStore.kt:50)
	at maestro.cli.db.KeyValueStore.set$lambda$3$lambda$2(KeyValueStore.kt:23)
	at maestro.cli.db.KeyValueStore.withFileLock(KeyValueStore.kt:62)
	at maestro.cli.db.KeyValueStore.set(KeyValueStore.kt:20)
	at maestro.cli.session.SessionStore.heartbeat(SessionStore.kt:12)
	at maestro.cli.session.MaestroSessionManager.newSession$lambda$0(MaestroSessionManager.kt:98)
	at java.base/java.util.concurrent.Executors$RunnableAdapter.call(Executors.java:545)
	at java.base/java.util.concurrent.FutureTask.runAndReset(FutureTask.java:371)
	at java.base/java.util.concurrent.ScheduledThreadPoolExecutor$ScheduledFutureTask.run(ScheduledThreadPoolExecutor.java:310)
	at java.base/java.util.concurrent.ThreadPoolExecutor.runWorker(ThreadPoolExecutor.java:1090)
	at java.base/java.util.concurrent.ThreadPoolExecutor$Worker.run(ThreadPoolExecutor.java:614)
	at java.base/java.lang.Thread.run(Thread.java:1516)
14:02:40.486 [ INFO] maestro.Maestro.tap-HgV9Ck0: Tap aimed via settled hierarchy
14:02:40.494 [ INFO] maestro.Maestro.hierarchyBasedTap-ogj28Uc: Tapping at (540, 769) using hierarchy based logic for wait
14:02:42.240 [ INFO] maestro.Maestro.hierarchyBasedTap-ogj28Uc: Something has changed in the UI judging by view hierarchy. Proceed.
14:02:42.241 [ INFO] maestro.cli.runner.MaestroCommandRunner.runCommands$lambda$2: Tap on "Profile details" COMPLETED
14:02:42.241 [ INFO] maestro.cli.runner.MaestroCommandRunner.runCommands$lambda$0: Assert that "Personal Detail(s)?" is visible RUNNING
14:02:42.248 [ INFO] maestro.cli.runner.MaestroCommandRunner.runCommands$lambda$11: Assert that "Personal Detail(s)?" is visible metadata CommandMetadata(numberOfRuns=null, evaluatedCommand=MaestroCommand(assertConditionCommand=AssertConditionCommand(condition=Condition(platform=null, visible=ElementSelector(textRegex=Personal Detail(s)?, idRegex=null, size=null, below=null, above=null, leftOf=null, rightOf=null, containsChild=null, containsDescendants=null, traits=null, index=null, enabled=null, optional=false, selected=null, checked=null, focused=null, childOf=null, css=null), notVisible=null, scriptCondition=null, label=null), timeout=30000, label=null, optional=false)), logMessages=[], insight=Insight(message=, level=NONE), aiReasoning=null, labeledCommand=null)
14:02:42.407 [ INFO] maestro.cli.runner.MaestroCommandRunner.runCommands$lambda$2: Assert that "Personal Detail(s)?" is visible COMPLETED
14:02:42.408 [ INFO] maestro.cli.runner.MaestroCommandRunner.runCommands$lambda$0: Assert that "${NATIONAL_ID}" is visible RUNNING
14:02:42.412 [ INFO] maestro.cli.runner.MaestroCommandRunner.runCommands$lambda$11: Assert that "${NATIONAL_ID}" is visible metadata CommandMetadata(numberOfRuns=null, evaluatedCommand=MaestroCommand(assertConditionCommand=AssertConditionCommand(condition=Condition(platform=null, visible=ElementSelector(textRegex=1000011485, idRegex=null, size=null, below=null, above=null, leftOf=null, rightOf=null, containsChild=null, containsDescendants=null, traits=null, index=null, enabled=null, optional=false, selected=null, checked=null, focused=null, childOf=null, css=null), notVisible=null, scriptCondition=null, label=null), timeout=null, label=null, optional=false)), logMessages=[], insight=Insight(message=, level=NONE), aiReasoning=null, labeledCommand=null)
14:02:42.555 [ INFO] maestro.cli.runner.MaestroCommandRunner.runCommands$lambda$2: Assert that "${NATIONAL_ID}" is visible COMPLETED
14:02:42.556 [ INFO] maestro.cli.runner.MaestroCommandRunner.runCommands$lambda$0: Run ${console.log('PROBE ACC-007b: session confirmed as the requested account')} RUNNING
14:02:42.556 [ INFO] maestro.cli.runner.MaestroCommandRunner.runCommands$lambda$11: Run ${console.log('PROBE ACC-007b: session confirmed as the requested account')} metadata CommandMetadata(numberOfRuns=null, evaluatedCommand=MaestroCommand(evalScriptCommand=EvalScriptCommand(scriptString=${console.log('PROBE ACC-007b: session confirmed as the requested account')}, label=null, optional=false)), logMessages=[], insight=Insight(message=, level=NONE), aiReasoning=null, labeledCommand=null)
14:02:42.561 [ INFO] maestro.cli.runner.MaestroCommandRunner.runCommands$lambda$11: Run ${console.log('PROBE ACC-007b: session confirmed as the requested account')} metadata CommandMetadata(numberOfRuns=null, evaluatedCommand=MaestroCommand(evalScriptCommand=EvalScriptCommand(scriptString=${console.log('PROBE ACC-007b: session confirmed as the requested account')}, label=null, optional=false)), logMessages=[PROBE ACC-007b: session confirmed as the requested account], insight=Insight(message=, level=NONE), aiReasoning=null, labeledCommand=null)
14:02:42.561 [ INFO] maestro.orchestra.Orchestra.executeCommands$lambda$23$lambda$21: JsConsole: PROBE ACC-007b: session confirmed as the requested account
14:02:42.561 [ INFO] maestro.cli.runner.MaestroCommandRunner.runCommands$lambda$2: Run ${console.log('PROBE ACC-007b: session confirmed as the requested account')} COMPLETED
14:02:42.562 [ INFO] maestro.cli.runner.MaestroCommandRunner.runCommands$lambda$0: Press back RUNNING
14:02:42.562 [ INFO] maestro.cli.runner.MaestroCommandRunner.runCommands$lambda$11: Press back metadata CommandMetadata(numberOfRuns=null, evaluatedCommand=MaestroCommand(backPressCommand=BackPressCommand()), logMessages=[], insight=Insight(message=, level=NONE), aiReasoning=null, labeledCommand=null)
14:02:42.563 [ INFO] maestro.Maestro.backPress: Pressing back
14:02:43.864 [ INFO] maestro.cli.runner.MaestroCommandRunner.runCommands$lambda$2: Press back COMPLETED
14:02:43.865 [ INFO] maestro.cli.runner.MaestroCommandRunner.runCommands$lambda$0: Run subflows/clear-overlays.yaml RUNNING
14:02:43.868 [ INFO] maestro.cli.runner.MaestroCommandRunner.runCommands$lambda$11: Run subflows/clear-overlays.yaml metadata CommandMetadata(numberOfRuns=null, evaluatedCommand=MaestroCommand(runFlowCommand=RunFlowCommand(commands=[MaestroCommand(defineVariablesCommand=DefineVariablesCommand(env={ANCHOR=My bookings}, label=null, optional=false)), MaestroCommand(applyConfigurationCommand=ApplyConfigurationCommand(config=MaestroConfig(appId=fi.iwa.sakani, name=Clear first-run and promo overlays, tags=[], ext={}, onFlowStart=null, onFlowComplete=null, properties={}), label=null, optional=false)), MaestroCommand(repeatCommand=RepeatCommand(times=20, condition=Condition(platform=null, visible=null, notVisible=ElementSelector(textRegex=${ANCHOR}, idRegex=null, size=null, below=null, above=null, leftOf=null, rightOf=null, containsChild=null, containsDescendants=null, traits=null, index=null, enabled=null, optional=false, selected=null, checked=null, focused=null, childOf=null, css=null), scriptCondition=null, label=null), commands=[MaestroCommand(runFlowCommand=RunFlowCommand(commands=[MaestroCommand(tapOnElementCommand=TapOnElementCommand(selector=ElementSelector(textRegex=Don.t allow, idRegex=null, size=null, below=null, above=null, leftOf=null, rightOf=null, containsChild=null, containsDescendants=null, traits=null, index=null, enabled=null, optional=false, selected=null, checked=null, focused=null, childOf=null, css=null), retryIfNoChange=false, waitUntilVisible=false, longPress=false, repeat=null, waitToSettleTimeoutMs=null, relativePoint=null, label=null, optional=false)), MaestroCommand(waitForAnimationToEndCommand=WaitForAnimationToEndCommand(timeout=3000, label=null, optional=false))], condition=Condition(platform=null, visible=ElementSelector(textRegex=Don.t allow, idRegex=null, size=null, below=null, above=null, leftOf=null, rightOf=null, containsChild=null, containsDescendants=null, traits=null, index=null, enabled=null, optional=false, selected=null, checked=null, focused=null, childOf=null, css=null), notVisible=null, scriptCondition=null, label=null), sourceDescription=null, config=null, label=null, optional=false)), MaestroCommand(runFlowCommand=RunFlowCommand(commands=[MaestroCommand(tapOnElementCommand=TapOnElementCommand(selector=ElementSelector(textRegex=Skip, idRegex=null, size=null, below=null, above=null, leftOf=null, rightOf=null, containsChild=null, containsDescendants=null, traits=null, index=null, enabled=null, optional=false, selected=null, checked=null, focused=null, childOf=null, css=null), retryIfNoChange=false, waitUntilVisible=false, longPress=false, repeat=null, waitToSettleTimeoutMs=null, relativePoint=null, label=null, optional=false)), MaestroCommand(waitForAnimationToEndCommand=WaitForAnimationToEndCommand(timeout=3000, label=null, optional=false))], condition=Condition(platform=null, visible=ElementSelector(textRegex=Skip, idRegex=null, size=null, below=null, above=null, leftOf=null, rightOf=null, containsChild=null, containsDescendants=null, traits=null, index=null, enabled=null, optional=false, selected=null, checked=null, focused=null, childOf=null, css=null), notVisible=null, scriptCondition=null, label=null), sourceDescription=null, config=null, label=null, optional=false)), MaestroCommand(runFlowCommand=RunFlowCommand(commands=[MaestroCommand(tapOnElementCommand=TapOnElementCommand(selector=ElementSelector(textRegex=Dismiss, idRegex=null, size=null, below=null, above=null, leftOf=null, rightOf=null, containsChild=null, containsDescendants=null, traits=null, index=null, enabled=null, optional=false, selected=null, checked=null, focused=null, childOf=null, css=null), retryIfNoChange=false, waitUntilVisible=false, longPress=false, repeat=null, waitToSettleTimeoutMs=null, relativePoint=null, label=null, optional=false)), MaestroCommand(waitForAnimationToEndCommand=WaitForAnimationToEndCommand(timeout=3000, label=null, optional=false))], condition=Condition(platform=null, visible=ElementSelector(textRegex=Dismiss, idRegex=null, size=null, below=null, above=null, leftOf=null, rightOf=null, containsChild=null, containsDescendants=null, traits=null, index=null, enabled=null, optional=false, selected=null, checked=null, focused=null, childOf=null, css=null), notVisible=null, scriptCondition=null, label=null), sourceDescription=null, config=null, label=null, optional=false)), MaestroCommand(runFlowCommand=RunFlowCommand(commands=[MaestroCommand(runFlowCommand=RunFlowCommand(commands=[MaestroCommand(evalScriptCommand=EvalScriptCommand(scriptString=${console.log('CLEAR-OVERLAYS OK-HANDLER: dismissing the ERROR dialog (there is something wrong / please try again later). If this line sits after a reservation, payment or signature step, the business outcome MUST be re-read from the product records before the run is called green.')}, label=null, optional=false))], condition=Condition(platform=null, visible=ElementSelector(textRegex=There's something wrong. Please try again later!, idRegex=null, size=null, below=null, above=null, leftOf=null, rightOf=null, containsChild=null, containsDescendants=null, traits=null, index=null, enabled=null, optional=false, selected=null, checked=null, focused=null, childOf=null, css=null), notVisible=null, scriptCondition=null, label=null), sourceDescription=null, config=null, label=null, optional=false)), MaestroCommand(evalScriptCommand=EvalScriptCommand(scriptString=${console.log('CLEAR-OVERLAYS OK-HANDLER: tapping Ok')}, label=null, optional=false)), MaestroCommand(tapOnElementCommand=TapOnElementCommand(selector=ElementSelector(textRegex=Ok, idRegex=null, size=null, below=null, above=null, leftOf=null, rightOf=null, containsChild=null, containsDescendants=null, traits=null, index=null, enabled=null, optional=false, selected=null, checked=null, focused=null, childOf=null, css=null), retryIfNoChange=false, waitUntilVisible=false, longPress=false, repeat=null, waitToSettleTimeoutMs=null, relativePoint=null, label=null, optional=false)), MaestroCommand(waitForAnimationToEndCommand=WaitForAnimationToEndCommand(timeout=3000, label=null, optional=false))], condition=Condition(platform=null, visible=ElementSelector(textRegex=Ok, idRegex=null, size=null, below=null, above=null, leftOf=null, rightOf=null, containsChild=null, containsDescendants=null, traits=null, index=null, enabled=null, optional=false, selected=null, checked=null, focused=null, childOf=null, css=null), notVisible=null, scriptCondition=null, label=null), sourceDescription=null, config=null, label=null, optional=false)), MaestroCommand(runFlowCommand=RunFlowCommand(commands=[MaestroCommand(backPressCommand=BackPressCommand()), MaestroCommand(waitForAnimationToEndCommand=WaitForAnimationToEndCommand(timeout=3000, label=null, optional=false))], condition=Condition(platform=null, visible=ElementSelector(textRegex=Marketplace Day, idRegex=null, size=null, below=null, above=null, leftOf=null, rightOf=null, containsChild=null, containsDescendants=null, traits=null, index=null, enabled=null, optional=false, selected=null, checked=null, focused=null, childOf=null, css=null), notVisible=null, scriptCondition=null, label=null), sourceDescription=null, config=null, label=null, optional=false)), MaestroCommand(runFlowCommand=RunFlowCommand(commands=[MaestroCommand(backPressCommand=BackPressCommand()), MaestroCommand(waitForAnimationToEndCommand=WaitForAnimationToEndCommand(timeout=3000, label=null, optional=false))], condition=Condition(platform=null, visible=ElementSelector(textRegex=Start comparing properties, idRegex=null, size=null, below=null, above=null, leftOf=null, rightOf=null, containsChild=null, containsDescendants=null, traits=null, index=null, enabled=null, optional=false, selected=null, checked=null, focused=null, childOf=null, css=null), notVisible=null, scriptCondition=null, label=null), sourceDescription=null, config=null, label=null, optional=false)), MaestroCommand(runFlowCommand=RunFlowCommand(commands=[MaestroCommand(backPressCommand=BackPressCommand()), MaestroCommand(waitForAnimationToEndCommand=WaitForAnimationToEndCommand(timeout=3000, label=null, optional=false))], condition=Condition(platform=null, visible=ElementSelector(textRegex=Go to the weekly (offer|deal), idRegex=null, size=null, below=null, above=null, leftOf=null, rightOf=null, containsChild=null, containsDescendants=null, traits=null, index=null, enabled=null, optional=false, selected=null, checked=null, focused=null, childOf=null, css=null), notVisible=null, scriptCondition=null, label=null), sourceDescription=null, config=null, label=null, optional=false)), MaestroCommand(runFlowCommand=RunFlowCommand(commands=[MaestroCommand(backPressCommand=BackPressCommand()), MaestroCommand(waitForAnimationToEndCommand=WaitForAnimationToEndCommand(timeout=3000, label=null, optional=false))], condition=Condition(platform=null, visible=ElementSelector(textRegex=Update email, idRegex=null, size=null, below=null, above=null, leftOf=null, rightOf=null, containsChild=null, containsDescendants=null, traits=null, index=null, enabled=null, optional=false, selected=null, checked=null, focused=null, childOf=null, css=null), notVisible=null, scriptCondition=null, label=null), sourceDescription=null, config=null, label=null, optional=false)), MaestroCommand(runFlowCommand=RunFlowCommand(commands=[MaestroCommand(tapOnPointV2Command=TapOnPointV2Command(point=7%,9%, retryIfNoChange=false, longPress=false, repeat=null, waitToSettleTimeoutMs=null, label=null, optional=false)), MaestroCommand(waitForAnimationToEndCommand=WaitForAnimationToEndCommand(timeout=4000, label=null, optional=false))], condition=Condition(platform=null, visible=ElementSelector(textRegex=Number and Email Already Linked, idRegex=null, size=null, below=null, above=null, leftOf=null, rightOf=null, containsChild=null, containsDescendants=null, traits=null, index=null, enabled=null, optional=false, selected=null, checked=null, focused=null, childOf=null, css=null), notVisible=null, scriptCondition=null, label=null), sourceDescription=null, config=null, label=null, optional=false)), MaestroCommand(runFlowCommand=RunFlowCommand(commands=[MaestroCommand(runFlowCommand=RunFlowCommand(commands=[MaestroCommand(swipeCommand=SwipeCommand(direction=null, startPoint=null, endPoint=null, elementSelector=null, startRelative=50%,58%, endRelative=50%,99%, duration=400, waitToSettleTimeoutMs=null, relativePoint=null, label=null, optional=false)), MaestroCommand(waitForAnimationToEndCommand=WaitForAnimationToEndCommand(timeout=4000, label=null, optional=false))], condition=Condition(platform=null, visible=null, notVisible=ElementSelector(textRegex=(?s)(.*There.s something wrong.*|.*the service is down.*|Error!), idRegex=null, size=null, below=null, above=null, leftOf=null, rightOf=null, containsChild=null, containsDescendants=null, traits=null, index=null, enabled=null, optional=false, selected=null, checked=null, focused=null, childOf=null, css=null), scriptCondition=null, label=null), sourceDescription=null, config=null, label=null, optional=false))], condition=Condition(platform=null, visible=ElementSelector(textRegex=(?s).*would you recommend benefiting from Sakani.*, idRegex=null, size=null, below=null, above=null, leftOf=null, rightOf=null, containsChild=null, containsDescendants=null, traits=null, index=null, enabled=null, optional=false, selected=null, checked=null, focused=null, childOf=null, css=null), notVisible=null, scriptCondition=null, label=null), sourceDescription=null, config=null, label=null, optional=false)), MaestroCommand(runFlowCommand=RunFlowCommand(commands=[MaestroCommand(tapOnElementCommand=TapOnElementCommand(selector=ElementSelector(textRegex=Maybe Later, idRegex=null, size=null, below=null, above=null, leftOf=null, rightOf=null, containsChild=null, containsDescendants=null, traits=null, index=null, enabled=null, optional=false, selected=null, checked=null, focused=null, childOf=null, css=null), retryIfNoChange=false, waitUntilVisible=false, longPress=false, repeat=null, waitToSettleTimeoutMs=null, relativePoint=null, label=null, optional=false)), MaestroCommand(waitForAnimationToEndCommand=WaitForAnimationToEndCommand(timeout=3000, label=null, optional=false))], condition=Condition(platform=null, visible=ElementSelector(textRegex=Maybe Later, idRegex=null, size=null, below=null, above=null, leftOf=null, rightOf=null, containsChild=null, containsDescendants=null, traits=null, index=null, enabled=null, optional=false, selected=null, checked=null, focused=null, childOf=null, css=null), notVisible=null, scriptCondition=null, label=null), sourceDescription=null, config=null, label=null, optional=false)), MaestroCommand(runFlowCommand=RunFlowCommand(commands=[MaestroCommand(tapOnElementCommand=TapOnElementCommand(selector=ElementSelector(textRegex=Reject cookies, idRegex=null, size=null, below=null, above=null, leftOf=null, rightOf=null, containsChild=null, containsDescendants=null, traits=null, index=null, enabled=null, optional=false, selected=null, checked=null, focused=null, childOf=null, css=null), retryIfNoChange=false, waitUntilVisible=false, longPress=false, repeat=null, waitToSettleTimeoutMs=null, relativePoint=null, label=null, optional=false)), MaestroCommand(waitForAnimationToEndCommand=WaitForAnimationToEndCommand(timeout=4000, label=null, optional=false))], condition=Condition(platform=null, visible=ElementSelector(textRegex=Reject cookies, idRegex=null, size=null, below=null, above=null, leftOf=null, rightOf=null, containsChild=null, containsDescendants=null, traits=null, index=null, enabled=null, optional=false, selected=null, checked=null, focused=null, childOf=null, css=null), notVisible=null, scriptCondition=null, label=null), sourceDescription=null, config=null, label=null, optional=false)), MaestroCommand(runFlowCommand=RunFlowCommand(commands=[MaestroCommand(waitForAnimationToEndCommand=WaitForAnimationToEndCommand(timeout=5000, label=null, optional=false))], condition=Condition(platform=null, visible=null, notVisible=ElementSelector(textRegex=${ANCHOR}, idRegex=null, size=null, below=null, above=null, leftOf=null, rightOf=null, containsChild=null, containsDescendants=null, traits=null, index=null, enabled=null, optional=false, selected=null, checked=null, focused=null, childOf=null, css=null), scriptCondition=null, label=null), sourceDescription=null, config=null, label=null, optional=false))], label=null, optional=false)), MaestroCommand(repeatCommand=RepeatCommand(times=3, condition=Condition(platform=null, visible=ElementSelector(textRegex=(?s).*would you recommend benefiting from Sakani.*, idRegex=null, size=null, below=null, above=null, leftOf=null, rightOf=null, containsChild=null, containsDescendants=null, traits=null, index=null, enabled=null, optional=false, selected=null, checked=null, focused=null, childOf=null, css=null), notVisible=null, scriptCondition=null, label=null), commands=[MaestroCommand(runFlowCommand=RunFlowCommand(commands=[MaestroCommand(swipeCommand=SwipeCommand(direction=null, startPoint=null, endPoint=null, elementSelector=null, startRelative=50%,58%, endRelative=50%,99%, duration=400, waitToSettleTimeoutMs=null, relativePoint=null, label=null, optional=false)), MaestroCommand(waitForAnimationToEndCommand=WaitForAnimationToEndCommand(timeout=4000, label=null, optional=false))], condition=Condition(platform=null, visible=null, notVisible=ElementSelector(textRegex=(?s)(.*There.s something wrong.*|.*the service is down.*|Error!), idRegex=null, size=null, below=null, above=null, leftOf=null, rightOf=null, containsChild=null, containsDescendants=null, traits=null, index=null, enabled=null, optional=false, selected=null, checked=null, focused=null, childOf=null, css=null), scriptCondition=null, label=null), sourceDescription=null, config=null, label=null, optional=false))], label=null, optional=false)), MaestroCommand(assertConditionCommand=AssertConditionCommand(condition=Condition(platform=null, visible=null, notVisible=ElementSelector(textRegex=(?s).*would you recommend benefiting from Sakani.*, idRegex=null, size=null, below=null, above=null, leftOf=null, rightOf=null, containsChild=null, containsDescendants=null, traits=null, index=null, enabled=null, optional=false, selected=null, checked=null, focused=null, childOf=null, css=null), scriptCondition=null, label=null), timeout=null, label=null, optional=false)), MaestroCommand(runFlowCommand=RunFlowCommand(commands=[MaestroCommand(assertConditionCommand=AssertConditionCommand(condition=Condition(platform=null, visible=ElementSelector(textRegex=${ANCHOR}, idRegex=null, size=null, below=null, above=null, leftOf=null, rightOf=null, containsChild=null, containsDescendants=null, traits=null, index=null, enabled=null, optional=false, selected=null, checked=null, focused=null, childOf=null, css=null), notVisible=null, scriptCondition=null, label=null), timeout=120000, label=null, optional=false))], condition=Condition(platform=null, visible=null, notVisible=null, scriptCondition=${output.anchorOptional !== true}, label=null), sourceDescription=null, config=null, label=null, optional=false))], condition=null, sourceDescription=subflows/clear-overlays.yaml, config=MaestroConfig(appId=fi.iwa.sakani, name=Clear first-run and promo overlays, tags=[], ext={}, onFlowStart=null, onFlowComplete=null, properties={}), label=null, optional=false)), logMessages=[], insight=Insight(message=, level=NONE), aiReasoning=null, labeledCommand=null)
14:02:43.874 [ INFO] maestro.cli.runner.MaestroCommandRunner.runCommands$lambda$0: Define variables RUNNING
14:02:43.874 [ INFO] maestro.cli.runner.MaestroCommandRunner.runCommands$lambda$11: Define variables metadata CommandMetadata(numberOfRuns=null, evaluatedCommand=MaestroCommand(defineVariablesCommand=DefineVariablesCommand(env={ANCHOR=My bookings}, label=null, optional=false)), logMessages=[], insight=Insight(message=, level=NONE), aiReasoning=null, labeledCommand=null)
14:02:43.875 [ INFO] maestro.cli.runner.MaestroCommandRunner.runCommands$lambda$2: Define variables COMPLETED
14:02:43.875 [ INFO] maestro.cli.runner.MaestroCommandRunner.runCommands$lambda$0: Apply configuration RUNNING
14:02:43.875 [ INFO] maestro.cli.runner.MaestroCommandRunner.runCommands$lambda$11: Apply configuration metadata CommandMetadata(numberOfRuns=null, evaluatedCommand=MaestroCommand(applyConfigurationCommand=ApplyConfigurationCommand(config=MaestroConfig(appId=fi.iwa.sakani, name=Clear first-run and promo overlays, tags=[], ext={}, onFlowStart=null, onFlowComplete=null, properties={}), label=null, optional=false)), logMessages=[], insight=Insight(message=, level=NONE), aiReasoning=null, labeledCommand=null)
14:02:43.875 [ INFO] maestro.cli.runner.MaestroCommandRunner.runCommands$lambda$2: Apply configuration COMPLETED
14:02:43.876 [ INFO] maestro.cli.runner.MaestroCommandRunner.runCommands$lambda$0: Repeat while "${ANCHOR}" is not visible (up to 20 times) RUNNING
14:02:43.877 [ INFO] maestro.cli.runner.MaestroCommandRunner.runCommands$lambda$11: Repeat while "${ANCHOR}" is not visible (up to 20 times) metadata CommandMetadata(numberOfRuns=1, evaluatedCommand=MaestroCommand(repeatCommand=RepeatCommand(times=20, condition=Condition(platform=null, visible=null, notVisible=ElementSelector(textRegex=${ANCHOR}, idRegex=null, size=null, below=null, above=null, leftOf=null, rightOf=null, containsChild=null, containsDescendants=null, traits=null, index=null, enabled=null, optional=false, selected=null, checked=null, focused=null, childOf=null, css=null), scriptCondition=null, label=null), commands=[MaestroCommand(runFlowCommand=RunFlowCommand(commands=[MaestroCommand(tapOnElementCommand=TapOnElementCommand(selector=ElementSelector(textRegex=Don.t allow, idRegex=null, size=null, below=null, above=null, leftOf=null, rightOf=null, containsChild=null, containsDescendants=null, traits=null, index=null, enabled=null, optional=false, selected=null, checked=null, focused=null, childOf=null, css=null), retryIfNoChange=false, waitUntilVisible=false, longPress=false, repeat=null, waitToSettleTimeoutMs=null, relativePoint=null, label=null, optional=false)), MaestroCommand(waitForAnimationToEndCommand=WaitForAnimationToEndCommand(timeout=3000, label=null, optional=false))], condition=Condition(platform=null, visible=ElementSelector(textRegex=Don.t allow, idRegex=null, size=null, below=null, above=null, leftOf=null, rightOf=null, containsChild=null, containsDescendants=null, traits=null, index=null, enabled=null, optional=false, selected=null, checked=null, focused=null, childOf=null, css=null), notVisible=null, scriptCondition=null, label=null), sourceDescription=null, config=null, label=null, optional=false)), MaestroCommand(runFlowCommand=RunFlowCommand(commands=[MaestroCommand(tapOnElementCommand=TapOnElementCommand(selector=ElementSelector(textRegex=Skip, idRegex=null, size=null, below=null, above=null, leftOf=null, rightOf=null, containsChild=null, containsDescendants=null, traits=null, index=null, enabled=null, optional=false, selected=null, checked=null, focused=null, childOf=null, css=null), retryIfNoChange=false, waitUntilVisible=false, longPress=false, repeat=null, waitToSettleTimeoutMs=null, relativePoint=null, label=null, optional=false)), MaestroCommand(waitForAnimationToEndCommand=WaitForAnimationToEndCommand(timeout=3000, label=null, optional=false))], condition=Condition(platform=null, visible=ElementSelector(textRegex=Skip, idRegex=null, size=null, below=null, above=null, leftOf=null, rightOf=null, containsChild=null, containsDescendants=null, traits=null, index=null, enabled=null, optional=false, selected=null, checked=null, focused=null, childOf=null, css=null), notVisible=null, scriptCondition=null, label=null), sourceDescription=null, config=null, label=null, optional=false)), MaestroCommand(runFlowCommand=RunFlowCommand(commands=[MaestroCommand(tapOnElementCommand=TapOnElementCommand(selector=ElementSelector(textRegex=Dismiss, idRegex=null, size=null, below=null, above=null, leftOf=null, rightOf=null, containsChild=null, containsDescendants=null, traits=null, index=null, enabled=null, optional=false, selected=null, checked=null, focused=null, childOf=null, css=null), retryIfNoChange=false, waitUntilVisible=false, longPress=false, repeat=null, waitToSettleTimeoutMs=null, relativePoint=null, label=null, optional=false)), MaestroCommand(waitForAnimationToEndCommand=WaitForAnimationToEndCommand(timeout=3000, label=null, optional=false))], condition=Condition(platform=null, visible=ElementSelector(textRegex=Dismiss, idRegex=null, size=null, below=null, above=null, leftOf=null, rightOf=null, containsChild=null, containsDescendants=null, traits=null, index=null, enabled=null, optional=false, selected=null, checked=null, focused=null, childOf=null, css=null), notVisible=null, scriptCondition=null, label=null), sourceDescription=null, config=null, label=null, optional=false)), MaestroCommand(runFlowCommand=RunFlowCommand(commands=[MaestroCommand(runFlowCommand=RunFlowCommand(commands=[MaestroCommand(evalScriptCommand=EvalScriptCommand(scriptString=${console.log('CLEAR-OVERLAYS OK-HANDLER: dismissing the ERROR dialog (there is something wrong / please try again later). If this line sits after a reservation, payment or signature step, the business outcome MUST be re-read from the product records before the run is called green.')}, label=null, optional=false))], condition=Condition(platform=null, visible=ElementSelector(textRegex=There's something wrong. Please try again later!, idRegex=null, size=null, below=null, above=null, leftOf=null, rightOf=null, containsChild=null, containsDescendants=null, traits=null, index=null, enabled=null, optional=false, selected=null, checked=null, focused=null, childOf=null, css=null), notVisible=null, scriptCondition=null, label=null), sourceDescription=null, config=null, label=null, optional=false)), MaestroCommand(evalScriptCommand=EvalScriptCommand(scriptString=${console.log('CLEAR-OVERLAYS OK-HANDLER: tapping Ok')}, label=null, optional=false)), MaestroCommand(tapOnElementCommand=TapOnElementCommand(selector=ElementSelector(textRegex=Ok, idRegex=null, size=null, below=null, above=null, leftOf=null, rightOf=null, containsChild=null, containsDescendants=null, traits=null, index=null, enabled=null, optional=false, selected=null, checked=null, focused=null, childOf=null, css=null), retryIfNoChange=false, waitUntilVisible=false, longPress=false, repeat=null, waitToSettleTimeoutMs=null, relativePoint=null, label=null, optional=false)), MaestroCommand(waitForAnimationToEndCommand=WaitForAnimationToEndCommand(timeout=3000, label=null, optional=false))], condition=Condition(platform=null, visible=ElementSelector(textRegex=Ok, idRegex=null, size=null, below=null, above=null, leftOf=null, rightOf=null, containsChild=null, containsDescendants=null, traits=null, index=null, enabled=null, optional=false, selected=null, checked=null, focused=null, childOf=null, css=null), notVisible=null, scriptCondition=null, label=null), sourceDescription=null, config=null, label=null, optional=false)), MaestroCommand(runFlowCommand=RunFlowCommand(commands=[MaestroCommand(backPressCommand=BackPressCommand()), MaestroCommand(waitForAnimationToEndCommand=WaitForAnimationToEndCommand(timeout=3000, label=null, optional=false))], condition=Condition(platform=null, visible=ElementSelector(textRegex=Marketplace Day, idRegex=null, size=null, below=null, above=null, leftOf=null, rightOf=null, containsChild=null, containsDescendants=null, traits=null, index=null, enabled=null, optional=false, selected=null, checked=null, focused=null, childOf=null, css=null), notVisible=null, scriptCondition=null, label=null), sourceDescription=null, config=null, label=null, optional=false)), MaestroCommand(runFlowCommand=RunFlowCommand(commands=[MaestroCommand(backPressCommand=BackPressCommand()), MaestroCommand(waitForAnimationToEndCommand=WaitForAnimationToEndCommand(timeout=3000, label=null, optional=false))], condition=Condition(platform=null, visible=ElementSelector(textRegex=Start comparing properties, idRegex=null, size=null, below=null, above=null, leftOf=null, rightOf=null, containsChild=null, containsDescendants=null, traits=null, index=null, enabled=null, optional=false, selected=null, checked=null, focused=null, childOf=null, css=null), notVisible=null, scriptCondition=null, label=null), sourceDescription=null, config=null, label=null, optional=false)), MaestroCommand(runFlowCommand=RunFlowCommand(commands=[MaestroCommand(backPressCommand=BackPressCommand()), MaestroCommand(waitForAnimationToEndCommand=WaitForAnimationToEndCommand(timeout=3000, label=null, optional=false))], condition=Condition(platform=null, visible=ElementSelector(textRegex=Go to the weekly (offer|deal), idRegex=null, size=null, below=null, above=null, leftOf=null, rightOf=null, containsChild=null, containsDescendants=null, traits=null, index=null, enabled=null, optional=false, selected=null, checked=null, focused=null, childOf=null, css=null), notVisible=null, scriptCondition=null, label=null), sourceDescription=null, config=null, label=null, optional=false)), MaestroCommand(runFlowCommand=RunFlowCommand(commands=[MaestroCommand(backPressCommand=BackPressCommand()), MaestroCommand(waitForAnimationToEndCommand=WaitForAnimationToEndCommand(timeout=3000, label=null, optional=false))], condition=Condition(platform=null, visible=ElementSelector(textRegex=Update email, idRegex=null, size=null, below=null, above=null, leftOf=null, rightOf=null, containsChild=null, containsDescendants=null, traits=null, index=null, enabled=null, optional=false, selected=null, checked=null, focused=null, childOf=null, css=null), notVisible=null, scriptCondition=null, label=null), sourceDescription=null, config=null, label=null, optional=false)), MaestroCommand(runFlowCommand=RunFlowCommand(commands=[MaestroCommand(tapOnPointV2Command=TapOnPointV2Command(point=7%,9%, retryIfNoChange=false, longPress=false, repeat=null, waitToSettleTimeoutMs=null, label=null, optional=false)), MaestroCommand(waitForAnimationToEndCommand=WaitForAnimationToEndCommand(timeout=4000, label=null, optional=false))], condition=Condition(platform=null, visible=ElementSelector(textRegex=Number and Email Already Linked, idRegex=null, size=null, below=null, above=null, leftOf=null, rightOf=null, containsChild=null, containsDescendants=null, traits=null, index=null, enabled=null, optional=false, selected=null, checked=null, focused=null, childOf=null, css=null), notVisible=null, scriptCondition=null, label=null), sourceDescription=null, config=null, label=null, optional=false)), MaestroCommand(runFlowCommand=RunFlowCommand(commands=[MaestroCommand(runFlowCommand=RunFlowCommand(commands=[MaestroCommand(swipeCommand=SwipeCommand(direction=null, startPoint=null, endPoint=null, elementSelector=null, startRelative=50%,58%, endRelative=50%,99%, duration=400, waitToSettleTimeoutMs=null, relativePoint=null, label=null, optional=false)), MaestroCommand(waitForAnimationToEndCommand=WaitForAnimationToEndCommand(timeout=4000, label=null, optional=false))], condition=Condition(platform=null, visible=null, notVisible=ElementSelector(textRegex=(?s)(.*There.s something wrong.*|.*the service is down.*|Error!), idRegex=null, size=null, below=null, above=null, leftOf=null, rightOf=null, containsChild=null, containsDescendants=null, traits=null, index=null, enabled=null, optional=false, selected=null, checked=null, focused=null, childOf=null, css=null), scriptCondition=null, label=null), sourceDescription=null, config=null, label=null, optional=false))], condition=Condition(platform=null, visible=ElementSelector(textRegex=(?s).*would you recommend benefiting from Sakani.*, idRegex=null, size=null, below=null, above=null, leftOf=null, rightOf=null, containsChild=null, containsDescendants=null, traits=null, index=null, enabled=null, optional=false, selected=null, checked=null, focused=null, childOf=null, css=null), notVisible=null, scriptCondition=null, label=null), sourceDescription=null, config=null, label=null, optional=false)), MaestroCommand(runFlowCommand=RunFlowCommand(commands=[MaestroCommand(tapOnElementCommand=TapOnElementCommand(selector=ElementSelector(textRegex=Maybe Later, idRegex=null, size=null, below=null, above=null, leftOf=null, rightOf=null, containsChild=null, containsDescendants=null, traits=null, index=null, enabled=null, optional=false, selected=null, checked=null, focused=null, childOf=null, css=null), retryIfNoChange=false, waitUntilVisible=false, longPress=false, repeat=null, waitToSettleTimeoutMs=null, relativePoint=null, label=null, optional=false)), MaestroCommand(waitForAnimationToEndCommand=WaitForAnimationToEndCommand(timeout=3000, label=null, optional=false))], condition=Condition(platform=null, visible=ElementSelector(textRegex=Maybe Later, idRegex=null, size=null, below=null, above=null, leftOf=null, rightOf=null, containsChild=null, containsDescendants=null, traits=null, index=null, enabled=null, optional=false, selected=null, checked=null, focused=null, childOf=null, css=null), notVisible=null, scriptCondition=null, label=null), sourceDescription=null, config=null, label=null, optional=false)), MaestroCommand(runFlowCommand=RunFlowCommand(commands=[MaestroCommand(tapOnElementCommand=TapOnElementCommand(selector=ElementSelector(textRegex=Reject cookies, idRegex=null, size=null, below=null, above=null, leftOf=null, rightOf=null, containsChild=null, containsDescendants=null, traits=null, index=null, enabled=null, optional=false, selected=null, checked=null, focused=null, childOf=null, css=null), retryIfNoChange=false, waitUntilVisible=false, longPress=false, repeat=null, waitToSettleTimeoutMs=null, relativePoint=null, label=null, optional=false)), MaestroCommand(waitForAnimationToEndCommand=WaitForAnimationToEndCommand(timeout=4000, label=null, optional=false))], condition=Condition(platform=null, visible=ElementSelector(textRegex=Reject cookies, idRegex=null, size=null, below=null, above=null, leftOf=null, rightOf=null, containsChild=null, containsDescendants=null, traits=null, index=null, enabled=null, optional=false, selected=null, checked=null, focused=null, childOf=null, css=null), notVisible=null, scriptCondition=null, label=null), sourceDescription=null, config=null, label=null, optional=false)), MaestroCommand(runFlowCommand=RunFlowCommand(commands=[MaestroCommand(waitForAnimationToEndCommand=WaitForAnimationToEndCommand(timeout=5000, label=null, optional=false))], condition=Condition(platform=null, visible=null, notVisible=ElementSelector(textRegex=${ANCHOR}, idRegex=null, size=null, below=null, above=null, leftOf=null, rightOf=null, containsChild=null, containsDescendants=null, traits=null, index=null, enabled=null, optional=false, selected=null, checked=null, focused=null, childOf=null, css=null), scriptCondition=null, label=null), sourceDescription=null, config=null, label=null, optional=false))], label=null, optional=false)), logMessages=[], insight=Insight(message=, level=NONE), aiReasoning=null, labeledCommand=null)
14:02:44.587 [ERROR] maestro.cli.session.MaestroSessionManager.newSession$lambda$0: Failed to record heartbeat
java.io.IOException: The process cannot access the file because another process has locked a portion of the file
	at java.base/java.io.FileOutputStream.writeBytes(Native Method)
	at java.base/java.io.FileOutputStream.write(FileOutputStream.java:332)
	at kotlin.io.FilesKt__FileReadWriteKt.writeTextImpl(FileReadWrite.kt:160)
	at kotlin.io.FilesKt__FileReadWriteKt.writeText(FileReadWrite.kt:145)
	at kotlin.io.FilesKt__FileReadWriteKt.writeText$default(FileReadWrite.kt:144)
	at maestro.cli.db.KeyValueStore.commit(KeyValueStore.kt:50)
	at maestro.cli.db.KeyValueStore.set$lambda$3$lambda$2(KeyValueStore.kt:23)
	at maestro.cli.db.KeyValueStore.withFileLock(KeyValueStore.kt:62)
	at maestro.cli.db.KeyValueStore.set(KeyValueStore.kt:20)
	at maestro.cli.session.SessionStore.heartbeat(SessionStore.kt:12)
	at maestro.cli.session.MaestroSessionManager.newSession$lambda$0(MaestroSessionManager.kt:98)
	at java.base/java.util.concurrent.Executors$RunnableAdapter.call(Executors.java:545)
	at java.base/java.util.concurrent.FutureTask.runAndReset(FutureTask.java:371)
	at java.base/java.util.concurrent.ScheduledThreadPoolExecutor$ScheduledFutureTask.run(ScheduledThreadPoolExecutor.java:310)
	at java.base/java.util.concurrent.ThreadPoolExecutor.runWorker(ThreadPoolExecutor.java:1090)
	at java.base/java.util.concurrent.ThreadPoolExecutor$Worker.run(ThreadPoolExecutor.java:614)
	at java.base/java.lang.Thread.run(Thread.java:1516)
14:02:49.582 [ERROR] maestro.cli.session.MaestroSessionManager.newSession$lambda$0: Failed to record heartbeat
java.io.IOException: The process cannot access the file because another process has locked a portion of the file
	at java.base/java.io.FileOutputStream.writeBytes(Native Method)
	at java.base/java.io.FileOutputStream.write(FileOutputStream.java:332)
	at kotlin.io.FilesKt__FileReadWriteKt.writeTextImpl(FileReadWrite.kt:160)
	at kotlin.io.FilesKt__FileReadWriteKt.writeText(FileReadWrite.kt:145)
	at kotlin.io.FilesKt__FileReadWriteKt.writeText$default(FileReadWrite.kt:144)
	at maestro.cli.db.KeyValueStore.commit(KeyValueStore.kt:50)
	at maestro.cli.db.KeyValueStore.set$lambda$3$lambda$2(KeyValueStore.kt:23)
	at maestro.cli.db.KeyValueStore.withFileLock(KeyValueStore.kt:62)
	at maestro.cli.db.KeyValueStore.set(KeyValueStore.kt:20)
	at maestro.cli.session.SessionStore.heartbeat(SessionStore.kt:12)
	at maestro.cli.session.MaestroSessionManager.newSession$lambda$0(MaestroSessionManager.kt:98)
	at java.base/java.util.concurrent.Executors$RunnableAdapter.call(Executors.java:545)
	at java.base/java.util.concurrent.FutureTask.runAndReset(FutureTask.java:371)
	at java.base/java.util.concurrent.ScheduledThreadPoolExecutor$ScheduledFutureTask.run(ScheduledThreadPoolExecutor.java:310)
	at java.base/java.util.concurrent.ThreadPoolExecutor.runWorker(ThreadPoolExecutor.java:1090)
	at java.base/java.util.concurrent.ThreadPoolExecutor$Worker.run(ThreadPoolExecutor.java:614)
	at java.base/java.lang.Thread.run(Thread.java:1516)
14:02:51.136 [ INFO] maestro.orchestra.Orchestra.executeSubflowCommands: [Command execution subflow] CommandSkipped: null
14:02:51.136 [ INFO] maestro.cli.runner.MaestroCommandRunner.runCommands$lambda$8: Repeat while "${ANCHOR}" is not visible (up to 20 times) SKIPPED
14:02:51.137 [ INFO] maestro.cli.runner.MaestroCommandRunner.runCommands$lambda$0: Repeat while "(?s).*would you recommend benefiting from Sakani.*" is visible (up to 3 times) RUNNING
14:02:51.137 [ INFO] maestro.cli.runner.MaestroCommandRunner.runCommands$lambda$11: Repeat while "(?s).*would you recommend benefiting from Sakani.*" is visible (up to 3 times) metadata CommandMetadata(numberOfRuns=null, evaluatedCommand=MaestroCommand(repeatCommand=RepeatCommand(times=3, condition=Condition(platform=null, visible=ElementSelector(textRegex=(?s).*would you recommend benefiting from Sakani.*, idRegex=null, size=null, below=null, above=null, leftOf=null, rightOf=null, containsChild=null, containsDescendants=null, traits=null, index=null, enabled=null, optional=false, selected=null, checked=null, focused=null, childOf=null, css=null), notVisible=null, scriptCondition=null, label=null), commands=[MaestroCommand(runFlowCommand=RunFlowCommand(commands=[MaestroCommand(swipeCommand=SwipeCommand(direction=null, startPoint=null, endPoint=null, elementSelector=null, startRelative=50%,58%, endRelative=50%,99%, duration=400, waitToSettleTimeoutMs=null, relativePoint=null, label=null, optional=false)), MaestroCommand(waitForAnimationToEndCommand=WaitForAnimationToEndCommand(timeout=4000, label=null, optional=false))], condition=Condition(platform=null, visible=null, notVisible=ElementSelector(textRegex=(?s)(.*There.s something wrong.*|.*the service is down.*|Error!), idRegex=null, size=null, below=null, above=null, leftOf=null, rightOf=null, containsChild=null, containsDescendants=null, traits=null, index=null, enabled=null, optional=false, selected=null, checked=null, focused=null, childOf=null, css=null), scriptCondition=null, label=null), sourceDescription=null, config=null, label=null, optional=false))], label=null, optional=false)), logMessages=[], insight=Insight(message=, level=NONE), aiReasoning=null, labeledCommand=null)
14:02:51.442 [ INFO] maestro.orchestra.Orchestra.executeSubflowCommands: [Command execution subflow] CommandSkipped: null
14:02:51.442 [ INFO] maestro.cli.runner.MaestroCommandRunner.runCommands$lambda$8: Repeat while "(?s).*would you recommend benefiting from Sakani.*" is visible (up to 3 times) SKIPPED
14:02:51.443 [ INFO] maestro.cli.runner.MaestroCommandRunner.runCommands$lambda$0: Assert that "(?s).*would you recommend benefiting from Sakani.*" is not visible RUNNING
14:02:51.443 [ INFO] maestro.cli.runner.MaestroCommandRunner.runCommands$lambda$11: Assert that "(?s).*would you recommend benefiting from Sakani.*" is not visible metadata CommandMetadata(numberOfRuns=null, evaluatedCommand=MaestroCommand(assertConditionCommand=AssertConditionCommand(condition=Condition(platform=null, visible=null, notVisible=ElementSelector(textRegex=(?s).*would you recommend benefiting from Sakani.*, idRegex=null, size=null, below=null, above=null, leftOf=null, rightOf=null, containsChild=null, containsDescendants=null, traits=null, index=null, enabled=null, optional=false, selected=null, checked=null, focused=null, childOf=null, css=null), scriptCondition=null, label=null), timeout=null, label=null, optional=false)), logMessages=[], insight=Insight(message=, level=NONE), aiReasoning=null, labeledCommand=null)
14:02:52.065 [ INFO] maestro.cli.runner.MaestroCommandRunner.runCommands$lambda$2: Assert that "(?s).*would you recommend benefiting from Sakani.*" is not visible COMPLETED
14:02:52.066 [ INFO] maestro.cli.runner.MaestroCommandRunner.runCommands$lambda$0: Run flow when ${output.anchorOptional !== true} is true RUNNING
14:02:52.070 [ INFO] maestro.cli.runner.MaestroCommandRunner.runCommands$lambda$11: Run flow when ${output.anchorOptional !== true} is true metadata CommandMetadata(numberOfRuns=null, evaluatedCommand=MaestroCommand(runFlowCommand=RunFlowCommand(commands=[MaestroCommand(assertConditionCommand=AssertConditionCommand(condition=Condition(platform=null, visible=ElementSelector(textRegex=${ANCHOR}, idRegex=null, size=null, below=null, above=null, leftOf=null, rightOf=null, containsChild=null, containsDescendants=null, traits=null, index=null, enabled=null, optional=false, selected=null, checked=null, focused=null, childOf=null, css=null), notVisible=null, scriptCondition=null, label=null), timeout=120000, label=null, optional=false))], condition=Condition(platform=null, visible=null, notVisible=null, scriptCondition=true, label=null), sourceDescription=null, config=null, label=null, optional=false)), logMessages=[], insight=Insight(message=, level=NONE), aiReasoning=null, labeledCommand=null)
14:02:52.070 [ INFO] maestro.cli.runner.MaestroCommandRunner.runCommands$lambda$0: Assert that "${ANCHOR}" is visible RUNNING
14:02:52.074 [ INFO] maestro.cli.runner.MaestroCommandRunner.runCommands$lambda$11: Assert that "${ANCHOR}" is visible metadata CommandMetadata(numberOfRuns=null, evaluatedCommand=MaestroCommand(assertConditionCommand=AssertConditionCommand(condition=Condition(platform=null, visible=ElementSelector(textRegex=My bookings, idRegex=null, size=null, below=null, above=null, leftOf=null, rightOf=null, containsChild=null, containsDescendants=null, traits=null, index=null, enabled=null, optional=false, selected=null, checked=null, focused=null, childOf=null, css=null), notVisible=null, scriptCondition=null, label=null), timeout=120000, label=null, optional=false)), logMessages=[], insight=Insight(message=, level=NONE), aiReasoning=null, labeledCommand=null)
14:02:52.173 [ INFO] maestro.cli.runner.MaestroCommandRunner.runCommands$lambda$2: Assert that "${ANCHOR}" is visible COMPLETED
14:02:52.174 [ INFO] maestro.cli.runner.MaestroCommandRunner.runCommands$lambda$2: Run flow when ${output.anchorOptional !== true} is true COMPLETED
14:02:52.175 [ INFO] maestro.cli.runner.MaestroCommandRunner.runCommands$lambda$2: Run subflows/clear-overlays.yaml COMPLETED
14:02:52.175 [ INFO] maestro.cli.runner.MaestroCommandRunner.runCommands$lambda$0: Tap on "My bookings" RUNNING
14:02:52.176 [ INFO] maestro.cli.runner.MaestroCommandRunner.runCommands$lambda$11: Tap on "My bookings" metadata CommandMetadata(numberOfRuns=null, evaluatedCommand=MaestroCommand(tapOnElementCommand=TapOnElementCommand(selector=ElementSelector(textRegex=My bookings, idRegex=null, size=null, below=null, above=null, leftOf=null, rightOf=null, containsChild=null, containsDescendants=null, traits=null, index=null, enabled=null, optional=false, selected=null, checked=null, focused=null, childOf=null, css=null), retryIfNoChange=false, waitUntilVisible=false, longPress=false, repeat=null, waitToSettleTimeoutMs=null, relativePoint=null, label=null, optional=false)), logMessages=[], insight=Insight(message=, level=NONE), aiReasoning=null, labeledCommand=null)
14:02:52.404 [ INFO] maestro.Maestro.tap-HgV9Ck0: Tapping on element:  UiElement(treeNode=TreeNode(attributes={text=, accessibilityText=My bookings, hintText=, ignoreBoundsFiltering=false, resource-id=, clickable=true, bounds=[42,1715][1038,1862], enabled=true, focused=false, checked=false, scrollable=false, selected=false, class=android.view.View, important-for-accessibility=true, error=}, children=[TreeNode(attributes={text=, accessibilityText=, hintText=, ignoreBoundsFiltering=false, resource-id=, clickable=false, bounds=[68,1773][100,1804], enabled=true, focused=false, checked=false, scrollable=false, selected=false, class=android.widget.ImageView, important-for-accessibility=false, error=}, children=[], clickable=false, enabled=true, focused=false, checked=false, selected=false), TreeNode(attributes={text=, accessibilityText=, hintText=, ignoreBoundsFiltering=false, resource-id=, clickable=false, bounds=[996,1770][1017,1807], enabled=true, focused=false, checked=false, scrollable=false, selected=false, class=android.widget.ImageView, important-for-accessibility=false, error=}, children=[], clickable=false, enabled=true, focused=false, checked=false, selected=false)], clickable=true, enabled=true, focused=false, checked=false, selected=false), bounds=Bounds(x=42, y=1715, width=996, height=147))
14:02:53.689 [ INFO] maestro.Maestro.tap-HgV9Ck0: Tap aimed via settled hierarchy
14:02:53.691 [ INFO] maestro.Maestro.hierarchyBasedTap-ogj28Uc: Tapping at (540, 1788) using hierarchy based logic for wait
14:02:54.580 [ERROR] maestro.cli.session.MaestroSessionManager.newSession$lambda$0: Failed to record heartbeat
java.io.IOException: The process cannot access the file because another process has locked a portion of the file
	at java.base/java.io.FileOutputStream.writeBytes(Native Method)
	at java.base/java.io.FileOutputStream.write(FileOutputStream.java:332)
	at kotlin.io.FilesKt__FileReadWriteKt.writeTextImpl(FileReadWrite.kt:160)
	at kotlin.io.FilesKt__FileReadWriteKt.writeText(FileReadWrite.kt:145)
	at kotlin.io.FilesKt__FileReadWriteKt.writeText$default(FileReadWrite.kt:144)
	at maestro.cli.db.KeyValueStore.commit(KeyValueStore.kt:50)
	at maestro.cli.db.KeyValueStore.set$lambda$3$lambda$2(KeyValueStore.kt:23)
	at maestro.cli.db.KeyValueStore.withFileLock(KeyValueStore.kt:62)
	at maestro.cli.db.KeyValueStore.set(KeyValueStore.kt:20)
	at maestro.cli.session.SessionStore.heartbeat(SessionStore.kt:12)
	at maestro.cli.session.MaestroSessionManager.newSession$lambda$0(MaestroSessionManager.kt:98)
	at java.base/java.util.concurrent.Executors$RunnableAdapter.call(Executors.java:545)
	at java.base/java.util.concurrent.FutureTask.runAndReset(FutureTask.java:371)
	at java.base/java.util.concurrent.ScheduledThreadPoolExecutor$ScheduledFutureTask.run(ScheduledThreadPoolExecutor.java:310)
	at java.base/java.util.concurrent.ThreadPoolExecutor.runWorker(ThreadPoolExecutor.java:1090)
	at java.base/java.util.concurrent.ThreadPoolExecutor$Worker.run(ThreadPoolExecutor.java:614)
	at java.base/java.lang.Thread.run(Thread.java:1516)
14:02:55.183 [ INFO] maestro.Maestro.hierarchyBasedTap-ogj28Uc: Something has changed in the UI judging by view hierarchy. Proceed.
14:02:55.183 [ INFO] maestro.cli.runner.MaestroCommandRunner.runCommands$lambda$2: Tap on "My bookings" COMPLETED
14:02:55.184 [ INFO] maestro.cli.runner.MaestroCommandRunner.runCommands$lambda$0: Assert that "My Bookings" is visible RUNNING
14:02:55.184 [ INFO] maestro.cli.runner.MaestroCommandRunner.runCommands$lambda$11: Assert that "My Bookings" is visible metadata CommandMetadata(numberOfRuns=null, evaluatedCommand=MaestroCommand(assertConditionCommand=AssertConditionCommand(condition=Condition(platform=null, visible=ElementSelector(textRegex=My Bookings, idRegex=null, size=null, below=null, above=null, leftOf=null, rightOf=null, containsChild=null, containsDescendants=null, traits=null, index=null, enabled=null, optional=false, selected=null, checked=null, focused=null, childOf=null, css=null), notVisible=null, scriptCondition=null, label=null), timeout=45000, label=null, optional=false)), logMessages=[], insight=Insight(message=, level=NONE), aiReasoning=null, labeledCommand=null)
14:02:55.341 [ INFO] maestro.cli.runner.MaestroCommandRunner.runCommands$lambda$2: Assert that "My Bookings" is visible COMPLETED
14:02:55.342 [ INFO] maestro.cli.runner.MaestroCommandRunner.runCommands$lambda$0: Tap on "All\s*Tab 1 of 4" RUNNING
14:02:55.342 [ INFO] maestro.cli.runner.MaestroCommandRunner.runCommands$lambda$11: Tap on "All\s*Tab 1 of 4" metadata CommandMetadata(numberOfRuns=null, evaluatedCommand=MaestroCommand(tapOnElementCommand=TapOnElementCommand(selector=ElementSelector(textRegex=All\s*Tab 1 of 4, idRegex=null, size=null, below=null, above=null, leftOf=null, rightOf=null, containsChild=null, containsDescendants=null, traits=null, index=null, enabled=null, optional=false, selected=null, checked=null, focused=null, childOf=null, css=null), retryIfNoChange=false, waitUntilVisible=false, longPress=false, repeat=null, waitToSettleTimeoutMs=null, relativePoint=null, label=null, optional=false)), logMessages=[], insight=Insight(message=, level=NONE), aiReasoning=null, labeledCommand=null)
14:02:55.496 [ INFO] maestro.Maestro.tap-HgV9Ck0: Tapping on element:  UiElement(treeNode=TreeNode(attributes={text=, accessibilityText=All
Tab 1 of 4, hintText=, ignoreBoundsFiltering=false, resource-id=, clickable=true, bounds=[42,321][315,447], enabled=true, focused=false, checked=false, scrollable=false, selected=true, class=android.view.View, important-for-accessibility=true, error=}, children=[], clickable=true, enabled=true, focused=false, checked=false, selected=true), bounds=Bounds(x=42, y=321, width=273, height=126))
14:02:56.750 [ INFO] maestro.Maestro.tap-HgV9Ck0: Tap aimed via settled hierarchy
14:02:56.751 [ INFO] maestro.Maestro.hierarchyBasedTap-ogj28Uc: Tapping at (178, 384) using hierarchy based logic for wait
14:02:57.942 [ INFO] maestro.cli.runner.MaestroCommandRunner.runCommands$lambda$2: Tap on "All\s*Tab 1 of 4" COMPLETED
14:02:57.943 [ INFO] maestro.cli.runner.MaestroCommandRunner.runCommands$lambda$0: Assert that "(?s).*Unit code.*" is visible RUNNING
14:02:57.943 [ INFO] maestro.cli.runner.MaestroCommandRunner.runCommands$lambda$11: Assert that "(?s).*Unit code.*" is visible metadata CommandMetadata(numberOfRuns=null, evaluatedCommand=MaestroCommand(assertConditionCommand=AssertConditionCommand(condition=Condition(platform=null, visible=ElementSelector(textRegex=(?s).*Unit code.*, idRegex=null, size=null, below=null, above=null, leftOf=null, rightOf=null, containsChild=null, containsDescendants=null, traits=null, index=null, enabled=null, optional=false, selected=null, checked=null, focused=null, childOf=null, css=null), notVisible=null, scriptCondition=null, label=null), timeout=60000, label=null, optional=false)), logMessages=[], insight=Insight(message=, level=NONE), aiReasoning=null, labeledCommand=null)
14:02:59.586 [ERROR] maestro.cli.session.MaestroSessionManager.newSession$lambda$0: Failed to record heartbeat
java.io.IOException: The process cannot access the file because another process has locked a portion of the file
	at java.base/java.io.FileOutputStream.writeBytes(Native Method)
	at java.base/java.io.FileOutputStream.write(FileOutputStream.java:332)
	at kotlin.io.FilesKt__FileReadWriteKt.writeTextImpl(FileReadWrite.kt:160)
	at kotlin.io.FilesKt__FileReadWriteKt.writeText(FileReadWrite.kt:145)
	at kotlin.io.FilesKt__FileReadWriteKt.writeText$default(FileReadWrite.kt:144)
	at maestro.cli.db.KeyValueStore.commit(KeyValueStore.kt:50)
	at maestro.cli.db.KeyValueStore.set$lambda$3$lambda$2(KeyValueStore.kt:23)
	at maestro.cli.db.KeyValueStore.withFileLock(KeyValueStore.kt:62)
	at maestro.cli.db.KeyValueStore.set(KeyValueStore.kt:20)
	at maestro.cli.session.SessionStore.heartbeat(SessionStore.kt:12)
	at maestro.cli.session.MaestroSessionManager.newSession$lambda$0(MaestroSessionManager.kt:98)
	at java.base/java.util.concurrent.Executors$RunnableAdapter.call(Executors.java:545)
	at java.base/java.util.concurrent.FutureTask.runAndReset(FutureTask.java:371)
	at java.base/java.util.concurrent.ScheduledThreadPoolExecutor$ScheduledFutureTask.run(ScheduledThreadPoolExecutor.java:310)
	at java.base/java.util.concurrent.ThreadPoolExecutor.runWorker(ThreadPoolExecutor.java:1090)
	at java.base/java.util.concurrent.ThreadPoolExecutor$Worker.run(ThreadPoolExecutor.java:614)
	at java.base/java.lang.Thread.run(Thread.java:1516)
14:03:01.009 [ INFO] maestro.cli.runner.MaestroCommandRunner.runCommands$lambda$2: Assert that "(?s).*Unit code.*" is visible COMPLETED
14:03:01.014 [ INFO] maestro.cli.runner.MaestroCommandRunner.runCommands$lambda$0: Take screenshot probe-acc007b-A-all-tab RUNNING
14:03:01.014 [ INFO] maestro.cli.runner.MaestroCommandRunner.runCommands$lambda$11: Take screenshot probe-acc007b-A-all-tab metadata CommandMetadata(numberOfRuns=null, evaluatedCommand=MaestroCommand(takeScreenshotCommand=TakeScreenshotCommand(path=probe-acc007b-A-all-tab, cropOn=null, label=null, optional=false)), logMessages=[], insight=Insight(message=, level=NONE), aiReasoning=null, labeledCommand=null)
14:03:01.018 [ INFO] maestro.Maestro.takeScreenshot: Taking screenshot
14:03:01.024 [TRACE] maestro.utils.ScreenshotUtils.takeScreenshot: Taking screenshot to output sink
14:03:01.125 [ INFO] maestro.cli.runner.MaestroCommandRunner.runCommands$lambda$2: Take screenshot probe-acc007b-A-all-tab COMPLETED
14:03:01.126 [ INFO] maestro.cli.runner.MaestroCommandRunner.runCommands$lambda$0: Run ${console.log('PROBE ACC-007b: ALL tab captured with content')} RUNNING
14:03:01.126 [ INFO] maestro.cli.runner.MaestroCommandRunner.runCommands$lambda$11: Run ${console.log('PROBE ACC-007b: ALL tab captured with content')} metadata CommandMetadata(numberOfRuns=null, evaluatedCommand=MaestroCommand(evalScriptCommand=EvalScriptCommand(scriptString=${console.log('PROBE ACC-007b: ALL tab captured with content')}, label=null, optional=false)), logMessages=[], insight=Insight(message=, level=NONE), aiReasoning=null, labeledCommand=null)
14:03:01.132 [ INFO] maestro.cli.runner.MaestroCommandRunner.runCommands$lambda$11: Run ${console.log('PROBE ACC-007b: ALL tab captured with content')} metadata CommandMetadata(numberOfRuns=null, evaluatedCommand=MaestroCommand(evalScriptCommand=EvalScriptCommand(scriptString=${console.log('PROBE ACC-007b: ALL tab captured with content')}, label=null, optional=false)), logMessages=[PROBE ACC-007b: ALL tab captured with content], insight=Insight(message=, level=NONE), aiReasoning=null, labeledCommand=null)
14:03:01.133 [ INFO] maestro.orchestra.Orchestra.executeCommands$lambda$23$lambda$21: JsConsole: PROBE ACC-007b: ALL tab captured with content
14:03:01.134 [ INFO] maestro.cli.runner.MaestroCommandRunner.runCommands$lambda$2: Run ${console.log('PROBE ACC-007b: ALL tab captured with content')} COMPLETED
14:03:01.135 [ INFO] maestro.cli.runner.MaestroCommandRunner.runCommands$lambda$0: Tap on "Completed\s*Tab 3 of 4" RUNNING
14:03:01.135 [ INFO] maestro.cli.runner.MaestroCommandRunner.runCommands$lambda$11: Tap on "Completed\s*Tab 3 of 4" metadata CommandMetadata(numberOfRuns=null, evaluatedCommand=MaestroCommand(tapOnElementCommand=TapOnElementCommand(selector=ElementSelector(textRegex=Completed\s*Tab 3 of 4, idRegex=null, size=null, below=null, above=null, leftOf=null, rightOf=null, containsChild=null, containsDescendants=null, traits=null, index=null, enabled=null, optional=false, selected=null, checked=null, focused=null, childOf=null, css=null), retryIfNoChange=false, waitUntilVisible=false, longPress=false, repeat=null, waitToSettleTimeoutMs=null, relativePoint=null, label=null, optional=false)), logMessages=[], insight=Insight(message=, level=NONE), aiReasoning=null, labeledCommand=null)
14:03:01.296 [ INFO] maestro.Maestro.tap-HgV9Ck0: Tapping on element:  UiElement(treeNode=TreeNode(attributes={text=, accessibilityText=Completed
Tab 3 of 4, hintText=, ignoreBoundsFiltering=false, resource-id=, clickable=true, bounds=[588,321][861,447], enabled=true, focused=false, checked=false, scrollable=false, selected=false, class=android.view.View, important-for-accessibility=true, error=}, children=[], clickable=true, enabled=true, focused=false, checked=false, selected=false), bounds=Bounds(x=588, y=321, width=273, height=126))
14:03:02.622 [ INFO] maestro.Maestro.tap-HgV9Ck0: Tap aimed via settled hierarchy
14:03:02.636 [ INFO] maestro.Maestro.hierarchyBasedTap-ogj28Uc: Tapping at (724, 384) using hierarchy based logic for wait
14:03:03.841 [ INFO] maestro.Maestro.hierarchyBasedTap-ogj28Uc: Something has changed in the UI judging by view hierarchy. Proceed.
14:03:03.841 [ INFO] maestro.cli.runner.MaestroCommandRunner.runCommands$lambda$2: Tap on "Completed\s*Tab 3 of 4" COMPLETED
14:03:03.843 [ INFO] maestro.cli.runner.MaestroCommandRunner.runCommands$lambda$0: Assert that "(?s).*(Unit code|don.t have any completed booking).*" is visible RUNNING
14:03:03.844 [ INFO] maestro.cli.runner.MaestroCommandRunner.runCommands$lambda$11: Assert that "(?s).*(Unit code|don.t have any completed booking).*" is visible metadata CommandMetadata(numberOfRuns=null, evaluatedCommand=MaestroCommand(assertConditionCommand=AssertConditionCommand(condition=Condition(platform=null, visible=ElementSelector(textRegex=(?s).*(Unit code|don.t have any completed booking).*, idRegex=null, size=null, below=null, above=null, leftOf=null, rightOf=null, containsChild=null, containsDescendants=null, traits=null, index=null, enabled=null, optional=false, selected=null, checked=null, focused=null, childOf=null, css=null), notVisible=null, scriptCondition=null, label=null), timeout=60000, label=null, optional=false)), logMessages=[], insight=Insight(message=, level=NONE), aiReasoning=null, labeledCommand=null)
14:03:03.977 [ INFO] maestro.cli.runner.MaestroCommandRunner.runCommands$lambda$2: Assert that "(?s).*(Unit code|don.t have any completed booking).*" is visible COMPLETED
14:03:03.979 [ INFO] maestro.cli.runner.MaestroCommandRunner.runCommands$lambda$0: Take screenshot probe-acc007b-B-completed-tab RUNNING
14:03:03.979 [ INFO] maestro.cli.runner.MaestroCommandRunner.runCommands$lambda$11: Take screenshot probe-acc007b-B-completed-tab metadata CommandMetadata(numberOfRuns=null, evaluatedCommand=MaestroCommand(takeScreenshotCommand=TakeScreenshotCommand(path=probe-acc007b-B-completed-tab, cropOn=null, label=null, optional=false)), logMessages=[], insight=Insight(message=, level=NONE), aiReasoning=null, labeledCommand=null)
14:03:03.983 [ INFO] maestro.Maestro.takeScreenshot: Taking screenshot
14:03:03.987 [TRACE] maestro.utils.ScreenshotUtils.takeScreenshot: Taking screenshot to output sink
14:03:04.082 [ INFO] maestro.cli.runner.MaestroCommandRunner.runCommands$lambda$2: Take screenshot probe-acc007b-B-completed-tab COMPLETED
14:03:04.083 [ INFO] maestro.cli.runner.MaestroCommandRunner.runCommands$lambda$0: Run ${console.log('PROBE ACC-007b: COMPLETED tab captured')} RUNNING
14:03:04.083 [ INFO] maestro.cli.runner.MaestroCommandRunner.runCommands$lambda$11: Run ${console.log('PROBE ACC-007b: COMPLETED tab captured')} metadata CommandMetadata(numberOfRuns=null, evaluatedCommand=MaestroCommand(evalScriptCommand=EvalScriptCommand(scriptString=${console.log('PROBE ACC-007b: COMPLETED tab captured')}, label=null, optional=false)), logMessages=[], insight=Insight(message=, level=NONE), aiReasoning=null, labeledCommand=null)
14:03:04.085 [ INFO] maestro.cli.runner.MaestroCommandRunner.runCommands$lambda$11: Run ${console.log('PROBE ACC-007b: COMPLETED tab captured')} metadata CommandMetadata(numberOfRuns=null, evaluatedCommand=MaestroCommand(evalScriptCommand=EvalScriptCommand(scriptString=${console.log('PROBE ACC-007b: COMPLETED tab captured')}, label=null, optional=false)), logMessages=[PROBE ACC-007b: COMPLETED tab captured], insight=Insight(message=, level=NONE), aiReasoning=null, labeledCommand=null)
14:03:04.085 [ INFO] maestro.orchestra.Orchestra.executeCommands$lambda$23$lambda$21: JsConsole: PROBE ACC-007b: COMPLETED tab captured
14:03:04.085 [ INFO] maestro.cli.runner.MaestroCommandRunner.runCommands$lambda$2: Run ${console.log('PROBE ACC-007b: COMPLETED tab captured')} COMPLETED
14:03:04.086 [ INFO] maestro.cli.runner.MaestroCommandRunner.runCommands$lambda$0: Tap on "Active\s*Tab 2 of 4" RUNNING
14:03:04.086 [ INFO] maestro.cli.runner.MaestroCommandRunner.runCommands$lambda$11: Tap on "Active\s*Tab 2 of 4" metadata CommandMetadata(numberOfRuns=null, evaluatedCommand=MaestroCommand(tapOnElementCommand=TapOnElementCommand(selector=ElementSelector(textRegex=Active\s*Tab 2 of 4, idRegex=null, size=null, below=null, above=null, leftOf=null, rightOf=null, containsChild=null, containsDescendants=null, traits=null, index=null, enabled=null, optional=false, selected=null, checked=null, focused=null, childOf=null, css=null), retryIfNoChange=false, waitUntilVisible=false, longPress=false, repeat=null, waitToSettleTimeoutMs=null, relativePoint=null, label=null, optional=false)), logMessages=[], insight=Insight(message=, level=NONE), aiReasoning=null, labeledCommand=null)
14:03:04.226 [ INFO] maestro.Maestro.tap-HgV9Ck0: Tapping on element:  UiElement(treeNode=TreeNode(attributes={text=, accessibilityText=Active
Tab 2 of 4, hintText=, ignoreBoundsFiltering=false, resource-id=, clickable=true, bounds=[219,321][492,447], enabled=true, focused=false, checked=false, scrollable=false, selected=false, class=android.view.View, important-for-accessibility=true, error=}, children=[], clickable=true, enabled=true, focused=false, checked=false, selected=false), bounds=Bounds(x=219, y=321, width=273, height=126))
14:03:04.579 [ERROR] maestro.cli.session.MaestroSessionManager.newSession$lambda$0: Failed to record heartbeat
java.io.IOException: The process cannot access the file because another process has locked a portion of the file
	at java.base/java.io.FileOutputStream.writeBytes(Native Method)
	at java.base/java.io.FileOutputStream.write(FileOutputStream.java:332)
	at kotlin.io.FilesKt__FileReadWriteKt.writeTextImpl(FileReadWrite.kt:160)
	at kotlin.io.FilesKt__FileReadWriteKt.writeText(FileReadWrite.kt:145)
	at kotlin.io.FilesKt__FileReadWriteKt.writeText$default(FileReadWrite.kt:144)
	at maestro.cli.db.KeyValueStore.commit(KeyValueStore.kt:50)
	at maestro.cli.db.KeyValueStore.set$lambda$3$lambda$2(KeyValueStore.kt:23)
	at maestro.cli.db.KeyValueStore.withFileLock(KeyValueStore.kt:62)
	at maestro.cli.db.KeyValueStore.set(KeyValueStore.kt:20)
	at maestro.cli.session.SessionStore.heartbeat(SessionStore.kt:12)
	at maestro.cli.session.MaestroSessionManager.newSession$lambda$0(MaestroSessionManager.kt:98)
	at java.base/java.util.concurrent.Executors$RunnableAdapter.call(Executors.java:545)
	at java.base/java.util.concurrent.FutureTask.runAndReset(FutureTask.java:371)
	at java.base/java.util.concurrent.ScheduledThreadPoolExecutor$ScheduledFutureTask.run(ScheduledThreadPoolExecutor.java:310)
	at java.base/java.util.concurrent.ThreadPoolExecutor.runWorker(ThreadPoolExecutor.java:1090)
	at java.base/java.util.concurrent.ThreadPoolExecutor$Worker.run(ThreadPoolExecutor.java:614)
	at java.base/java.lang.Thread.run(Thread.java:1516)
14:03:05.513 [ INFO] maestro.Maestro.tap-HgV9Ck0: Tap aimed via settled hierarchy
14:03:05.527 [ INFO] maestro.Maestro.hierarchyBasedTap-ogj28Uc: Tapping at (355, 384) using hierarchy based logic for wait
14:03:06.791 [ INFO] maestro.Maestro.hierarchyBasedTap-ogj28Uc: Something has changed in the UI judging by view hierarchy. Proceed.
14:03:06.791 [ INFO] maestro.cli.runner.MaestroCommandRunner.runCommands$lambda$2: Tap on "Active\s*Tab 2 of 4" COMPLETED
14:03:06.792 [ INFO] maestro.cli.runner.MaestroCommandRunner.runCommands$lambda$0: Assert that "(?s).*(Unit code|don.t have any active booking).*" is visible RUNNING
14:03:06.792 [ INFO] maestro.cli.runner.MaestroCommandRunner.runCommands$lambda$11: Assert that "(?s).*(Unit code|don.t have any active booking).*" is visible metadata CommandMetadata(numberOfRuns=null, evaluatedCommand=MaestroCommand(assertConditionCommand=AssertConditionCommand(condition=Condition(platform=null, visible=ElementSelector(textRegex=(?s).*(Unit code|don.t have any active booking).*, idRegex=null, size=null, below=null, above=null, leftOf=null, rightOf=null, containsChild=null, containsDescendants=null, traits=null, index=null, enabled=null, optional=false, selected=null, checked=null, focused=null, childOf=null, css=null), notVisible=null, scriptCondition=null, label=null), timeout=60000, label=null, optional=false)), logMessages=[], insight=Insight(message=, level=NONE), aiReasoning=null, labeledCommand=null)
14:03:07.233 [ INFO] maestro.cli.runner.MaestroCommandRunner.runCommands$lambda$2: Assert that "(?s).*(Unit code|don.t have any active booking).*" is visible COMPLETED
14:03:07.234 [ INFO] maestro.cli.runner.MaestroCommandRunner.runCommands$lambda$0: Take screenshot probe-acc007b-C-active-tab RUNNING
14:03:07.234 [ INFO] maestro.cli.runner.MaestroCommandRunner.runCommands$lambda$11: Take screenshot probe-acc007b-C-active-tab metadata CommandMetadata(numberOfRuns=null, evaluatedCommand=MaestroCommand(takeScreenshotCommand=TakeScreenshotCommand(path=probe-acc007b-C-active-tab, cropOn=null, label=null, optional=false)), logMessages=[], insight=Insight(message=, level=NONE), aiReasoning=null, labeledCommand=null)
14:03:07.257 [ INFO] maestro.Maestro.takeScreenshot: Taking screenshot
14:03:07.270 [TRACE] maestro.utils.ScreenshotUtils.takeScreenshot: Taking screenshot to output sink
14:03:07.421 [ INFO] maestro.cli.runner.MaestroCommandRunner.runCommands$lambda$2: Take screenshot probe-acc007b-C-active-tab COMPLETED
14:03:07.422 [ INFO] maestro.cli.runner.MaestroCommandRunner.runCommands$lambda$0: Run ${console.log('PROBE ACC-007b: ACTIVE tab captured')} RUNNING
14:03:07.422 [ INFO] maestro.cli.runner.MaestroCommandRunner.runCommands$lambda$11: Run ${console.log('PROBE ACC-007b: ACTIVE tab captured')} metadata CommandMetadata(numberOfRuns=null, evaluatedCommand=MaestroCommand(evalScriptCommand=EvalScriptCommand(scriptString=${console.log('PROBE ACC-007b: ACTIVE tab captured')}, label=null, optional=false)), logMessages=[], insight=Insight(message=, level=NONE), aiReasoning=null, labeledCommand=null)
14:03:07.427 [ INFO] maestro.cli.runner.MaestroCommandRunner.runCommands$lambda$11: Run ${console.log('PROBE ACC-007b: ACTIVE tab captured')} metadata CommandMetadata(numberOfRuns=null, evaluatedCommand=MaestroCommand(evalScriptCommand=EvalScriptCommand(scriptString=${console.log('PROBE ACC-007b: ACTIVE tab captured')}, label=null, optional=false)), logMessages=[PROBE ACC-007b: ACTIVE tab captured], insight=Insight(message=, level=NONE), aiReasoning=null, labeledCommand=null)
14:03:07.427 [ INFO] maestro.orchestra.Orchestra.executeCommands$lambda$23$lambda$21: JsConsole: PROBE ACC-007b: ACTIVE tab captured
14:03:07.428 [ INFO] maestro.cli.runner.MaestroCommandRunner.runCommands$lambda$2: Run ${console.log('PROBE ACC-007b: ACTIVE tab captured')} COMPLETED
