11:14:39.605 [ INFO] maestro.cli.report.TestDebugReporter.logSystemInfo: Debug output path: C:\Users\Mohammed Elkatry\.maestro\tests\2026-09-10_111439
11:14:39.608 [ INFO] MAESTRO.logSystemInfo: ---- System Info ----
11:14:39.609 [ INFO] MAESTRO.logSystemInfo: Maestro Version: 2.9.0
11:14:39.609 [ INFO] MAESTRO.logSystemInfo: CI: Undefined
11:14:39.610 [ INFO] MAESTRO.logSystemInfo: OS Name: Windows 11
11:14:39.610 [ INFO] MAESTRO.logSystemInfo: OS Version: 10.0
11:14:39.610 [ INFO] MAESTRO.logSystemInfo: Architecture: amd64
11:14:39.612 [ INFO] MAESTRO.logSystemInfo: Java Version: 26
11:14:39.613 [ INFO] MAESTRO.logSystemInfo: Xcode Version: null
11:14:39.616 [ INFO] MAESTRO.logSystemInfo: Flutter Version: Undefined
11:14:39.620 [ INFO] MAESTRO.logSystemInfo: Flutter Channel: Undefined
11:14:39.620 [ INFO] MAESTRO.logSystemInfo: ---------------------
11:14:40.487 [ INFO] maestro.cli.command.TestCommand.runShardSuite: [shard 1] Selected device emulator-5554 using port 61166 with execution plan ExecutionPlan(flowsToRun=[D:\Automation\Maestro-Mobile\.maestro\home.yaml], sequence=FlowSequence(flows=[], continueOnFailure=true), workspaceConfig=WorkspaceConfig(flows=null, includeTags=null, excludeTags=null, executionOrder=null, baselineBranch=null, notifications=null, disableRetries=false, platform=PlatformConfiguration(android=AndroidConfiguration(disableAnimations=false), ios=IOSConfiguration(disableAnimations=false, snapshotKeyHonorModalViews=null)), testOutputDir=null))
11:14:40.516 [DEBUG] io.micrometer.common.util.internal.logging.InternalLoggerFactory.newDefaultFactory: Using SLF4J as the default logging framework
11:14:40.564 [ERROR] maestro.cli.session.MaestroSessionManager.newSession$lambda$0: Failed to record heartbeat
java.io.IOException: The process cannot access the file because another process has locked a portion of the file
	at java.base/java.io.FileOutputStream.writeBytes(Native Method)
	at java.base/java.io.FileOutputStream.write(FileOutputStream.java:332)
	at kotlin.io.FilesKt__FileReadWriteKt.writeTextImpl(FileReadWrite.kt:160)
	at kotlin.io.FilesKt__FileReadWriteKt.writeText(FileReadWrite.kt:145)
	at kotlin.io.FilesKt__FileReadWriteKt.writeText$default(FileReadWrite.kt:144)
	at maestro.cli.db.KeyValueStore.commit(KeyValueStore.kt:50)
	at maestro.cli.db.KeyValueStore.set$lambda$3$lambda$2(KeyValueStore.kt:23)
	at maestro.cli.db.KeyValueStore.withFileLock(KeyValueStore.kt:62)
	at maestro.cli.db.KeyValueStore.set(KeyValueStore.kt:20)
	at maestro.cli.session.SessionStore.heartbeat(SessionStore.kt:12)
	at maestro.cli.session.MaestroSessionManager.newSession$lambda$0(MaestroSessionManager.kt:98)
	at java.base/java.util.concurrent.Executors$RunnableAdapter.call(Executors.java:545)
	at java.base/java.util.concurrent.FutureTask.runAndReset(FutureTask.java:371)
	at java.base/java.util.concurrent.ScheduledThreadPoolExecutor$ScheduledFutureTask.run(ScheduledThreadPoolExecutor.java:310)
	at java.base/java.util.concurrent.ThreadPoolExecutor.runWorker(ThreadPoolExecutor.java:1090)
	at java.base/java.util.concurrent.ThreadPoolExecutor$Worker.run(ThreadPoolExecutor.java:614)
	at java.base/java.lang.Thread.run(Thread.java:1516)
11:14:42.608 [ INFO] maestro.cli.runner.TestRunner.runSingle: Running flow home.yaml...
11:14:42.648 [ INFO] maestro.Maestro.cachedDeviceInfo_delegate$lambda$0: Getting device info
11:14:42.805 [ INFO] maestro.Maestro.cachedDeviceInfo_delegate$lambda$0: Got device info: DeviceInfo(platform=ANDROID, widthPixels=1080, heightPixels=2400, widthGrid=1080, heightGrid=2400)
11:14:42.897 [ INFO] maestro.cli.runner.MaestroCommandRunner.runCommands$lambda$0: Define variables RUNNING
11:14:42.903 [ INFO] maestro.cli.runner.MaestroCommandRunner.runCommands$lambda$11: Define variables metadata CommandMetadata(numberOfRuns=null, evaluatedCommand=MaestroCommand(defineVariablesCommand=DefineVariablesCommand(env={MAESTRO_FILENAME=home, MAESTRO_DEVICE_UDID=emulator-5554, MAESTRO_SHARD_ID=1, MAESTRO_SHARD_INDEX=0}, label=null, optional=false)), logMessages=[], insight=Insight(message=, level=NONE), aiReasoning=null, labeledCommand=null)
11:14:42.906 [ INFO] maestro.cli.runner.MaestroCommandRunner.runCommands$lambda$2: Define variables COMPLETED
11:14:42.909 [ INFO] maestro.cli.runner.MaestroCommandRunner.runCommands$lambda$0: Apply configuration RUNNING
11:14:42.913 [ INFO] maestro.cli.runner.MaestroCommandRunner.runCommands$lambda$11: Apply configuration metadata CommandMetadata(numberOfRuns=null, evaluatedCommand=MaestroCommand(applyConfigurationCommand=ApplyConfigurationCommand(config=MaestroConfig(appId=fi.iwa.sakani, name=HOME-001 Home renders with four tabs, HOME-005 featured unit opens details, SRV-001 Services catalogue, NAV-001 back unwinds, QA-004 paid-service fee disclosed, HOME-006 Home personalises after login, tags=[], ext={}, onFlowStart=null, onFlowComplete=null, properties={}), label=null, optional=false)), logMessages=[], insight=Insight(message=, level=NONE), aiReasoning=null, labeledCommand=null)
11:14:42.914 [ INFO] maestro.cli.runner.MaestroCommandRunner.runCommands$lambda$2: Apply configuration COMPLETED
11:14:42.915 [ INFO] maestro.cli.runner.MaestroCommandRunner.runCommands$lambda$0: Launch app "fi.iwa.sakani" with clear state RUNNING
11:14:42.918 [ INFO] maestro.cli.runner.MaestroCommandRunner.runCommands$lambda$11: Launch app "fi.iwa.sakani" with clear state metadata CommandMetadata(numberOfRuns=null, evaluatedCommand=MaestroCommand(launchAppCommand=LaunchAppCommand(appId=fi.iwa.sakani, clearState=true, clearKeychain=null, stopApp=null, permissions=null, launchArguments=null, label=null, optional=false)), logMessages=[], insight=Insight(message=, level=NONE), aiReasoning=null, labeledCommand=null)
11:14:42.920 [ INFO] maestro.Maestro.clearAppState$lambda$8: Clearing app state fi.iwa.sakani
11:14:45.561 [ERROR] maestro.cli.session.MaestroSessionManager.newSession$lambda$0: Failed to record heartbeat
java.io.IOException: The process cannot access the file because another process has locked a portion of the file
	at java.base/java.io.FileOutputStream.writeBytes(Native Method)
	at java.base/java.io.FileOutputStream.write(FileOutputStream.java:332)
	at kotlin.io.FilesKt__FileReadWriteKt.writeTextImpl(FileReadWrite.kt:160)
	at kotlin.io.FilesKt__FileReadWriteKt.writeText(FileReadWrite.kt:145)
	at kotlin.io.FilesKt__FileReadWriteKt.writeText$default(FileReadWrite.kt:144)
	at maestro.cli.db.KeyValueStore.commit(KeyValueStore.kt:50)
	at maestro.cli.db.KeyValueStore.set$lambda$3$lambda$2(KeyValueStore.kt:23)
	at maestro.cli.db.KeyValueStore.withFileLock(KeyValueStore.kt:62)
	at maestro.cli.db.KeyValueStore.set(KeyValueStore.kt:20)
	at maestro.cli.session.SessionStore.heartbeat(SessionStore.kt:12)
	at maestro.cli.session.MaestroSessionManager.newSession$lambda$0(MaestroSessionManager.kt:98)
	at java.base/java.util.concurrent.Executors$RunnableAdapter.call(Executors.java:545)
	at java.base/java.util.concurrent.FutureTask.runAndReset(FutureTask.java:371)
	at java.base/java.util.concurrent.ScheduledThreadPoolExecutor$ScheduledFutureTask.run(ScheduledThreadPoolExecutor.java:310)
	at java.base/java.util.concurrent.ThreadPoolExecutor.runWorker(ThreadPoolExecutor.java:1090)
	at java.base/java.util.concurrent.ThreadPoolExecutor$Worker.run(ThreadPoolExecutor.java:614)
	at java.base/java.lang.Thread.run(Thread.java:1516)
11:14:47.479 [DEBUG] maestro.Maestro.setPermissionInternal: Failed to set permission android.permission.READ_EXTERNAL_STORAGE for app fi.iwa.sakani: shell command failed (exit -1): 
Exception occurred while executing 'grant':
java.lang.SecurityException: Package fi.iwa.sakani has not requested permission android.permission.READ_EXTERNAL_STORAGE
	at com.android.server.pm.permission.PermissionManagerServiceImpl.grantRuntimePermissionInternal(PermissionManagerServiceImpl.java:1423)
	at com.android.server.pm.permission.PermissionManagerServiceImpl.grantRuntimePermission(PermissionManagerServiceImpl.java:1337)
	at com.android.server.pm.permission.PermissionManagerService.grantRuntimePermission(PermissionManagerService.java:551)
	at android.permission.PermissionManager.grantRuntimePermission(PermissionManager.java:609)
	at com.android.server.pm.PackageManagerShellCommand.runGrantRevokePermission(PackageManagerShellCommand.java:2672)
	at com.android.server.pm.PackageManagerShellCommand.onCommand(PackageManagerShellCommand.java:291)
	at com.android.modules.utils.BasicShellCommandHandler.exec(BasicShellCommandHandler.java:97)
	at android.os.ShellCommand.exec(ShellCommand.java:38)
	at com.android.server.pm.PackageManagerService$IPackageManagerImpl.onShellCommand(PackageManagerService.java:6350)
	at android.os.Binder.shellCommand(Binder.java:1068)
	at android.os.Binder.onTransact(Binder.java:888)
	at android.content.pm.IPackageManager$Stub.onTransact(IPackageManager.java:4352)
	at com.android.server.pm.PackageManagerService$IPackageManagerImpl.onTransact(PackageManagerService.java:6334)
	at android.os.Binder.execTransactInternal(Binder.java:1344)
	at android.os.Binder.execTransact(Binder.java:1275)

11:14:47.501 [DEBUG] maestro.Maestro.setPermissionInternal: Failed to set permission android.permission.WRITE_EXTERNAL_STORAGE for app fi.iwa.sakani: shell command failed (exit -1): 
Exception occurred while executing 'grant':
java.lang.SecurityException: Package fi.iwa.sakani has not requested permission android.permission.WRITE_EXTERNAL_STORAGE
	at com.android.server.pm.permission.PermissionManagerServiceImpl.grantRuntimePermissionInternal(PermissionManagerServiceImpl.java:1423)
	at com.android.server.pm.permission.PermissionManagerServiceImpl.grantRuntimePermission(PermissionManagerServiceImpl.java:1337)
	at com.android.server.pm.permission.PermissionManagerService.grantRuntimePermission(PermissionManagerService.java:551)
	at android.permission.PermissionManager.grantRuntimePermission(PermissionManager.java:609)
	at com.android.server.pm.PackageManagerShellCommand.runGrantRevokePermission(PackageManagerShellCommand.java:2672)
	at com.android.server.pm.PackageManagerShellCommand.onCommand(PackageManagerShellCommand.java:291)
	at com.android.modules.utils.BasicShellCommandHandler.exec(BasicShellCommandHandler.java:97)
	at android.os.ShellCommand.exec(ShellCommand.java:38)
	at com.android.server.pm.PackageManagerService$IPackageManagerImpl.onShellCommand(PackageManagerService.java:6350)
	at android.os.Binder.shellCommand(Binder.java:1068)
	at android.os.Binder.onTransact(Binder.java:888)
	at android.content.pm.IPackageManager$Stub.onTransact(IPackageManager.java:4352)
	at com.android.server.pm.PackageManagerService$IPackageManagerImpl.onTransact(PackageManagerService.java:6334)
	at android.os.Binder.execTransactInternal(Binder.java:1344)
	at android.os.Binder.execTransact(Binder.java:1275)

11:14:47.648 [DEBUG] maestro.Maestro.setPermissionInternal: Failed to set permission com.sec.android.provider.badge.permission.READ for app fi.iwa.sakani: shell command failed (exit -1): 
Exception occurred while executing 'grant':
java.lang.IllegalArgumentException: Unknown permission: com.sec.android.provider.badge.permission.READ
	at com.android.server.pm.permission.PermissionManagerServiceImpl.grantRuntimePermissionInternal(PermissionManagerServiceImpl.java:1380)
	at com.android.server.pm.permission.PermissionManagerServiceImpl.grantRuntimePermission(PermissionManagerServiceImpl.java:1337)
	at com.android.server.pm.permission.PermissionManagerService.grantRuntimePermission(PermissionManagerService.java:551)
	at android.permission.PermissionManager.grantRuntimePermission(PermissionManager.java:609)
	at com.android.server.pm.PackageManagerShellCommand.runGrantRevokePermission(PackageManagerShellCommand.java:2672)
	at com.android.server.pm.PackageManagerShellCommand.onCommand(PackageManagerShellCommand.java:291)
	at com.android.modules.utils.BasicShellCommandHandler.exec(BasicShellCommandHandler.java:97)
	at android.os.ShellCommand.exec(ShellCommand.java:38)
	at com.android.server.pm.PackageManagerService$IPackageManagerImpl.onShellCommand(PackageManagerService.java:6350)
	at android.os.Binder.shellCommand(Binder.java:1068)
	at android.os.Binder.onTransact(Binder.java:888)
	at android.content.pm.IPackageManager$Stub.onTransact(IPackageManager.java:4352)
	at com.android.server.pm.PackageManagerService$IPackageManagerImpl.onTransact(PackageManagerService.java:6334)
	at android.os.Binder.execTransactInternal(Binder.java:1344)
	at android.os.Binder.execTransact(Binder.java:1275)

11:14:47.665 [DEBUG] maestro.Maestro.setPermissionInternal: Failed to set permission com.sec.android.provider.badge.permission.WRITE for app fi.iwa.sakani: shell command failed (exit -1): 
Exception occurred while executing 'grant':
java.lang.IllegalArgumentException: Unknown permission: com.sec.android.provider.badge.permission.WRITE
	at com.android.server.pm.permission.PermissionManagerServiceImpl.grantRuntimePermissionInternal(PermissionManagerServiceImpl.java:1380)
	at com.android.server.pm.permission.PermissionManagerServiceImpl.grantRuntimePermission(PermissionManagerServiceImpl.java:1337)
	at com.android.server.pm.permission.PermissionManagerService.grantRuntimePermission(PermissionManagerService.java:551)
	at android.permission.PermissionManager.grantRuntimePermission(PermissionManager.java:609)
	at com.android.server.pm.PackageManagerShellCommand.runGrantRevokePermission(PackageManagerShellCommand.java:2672)
	at com.android.server.pm.PackageManagerShellCommand.onCommand(PackageManagerShellCommand.java:291)
	at com.android.modules.utils.BasicShellCommandHandler.exec(BasicShellCommandHandler.java:97)
	at android.os.ShellCommand.exec(ShellCommand.java:38)
	at com.android.server.pm.PackageManagerService$IPackageManagerImpl.onShellCommand(PackageManagerService.java:6350)
	at android.os.Binder.shellCommand(Binder.java:1068)
	at android.os.Binder.onTransact(Binder.java:888)
	at android.content.pm.IPackageManager$Stub.onTransact(IPackageManager.java:4352)
	at com.android.server.pm.PackageManagerService$IPackageManagerImpl.onTransact(PackageManagerService.java:6334)
	at android.os.Binder.execTransactInternal(Binder.java:1344)
	at android.os.Binder.execTransact(Binder.java:1275)

11:14:47.681 [DEBUG] maestro.Maestro.setPermissionInternal: Failed to set permission com.htc.launcher.permission.READ_SETTINGS for app fi.iwa.sakani: shell command failed (exit -1): 
Exception occurred while executing 'grant':
java.lang.IllegalArgumentException: Unknown permission: com.htc.launcher.permission.READ_SETTINGS
	at com.android.server.pm.permission.PermissionManagerServiceImpl.grantRuntimePermissionInternal(PermissionManagerServiceImpl.java:1380)
	at com.android.server.pm.permission.PermissionManagerServiceImpl.grantRuntimePermission(PermissionManagerServiceImpl.java:1337)
	at com.android.server.pm.permission.PermissionManagerService.grantRuntimePermission(PermissionManagerService.java:551)
	at android.permission.PermissionManager.grantRuntimePermission(PermissionManager.java:609)
	at com.android.server.pm.PackageManagerShellCommand.runGrantRevokePermission(PackageManagerShellCommand.java:2672)
	at com.android.server.pm.PackageManagerShellCommand.onCommand(PackageManagerShellCommand.java:291)
	at com.android.modules.utils.BasicShellCommandHandler.exec(BasicShellCommandHandler.java:97)
	at android.os.ShellCommand.exec(ShellCommand.java:38)
	at com.android.server.pm.PackageManagerService$IPackageManagerImpl.onShellCommand(PackageManagerService.java:6350)
	at android.os.Binder.shellCommand(Binder.java:1068)
	at android.os.Binder.onTransact(Binder.java:888)
	at android.content.pm.IPackageManager$Stub.onTransact(IPackageManager.java:4352)
	at com.android.server.pm.PackageManagerService$IPackageManagerImpl.onTransact(PackageManagerService.java:6334)
	at android.os.Binder.execTransactInternal(Binder.java:1344)
	at android.os.Binder.execTransact(Binder.java:1275)

11:14:47.697 [DEBUG] maestro.Maestro.setPermissionInternal: Failed to set permission com.htc.launcher.permission.UPDATE_SHORTCUT for app fi.iwa.sakani: shell command failed (exit -1): 
Exception occurred while executing 'grant':
java.lang.IllegalArgumentException: Unknown permission: com.htc.launcher.permission.UPDATE_SHORTCUT
	at com.android.server.pm.permission.PermissionManagerServiceImpl.grantRuntimePermissionInternal(PermissionManagerServiceImpl.java:1380)
	at com.android.server.pm.permission.PermissionManagerServiceImpl.grantRuntimePermission(PermissionManagerServiceImpl.java:1337)
	at com.android.server.pm.permission.PermissionManagerService.grantRuntimePermission(PermissionManagerService.java:551)
	at android.permission.PermissionManager.grantRuntimePermission(PermissionManager.java:609)
	at com.android.server.pm.PackageManagerShellCommand.runGrantRevokePermission(PackageManagerShellCommand.java:2672)
	at com.android.server.pm.PackageManagerShellCommand.onCommand(PackageManagerShellCommand.java:291)
	at com.android.modules.utils.BasicShellCommandHandler.exec(BasicShellCommandHandler.java:97)
	at android.os.ShellCommand.exec(ShellCommand.java:38)
	at com.android.server.pm.PackageManagerService$IPackageManagerImpl.onShellCommand(PackageManagerService.java:6350)
	at android.os.Binder.shellCommand(Binder.java:1068)
	at android.os.Binder.onTransact(Binder.java:888)
	at android.content.pm.IPackageManager$Stub.onTransact(IPackageManager.java:4352)
	at com.android.server.pm.PackageManagerService$IPackageManagerImpl.onTransact(PackageManagerService.java:6334)
	at android.os.Binder.execTransactInternal(Binder.java:1344)
	at android.os.Binder.execTransact(Binder.java:1275)

11:14:47.712 [DEBUG] maestro.Maestro.setPermissionInternal: Failed to set permission com.sonyericsson.home.permission.BROADCAST_BADGE for app fi.iwa.sakani: shell command failed (exit -1): 
Exception occurred while executing 'grant':
java.lang.IllegalArgumentException: Unknown permission: com.sonyericsson.home.permission.BROADCAST_BADGE
	at com.android.server.pm.permission.PermissionManagerServiceImpl.grantRuntimePermissionInternal(PermissionManagerServiceImpl.java:1380)
	at com.android.server.pm.permission.PermissionManagerServiceImpl.grantRuntimePermission(PermissionManagerServiceImpl.java:1337)
	at com.android.server.pm.permission.PermissionManagerService.grantRuntimePermission(PermissionManagerService.java:551)
	at android.permission.PermissionManager.grantRuntimePermission(PermissionManager.java:609)
	at com.android.server.pm.PackageManagerShellCommand.runGrantRevokePermission(PackageManagerShellCommand.java:2672)
	at com.android.server.pm.PackageManagerShellCommand.onCommand(PackageManagerShellCommand.java:291)
	at com.android.modules.utils.BasicShellCommandHandler.exec(BasicShellCommandHandler.java:97)
	at android.os.ShellCommand.exec(ShellCommand.java:38)
	at com.android.server.pm.PackageManagerService$IPackageManagerImpl.onShellCommand(PackageManagerService.java:6350)
	at android.os.Binder.shellCommand(Binder.java:1068)
	at android.os.Binder.onTransact(Binder.java:888)
	at android.content.pm.IPackageManager$Stub.onTransact(IPackageManager.java:4352)
	at com.android.server.pm.PackageManagerService$IPackageManagerImpl.onTransact(PackageManagerService.java:6334)
	at android.os.Binder.execTransactInternal(Binder.java:1344)
	at android.os.Binder.execTransact(Binder.java:1275)

11:14:47.729 [DEBUG] maestro.Maestro.setPermissionInternal: Failed to set permission com.sonymobile.home.permission.PROVIDER_INSERT_BADGE for app fi.iwa.sakani: shell command failed (exit -1): 
Exception occurred while executing 'grant':
java.lang.IllegalArgumentException: Unknown permission: com.sonymobile.home.permission.PROVIDER_INSERT_BADGE
	at com.android.server.pm.permission.PermissionManagerServiceImpl.grantRuntimePermissionInternal(PermissionManagerServiceImpl.java:1380)
	at com.android.server.pm.permission.PermissionManagerServiceImpl.grantRuntimePermission(PermissionManagerServiceImpl.java:1337)
	at com.android.server.pm.permission.PermissionManagerService.grantRuntimePermission(PermissionManagerService.java:551)
	at android.permission.PermissionManager.grantRuntimePermission(PermissionManager.java:609)
	at com.android.server.pm.PackageManagerShellCommand.runGrantRevokePermission(PackageManagerShellCommand.java:2672)
	at com.android.server.pm.PackageManagerShellCommand.onCommand(PackageManagerShellCommand.java:291)
	at com.android.modules.utils.BasicShellCommandHandler.exec(BasicShellCommandHandler.java:97)
	at android.os.ShellCommand.exec(ShellCommand.java:38)
	at com.android.server.pm.PackageManagerService$IPackageManagerImpl.onShellCommand(PackageManagerService.java:6350)
	at android.os.Binder.shellCommand(Binder.java:1068)
	at android.os.Binder.onTransact(Binder.java:888)
	at android.content.pm.IPackageManager$Stub.onTransact(IPackageManager.java:4352)
	at com.android.server.pm.PackageManagerService$IPackageManagerImpl.onTransact(PackageManagerService.java:6334)
	at android.os.Binder.execTransactInternal(Binder.java:1344)
	at android.os.Binder.execTransact(Binder.java:1275)

11:14:47.746 [DEBUG] maestro.Maestro.setPermissionInternal: Failed to set permission com.anddoes.launcher.permission.UPDATE_COUNT for app fi.iwa.sakani: shell command failed (exit -1): 
Exception occurred while executing 'grant':
java.lang.IllegalArgumentException: Unknown permission: com.anddoes.launcher.permission.UPDATE_COUNT
	at com.android.server.pm.permission.PermissionManagerServiceImpl.grantRuntimePermissionInternal(PermissionManagerServiceImpl.java:1380)
	at com.android.server.pm.permission.PermissionManagerServiceImpl.grantRuntimePermission(PermissionManagerServiceImpl.java:1337)
	at com.android.server.pm.permission.PermissionManagerService.grantRuntimePermission(PermissionManagerService.java:551)
	at android.permission.PermissionManager.grantRuntimePermission(PermissionManager.java:609)
	at com.android.server.pm.PackageManagerShellCommand.runGrantRevokePermission(PackageManagerShellCommand.java:2672)
	at com.android.server.pm.PackageManagerShellCommand.onCommand(PackageManagerShellCommand.java:291)
	at com.android.modules.utils.BasicShellCommandHandler.exec(BasicShellCommandHandler.java:97)
	at android.os.ShellCommand.exec(ShellCommand.java:38)
	at com.android.server.pm.PackageManagerService$IPackageManagerImpl.onShellCommand(PackageManagerService.java:6350)
	at android.os.Binder.shellCommand(Binder.java:1068)
	at android.os.Binder.onTransact(Binder.java:888)
	at android.content.pm.IPackageManager$Stub.onTransact(IPackageManager.java:4352)
	at com.android.server.pm.PackageManagerService$IPackageManagerImpl.onTransact(PackageManagerService.java:6334)
	at android.os.Binder.execTransactInternal(Binder.java:1344)
	at android.os.Binder.execTransact(Binder.java:1275)

11:14:47.762 [DEBUG] maestro.Maestro.setPermissionInternal: Failed to set permission com.majeur.launcher.permission.UPDATE_BADGE for app fi.iwa.sakani: shell command failed (exit -1): 
Exception occurred while executing 'grant':
java.lang.IllegalArgumentException: Unknown permission: com.majeur.launcher.permission.UPDATE_BADGE
	at com.android.server.pm.permission.PermissionManagerServiceImpl.grantRuntimePermissionInternal(PermissionManagerServiceImpl.java:1380)
	at com.android.server.pm.permission.PermissionManagerServiceImpl.grantRuntimePermission(PermissionManagerServiceImpl.java:1337)
	at com.android.server.pm.permission.PermissionManagerService.grantRuntimePermission(PermissionManagerService.java:551)
	at android.permission.PermissionManager.grantRuntimePermission(PermissionManager.java:609)
	at com.android.server.pm.PackageManagerShellCommand.runGrantRevokePermission(PackageManagerShellCommand.java:2672)
	at com.android.server.pm.PackageManagerShellCommand.onCommand(PackageManagerShellCommand.java:291)
	at com.android.modules.utils.BasicShellCommandHandler.exec(BasicShellCommandHandler.java:97)
	at android.os.ShellCommand.exec(ShellCommand.java:38)
	at com.android.server.pm.PackageManagerService$IPackageManagerImpl.onShellCommand(PackageManagerService.java:6350)
	at android.os.Binder.shellCommand(Binder.java:1068)
	at android.os.Binder.onTransact(Binder.java:888)
	at android.content.pm.IPackageManager$Stub.onTransact(IPackageManager.java:4352)
	at com.android.server.pm.PackageManagerService$IPackageManagerImpl.onTransact(PackageManagerService.java:6334)
	at android.os.Binder.execTransactInternal(Binder.java:1344)
	at android.os.Binder.execTransact(Binder.java:1275)

11:14:47.778 [DEBUG] maestro.Maestro.setPermissionInternal: Failed to set permission com.huawei.android.launcher.permission.CHANGE_BADGE for app fi.iwa.sakani: shell command failed (exit -1): 
Exception occurred while executing 'grant':
java.lang.IllegalArgumentException: Unknown permission: com.huawei.android.launcher.permission.CHANGE_BADGE
	at com.android.server.pm.permission.PermissionManagerServiceImpl.grantRuntimePermissionInternal(PermissionManagerServiceImpl.java:1380)
	at com.android.server.pm.permission.PermissionManagerServiceImpl.grantRuntimePermission(PermissionManagerServiceImpl.java:1337)
	at com.android.server.pm.permission.PermissionManagerService.grantRuntimePermission(PermissionManagerService.java:551)
	at android.permission.PermissionManager.grantRuntimePermission(PermissionManager.java:609)
	at com.android.server.pm.PackageManagerShellCommand.runGrantRevokePermission(PackageManagerShellCommand.java:2672)
	at com.android.server.pm.PackageManagerShellCommand.onCommand(PackageManagerShellCommand.java:291)
	at com.android.modules.utils.BasicShellCommandHandler.exec(BasicShellCommandHandler.java:97)
	at android.os.ShellCommand.exec(ShellCommand.java:38)
	at com.android.server.pm.PackageManagerService$IPackageManagerImpl.onShellCommand(PackageManagerService.java:6350)
	at android.os.Binder.shellCommand(Binder.java:1068)
	at android.os.Binder.onTransact(Binder.java:888)
	at android.content.pm.IPackageManager$Stub.onTransact(IPackageManager.java:4352)
	at com.android.server.pm.PackageManagerService$IPackageManagerImpl.onTransact(PackageManagerService.java:6334)
	at android.os.Binder.execTransactInternal(Binder.java:1344)
	at android.os.Binder.execTransact(Binder.java:1275)

11:14:47.795 [DEBUG] maestro.Maestro.setPermissionInternal: Failed to set permission com.huawei.android.launcher.permission.READ_SETTINGS for app fi.iwa.sakani: shell command failed (exit -1): 
Exception occurred while executing 'grant':
java.lang.IllegalArgumentException: Unknown permission: com.huawei.android.launcher.permission.READ_SETTINGS
	at com.android.server.pm.permission.PermissionManagerServiceImpl.grantRuntimePermissionInternal(PermissionManagerServiceImpl.java:1380)
	at com.android.server.pm.permission.PermissionManagerServiceImpl.grantRuntimePermission(PermissionManagerServiceImpl.java:1337)
	at com.android.server.pm.permission.PermissionManagerService.grantRuntimePermission(PermissionManagerService.java:551)
	at android.permission.PermissionManager.grantRuntimePermission(PermissionManager.java:609)
	at com.android.server.pm.PackageManagerShellCommand.runGrantRevokePermission(PackageManagerShellCommand.java:2672)
	at com.android.server.pm.PackageManagerShellCommand.onCommand(PackageManagerShellCommand.java:291)
	at com.android.modules.utils.BasicShellCommandHandler.exec(BasicShellCommandHandler.java:97)
	at android.os.ShellCommand.exec(ShellCommand.java:38)
	at com.android.server.pm.PackageManagerService$IPackageManagerImpl.onShellCommand(PackageManagerService.java:6350)
	at android.os.Binder.shellCommand(Binder.java:1068)
	at android.os.Binder.onTransact(Binder.java:888)
	at android.content.pm.IPackageManager$Stub.onTransact(IPackageManager.java:4352)
	at com.android.server.pm.PackageManagerService$IPackageManagerImpl.onTransact(PackageManagerService.java:6334)
	at android.os.Binder.execTransactInternal(Binder.java:1344)
	at android.os.Binder.execTransact(Binder.java:1275)

11:14:47.810 [DEBUG] maestro.Maestro.setPermissionInternal: Failed to set permission com.huawei.android.launcher.permission.WRITE_SETTINGS for app fi.iwa.sakani: shell command failed (exit -1): 
Exception occurred while executing 'grant':
java.lang.IllegalArgumentException: Unknown permission: com.huawei.android.launcher.permission.WRITE_SETTINGS
	at com.android.server.pm.permission.PermissionManagerServiceImpl.grantRuntimePermissionInternal(PermissionManagerServiceImpl.java:1380)
	at com.android.server.pm.permission.PermissionManagerServiceImpl.grantRuntimePermission(PermissionManagerServiceImpl.java:1337)
	at com.android.server.pm.permission.PermissionManagerService.grantRuntimePermission(PermissionManagerService.java:551)
	at android.permission.PermissionManager.grantRuntimePermission(PermissionManager.java:609)
	at com.android.server.pm.PackageManagerShellCommand.runGrantRevokePermission(PackageManagerShellCommand.java:2672)
	at com.android.server.pm.PackageManagerShellCommand.onCommand(PackageManagerShellCommand.java:291)
	at com.android.modules.utils.BasicShellCommandHandler.exec(BasicShellCommandHandler.java:97)
	at android.os.ShellCommand.exec(ShellCommand.java:38)
	at com.android.server.pm.PackageManagerService$IPackageManagerImpl.onShellCommand(PackageManagerService.java:6350)
	at android.os.Binder.shellCommand(Binder.java:1068)
	at android.os.Binder.onTransact(Binder.java:888)
	at android.content.pm.IPackageManager$Stub.onTransact(IPackageManager.java:4352)
	at com.android.server.pm.PackageManagerService$IPackageManagerImpl.onTransact(PackageManagerService.java:6334)
	at android.os.Binder.execTransactInternal(Binder.java:1344)
	at android.os.Binder.execTransact(Binder.java:1275)

11:14:47.827 [DEBUG] maestro.Maestro.setPermissionInternal: Failed to set permission android.permission.READ_APP_BADGE for app fi.iwa.sakani: shell command failed (exit -1): 
Exception occurred while executing 'grant':
java.lang.IllegalArgumentException: Unknown permission: android.permission.READ_APP_BADGE
	at com.android.server.pm.permission.PermissionManagerServiceImpl.grantRuntimePermissionInternal(PermissionManagerServiceImpl.java:1380)
	at com.android.server.pm.permission.PermissionManagerServiceImpl.grantRuntimePermission(PermissionManagerServiceImpl.java:1337)
	at com.android.server.pm.permission.PermissionManagerService.grantRuntimePermission(PermissionManagerService.java:551)
	at android.permission.PermissionManager.grantRuntimePermission(PermissionManager.java:609)
	at com.android.server.pm.PackageManagerShellCommand.runGrantRevokePermission(PackageManagerShellCommand.java:2672)
	at com.android.server.pm.PackageManagerShellCommand.onCommand(PackageManagerShellCommand.java:291)
	at com.android.modules.utils.BasicShellCommandHandler.exec(BasicShellCommandHandler.java:97)
	at android.os.ShellCommand.exec(ShellCommand.java:38)
	at com.android.server.pm.PackageManagerService$IPackageManagerImpl.onShellCommand(PackageManagerService.java:6350)
	at android.os.Binder.shellCommand(Binder.java:1068)
	at android.os.Binder.onTransact(Binder.java:888)
	at android.content.pm.IPackageManager$Stub.onTransact(IPackageManager.java:4352)
	at com.android.server.pm.PackageManagerService$IPackageManagerImpl.onTransact(PackageManagerService.java:6334)
	at android.os.Binder.execTransactInternal(Binder.java:1344)
	at android.os.Binder.execTransact(Binder.java:1275)

11:14:47.845 [DEBUG] maestro.Maestro.setPermissionInternal: Failed to set permission com.oppo.launcher.permission.READ_SETTINGS for app fi.iwa.sakani: shell command failed (exit -1): 
Exception occurred while executing 'grant':
java.lang.IllegalArgumentException: Unknown permission: com.oppo.launcher.permission.READ_SETTINGS
	at com.android.server.pm.permission.PermissionManagerServiceImpl.grantRuntimePermissionInternal(PermissionManagerServiceImpl.java:1380)
	at com.android.server.pm.permission.PermissionManagerServiceImpl.grantRuntimePermission(PermissionManagerServiceImpl.java:1337)
	at com.android.server.pm.permission.PermissionManagerService.grantRuntimePermission(PermissionManagerService.java:551)
	at android.permission.PermissionManager.grantRuntimePermission(PermissionManager.java:609)
	at com.android.server.pm.PackageManagerShellCommand.runGrantRevokePermission(PackageManagerShellCommand.java:2672)
	at com.android.server.pm.PackageManagerShellCommand.onCommand(PackageManagerShellCommand.java:291)
	at com.android.modules.utils.BasicShellCommandHandler.exec(BasicShellCommandHandler.java:97)
	at android.os.ShellCommand.exec(ShellCommand.java:38)
	at com.android.server.pm.PackageManagerService$IPackageManagerImpl.onShellCommand(PackageManagerService.java:6350)
	at android.os.Binder.shellCommand(Binder.java:1068)
	at android.os.Binder.onTransact(Binder.java:888)
	at android.content.pm.IPackageManager$Stub.onTransact(IPackageManager.java:4352)
	at com.android.server.pm.PackageManagerService$IPackageManagerImpl.onTransact(PackageManagerService.java:6334)
	at android.os.Binder.execTransactInternal(Binder.java:1344)
	at android.os.Binder.execTransact(Binder.java:1275)

11:14:47.861 [DEBUG] maestro.Maestro.setPermissionInternal: Failed to set permission com.oppo.launcher.permission.WRITE_SETTINGS for app fi.iwa.sakani: shell command failed (exit -1): 
Exception occurred while executing 'grant':
java.lang.IllegalArgumentException: Unknown permission: com.oppo.launcher.permission.WRITE_SETTINGS
	at com.android.server.pm.permission.PermissionManagerServiceImpl.grantRuntimePermissionInternal(PermissionManagerServiceImpl.java:1380)
	at com.android.server.pm.permission.PermissionManagerServiceImpl.grantRuntimePermission(PermissionManagerServiceImpl.java:1337)
	at com.android.server.pm.permission.PermissionManagerService.grantRuntimePermission(PermissionManagerService.java:551)
	at android.permission.PermissionManager.grantRuntimePermission(PermissionManager.java:609)
	at com.android.server.pm.PackageManagerShellCommand.runGrantRevokePermission(PackageManagerShellCommand.java:2672)
	at com.android.server.pm.PackageManagerShellCommand.onCommand(PackageManagerShellCommand.java:291)
	at com.android.modules.utils.BasicShellCommandHandler.exec(BasicShellCommandHandler.java:97)
	at android.os.ShellCommand.exec(ShellCommand.java:38)
	at com.android.server.pm.PackageManagerService$IPackageManagerImpl.onShellCommand(PackageManagerService.java:6350)
	at android.os.Binder.shellCommand(Binder.java:1068)
	at android.os.Binder.onTransact(Binder.java:888)
	at android.content.pm.IPackageManager$Stub.onTransact(IPackageManager.java:4352)
	at com.android.server.pm.PackageManagerService$IPackageManagerImpl.onTransact(PackageManagerService.java:6334)
	at android.os.Binder.execTransactInternal(Binder.java:1344)
	at android.os.Binder.execTransact(Binder.java:1275)

11:14:47.876 [DEBUG] maestro.Maestro.setPermissionInternal: Failed to set permission me.everything.badger.permission.BADGE_COUNT_READ for app fi.iwa.sakani: shell command failed (exit -1): 
Exception occurred while executing 'grant':
java.lang.IllegalArgumentException: Unknown permission: me.everything.badger.permission.BADGE_COUNT_READ
	at com.android.server.pm.permission.PermissionManagerServiceImpl.grantRuntimePermissionInternal(PermissionManagerServiceImpl.java:1380)
	at com.android.server.pm.permission.PermissionManagerServiceImpl.grantRuntimePermission(PermissionManagerServiceImpl.java:1337)
	at com.android.server.pm.permission.PermissionManagerService.grantRuntimePermission(PermissionManagerService.java:551)
	at android.permission.PermissionManager.grantRuntimePermission(PermissionManager.java:609)
	at com.android.server.pm.PackageManagerShellCommand.runGrantRevokePermission(PackageManagerShellCommand.java:2672)
	at com.android.server.pm.PackageManagerShellCommand.onCommand(PackageManagerShellCommand.java:291)
	at com.android.modules.utils.BasicShellCommandHandler.exec(BasicShellCommandHandler.java:97)
	at android.os.ShellCommand.exec(ShellCommand.java:38)
	at com.android.server.pm.PackageManagerService$IPackageManagerImpl.onShellCommand(PackageManagerService.java:6350)
	at android.os.Binder.shellCommand(Binder.java:1068)
	at android.os.Binder.onTransact(Binder.java:888)
	at android.content.pm.IPackageManager$Stub.onTransact(IPackageManager.java:4352)
	at com.android.server.pm.PackageManagerService$IPackageManagerImpl.onTransact(PackageManagerService.java:6334)
	at android.os.Binder.execTransactInternal(Binder.java:1344)
	at android.os.Binder.execTransact(Binder.java:1275)

11:14:47.892 [DEBUG] maestro.Maestro.setPermissionInternal: Failed to set permission me.everything.badger.permission.BADGE_COUNT_WRITE for app fi.iwa.sakani: shell command failed (exit -1): 
Exception occurred while executing 'grant':
java.lang.IllegalArgumentException: Unknown permission: me.everything.badger.permission.BADGE_COUNT_WRITE
	at com.android.server.pm.permission.PermissionManagerServiceImpl.grantRuntimePermissionInternal(PermissionManagerServiceImpl.java:1380)
	at com.android.server.pm.permission.PermissionManagerServiceImpl.grantRuntimePermission(PermissionManagerServiceImpl.java:1337)
	at com.android.server.pm.permission.PermissionManagerService.grantRuntimePermission(PermissionManagerService.java:551)
	at android.permission.PermissionManager.grantRuntimePermission(PermissionManager.java:609)
	at com.android.server.pm.PackageManagerShellCommand.runGrantRevokePermission(PackageManagerShellCommand.java:2672)
	at com.android.server.pm.PackageManagerShellCommand.onCommand(PackageManagerShellCommand.java:291)
	at com.android.modules.utils.BasicShellCommandHandler.exec(BasicShellCommandHandler.java:97)
	at android.os.ShellCommand.exec(ShellCommand.java:38)
	at com.android.server.pm.PackageManagerService$IPackageManagerImpl.onShellCommand(PackageManagerService.java:6350)
	at android.os.Binder.shellCommand(Binder.java:1068)
	at android.os.Binder.onTransact(Binder.java:888)
	at android.content.pm.IPackageManager$Stub.onTransact(IPackageManager.java:4352)
	at com.android.server.pm.PackageManagerService$IPackageManagerImpl.onTransact(PackageManagerService.java:6334)
	at android.os.Binder.execTransactInternal(Binder.java:1344)
	at android.os.Binder.execTransact(Binder.java:1275)

11:14:48.028 [ INFO] maestro.Maestro.launchApp$lambda$5: Launching app fi.iwa.sakani
11:14:48.028 [ INFO] maestro.Maestro.launchApp$lambda$5: Stopping fi.iwa.sakani app during launch
11:14:48.098 [ INFO] maestro.cli.runner.MaestroCommandRunner.runCommands$lambda$2: Launch app "fi.iwa.sakani" with clear state COMPLETED
11:14:48.099 [ INFO] maestro.cli.runner.MaestroCommandRunner.runCommands$lambda$0: Wait for animation to end within 20000 ms RUNNING
11:14:48.099 [ INFO] maestro.cli.runner.MaestroCommandRunner.runCommands$lambda$11: Wait for animation to end within 20000 ms metadata CommandMetadata(numberOfRuns=null, evaluatedCommand=MaestroCommand(waitForAnimationToEndCommand=WaitForAnimationToEndCommand(timeout=20000, label=null, optional=false)), logMessages=[], insight=Insight(message=, level=NONE), aiReasoning=null, labeledCommand=null)
11:14:48.101 [ INFO] maestro.Maestro.waitForAnimationToEnd$lambda$53: Waiting for animation to end with timeout 20000
11:14:48.102 [TRACE] maestro.utils.ScreenshotUtils.takeScreenshot: Taking screenshot to byte array
11:14:48.102 [TRACE] maestro.utils.ScreenshotUtils.takeScreenshot: Taking screenshot to output sink
11:14:49.115 [TRACE] maestro.utils.ScreenshotUtils.takeScreenshot: Taking screenshot to byte array
11:14:49.115 [TRACE] maestro.utils.ScreenshotUtils.takeScreenshot: Taking screenshot to output sink
11:14:50.236 [ INFO] maestro.cli.runner.MaestroCommandRunner.runCommands$lambda$2: Wait for animation to end within 20000 ms COMPLETED
11:14:50.237 [ INFO] maestro.cli.runner.MaestroCommandRunner.runCommands$lambda$0: Repeat 20 times RUNNING
11:14:50.245 [ INFO] maestro.cli.runner.MaestroCommandRunner.runCommands$lambda$11: Repeat 20 times metadata CommandMetadata(numberOfRuns=null, evaluatedCommand=MaestroCommand(repeatCommand=RepeatCommand(times=20, condition=null, commands=[MaestroCommand(runFlowCommand=RunFlowCommand(commands=[MaestroCommand(tapOnElementCommand=TapOnElementCommand(selector=ElementSelector(textRegex=Skip, idRegex=null, size=null, below=null, above=null, leftOf=null, rightOf=null, containsChild=null, containsDescendants=null, traits=null, index=null, enabled=null, optional=false, selected=null, checked=null, focused=null, childOf=null, css=null), retryIfNoChange=false, waitUntilVisible=false, longPress=false, repeat=null, waitToSettleTimeoutMs=null, relativePoint=null, label=null, optional=false))], condition=Condition(platform=null, visible=ElementSelector(textRegex=Skip, idRegex=null, size=null, below=null, above=null, leftOf=null, rightOf=null, containsChild=null, containsDescendants=null, traits=null, index=null, enabled=null, optional=false, selected=null, checked=null, focused=null, childOf=null, css=null), notVisible=null, scriptCondition=null, label=null), sourceDescription=null, config=null, label=null, optional=false)), MaestroCommand(runFlowCommand=RunFlowCommand(commands=[MaestroCommand(tapOnElementCommand=TapOnElementCommand(selector=ElementSelector(textRegex=Dismiss, idRegex=null, size=null, below=null, above=null, leftOf=null, rightOf=null, containsChild=null, containsDescendants=null, traits=null, index=null, enabled=null, optional=false, selected=null, checked=null, focused=null, childOf=null, css=null), retryIfNoChange=false, waitUntilVisible=false, longPress=false, repeat=null, waitToSettleTimeoutMs=null, relativePoint=null, label=null, optional=false))], condition=Condition(platform=null, visible=ElementSelector(textRegex=Dismiss, idRegex=null, size=null, below=null, above=null, leftOf=null, rightOf=null, containsChild=null, containsDescendants=null, traits=null, index=null, enabled=null, optional=false, selected=null, checked=null, focused=null, childOf=null, css=null), notVisible=null, scriptCondition=null, label=null), sourceDescription=null, config=null, label=null, optional=false)), MaestroCommand(runFlowCommand=RunFlowCommand(commands=[MaestroCommand(tapOnElementCommand=TapOnElementCommand(selector=ElementSelector(textRegex=Ok, idRegex=null, size=null, below=null, above=null, leftOf=null, rightOf=null, containsChild=null, containsDescendants=null, traits=null, index=null, enabled=null, optional=false, selected=null, checked=null, focused=null, childOf=null, css=null), retryIfNoChange=false, waitUntilVisible=false, longPress=false, repeat=null, waitToSettleTimeoutMs=null, relativePoint=null, label=null, optional=false))], condition=Condition(platform=null, visible=ElementSelector(textRegex=Ok, idRegex=null, size=null, below=null, above=null, leftOf=null, rightOf=null, containsChild=null, containsDescendants=null, traits=null, index=null, enabled=null, optional=false, selected=null, checked=null, focused=null, childOf=null, css=null), notVisible=null, scriptCondition=null, label=null), sourceDescription=null, config=null, label=null, optional=false)), MaestroCommand(runFlowCommand=RunFlowCommand(commands=[MaestroCommand(backPressCommand=BackPressCommand())], condition=Condition(platform=null, visible=ElementSelector(textRegex=Marketplace Day, idRegex=null, size=null, below=null, above=null, leftOf=null, rightOf=null, containsChild=null, containsDescendants=null, traits=null, index=null, enabled=null, optional=false, selected=null, checked=null, focused=null, childOf=null, css=null), notVisible=null, scriptCondition=null, label=null), sourceDescription=null, config=null, label=null, optional=false)), MaestroCommand(runFlowCommand=RunFlowCommand(commands=[MaestroCommand(backPressCommand=BackPressCommand())], condition=Condition(platform=null, visible=ElementSelector(textRegex=Start comparing properties, idRegex=null, size=null, below=null, above=null, leftOf=null, rightOf=null, containsChild=null, containsDescendants=null, traits=null, index=null, enabled=null, optional=false, selected=null, checked=null, focused=null, childOf=null, css=null), notVisible=null, scriptCondition=null, label=null), sourceDescription=null, config=null, label=null, optional=false)), MaestroCommand(runFlowCommand=RunFlowCommand(commands=[MaestroCommand(waitForAnimationToEndCommand=WaitForAnimationToEndCommand(timeout=5000, label=null, optional=false))], condition=Condition(platform=null, visible=null, notVisible=ElementSelector(textRegex=(?s).*Login / Sign up.*, idRegex=null, size=null, below=null, above=null, leftOf=null, rightOf=null, containsChild=null, containsDescendants=null, traits=null, index=null, enabled=null, optional=false, selected=null, checked=null, focused=null, childOf=null, css=null), scriptCondition=null, label=null), sourceDescription=null, config=null, label=null, optional=false))], label=null, optional=false)), logMessages=[], insight=Insight(message=, level=NONE), aiReasoning=null, labeledCommand=null)
11:14:50.247 [ INFO] maestro.cli.runner.MaestroCommandRunner.runCommands$lambda$0: Run flow when "Skip" is visible RUNNING
11:14:50.248 [ INFO] maestro.cli.runner.MaestroCommandRunner.runCommands$lambda$11: Run flow when "Skip" is visible metadata CommandMetadata(numberOfRuns=null, evaluatedCommand=MaestroCommand(runFlowCommand=RunFlowCommand(commands=[MaestroCommand(tapOnElementCommand=TapOnElementCommand(selector=ElementSelector(textRegex=Skip, idRegex=null, size=null, below=null, above=null, leftOf=null, rightOf=null, containsChild=null, containsDescendants=null, traits=null, index=null, enabled=null, optional=false, selected=null, checked=null, focused=null, childOf=null, css=null), retryIfNoChange=false, waitUntilVisible=false, longPress=false, repeat=null, waitToSettleTimeoutMs=null, relativePoint=null, label=null, optional=false))], condition=Condition(platform=null, visible=ElementSelector(textRegex=Skip, idRegex=null, size=null, below=null, above=null, leftOf=null, rightOf=null, containsChild=null, containsDescendants=null, traits=null, index=null, enabled=null, optional=false, selected=null, checked=null, focused=null, childOf=null, css=null), notVisible=null, scriptCondition=null, label=null), sourceDescription=null, config=null, label=null, optional=false)), logMessages=[], insight=Insight(message=, level=NONE), aiReasoning=null, labeledCommand=null)
11:14:50.563 [ERROR] maestro.cli.session.MaestroSessionManager.newSession$lambda$0: Failed to record heartbeat
java.io.IOException: The process cannot access the file because another process has locked a portion of the file
	at java.base/java.io.FileOutputStream.writeBytes(Native Method)
	at java.base/java.io.FileOutputStream.write(FileOutputStream.java:332)
	at kotlin.io.FilesKt__FileReadWriteKt.writeTextImpl(FileReadWrite.kt:160)
	at kotlin.io.FilesKt__FileReadWriteKt.writeText(FileReadWrite.kt:145)
	at kotlin.io.FilesKt__FileReadWriteKt.writeText$default(FileReadWrite.kt:144)
	at maestro.cli.db.KeyValueStore.commit(KeyValueStore.kt:50)
	at maestro.cli.db.KeyValueStore.set$lambda$3$lambda$2(KeyValueStore.kt:23)
	at maestro.cli.db.KeyValueStore.withFileLock(KeyValueStore.kt:62)
	at maestro.cli.db.KeyValueStore.set(KeyValueStore.kt:20)
	at maestro.cli.session.SessionStore.heartbeat(SessionStore.kt:12)
	at maestro.cli.session.MaestroSessionManager.newSession$lambda$0(MaestroSessionManager.kt:98)
	at java.base/java.util.concurrent.Executors$RunnableAdapter.call(Executors.java:545)
	at java.base/java.util.concurrent.FutureTask.runAndReset(FutureTask.java:371)
	at java.base/java.util.concurrent.ScheduledThreadPoolExecutor$ScheduledFutureTask.run(ScheduledThreadPoolExecutor.java:310)
	at java.base/java.util.concurrent.ThreadPoolExecutor.runWorker(ThreadPoolExecutor.java:1090)
	at java.base/java.util.concurrent.ThreadPoolExecutor$Worker.run(ThreadPoolExecutor.java:614)
	at java.base/java.lang.Thread.run(Thread.java:1516)
11:14:52.612 [ INFO] maestro.cli.runner.MaestroCommandRunner.runCommands$lambda$0: Tap on "Skip" RUNNING
11:14:52.613 [ INFO] maestro.cli.runner.MaestroCommandRunner.runCommands$lambda$11: Tap on "Skip" metadata CommandMetadata(numberOfRuns=null, evaluatedCommand=MaestroCommand(tapOnElementCommand=TapOnElementCommand(selector=ElementSelector(textRegex=Skip, idRegex=null, size=null, below=null, above=null, leftOf=null, rightOf=null, containsChild=null, containsDescendants=null, traits=null, index=null, enabled=null, optional=false, selected=null, checked=null, focused=null, childOf=null, css=null), retryIfNoChange=false, waitUntilVisible=false, longPress=false, repeat=null, waitToSettleTimeoutMs=null, relativePoint=null, label=null, optional=false)), logMessages=[], insight=Insight(message=, level=NONE), aiReasoning=null, labeledCommand=null)
11:14:53.021 [ INFO] maestro.Maestro.tap-HgV9Ck0: Tapping on element:  UiElement(treeNode=TreeNode(attributes={text=, accessibilityText=Skip, hintText=, ignoreBoundsFiltering=false, resource-id=, clickable=true, bounds=[912,132][1080,279], enabled=true, focused=false, checked=false, scrollable=false, selected=false, class=android.widget.Button, important-for-accessibility=true, error=}, children=[], clickable=true, enabled=true, focused=false, checked=false, selected=false), bounds=Bounds(x=912, y=132, width=168, height=147))
11:14:54.979 [ INFO] maestro.Maestro.tap-HgV9Ck0: Tap aimed via settled hierarchy
11:14:54.982 [ INFO] maestro.Maestro.hierarchyBasedTap-ogj28Uc: Tapping at (996, 205) using hierarchy based logic for wait
11:14:55.565 [ERROR] maestro.cli.session.MaestroSessionManager.newSession$lambda$0: Failed to record heartbeat
java.io.IOException: The process cannot access the file because another process has locked a portion of the file
	at java.base/java.io.FileOutputStream.writeBytes(Native Method)
	at java.base/java.io.FileOutputStream.write(FileOutputStream.java:332)
	at kotlin.io.FilesKt__FileReadWriteKt.writeTextImpl(FileReadWrite.kt:160)
	at kotlin.io.FilesKt__FileReadWriteKt.writeText(FileReadWrite.kt:145)
	at kotlin.io.FilesKt__FileReadWriteKt.writeText$default(FileReadWrite.kt:144)
	at maestro.cli.db.KeyValueStore.commit(KeyValueStore.kt:50)
	at maestro.cli.db.KeyValueStore.set$lambda$3$lambda$2(KeyValueStore.kt:23)
	at maestro.cli.db.KeyValueStore.withFileLock(KeyValueStore.kt:62)
	at maestro.cli.db.KeyValueStore.set(KeyValueStore.kt:20)
	at maestro.cli.session.SessionStore.heartbeat(SessionStore.kt:12)
	at maestro.cli.session.MaestroSessionManager.newSession$lambda$0(MaestroSessionManager.kt:98)
	at java.base/java.util.concurrent.Executors$RunnableAdapter.call(Executors.java:545)
	at java.base/java.util.concurrent.FutureTask.runAndReset(FutureTask.java:371)
	at java.base/java.util.concurrent.ScheduledThreadPoolExecutor$ScheduledFutureTask.run(ScheduledThreadPoolExecutor.java:310)
	at java.base/java.util.concurrent.ThreadPoolExecutor.runWorker(ThreadPoolExecutor.java:1090)
	at java.base/java.util.concurrent.ThreadPoolExecutor$Worker.run(ThreadPoolExecutor.java:614)
	at java.base/java.lang.Thread.run(Thread.java:1516)
11:14:56.292 [ INFO] maestro.Maestro.hierarchyBasedTap-ogj28Uc: Something has changed in the UI judging by view hierarchy. Proceed.
11:14:56.292 [ INFO] maestro.cli.runner.MaestroCommandRunner.runCommands$lambda$2: Tap on "Skip" COMPLETED
11:14:56.293 [ INFO] maestro.cli.runner.MaestroCommandRunner.runCommands$lambda$2: Run flow when "Skip" is visible COMPLETED
11:14:56.293 [ INFO] maestro.cli.runner.MaestroCommandRunner.runCommands$lambda$0: Run flow when "Dismiss" is visible RUNNING
11:14:56.294 [ INFO] maestro.cli.runner.MaestroCommandRunner.runCommands$lambda$11: Run flow when "Dismiss" is visible metadata CommandMetadata(numberOfRuns=null, evaluatedCommand=MaestroCommand(runFlowCommand=RunFlowCommand(commands=[MaestroCommand(tapOnElementCommand=TapOnElementCommand(selector=ElementSelector(textRegex=Dismiss, idRegex=null, size=null, below=null, above=null, leftOf=null, rightOf=null, containsChild=null, containsDescendants=null, traits=null, index=null, enabled=null, optional=false, selected=null, checked=null, focused=null, childOf=null, css=null), retryIfNoChange=false, waitUntilVisible=false, longPress=false, repeat=null, waitToSettleTimeoutMs=null, relativePoint=null, label=null, optional=false))], condition=Condition(platform=null, visible=ElementSelector(textRegex=Dismiss, idRegex=null, size=null, below=null, above=null, leftOf=null, rightOf=null, containsChild=null, containsDescendants=null, traits=null, index=null, enabled=null, optional=false, selected=null, checked=null, focused=null, childOf=null, css=null), notVisible=null, scriptCondition=null, label=null), sourceDescription=null, config=null, label=null, optional=false)), logMessages=[], insight=Insight(message=, level=NONE), aiReasoning=null, labeledCommand=null)
11:15:00.564 [ERROR] maestro.cli.session.MaestroSessionManager.newSession$lambda$0: Failed to record heartbeat
java.io.IOException: The process cannot access the file because another process has locked a portion of the file
	at java.base/java.io.FileOutputStream.writeBytes(Native Method)
	at java.base/java.io.FileOutputStream.write(FileOutputStream.java:332)
	at kotlin.io.FilesKt__FileReadWriteKt.writeTextImpl(FileReadWrite.kt:160)
	at kotlin.io.FilesKt__FileReadWriteKt.writeText(FileReadWrite.kt:145)
	at kotlin.io.FilesKt__FileReadWriteKt.writeText$default(FileReadWrite.kt:144)
	at maestro.cli.db.KeyValueStore.commit(KeyValueStore.kt:50)
	at maestro.cli.db.KeyValueStore.set$lambda$3$lambda$2(KeyValueStore.kt:23)
	at maestro.cli.db.KeyValueStore.withFileLock(KeyValueStore.kt:62)
	at maestro.cli.db.KeyValueStore.set(KeyValueStore.kt:20)
	at maestro.cli.session.SessionStore.heartbeat(SessionStore.kt:12)
	at maestro.cli.session.MaestroSessionManager.newSession$lambda$0(MaestroSessionManager.kt:98)
	at java.base/java.util.concurrent.Executors$RunnableAdapter.call(Executors.java:545)
	at java.base/java.util.concurrent.FutureTask.runAndReset(FutureTask.java:371)
	at java.base/java.util.concurrent.ScheduledThreadPoolExecutor$ScheduledFutureTask.run(ScheduledThreadPoolExecutor.java:310)
	at java.base/java.util.concurrent.ThreadPoolExecutor.runWorker(ThreadPoolExecutor.java:1090)
	at java.base/java.util.concurrent.ThreadPoolExecutor$Worker.run(ThreadPoolExecutor.java:614)
	at java.base/java.lang.Thread.run(Thread.java:1516)
11:15:04.077 [ INFO] maestro.orchestra.Orchestra.executeSubflowCommands: [Command execution subflow] CommandSkipped: null
11:15:04.077 [ INFO] maestro.cli.runner.MaestroCommandRunner.runCommands$lambda$8: Run flow when "Dismiss" is visible SKIPPED
11:15:04.078 [ INFO] maestro.cli.runner.MaestroCommandRunner.runCommands$lambda$0: Run flow when "Ok" is visible RUNNING
11:15:04.078 [ INFO] maestro.cli.runner.MaestroCommandRunner.runCommands$lambda$11: Run flow when "Ok" is visible metadata CommandMetadata(numberOfRuns=null, evaluatedCommand=MaestroCommand(runFlowCommand=RunFlowCommand(commands=[MaestroCommand(tapOnElementCommand=TapOnElementCommand(selector=ElementSelector(textRegex=Ok, idRegex=null, size=null, below=null, above=null, leftOf=null, rightOf=null, containsChild=null, containsDescendants=null, traits=null, index=null, enabled=null, optional=false, selected=null, checked=null, focused=null, childOf=null, css=null), retryIfNoChange=false, waitUntilVisible=false, longPress=false, repeat=null, waitToSettleTimeoutMs=null, relativePoint=null, label=null, optional=false))], condition=Condition(platform=null, visible=ElementSelector(textRegex=Ok, idRegex=null, size=null, below=null, above=null, leftOf=null, rightOf=null, containsChild=null, containsDescendants=null, traits=null, index=null, enabled=null, optional=false, selected=null, checked=null, focused=null, childOf=null, css=null), notVisible=null, scriptCondition=null, label=null), sourceDescription=null, config=null, label=null, optional=false)), logMessages=[], insight=Insight(message=, level=NONE), aiReasoning=null, labeledCommand=null)
11:15:04.464 [ INFO] maestro.orchestra.Orchestra.executeSubflowCommands: [Command execution subflow] CommandSkipped: null
11:15:04.465 [ INFO] maestro.cli.runner.MaestroCommandRunner.runCommands$lambda$8: Run flow when "Ok" is visible SKIPPED
11:15:04.466 [ INFO] maestro.cli.runner.MaestroCommandRunner.runCommands$lambda$0: Run flow when "Marketplace Day" is visible RUNNING
11:15:04.466 [ INFO] maestro.cli.runner.MaestroCommandRunner.runCommands$lambda$11: Run flow when "Marketplace Day" is visible metadata CommandMetadata(numberOfRuns=null, evaluatedCommand=MaestroCommand(runFlowCommand=RunFlowCommand(commands=[MaestroCommand(backPressCommand=BackPressCommand())], condition=Condition(platform=null, visible=ElementSelector(textRegex=Marketplace Day, idRegex=null, size=null, below=null, above=null, leftOf=null, rightOf=null, containsChild=null, containsDescendants=null, traits=null, index=null, enabled=null, optional=false, selected=null, checked=null, focused=null, childOf=null, css=null), notVisible=null, scriptCondition=null, label=null), sourceDescription=null, config=null, label=null, optional=false)), logMessages=[], insight=Insight(message=, level=NONE), aiReasoning=null, labeledCommand=null)
11:15:05.562 [ERROR] maestro.cli.session.MaestroSessionManager.newSession$lambda$0: Failed to record heartbeat
java.io.IOException: The process cannot access the file because another process has locked a portion of the file
	at java.base/java.io.FileOutputStream.writeBytes(Native Method)
	at java.base/java.io.FileOutputStream.write(FileOutputStream.java:332)
	at kotlin.io.FilesKt__FileReadWriteKt.writeTextImpl(FileReadWrite.kt:160)
	at kotlin.io.FilesKt__FileReadWriteKt.writeText(FileReadWrite.kt:145)
	at kotlin.io.FilesKt__FileReadWriteKt.writeText$default(FileReadWrite.kt:144)
	at maestro.cli.db.KeyValueStore.commit(KeyValueStore.kt:50)
	at maestro.cli.db.KeyValueStore.set$lambda$3$lambda$2(KeyValueStore.kt:23)
	at maestro.cli.db.KeyValueStore.withFileLock(KeyValueStore.kt:62)
	at maestro.cli.db.KeyValueStore.set(KeyValueStore.kt:20)
	at maestro.cli.session.SessionStore.heartbeat(SessionStore.kt:12)
	at maestro.cli.session.MaestroSessionManager.newSession$lambda$0(MaestroSessionManager.kt:98)
	at java.base/java.util.concurrent.Executors$RunnableAdapter.call(Executors.java:545)
	at java.base/java.util.concurrent.FutureTask.runAndReset(FutureTask.java:371)
	at java.base/java.util.concurrent.ScheduledThreadPoolExecutor$ScheduledFutureTask.run(ScheduledThreadPoolExecutor.java:310)
	at java.base/java.util.concurrent.ThreadPoolExecutor.runWorker(ThreadPoolExecutor.java:1090)
	at java.base/java.util.concurrent.ThreadPoolExecutor$Worker.run(ThreadPoolExecutor.java:614)
	at java.base/java.lang.Thread.run(Thread.java:1516)
11:15:05.718 [ INFO] maestro.orchestra.Orchestra.executeSubflowCommands: [Command execution subflow] CommandSkipped: null
11:15:05.718 [ INFO] maestro.cli.runner.MaestroCommandRunner.runCommands$lambda$8: Run flow when "Marketplace Day" is visible SKIPPED
11:15:05.719 [ INFO] maestro.cli.runner.MaestroCommandRunner.runCommands$lambda$0: Run flow when "Start comparing properties" is visible RUNNING
11:15:05.719 [ INFO] maestro.cli.runner.MaestroCommandRunner.runCommands$lambda$11: Run flow when "Start comparing properties" is visible metadata CommandMetadata(numberOfRuns=null, evaluatedCommand=MaestroCommand(runFlowCommand=RunFlowCommand(commands=[MaestroCommand(backPressCommand=BackPressCommand())], condition=Condition(platform=null, visible=ElementSelector(textRegex=Start comparing properties, idRegex=null, size=null, below=null, above=null, leftOf=null, rightOf=null, containsChild=null, containsDescendants=null, traits=null, index=null, enabled=null, optional=false, selected=null, checked=null, focused=null, childOf=null, css=null), notVisible=null, scriptCondition=null, label=null), sourceDescription=null, config=null, label=null, optional=false)), logMessages=[], insight=Insight(message=, level=NONE), aiReasoning=null, labeledCommand=null)
11:15:06.754 [ INFO] maestro.orchestra.Orchestra.executeSubflowCommands: [Command execution subflow] CommandSkipped: null
11:15:06.754 [ INFO] maestro.cli.runner.MaestroCommandRunner.runCommands$lambda$8: Run flow when "Start comparing properties" is visible SKIPPED
11:15:06.755 [ INFO] maestro.cli.runner.MaestroCommandRunner.runCommands$lambda$0: Run flow when "(?s).*Login / Sign up.*" is not visible RUNNING
11:15:06.755 [ INFO] maestro.cli.runner.MaestroCommandRunner.runCommands$lambda$11: Run flow when "(?s).*Login / Sign up.*" is not visible metadata CommandMetadata(numberOfRuns=null, evaluatedCommand=MaestroCommand(runFlowCommand=RunFlowCommand(commands=[MaestroCommand(waitForAnimationToEndCommand=WaitForAnimationToEndCommand(timeout=5000, label=null, optional=false))], condition=Condition(platform=null, visible=null, notVisible=ElementSelector(textRegex=(?s).*Login / Sign up.*, idRegex=null, size=null, below=null, above=null, leftOf=null, rightOf=null, containsChild=null, containsDescendants=null, traits=null, index=null, enabled=null, optional=false, selected=null, checked=null, focused=null, childOf=null, css=null), scriptCondition=null, label=null), sourceDescription=null, config=null, label=null, optional=false)), logMessages=[], insight=Insight(message=, level=NONE), aiReasoning=null, labeledCommand=null)
11:15:06.997 [ INFO] maestro.orchestra.Orchestra.executeSubflowCommands: [Command execution subflow] CommandSkipped: null
11:15:06.997 [ INFO] maestro.cli.runner.MaestroCommandRunner.runCommands$lambda$8: Run flow when "(?s).*Login / Sign up.*" is not visible SKIPPED
11:15:06.997 [ INFO] maestro.cli.runner.MaestroCommandRunner.runCommands$lambda$11: Repeat 20 times metadata CommandMetadata(numberOfRuns=1, evaluatedCommand=MaestroCommand(repeatCommand=RepeatCommand(times=20, condition=null, commands=[MaestroCommand(runFlowCommand=RunFlowCommand(commands=[MaestroCommand(tapOnElementCommand=TapOnElementCommand(selector=ElementSelector(textRegex=Skip, idRegex=null, size=null, below=null, above=null, leftOf=null, rightOf=null, containsChild=null, containsDescendants=null, traits=null, index=null, enabled=null, optional=false, selected=null, checked=null, focused=null, childOf=null, css=null), retryIfNoChange=false, waitUntilVisible=false, longPress=false, repeat=null, waitToSettleTimeoutMs=null, relativePoint=null, label=null, optional=false))], condition=Condition(platform=null, visible=ElementSelector(textRegex=Skip, idRegex=null, size=null, below=null, above=null, leftOf=null, rightOf=null, containsChild=null, containsDescendants=null, traits=null, index=null, enabled=null, optional=false, selected=null, checked=null, focused=null, childOf=null, css=null), notVisible=null, scriptCondition=null, label=null), sourceDescription=null, config=null, label=null, optional=false)), MaestroCommand(runFlowCommand=RunFlowCommand(commands=[MaestroCommand(tapOnElementCommand=TapOnElementCommand(selector=ElementSelector(textRegex=Dismiss, idRegex=null, size=null, below=null, above=null, leftOf=null, rightOf=null, containsChild=null, containsDescendants=null, traits=null, index=null, enabled=null, optional=false, selected=null, checked=null, focused=null, childOf=null, css=null), retryIfNoChange=false, waitUntilVisible=false, longPress=false, repeat=null, waitToSettleTimeoutMs=null, relativePoint=null, label=null, optional=false))], condition=Condition(platform=null, visible=ElementSelector(textRegex=Dismiss, idRegex=null, size=null, below=null, above=null, leftOf=null, rightOf=null, containsChild=null, containsDescendants=null, traits=null, index=null, enabled=null, optional=false, selected=null, checked=null, focused=null, childOf=null, css=null), notVisible=null, scriptCondition=null, label=null), sourceDescription=null, config=null, label=null, optional=false)), MaestroCommand(runFlowCommand=RunFlowCommand(commands=[MaestroCommand(tapOnElementCommand=TapOnElementCommand(selector=ElementSelector(textRegex=Ok, idRegex=null, size=null, below=null, above=null, leftOf=null, rightOf=null, containsChild=null, containsDescendants=null, traits=null, index=null, enabled=null, optional=false, selected=null, checked=null, focused=null, childOf=null, css=null), retryIfNoChange=false, waitUntilVisible=false, longPress=false, repeat=null, waitToSettleTimeoutMs=null, relativePoint=null, label=null, optional=false))], condition=Condition(platform=null, visible=ElementSelector(textRegex=Ok, idRegex=null, size=null, below=null, above=null, leftOf=null, rightOf=null, containsChild=null, containsDescendants=null, traits=null, index=null, enabled=null, optional=false, selected=null, checked=null, focused=null, childOf=null, css=null), notVisible=null, scriptCondition=null, label=null), sourceDescription=null, config=null, label=null, optional=false)), MaestroCommand(runFlowCommand=RunFlowCommand(commands=[MaestroCommand(backPressCommand=BackPressCommand())], condition=Condition(platform=null, visible=ElementSelector(textRegex=Marketplace Day, idRegex=null, size=null, below=null, above=null, leftOf=null, rightOf=null, containsChild=null, containsDescendants=null, traits=null, index=null, enabled=null, optional=false, selected=null, checked=null, focused=null, childOf=null, css=null), notVisible=null, scriptCondition=null, label=null), sourceDescription=null, config=null, label=null, optional=false)), MaestroCommand(runFlowCommand=RunFlowCommand(commands=[MaestroCommand(backPressCommand=BackPressCommand())], condition=Condition(platform=null, visible=ElementSelector(textRegex=Start comparing properties, idRegex=null, size=null, below=null, above=null, leftOf=null, rightOf=null, containsChild=null, containsDescendants=null, traits=null, index=null, enabled=null, optional=false, selected=null, checked=null, focused=null, childOf=null, css=null), notVisible=null, scriptCondition=null, label=null), sourceDescription=null, config=null, label=null, optional=false)), MaestroCommand(runFlowCommand=RunFlowCommand(commands=[MaestroCommand(waitForAnimationToEndCommand=WaitForAnimationToEndCommand(timeout=5000, label=null, optional=false))], condition=Condition(platform=null, visible=null, notVisible=ElementSelector(textRegex=(?s).*Login / Sign up.*, idRegex=null, size=null, below=null, above=null, leftOf=null, rightOf=null, containsChild=null, containsDescendants=null, traits=null, index=null, enabled=null, optional=false, selected=null, checked=null, focused=null, childOf=null, css=null), scriptCondition=null, label=null), sourceDescription=null, config=null, label=null, optional=false))], label=null, optional=false)), logMessages=[], insight=Insight(message=, level=NONE), aiReasoning=null, labeledCommand=null)
11:15:06.998 [ INFO] maestro.cli.runner.MaestroCommandRunner.runCommands$lambda$10: Run flow when "Skip" is visible PENDING
11:15:06.998 [ INFO] maestro.cli.runner.MaestroCommandRunner.runCommands$lambda$10: Tap on "Skip" PENDING
11:15:06.999 [ INFO] maestro.cli.runner.MaestroCommandRunner.runCommands$lambda$10: Run flow when "Dismiss" is visible PENDING
11:15:06.999 [ INFO] maestro.cli.runner.MaestroCommandRunner.runCommands$lambda$10: Tap on "Dismiss" PENDING
11:15:06.999 [ INFO] maestro.cli.runner.MaestroCommandRunner.runCommands$lambda$10: Run flow when "Ok" is visible PENDING
11:15:07.000 [ INFO] maestro.cli.runner.MaestroCommandRunner.runCommands$lambda$10: Tap on "Ok" PENDING
11:15:07.000 [ INFO] maestro.cli.runner.MaestroCommandRunner.runCommands$lambda$10: Run flow when "Marketplace Day" is visible PENDING
11:15:07.000 [ INFO] maestro.cli.runner.MaestroCommandRunner.runCommands$lambda$10: Press back PENDING
11:15:07.001 [ INFO] maestro.cli.runner.MaestroCommandRunner.runCommands$lambda$10: Run flow when "Start comparing properties" is visible PENDING
11:15:07.001 [ INFO] maestro.cli.runner.MaestroCommandRunner.runCommands$lambda$10: Press back PENDING
11:15:07.002 [ INFO] maestro.cli.runner.MaestroCommandRunner.runCommands$lambda$10: Run flow when "(?s).*Login / Sign up.*" is not visible PENDING
11:15:07.002 [ INFO] maestro.cli.runner.MaestroCommandRunner.runCommands$lambda$10: Wait for animation to end within 5000 ms PENDING
11:15:07.002 [ INFO] maestro.cli.runner.MaestroCommandRunner.runCommands$lambda$0: Run flow when "Skip" is visible RUNNING
11:15:07.003 [ INFO] maestro.cli.runner.MaestroCommandRunner.runCommands$lambda$11: Run flow when "Skip" is visible metadata CommandMetadata(numberOfRuns=null, evaluatedCommand=MaestroCommand(runFlowCommand=RunFlowCommand(commands=[MaestroCommand(tapOnElementCommand=TapOnElementCommand(selector=ElementSelector(textRegex=Skip, idRegex=null, size=null, below=null, above=null, leftOf=null, rightOf=null, containsChild=null, containsDescendants=null, traits=null, index=null, enabled=null, optional=false, selected=null, checked=null, focused=null, childOf=null, css=null), retryIfNoChange=false, waitUntilVisible=false, longPress=false, repeat=null, waitToSettleTimeoutMs=null, relativePoint=null, label=null, optional=false))], condition=Condition(platform=null, visible=ElementSelector(textRegex=Skip, idRegex=null, size=null, below=null, above=null, leftOf=null, rightOf=null, containsChild=null, containsDescendants=null, traits=null, index=null, enabled=null, optional=false, selected=null, checked=null, focused=null, childOf=null, css=null), notVisible=null, scriptCondition=null, label=null), sourceDescription=null, config=null, label=null, optional=false)), logMessages=[], insight=Insight(message=, level=NONE), aiReasoning=null, labeledCommand=null)
11:15:07.370 [ INFO] maestro.orchestra.Orchestra.executeSubflowCommands: [Command execution subflow] CommandSkipped: null
11:15:07.370 [ INFO] maestro.cli.runner.MaestroCommandRunner.runCommands$lambda$8: Run flow when "Skip" is visible SKIPPED
11:15:07.372 [ INFO] maestro.cli.runner.MaestroCommandRunner.runCommands$lambda$0: Run flow when "Dismiss" is visible RUNNING
11:15:07.372 [ INFO] maestro.cli.runner.MaestroCommandRunner.runCommands$lambda$11: Run flow when "Dismiss" is visible metadata CommandMetadata(numberOfRuns=null, evaluatedCommand=MaestroCommand(runFlowCommand=RunFlowCommand(commands=[MaestroCommand(tapOnElementCommand=TapOnElementCommand(selector=ElementSelector(textRegex=Dismiss, idRegex=null, size=null, below=null, above=null, leftOf=null, rightOf=null, containsChild=null, containsDescendants=null, traits=null, index=null, enabled=null, optional=false, selected=null, checked=null, focused=null, childOf=null, css=null), retryIfNoChange=false, waitUntilVisible=false, longPress=false, repeat=null, waitToSettleTimeoutMs=null, relativePoint=null, label=null, optional=false))], condition=Condition(platform=null, visible=ElementSelector(textRegex=Dismiss, idRegex=null, size=null, below=null, above=null, leftOf=null, rightOf=null, containsChild=null, containsDescendants=null, traits=null, index=null, enabled=null, optional=false, selected=null, checked=null, focused=null, childOf=null, css=null), notVisible=null, scriptCondition=null, label=null), sourceDescription=null, config=null, label=null, optional=false)), logMessages=[], insight=Insight(message=, level=NONE), aiReasoning=null, labeledCommand=null)
11:15:07.655 [ INFO] maestro.orchestra.Orchestra.executeSubflowCommands: [Command execution subflow] CommandSkipped: null
11:15:07.655 [ INFO] maestro.cli.runner.MaestroCommandRunner.runCommands$lambda$8: Run flow when "Dismiss" is visible SKIPPED
11:15:07.656 [ INFO] maestro.cli.runner.MaestroCommandRunner.runCommands$lambda$0: Run flow when "Ok" is visible RUNNING
11:15:07.656 [ INFO] maestro.cli.runner.MaestroCommandRunner.runCommands$lambda$11: Run flow when "Ok" is visible metadata CommandMetadata(numberOfRuns=null, evaluatedCommand=MaestroCommand(runFlowCommand=RunFlowCommand(commands=[MaestroCommand(tapOnElementCommand=TapOnElementCommand(selector=ElementSelector(textRegex=Ok, idRegex=null, size=null, below=null, above=null, leftOf=null, rightOf=null, containsChild=null, containsDescendants=null, traits=null, index=null, enabled=null, optional=false, selected=null, checked=null, focused=null, childOf=null, css=null), retryIfNoChange=false, waitUntilVisible=false, longPress=false, repeat=null, waitToSettleTimeoutMs=null, relativePoint=null, label=null, optional=false))], condition=Condition(platform=null, visible=ElementSelector(textRegex=Ok, idRegex=null, size=null, below=null, above=null, leftOf=null, rightOf=null, containsChild=null, containsDescendants=null, traits=null, index=null, enabled=null, optional=false, selected=null, checked=null, focused=null, childOf=null, css=null), notVisible=null, scriptCondition=null, label=null), sourceDescription=null, config=null, label=null, optional=false)), logMessages=[], insight=Insight(message=, level=NONE), aiReasoning=null, labeledCommand=null)
11:15:07.952 [ INFO] maestro.orchestra.Orchestra.executeSubflowCommands: [Command execution subflow] CommandSkipped: null
11:15:07.952 [ INFO] maestro.cli.runner.MaestroCommandRunner.runCommands$lambda$8: Run flow when "Ok" is visible SKIPPED
11:15:07.952 [ INFO] maestro.cli.runner.MaestroCommandRunner.runCommands$lambda$0: Run flow when "Marketplace Day" is visible RUNNING
11:15:07.953 [ INFO] maestro.cli.runner.MaestroCommandRunner.runCommands$lambda$11: Run flow when "Marketplace Day" is visible metadata CommandMetadata(numberOfRuns=null, evaluatedCommand=MaestroCommand(runFlowCommand=RunFlowCommand(commands=[MaestroCommand(backPressCommand=BackPressCommand())], condition=Condition(platform=null, visible=ElementSelector(textRegex=Marketplace Day, idRegex=null, size=null, below=null, above=null, leftOf=null, rightOf=null, containsChild=null, containsDescendants=null, traits=null, index=null, enabled=null, optional=false, selected=null, checked=null, focused=null, childOf=null, css=null), notVisible=null, scriptCondition=null, label=null), sourceDescription=null, config=null, label=null, optional=false)), logMessages=[], insight=Insight(message=, level=NONE), aiReasoning=null, labeledCommand=null)
11:15:08.319 [ INFO] maestro.orchestra.Orchestra.executeSubflowCommands: [Command execution subflow] CommandSkipped: null
11:15:08.319 [ INFO] maestro.cli.runner.MaestroCommandRunner.runCommands$lambda$8: Run flow when "Marketplace Day" is visible SKIPPED
11:15:08.319 [ INFO] maestro.cli.runner.MaestroCommandRunner.runCommands$lambda$0: Run flow when "Start comparing properties" is visible RUNNING
11:15:08.320 [ INFO] maestro.cli.runner.MaestroCommandRunner.runCommands$lambda$11: Run flow when "Start comparing properties" is visible metadata CommandMetadata(numberOfRuns=null, evaluatedCommand=MaestroCommand(runFlowCommand=RunFlowCommand(commands=[MaestroCommand(backPressCommand=BackPressCommand())], condition=Condition(platform=null, visible=ElementSelector(textRegex=Start comparing properties, idRegex=null, size=null, below=null, above=null, leftOf=null, rightOf=null, containsChild=null, containsDescendants=null, traits=null, index=null, enabled=null, optional=false, selected=null, checked=null, focused=null, childOf=null, css=null), notVisible=null, scriptCondition=null, label=null), sourceDescription=null, config=null, label=null, optional=false)), logMessages=[], insight=Insight(message=, level=NONE), aiReasoning=null, labeledCommand=null)
11:15:08.983 [ INFO] maestro.orchestra.Orchestra.executeSubflowCommands: [Command execution subflow] CommandSkipped: null
11:15:08.983 [ INFO] maestro.cli.runner.MaestroCommandRunner.runCommands$lambda$8: Run flow when "Start comparing properties" is visible SKIPPED
11:15:08.984 [ INFO] maestro.cli.runner.MaestroCommandRunner.runCommands$lambda$0: Run flow when "(?s).*Login / Sign up.*" is not visible RUNNING
11:15:08.985 [ INFO] maestro.cli.runner.MaestroCommandRunner.runCommands$lambda$11: Run flow when "(?s).*Login / Sign up.*" is not visible metadata CommandMetadata(numberOfRuns=null, evaluatedCommand=MaestroCommand(runFlowCommand=RunFlowCommand(commands=[MaestroCommand(waitForAnimationToEndCommand=WaitForAnimationToEndCommand(timeout=5000, label=null, optional=false))], condition=Condition(platform=null, visible=null, notVisible=ElementSelector(textRegex=(?s).*Login / Sign up.*, idRegex=null, size=null, below=null, above=null, leftOf=null, rightOf=null, containsChild=null, containsDescendants=null, traits=null, index=null, enabled=null, optional=false, selected=null, checked=null, focused=null, childOf=null, css=null), scriptCondition=null, label=null), sourceDescription=null, config=null, label=null, optional=false)), logMessages=[], insight=Insight(message=, level=NONE), aiReasoning=null, labeledCommand=null)
11:15:10.124 [ INFO] maestro.orchestra.Orchestra.executeSubflowCommands: [Command execution subflow] CommandSkipped: null
11:15:10.124 [ INFO] maestro.cli.runner.MaestroCommandRunner.runCommands$lambda$8: Run flow when "(?s).*Login / Sign up.*" is not visible SKIPPED
11:15:10.125 [ INFO] maestro.cli.runner.MaestroCommandRunner.runCommands$lambda$11: Repeat 20 times metadata CommandMetadata(numberOfRuns=2, evaluatedCommand=MaestroCommand(repeatCommand=RepeatCommand(times=20, condition=null, commands=[MaestroCommand(runFlowCommand=RunFlowCommand(commands=[MaestroCommand(tapOnElementCommand=TapOnElementCommand(selector=ElementSelector(textRegex=Skip, idRegex=null, size=null, below=null, above=null, leftOf=null, rightOf=null, containsChild=null, containsDescendants=null, traits=null, index=null, enabled=null, optional=false, selected=null, checked=null, focused=null, childOf=null, css=null), retryIfNoChange=false, waitUntilVisible=false, longPress=false, repeat=null, waitToSettleTimeoutMs=null, relativePoint=null, label=null, optional=false))], condition=Condition(platform=null, visible=ElementSelector(textRegex=Skip, idRegex=null, size=null, below=null, above=null, leftOf=null, rightOf=null, containsChild=null, containsDescendants=null, traits=null, index=null, enabled=null, optional=false, selected=null, checked=null, focused=null, childOf=null, css=null), notVisible=null, scriptCondition=null, label=null), sourceDescription=null, config=null, label=null, optional=false)), MaestroCommand(runFlowCommand=RunFlowCommand(commands=[MaestroCommand(tapOnElementCommand=TapOnElementCommand(selector=ElementSelector(textRegex=Dismiss, idRegex=null, size=null, below=null, above=null, leftOf=null, rightOf=null, containsChild=null, containsDescendants=null, traits=null, index=null, enabled=null, optional=false, selected=null, checked=null, focused=null, childOf=null, css=null), retryIfNoChange=false, waitUntilVisible=false, longPress=false, repeat=null, waitToSettleTimeoutMs=null, relativePoint=null, label=null, optional=false))], condition=Condition(platform=null, visible=ElementSelector(textRegex=Dismiss, idRegex=null, size=null, below=null, above=null, leftOf=null, rightOf=null, containsChild=null, containsDescendants=null, traits=null, index=null, enabled=null, optional=false, selected=null, checked=null, focused=null, childOf=null, css=null), notVisible=null, scriptCondition=null, label=null), sourceDescription=null, config=null, label=null, optional=false)), MaestroCommand(runFlowCommand=RunFlowCommand(commands=[MaestroCommand(tapOnElementCommand=TapOnElementCommand(selector=ElementSelector(textRegex=Ok, idRegex=null, size=null, below=null, above=null, leftOf=null, rightOf=null, containsChild=null, containsDescendants=null, traits=null, index=null, enabled=null, optional=false, selected=null, checked=null, focused=null, childOf=null, css=null), retryIfNoChange=false, waitUntilVisible=false, longPress=false, repeat=null, waitToSettleTimeoutMs=null, relativePoint=null, label=null, optional=false))], condition=Condition(platform=null, visible=ElementSelector(textRegex=Ok, idRegex=null, size=null, below=null, above=null, leftOf=null, rightOf=null, containsChild=null, containsDescendants=null, traits=null, index=null, enabled=null, optional=false, selected=null, checked=null, focused=null, childOf=null, css=null), notVisible=null, scriptCondition=null, label=null), sourceDescription=null, config=null, label=null, optional=false)), MaestroCommand(runFlowCommand=RunFlowCommand(commands=[MaestroCommand(backPressCommand=BackPressCommand())], condition=Condition(platform=null, visible=ElementSelector(textRegex=Marketplace Day, idRegex=null, size=null, below=null, above=null, leftOf=null, rightOf=null, containsChild=null, containsDescendants=null, traits=null, index=null, enabled=null, optional=false, selected=null, checked=null, focused=null, childOf=null, css=null), notVisible=null, scriptCondition=null, label=null), sourceDescription=null, config=null, label=null, optional=false)), MaestroCommand(runFlowCommand=RunFlowCommand(commands=[MaestroCommand(backPressCommand=BackPressCommand())], condition=Condition(platform=null, visible=ElementSelector(textRegex=Start comparing properties, idRegex=null, size=null, below=null, above=null, leftOf=null, rightOf=null, containsChild=null, containsDescendants=null, traits=null, index=null, enabled=null, optional=false, selected=null, checked=null, focused=null, childOf=null, css=null), notVisible=null, scriptCondition=null, label=null), sourceDescription=null, config=null, label=null, optional=false)), MaestroCommand(runFlowCommand=RunFlowCommand(commands=[MaestroCommand(waitForAnimationToEndCommand=WaitForAnimationToEndCommand(timeout=5000, label=null, optional=false))], condition=Condition(platform=null, visible=null, notVisible=ElementSelector(textRegex=(?s).*Login / Sign up.*, idRegex=null, size=null, below=null, above=null, leftOf=null, rightOf=null, containsChild=null, containsDescendants=null, traits=null, index=null, enabled=null, optional=false, selected=null, checked=null, focused=null, childOf=null, css=null), scriptCondition=null, label=null), sourceDescription=null, config=null, label=null, optional=false))], label=null, optional=false)), logMessages=[], insight=Insight(message=, level=NONE), aiReasoning=null, labeledCommand=null)
11:15:10.126 [ INFO] maestro.cli.runner.MaestroCommandRunner.runCommands$lambda$10: Run flow when "Skip" is visible PENDING
11:15:10.127 [ INFO] maestro.cli.runner.MaestroCommandRunner.runCommands$lambda$10: Tap on "Skip" PENDING
11:15:10.127 [ INFO] maestro.cli.runner.MaestroCommandRunner.runCommands$lambda$10: Run flow when "Dismiss" is visible PENDING
11:15:10.127 [ INFO] maestro.cli.runner.MaestroCommandRunner.runCommands$lambda$10: Tap on "Dismiss" PENDING
11:15:10.128 [ INFO] maestro.cli.runner.MaestroCommandRunner.runCommands$lambda$10: Run flow when "Ok" is visible PENDING
11:15:10.128 [ INFO] maestro.cli.runner.MaestroCommandRunner.runCommands$lambda$10: Tap on "Ok" PENDING
11:15:10.129 [ INFO] maestro.cli.runner.MaestroCommandRunner.runCommands$lambda$10: Run flow when "Marketplace Day" is visible PENDING
11:15:10.129 [ INFO] maestro.cli.runner.MaestroCommandRunner.runCommands$lambda$10: Press back PENDING
11:15:10.129 [ INFO] maestro.cli.runner.MaestroCommandRunner.runCommands$lambda$10: Run flow when "Start comparing properties" is visible PENDING
11:15:10.129 [ INFO] maestro.cli.runner.MaestroCommandRunner.runCommands$lambda$10: Press back PENDING
11:15:10.129 [ INFO] maestro.cli.runner.MaestroCommandRunner.runCommands$lambda$10: Run flow when "(?s).*Login / Sign up.*" is not visible PENDING
11:15:10.129 [ INFO] maestro.cli.runner.MaestroCommandRunner.runCommands$lambda$10: Wait for animation to end within 5000 ms PENDING
11:15:10.131 [ INFO] maestro.cli.runner.MaestroCommandRunner.runCommands$lambda$0: Run flow when "Skip" is visible RUNNING
11:15:10.131 [ INFO] maestro.cli.runner.MaestroCommandRunner.runCommands$lambda$11: Run flow when "Skip" is visible metadata CommandMetadata(numberOfRuns=null, evaluatedCommand=MaestroCommand(runFlowCommand=RunFlowCommand(commands=[MaestroCommand(tapOnElementCommand=TapOnElementCommand(selector=ElementSelector(textRegex=Skip, idRegex=null, size=null, below=null, above=null, leftOf=null, rightOf=null, containsChild=null, containsDescendants=null, traits=null, index=null, enabled=null, optional=false, selected=null, checked=null, focused=null, childOf=null, css=null), retryIfNoChange=false, waitUntilVisible=false, longPress=false, repeat=null, waitToSettleTimeoutMs=null, relativePoint=null, label=null, optional=false))], condition=Condition(platform=null, visible=ElementSelector(textRegex=Skip, idRegex=null, size=null, below=null, above=null, leftOf=null, rightOf=null, containsChild=null, containsDescendants=null, traits=null, index=null, enabled=null, optional=false, selected=null, checked=null, focused=null, childOf=null, css=null), notVisible=null, scriptCondition=null, label=null), sourceDescription=null, config=null, label=null, optional=false)), logMessages=[], insight=Insight(message=, level=NONE), aiReasoning=null, labeledCommand=null)
11:15:10.562 [ERROR] maestro.cli.session.MaestroSessionManager.newSession$lambda$0: Failed to record heartbeat
java.io.IOException: The process cannot access the file because another process has locked a portion of the file
	at java.base/java.io.FileOutputStream.writeBytes(Native Method)
	at java.base/java.io.FileOutputStream.write(FileOutputStream.java:332)
	at kotlin.io.FilesKt__FileReadWriteKt.writeTextImpl(FileReadWrite.kt:160)
	at kotlin.io.FilesKt__FileReadWriteKt.writeText(FileReadWrite.kt:145)
	at kotlin.io.FilesKt__FileReadWriteKt.writeText$default(FileReadWrite.kt:144)
	at maestro.cli.db.KeyValueStore.commit(KeyValueStore.kt:50)
	at maestro.cli.db.KeyValueStore.set$lambda$3$lambda$2(KeyValueStore.kt:23)
	at maestro.cli.db.KeyValueStore.withFileLock(KeyValueStore.kt:62)
	at maestro.cli.db.KeyValueStore.set(KeyValueStore.kt:20)
	at maestro.cli.session.SessionStore.heartbeat(SessionStore.kt:12)
	at maestro.cli.session.MaestroSessionManager.newSession$lambda$0(MaestroSessionManager.kt:98)
	at java.base/java.util.concurrent.Executors$RunnableAdapter.call(Executors.java:545)
	at java.base/java.util.concurrent.FutureTask.runAndReset(FutureTask.java:371)
	at java.base/java.util.concurrent.ScheduledThreadPoolExecutor$ScheduledFutureTask.run(ScheduledThreadPoolExecutor.java:310)
	at java.base/java.util.concurrent.ThreadPoolExecutor.runWorker(ThreadPoolExecutor.java:1090)
	at java.base/java.util.concurrent.ThreadPoolExecutor$Worker.run(ThreadPoolExecutor.java:614)
	at java.base/java.lang.Thread.run(Thread.java:1516)
11:15:10.842 [ INFO] maestro.orchestra.Orchestra.executeSubflowCommands: [Command execution subflow] CommandSkipped: null
11:15:10.842 [ INFO] maestro.cli.runner.MaestroCommandRunner.runCommands$lambda$8: Run flow when "Skip" is visible SKIPPED
11:15:10.842 [ INFO] maestro.cli.runner.MaestroCommandRunner.runCommands$lambda$0: Run flow when "Dismiss" is visible RUNNING
11:15:10.843 [ INFO] maestro.cli.runner.MaestroCommandRunner.runCommands$lambda$11: Run flow when "Dismiss" is visible metadata CommandMetadata(numberOfRuns=null, evaluatedCommand=MaestroCommand(runFlowCommand=RunFlowCommand(commands=[MaestroCommand(tapOnElementCommand=TapOnElementCommand(selector=ElementSelector(textRegex=Dismiss, idRegex=null, size=null, below=null, above=null, leftOf=null, rightOf=null, containsChild=null, containsDescendants=null, traits=null, index=null, enabled=null, optional=false, selected=null, checked=null, focused=null, childOf=null, css=null), retryIfNoChange=false, waitUntilVisible=false, longPress=false, repeat=null, waitToSettleTimeoutMs=null, relativePoint=null, label=null, optional=false))], condition=Condition(platform=null, visible=ElementSelector(textRegex=Dismiss, idRegex=null, size=null, below=null, above=null, leftOf=null, rightOf=null, containsChild=null, containsDescendants=null, traits=null, index=null, enabled=null, optional=false, selected=null, checked=null, focused=null, childOf=null, css=null), notVisible=null, scriptCondition=null, label=null), sourceDescription=null, config=null, label=null, optional=false)), logMessages=[], insight=Insight(message=, level=NONE), aiReasoning=null, labeledCommand=null)
11:15:11.047 [ INFO] maestro.orchestra.Orchestra.executeSubflowCommands: [Command execution subflow] CommandSkipped: null
11:15:11.047 [ INFO] maestro.cli.runner.MaestroCommandRunner.runCommands$lambda$8: Run flow when "Dismiss" is visible SKIPPED
11:15:11.047 [ INFO] maestro.cli.runner.MaestroCommandRunner.runCommands$lambda$0: Run flow when "Ok" is visible RUNNING
11:15:11.047 [ INFO] maestro.cli.runner.MaestroCommandRunner.runCommands$lambda$11: Run flow when "Ok" is visible metadata CommandMetadata(numberOfRuns=null, evaluatedCommand=MaestroCommand(runFlowCommand=RunFlowCommand(commands=[MaestroCommand(tapOnElementCommand=TapOnElementCommand(selector=ElementSelector(textRegex=Ok, idRegex=null, size=null, below=null, above=null, leftOf=null, rightOf=null, containsChild=null, containsDescendants=null, traits=null, index=null, enabled=null, optional=false, selected=null, checked=null, focused=null, childOf=null, css=null), retryIfNoChange=false, waitUntilVisible=false, longPress=false, repeat=null, waitToSettleTimeoutMs=null, relativePoint=null, label=null, optional=false))], condition=Condition(platform=null, visible=ElementSelector(textRegex=Ok, idRegex=null, size=null, below=null, above=null, leftOf=null, rightOf=null, containsChild=null, containsDescendants=null, traits=null, index=null, enabled=null, optional=false, selected=null, checked=null, focused=null, childOf=null, css=null), notVisible=null, scriptCondition=null, label=null), sourceDescription=null, config=null, label=null, optional=false)), logMessages=[], insight=Insight(message=, level=NONE), aiReasoning=null, labeledCommand=null)
11:15:11.440 [ INFO] maestro.orchestra.Orchestra.executeSubflowCommands: [Command execution subflow] CommandSkipped: null
11:15:11.440 [ INFO] maestro.cli.runner.MaestroCommandRunner.runCommands$lambda$8: Run flow when "Ok" is visible SKIPPED
11:15:11.441 [ INFO] maestro.cli.runner.MaestroCommandRunner.runCommands$lambda$0: Run flow when "Marketplace Day" is visible RUNNING
11:15:11.441 [ INFO] maestro.cli.runner.MaestroCommandRunner.runCommands$lambda$11: Run flow when "Marketplace Day" is visible metadata CommandMetadata(numberOfRuns=null, evaluatedCommand=MaestroCommand(runFlowCommand=RunFlowCommand(commands=[MaestroCommand(backPressCommand=BackPressCommand())], condition=Condition(platform=null, visible=ElementSelector(textRegex=Marketplace Day, idRegex=null, size=null, below=null, above=null, leftOf=null, rightOf=null, containsChild=null, containsDescendants=null, traits=null, index=null, enabled=null, optional=false, selected=null, checked=null, focused=null, childOf=null, css=null), notVisible=null, scriptCondition=null, label=null), sourceDescription=null, config=null, label=null, optional=false)), logMessages=[], insight=Insight(message=, level=NONE), aiReasoning=null, labeledCommand=null)
11:15:11.826 [ INFO] maestro.orchestra.Orchestra.executeSubflowCommands: [Command execution subflow] CommandSkipped: null
11:15:11.826 [ INFO] maestro.cli.runner.MaestroCommandRunner.runCommands$lambda$8: Run flow when "Marketplace Day" is visible SKIPPED
11:15:11.826 [ INFO] maestro.cli.runner.MaestroCommandRunner.runCommands$lambda$0: Run flow when "Start comparing properties" is visible RUNNING
11:15:11.827 [ INFO] maestro.cli.runner.MaestroCommandRunner.runCommands$lambda$11: Run flow when "Start comparing properties" is visible metadata CommandMetadata(numberOfRuns=null, evaluatedCommand=MaestroCommand(runFlowCommand=RunFlowCommand(commands=[MaestroCommand(backPressCommand=BackPressCommand())], condition=Condition(platform=null, visible=ElementSelector(textRegex=Start comparing properties, idRegex=null, size=null, below=null, above=null, leftOf=null, rightOf=null, containsChild=null, containsDescendants=null, traits=null, index=null, enabled=null, optional=false, selected=null, checked=null, focused=null, childOf=null, css=null), notVisible=null, scriptCondition=null, label=null), sourceDescription=null, config=null, label=null, optional=false)), logMessages=[], insight=Insight(message=, level=NONE), aiReasoning=null, labeledCommand=null)
11:15:12.184 [ INFO] maestro.orchestra.Orchestra.executeSubflowCommands: [Command execution subflow] CommandSkipped: null
11:15:12.185 [ INFO] maestro.cli.runner.MaestroCommandRunner.runCommands$lambda$8: Run flow when "Start comparing properties" is visible SKIPPED
11:15:12.185 [ INFO] maestro.cli.runner.MaestroCommandRunner.runCommands$lambda$0: Run flow when "(?s).*Login / Sign up.*" is not visible RUNNING
11:15:12.185 [ INFO] maestro.cli.runner.MaestroCommandRunner.runCommands$lambda$11: Run flow when "(?s).*Login / Sign up.*" is not visible metadata CommandMetadata(numberOfRuns=null, evaluatedCommand=MaestroCommand(runFlowCommand=RunFlowCommand(commands=[MaestroCommand(waitForAnimationToEndCommand=WaitForAnimationToEndCommand(timeout=5000, label=null, optional=false))], condition=Condition(platform=null, visible=null, notVisible=ElementSelector(textRegex=(?s).*Login / Sign up.*, idRegex=null, size=null, below=null, above=null, leftOf=null, rightOf=null, containsChild=null, containsDescendants=null, traits=null, index=null, enabled=null, optional=false, selected=null, checked=null, focused=null, childOf=null, css=null), scriptCondition=null, label=null), sourceDescription=null, config=null, label=null, optional=false)), logMessages=[], insight=Insight(message=, level=NONE), aiReasoning=null, labeledCommand=null)
11:15:12.385 [ INFO] maestro.orchestra.Orchestra.executeSubflowCommands: [Command execution subflow] CommandSkipped: null
11:15:12.385 [ INFO] maestro.cli.runner.MaestroCommandRunner.runCommands$lambda$8: Run flow when "(?s).*Login / Sign up.*" is not visible SKIPPED
11:15:12.385 [ INFO] maestro.cli.runner.MaestroCommandRunner.runCommands$lambda$11: Repeat 20 times metadata CommandMetadata(numberOfRuns=3, evaluatedCommand=MaestroCommand(repeatCommand=RepeatCommand(times=20, condition=null, commands=[MaestroCommand(runFlowCommand=RunFlowCommand(commands=[MaestroCommand(tapOnElementCommand=TapOnElementCommand(selector=ElementSelector(textRegex=Skip, idRegex=null, size=null, below=null, above=null, leftOf=null, rightOf=null, containsChild=null, containsDescendants=null, traits=null, index=null, enabled=null, optional=false, selected=null, checked=null, focused=null, childOf=null, css=null), retryIfNoChange=false, waitUntilVisible=false, longPress=false, repeat=null, waitToSettleTimeoutMs=null, relativePoint=null, label=null, optional=false))], condition=Condition(platform=null, visible=ElementSelector(textRegex=Skip, idRegex=null, size=null, below=null, above=null, leftOf=null, rightOf=null, containsChild=null, containsDescendants=null, traits=null, index=null, enabled=null, optional=false, selected=null, checked=null, focused=null, childOf=null, css=null), notVisible=null, scriptCondition=null, label=null), sourceDescription=null, config=null, label=null, optional=false)), MaestroCommand(runFlowCommand=RunFlowCommand(commands=[MaestroCommand(tapOnElementCommand=TapOnElementCommand(selector=ElementSelector(textRegex=Dismiss, idRegex=null, size=null, below=null, above=null, leftOf=null, rightOf=null, containsChild=null, containsDescendants=null, traits=null, index=null, enabled=null, optional=false, selected=null, checked=null, focused=null, childOf=null, css=null), retryIfNoChange=false, waitUntilVisible=false, longPress=false, repeat=null, waitToSettleTimeoutMs=null, relativePoint=null, label=null, optional=false))], condition=Condition(platform=null, visible=ElementSelector(textRegex=Dismiss, idRegex=null, size=null, below=null, above=null, leftOf=null, rightOf=null, containsChild=null, containsDescendants=null, traits=null, index=null, enabled=null, optional=false, selected=null, checked=null, focused=null, childOf=null, css=null), notVisible=null, scriptCondition=null, label=null), sourceDescription=null, config=null, label=null, optional=false)), MaestroCommand(runFlowCommand=RunFlowCommand(commands=[MaestroCommand(tapOnElementCommand=TapOnElementCommand(selector=ElementSelector(textRegex=Ok, idRegex=null, size=null, below=null, above=null, leftOf=null, rightOf=null, containsChild=null, containsDescendants=null, traits=null, index=null, enabled=null, optional=false, selected=null, checked=null, focused=null, childOf=null, css=null), retryIfNoChange=false, waitUntilVisible=false, longPress=false, repeat=null, waitToSettleTimeoutMs=null, relativePoint=null, label=null, optional=false))], condition=Condition(platform=null, visible=ElementSelector(textRegex=Ok, idRegex=null, size=null, below=null, above=null, leftOf=null, rightOf=null, containsChild=null, containsDescendants=null, traits=null, index=null, enabled=null, optional=false, selected=null, checked=null, focused=null, childOf=null, css=null), notVisible=null, scriptCondition=null, label=null), sourceDescription=null, config=null, label=null, optional=false)), MaestroCommand(runFlowCommand=RunFlowCommand(commands=[MaestroCommand(backPressCommand=BackPressCommand())], condition=Condition(platform=null, visible=ElementSelector(textRegex=Marketplace Day, idRegex=null, size=null, below=null, above=null, leftOf=null, rightOf=null, containsChild=null, containsDescendants=null, traits=null, index=null, enabled=null, optional=false, selected=null, checked=null, focused=null, childOf=null, css=null), notVisible=null, scriptCondition=null, label=null), sourceDescription=null, config=null, label=null, optional=false)), MaestroCommand(runFlowCommand=RunFlowCommand(commands=[MaestroCommand(backPressCommand=BackPressCommand())], condition=Condition(platform=null, visible=ElementSelector(textRegex=Start comparing properties, idRegex=null, size=null, below=null, above=null, leftOf=null, rightOf=null, containsChild=null, containsDescendants=null, traits=null, index=null, enabled=null, optional=false, selected=null, checked=null, focused=null, childOf=null, css=null), notVisible=null, scriptCondition=null, label=null), sourceDescription=null, config=null, label=null, optional=false)), MaestroCommand(runFlowCommand=RunFlowCommand(commands=[MaestroCommand(waitForAnimationToEndCommand=WaitForAnimationToEndCommand(timeout=5000, label=null, optional=false))], condition=Condition(platform=null, visible=null, notVisible=ElementSelector(textRegex=(?s).*Login / Sign up.*, idRegex=null, size=null, below=null, above=null, leftOf=null, rightOf=null, containsChild=null, containsDescendants=null, traits=null, index=null, enabled=null, optional=false, selected=null, checked=null, focused=null, childOf=null, css=null), scriptCondition=null, label=null), sourceDescription=null, config=null, label=null, optional=false))], label=null, optional=false)), logMessages=[], insight=Insight(message=, level=NONE), aiReasoning=null, labeledCommand=null)
11:15:12.385 [ INFO] maestro.cli.runner.MaestroCommandRunner.runCommands$lambda$10: Run flow when "Skip" is visible PENDING
11:15:12.386 [ INFO] maestro.cli.runner.MaestroCommandRunner.runCommands$lambda$10: Tap on "Skip" PENDING
11:15:12.386 [ INFO] maestro.cli.runner.MaestroCommandRunner.runCommands$lambda$10: Run flow when "Dismiss" is visible PENDING
11:15:12.386 [ INFO] maestro.cli.runner.MaestroCommandRunner.runCommands$lambda$10: Tap on "Dismiss" PENDING
11:15:12.386 [ INFO] maestro.cli.runner.MaestroCommandRunner.runCommands$lambda$10: Run flow when "Ok" is visible PENDING
11:15:12.386 [ INFO] maestro.cli.runner.MaestroCommandRunner.runCommands$lambda$10: Tap on "Ok" PENDING
11:15:12.387 [ INFO] maestro.cli.runner.MaestroCommandRunner.runCommands$lambda$10: Run flow when "Marketplace Day" is visible PENDING
11:15:12.387 [ INFO] maestro.cli.runner.MaestroCommandRunner.runCommands$lambda$10: Press back PENDING
11:15:12.388 [ INFO] maestro.cli.runner.MaestroCommandRunner.runCommands$lambda$10: Run flow when "Start comparing properties" is visible PENDING
11:15:12.388 [ INFO] maestro.cli.runner.MaestroCommandRunner.runCommands$lambda$10: Press back PENDING
11:15:12.388 [ INFO] maestro.cli.runner.MaestroCommandRunner.runCommands$lambda$10: Run flow when "(?s).*Login / Sign up.*" is not visible PENDING
11:15:12.389 [ INFO] maestro.cli.runner.MaestroCommandRunner.runCommands$lambda$10: Wait for animation to end within 5000 ms PENDING
11:15:12.389 [ INFO] maestro.cli.runner.MaestroCommandRunner.runCommands$lambda$0: Run flow when "Skip" is visible RUNNING
11:15:12.389 [ INFO] maestro.cli.runner.MaestroCommandRunner.runCommands$lambda$11: Run flow when "Skip" is visible metadata CommandMetadata(numberOfRuns=null, evaluatedCommand=MaestroCommand(runFlowCommand=RunFlowCommand(commands=[MaestroCommand(tapOnElementCommand=TapOnElementCommand(selector=ElementSelector(textRegex=Skip, idRegex=null, size=null, below=null, above=null, leftOf=null, rightOf=null, containsChild=null, containsDescendants=null, traits=null, index=null, enabled=null, optional=false, selected=null, checked=null, focused=null, childOf=null, css=null), retryIfNoChange=false, waitUntilVisible=false, longPress=false, repeat=null, waitToSettleTimeoutMs=null, relativePoint=null, label=null, optional=false))], condition=Condition(platform=null, visible=ElementSelector(textRegex=Skip, idRegex=null, size=null, below=null, above=null, leftOf=null, rightOf=null, containsChild=null, containsDescendants=null, traits=null, index=null, enabled=null, optional=false, selected=null, checked=null, focused=null, childOf=null, css=null), notVisible=null, scriptCondition=null, label=null), sourceDescription=null, config=null, label=null, optional=false)), logMessages=[], insight=Insight(message=, level=NONE), aiReasoning=null, labeledCommand=null)
11:15:13.396 [ INFO] maestro.orchestra.Orchestra.executeSubflowCommands: [Command execution subflow] CommandSkipped: null
11:15:13.397 [ INFO] maestro.cli.runner.MaestroCommandRunner.runCommands$lambda$8: Run flow when "Skip" is visible SKIPPED
11:15:13.397 [ INFO] maestro.cli.runner.MaestroCommandRunner.runCommands$lambda$0: Run flow when "Dismiss" is visible RUNNING
11:15:13.397 [ INFO] maestro.cli.runner.MaestroCommandRunner.runCommands$lambda$11: Run flow when "Dismiss" is visible metadata CommandMetadata(numberOfRuns=null, evaluatedCommand=MaestroCommand(runFlowCommand=RunFlowCommand(commands=[MaestroCommand(tapOnElementCommand=TapOnElementCommand(selector=ElementSelector(textRegex=Dismiss, idRegex=null, size=null, below=null, above=null, leftOf=null, rightOf=null, containsChild=null, containsDescendants=null, traits=null, index=null, enabled=null, optional=false, selected=null, checked=null, focused=null, childOf=null, css=null), retryIfNoChange=false, waitUntilVisible=false, longPress=false, repeat=null, waitToSettleTimeoutMs=null, relativePoint=null, label=null, optional=false))], condition=Condition(platform=null, visible=ElementSelector(textRegex=Dismiss, idRegex=null, size=null, below=null, above=null, leftOf=null, rightOf=null, containsChild=null, containsDescendants=null, traits=null, index=null, enabled=null, optional=false, selected=null, checked=null, focused=null, childOf=null, css=null), notVisible=null, scriptCondition=null, label=null), sourceDescription=null, config=null, label=null, optional=false)), logMessages=[], insight=Insight(message=, level=NONE), aiReasoning=null, labeledCommand=null)
11:15:14.155 [ INFO] maestro.orchestra.Orchestra.executeSubflowCommands: [Command execution subflow] CommandSkipped: null
11:15:14.156 [ INFO] maestro.cli.runner.MaestroCommandRunner.runCommands$lambda$8: Run flow when "Dismiss" is visible SKIPPED
11:15:14.156 [ INFO] maestro.cli.runner.MaestroCommandRunner.runCommands$lambda$0: Run flow when "Ok" is visible RUNNING
11:15:14.156 [ INFO] maestro.cli.runner.MaestroCommandRunner.runCommands$lambda$11: Run flow when "Ok" is visible metadata CommandMetadata(numberOfRuns=null, evaluatedCommand=MaestroCommand(runFlowCommand=RunFlowCommand(commands=[MaestroCommand(tapOnElementCommand=TapOnElementCommand(selector=ElementSelector(textRegex=Ok, idRegex=null, size=null, below=null, above=null, leftOf=null, rightOf=null, containsChild=null, containsDescendants=null, traits=null, index=null, enabled=null, optional=false, selected=null, checked=null, focused=null, childOf=null, css=null), retryIfNoChange=false, waitUntilVisible=false, longPress=false, repeat=null, waitToSettleTimeoutMs=null, relativePoint=null, label=null, optional=false))], condition=Condition(platform=null, visible=ElementSelector(textRegex=Ok, idRegex=null, size=null, below=null, above=null, leftOf=null, rightOf=null, containsChild=null, containsDescendants=null, traits=null, index=null, enabled=null, optional=false, selected=null, checked=null, focused=null, childOf=null, css=null), notVisible=null, scriptCondition=null, label=null), sourceDescription=null, config=null, label=null, optional=false)), logMessages=[], insight=Insight(message=, level=NONE), aiReasoning=null, labeledCommand=null)
11:15:14.706 [ INFO] maestro.orchestra.Orchestra.executeSubflowCommands: [Command execution subflow] CommandSkipped: null
11:15:14.706 [ INFO] maestro.cli.runner.MaestroCommandRunner.runCommands$lambda$8: Run flow when "Ok" is visible SKIPPED
11:15:14.706 [ INFO] maestro.cli.runner.MaestroCommandRunner.runCommands$lambda$0: Run flow when "Marketplace Day" is visible RUNNING
11:15:14.707 [ INFO] maestro.cli.runner.MaestroCommandRunner.runCommands$lambda$11: Run flow when "Marketplace Day" is visible metadata CommandMetadata(numberOfRuns=null, evaluatedCommand=MaestroCommand(runFlowCommand=RunFlowCommand(commands=[MaestroCommand(backPressCommand=BackPressCommand())], condition=Condition(platform=null, visible=ElementSelector(textRegex=Marketplace Day, idRegex=null, size=null, below=null, above=null, leftOf=null, rightOf=null, containsChild=null, containsDescendants=null, traits=null, index=null, enabled=null, optional=false, selected=null, checked=null, focused=null, childOf=null, css=null), notVisible=null, scriptCondition=null, label=null), sourceDescription=null, config=null, label=null, optional=false)), logMessages=[], insight=Insight(message=, level=NONE), aiReasoning=null, labeledCommand=null)
11:15:15.023 [ INFO] maestro.orchestra.Orchestra.executeSubflowCommands: [Command execution subflow] CommandSkipped: null
11:15:15.024 [ INFO] maestro.cli.runner.MaestroCommandRunner.runCommands$lambda$8: Run flow when "Marketplace Day" is visible SKIPPED
11:15:15.024 [ INFO] maestro.cli.runner.MaestroCommandRunner.runCommands$lambda$0: Run flow when "Start comparing properties" is visible RUNNING
11:15:15.024 [ INFO] maestro.cli.runner.MaestroCommandRunner.runCommands$lambda$11: Run flow when "Start comparing properties" is visible metadata CommandMetadata(numberOfRuns=null, evaluatedCommand=MaestroCommand(runFlowCommand=RunFlowCommand(commands=[MaestroCommand(backPressCommand=BackPressCommand())], condition=Condition(platform=null, visible=ElementSelector(textRegex=Start comparing properties, idRegex=null, size=null, below=null, above=null, leftOf=null, rightOf=null, containsChild=null, containsDescendants=null, traits=null, index=null, enabled=null, optional=false, selected=null, checked=null, focused=null, childOf=null, css=null), notVisible=null, scriptCondition=null, label=null), sourceDescription=null, config=null, label=null, optional=false)), logMessages=[], insight=Insight(message=, level=NONE), aiReasoning=null, labeledCommand=null)
11:15:15.306 [ INFO] maestro.orchestra.Orchestra.executeSubflowCommands: [Command execution subflow] CommandSkipped: null
11:15:15.307 [ INFO] maestro.cli.runner.MaestroCommandRunner.runCommands$lambda$8: Run flow when "Start comparing properties" is visible SKIPPED
11:15:15.307 [ INFO] maestro.cli.runner.MaestroCommandRunner.runCommands$lambda$0: Run flow when "(?s).*Login / Sign up.*" is not visible RUNNING
11:15:15.308 [ INFO] maestro.cli.runner.MaestroCommandRunner.runCommands$lambda$11: Run flow when "(?s).*Login / Sign up.*" is not visible metadata CommandMetadata(numberOfRuns=null, evaluatedCommand=MaestroCommand(runFlowCommand=RunFlowCommand(commands=[MaestroCommand(waitForAnimationToEndCommand=WaitForAnimationToEndCommand(timeout=5000, label=null, optional=false))], condition=Condition(platform=null, visible=null, notVisible=ElementSelector(textRegex=(?s).*Login / Sign up.*, idRegex=null, size=null, below=null, above=null, leftOf=null, rightOf=null, containsChild=null, containsDescendants=null, traits=null, index=null, enabled=null, optional=false, selected=null, checked=null, focused=null, childOf=null, css=null), scriptCondition=null, label=null), sourceDescription=null, config=null, label=null, optional=false)), logMessages=[], insight=Insight(message=, level=NONE), aiReasoning=null, labeledCommand=null)
11:15:15.562 [ERROR] maestro.cli.session.MaestroSessionManager.newSession$lambda$0: Failed to record heartbeat
java.io.IOException: The process cannot access the file because another process has locked a portion of the file
	at java.base/java.io.FileOutputStream.writeBytes(Native Method)
	at java.base/java.io.FileOutputStream.write(FileOutputStream.java:332)
	at kotlin.io.FilesKt__FileReadWriteKt.writeTextImpl(FileReadWrite.kt:160)
	at kotlin.io.FilesKt__FileReadWriteKt.writeText(FileReadWrite.kt:145)
	at kotlin.io.FilesKt__FileReadWriteKt.writeText$default(FileReadWrite.kt:144)
	at maestro.cli.db.KeyValueStore.commit(KeyValueStore.kt:50)
	at maestro.cli.db.KeyValueStore.set$lambda$3$lambda$2(KeyValueStore.kt:23)
	at maestro.cli.db.KeyValueStore.withFileLock(KeyValueStore.kt:62)
	at maestro.cli.db.KeyValueStore.set(KeyValueStore.kt:20)
	at maestro.cli.session.SessionStore.heartbeat(SessionStore.kt:12)
	at maestro.cli.session.MaestroSessionManager.newSession$lambda$0(MaestroSessionManager.kt:98)
	at java.base/java.util.concurrent.Executors$RunnableAdapter.call(Executors.java:545)
	at java.base/java.util.concurrent.FutureTask.runAndReset(FutureTask.java:371)
	at java.base/java.util.concurrent.ScheduledThreadPoolExecutor$ScheduledFutureTask.run(ScheduledThreadPoolExecutor.java:310)
	at java.base/java.util.concurrent.ThreadPoolExecutor.runWorker(ThreadPoolExecutor.java:1090)
	at java.base/java.util.concurrent.ThreadPoolExecutor$Worker.run(ThreadPoolExecutor.java:614)
	at java.base/java.lang.Thread.run(Thread.java:1516)
11:15:15.593 [ INFO] maestro.orchestra.Orchestra.executeSubflowCommands: [Command execution subflow] CommandSkipped: null
11:15:15.593 [ INFO] maestro.cli.runner.MaestroCommandRunner.runCommands$lambda$8: Run flow when "(?s).*Login / Sign up.*" is not visible SKIPPED
11:15:15.594 [ INFO] maestro.cli.runner.MaestroCommandRunner.runCommands$lambda$11: Repeat 20 times metadata CommandMetadata(numberOfRuns=4, evaluatedCommand=MaestroCommand(repeatCommand=RepeatCommand(times=20, condition=null, commands=[MaestroCommand(runFlowCommand=RunFlowCommand(commands=[MaestroCommand(tapOnElementCommand=TapOnElementCommand(selector=ElementSelector(textRegex=Skip, idRegex=null, size=null, below=null, above=null, leftOf=null, rightOf=null, containsChild=null, containsDescendants=null, traits=null, index=null, enabled=null, optional=false, selected=null, checked=null, focused=null, childOf=null, css=null), retryIfNoChange=false, waitUntilVisible=false, longPress=false, repeat=null, waitToSettleTimeoutMs=null, relativePoint=null, label=null, optional=false))], condition=Condition(platform=null, visible=ElementSelector(textRegex=Skip, idRegex=null, size=null, below=null, above=null, leftOf=null, rightOf=null, containsChild=null, containsDescendants=null, traits=null, index=null, enabled=null, optional=false, selected=null, checked=null, focused=null, childOf=null, css=null), notVisible=null, scriptCondition=null, label=null), sourceDescription=null, config=null, label=null, optional=false)), MaestroCommand(runFlowCommand=RunFlowCommand(commands=[MaestroCommand(tapOnElementCommand=TapOnElementCommand(selector=ElementSelector(textRegex=Dismiss, idRegex=null, size=null, below=null, above=null, leftOf=null, rightOf=null, containsChild=null, containsDescendants=null, traits=null, index=null, enabled=null, optional=false, selected=null, checked=null, focused=null, childOf=null, css=null), retryIfNoChange=false, waitUntilVisible=false, longPress=false, repeat=null, waitToSettleTimeoutMs=null, relativePoint=null, label=null, optional=false))], condition=Condition(platform=null, visible=ElementSelector(textRegex=Dismiss, idRegex=null, size=null, below=null, above=null, leftOf=null, rightOf=null, containsChild=null, containsDescendants=null, traits=null, index=null, enabled=null, optional=false, selected=null, checked=null, focused=null, childOf=null, css=null), notVisible=null, scriptCondition=null, label=null), sourceDescription=null, config=null, label=null, optional=false)), MaestroCommand(runFlowCommand=RunFlowCommand(commands=[MaestroCommand(tapOnElementCommand=TapOnElementCommand(selector=ElementSelector(textRegex=Ok, idRegex=null, size=null, below=null, above=null, leftOf=null, rightOf=null, containsChild=null, containsDescendants=null, traits=null, index=null, enabled=null, optional=false, selected=null, checked=null, focused=null, childOf=null, css=null), retryIfNoChange=false, waitUntilVisible=false, longPress=false, repeat=null, waitToSettleTimeoutMs=null, relativePoint=null, label=null, optional=false))], condition=Condition(platform=null, visible=ElementSelector(textRegex=Ok, idRegex=null, size=null, below=null, above=null, leftOf=null, rightOf=null, containsChild=null, containsDescendants=null, traits=null, index=null, enabled=null, optional=false, selected=null, checked=null, focused=null, childOf=null, css=null), notVisible=null, scriptCondition=null, label=null), sourceDescription=null, config=null, label=null, optional=false)), MaestroCommand(runFlowCommand=RunFlowCommand(commands=[MaestroCommand(backPressCommand=BackPressCommand())], condition=Condition(platform=null, visible=ElementSelector(textRegex=Marketplace Day, idRegex=null, size=null, below=null, above=null, leftOf=null, rightOf=null, containsChild=null, containsDescendants=null, traits=null, index=null, enabled=null, optional=false, selected=null, checked=null, focused=null, childOf=null, css=null), notVisible=null, scriptCondition=null, label=null), sourceDescription=null, config=null, label=null, optional=false)), MaestroCommand(runFlowCommand=RunFlowCommand(commands=[MaestroCommand(backPressCommand=BackPressCommand())], condition=Condition(platform=null, visible=ElementSelector(textRegex=Start comparing properties, idRegex=null, size=null, below=null, above=null, leftOf=null, rightOf=null, containsChild=null, containsDescendants=null, traits=null, index=null, enabled=null, optional=false, selected=null, checked=null, focused=null, childOf=null, css=null), notVisible=null, scriptCondition=null, label=null), sourceDescription=null, config=null, label=null, optional=false)), MaestroCommand(runFlowCommand=RunFlowCommand(commands=[MaestroCommand(waitForAnimationToEndCommand=WaitForAnimationToEndCommand(timeout=5000, label=null, optional=false))], condition=Condition(platform=null, visible=null, notVisible=ElementSelector(textRegex=(?s).*Login / Sign up.*, idRegex=null, size=null, below=null, above=null, leftOf=null, rightOf=null, containsChild=null, containsDescendants=null, traits=null, index=null, enabled=null, optional=false, selected=null, checked=null, focused=null, childOf=null, css=null), scriptCondition=null, label=null), sourceDescription=null, config=null, label=null, optional=false))], label=null, optional=false)), logMessages=[], insight=Insight(message=, level=NONE), aiReasoning=null, labeledCommand=null)
11:15:15.595 [ INFO] maestro.cli.runner.MaestroCommandRunner.runCommands$lambda$10: Run flow when "Skip" is visible PENDING
11:15:15.595 [ INFO] maestro.cli.runner.MaestroCommandRunner.runCommands$lambda$10: Tap on "Skip" PENDING
11:15:15.595 [ INFO] maestro.cli.runner.MaestroCommandRunner.runCommands$lambda$10: Run flow when "Dismiss" is visible PENDING
11:15:15.595 [ INFO] maestro.cli.runner.MaestroCommandRunner.runCommands$lambda$10: Tap on "Dismiss" PENDING
11:15:15.595 [ INFO] maestro.cli.runner.MaestroCommandRunner.runCommands$lambda$10: Run flow when "Ok" is visible PENDING
11:15:15.595 [ INFO] maestro.cli.runner.MaestroCommandRunner.runCommands$lambda$10: Tap on "Ok" PENDING
11:15:15.595 [ INFO] maestro.cli.runner.MaestroCommandRunner.runCommands$lambda$10: Run flow when "Marketplace Day" is visible PENDING
11:15:15.595 [ INFO] maestro.cli.runner.MaestroCommandRunner.runCommands$lambda$10: Press back PENDING
11:15:15.595 [ INFO] maestro.cli.runner.MaestroCommandRunner.runCommands$lambda$10: Run flow when "Start comparing properties" is visible PENDING
11:15:15.595 [ INFO] maestro.cli.runner.MaestroCommandRunner.runCommands$lambda$10: Press back PENDING
11:15:15.595 [ INFO] maestro.cli.runner.MaestroCommandRunner.runCommands$lambda$10: Run flow when "(?s).*Login / Sign up.*" is not visible PENDING
11:15:15.595 [ INFO] maestro.cli.runner.MaestroCommandRunner.runCommands$lambda$10: Wait for animation to end within 5000 ms PENDING
11:15:15.595 [ INFO] maestro.cli.runner.MaestroCommandRunner.runCommands$lambda$0: Run flow when "Skip" is visible RUNNING
11:15:15.595 [ INFO] maestro.cli.runner.MaestroCommandRunner.runCommands$lambda$11: Run flow when "Skip" is visible metadata CommandMetadata(numberOfRuns=null, evaluatedCommand=MaestroCommand(runFlowCommand=RunFlowCommand(commands=[MaestroCommand(tapOnElementCommand=TapOnElementCommand(selector=ElementSelector(textRegex=Skip, idRegex=null, size=null, below=null, above=null, leftOf=null, rightOf=null, containsChild=null, containsDescendants=null, traits=null, index=null, enabled=null, optional=false, selected=null, checked=null, focused=null, childOf=null, css=null), retryIfNoChange=false, waitUntilVisible=false, longPress=false, repeat=null, waitToSettleTimeoutMs=null, relativePoint=null, label=null, optional=false))], condition=Condition(platform=null, visible=ElementSelector(textRegex=Skip, idRegex=null, size=null, below=null, above=null, leftOf=null, rightOf=null, containsChild=null, containsDescendants=null, traits=null, index=null, enabled=null, optional=false, selected=null, checked=null, focused=null, childOf=null, css=null), notVisible=null, scriptCondition=null, label=null), sourceDescription=null, config=null, label=null, optional=false)), logMessages=[], insight=Insight(message=, level=NONE), aiReasoning=null, labeledCommand=null)
11:15:16.046 [ INFO] maestro.orchestra.Orchestra.executeSubflowCommands: [Command execution subflow] CommandSkipped: null
11:15:16.046 [ INFO] maestro.cli.runner.MaestroCommandRunner.runCommands$lambda$8: Run flow when "Skip" is visible SKIPPED
11:15:16.046 [ INFO] maestro.cli.runner.MaestroCommandRunner.runCommands$lambda$0: Run flow when "Dismiss" is visible RUNNING
11:15:16.047 [ INFO] maestro.cli.runner.MaestroCommandRunner.runCommands$lambda$11: Run flow when "Dismiss" is visible metadata CommandMetadata(numberOfRuns=null, evaluatedCommand=MaestroCommand(runFlowCommand=RunFlowCommand(commands=[MaestroCommand(tapOnElementCommand=TapOnElementCommand(selector=ElementSelector(textRegex=Dismiss, idRegex=null, size=null, below=null, above=null, leftOf=null, rightOf=null, containsChild=null, containsDescendants=null, traits=null, index=null, enabled=null, optional=false, selected=null, checked=null, focused=null, childOf=null, css=null), retryIfNoChange=false, waitUntilVisible=false, longPress=false, repeat=null, waitToSettleTimeoutMs=null, relativePoint=null, label=null, optional=false))], condition=Condition(platform=null, visible=ElementSelector(textRegex=Dismiss, idRegex=null, size=null, below=null, above=null, leftOf=null, rightOf=null, containsChild=null, containsDescendants=null, traits=null, index=null, enabled=null, optional=false, selected=null, checked=null, focused=null, childOf=null, css=null), notVisible=null, scriptCondition=null, label=null), sourceDescription=null, config=null, label=null, optional=false)), logMessages=[], insight=Insight(message=, level=NONE), aiReasoning=null, labeledCommand=null)
11:15:16.301 [ INFO] maestro.orchestra.Orchestra.executeSubflowCommands: [Command execution subflow] CommandSkipped: null
11:15:16.301 [ INFO] maestro.cli.runner.MaestroCommandRunner.runCommands$lambda$8: Run flow when "Dismiss" is visible SKIPPED
11:15:16.301 [ INFO] maestro.cli.runner.MaestroCommandRunner.runCommands$lambda$0: Run flow when "Ok" is visible RUNNING
11:15:16.301 [ INFO] maestro.cli.runner.MaestroCommandRunner.runCommands$lambda$11: Run flow when "Ok" is visible metadata CommandMetadata(numberOfRuns=null, evaluatedCommand=MaestroCommand(runFlowCommand=RunFlowCommand(commands=[MaestroCommand(tapOnElementCommand=TapOnElementCommand(selector=ElementSelector(textRegex=Ok, idRegex=null, size=null, below=null, above=null, leftOf=null, rightOf=null, containsChild=null, containsDescendants=null, traits=null, index=null, enabled=null, optional=false, selected=null, checked=null, focused=null, childOf=null, css=null), retryIfNoChange=false, waitUntilVisible=false, longPress=false, repeat=null, waitToSettleTimeoutMs=null, relativePoint=null, label=null, optional=false))], condition=Condition(platform=null, visible=ElementSelector(textRegex=Ok, idRegex=null, size=null, below=null, above=null, leftOf=null, rightOf=null, containsChild=null, containsDescendants=null, traits=null, index=null, enabled=null, optional=false, selected=null, checked=null, focused=null, childOf=null, css=null), notVisible=null, scriptCondition=null, label=null), sourceDescription=null, config=null, label=null, optional=false)), logMessages=[], insight=Insight(message=, level=NONE), aiReasoning=null, labeledCommand=null)
11:15:16.612 [ INFO] maestro.orchestra.Orchestra.executeSubflowCommands: [Command execution subflow] CommandSkipped: null
11:15:16.612 [ INFO] maestro.cli.runner.MaestroCommandRunner.runCommands$lambda$8: Run flow when "Ok" is visible SKIPPED
11:15:16.613 [ INFO] maestro.cli.runner.MaestroCommandRunner.runCommands$lambda$0: Run flow when "Marketplace Day" is visible RUNNING
11:15:16.613 [ INFO] maestro.cli.runner.MaestroCommandRunner.runCommands$lambda$11: Run flow when "Marketplace Day" is visible metadata CommandMetadata(numberOfRuns=null, evaluatedCommand=MaestroCommand(runFlowCommand=RunFlowCommand(commands=[MaestroCommand(backPressCommand=BackPressCommand())], condition=Condition(platform=null, visible=ElementSelector(textRegex=Marketplace Day, idRegex=null, size=null, below=null, above=null, leftOf=null, rightOf=null, containsChild=null, containsDescendants=null, traits=null, index=null, enabled=null, optional=false, selected=null, checked=null, focused=null, childOf=null, css=null), notVisible=null, scriptCondition=null, label=null), sourceDescription=null, config=null, label=null, optional=false)), logMessages=[], insight=Insight(message=, level=NONE), aiReasoning=null, labeledCommand=null)
11:15:18.126 [ INFO] maestro.orchestra.Orchestra.executeSubflowCommands: [Command execution subflow] CommandSkipped: null
11:15:18.126 [ INFO] maestro.cli.runner.MaestroCommandRunner.runCommands$lambda$8: Run flow when "Marketplace Day" is visible SKIPPED
11:15:18.127 [ INFO] maestro.cli.runner.MaestroCommandRunner.runCommands$lambda$0: Run flow when "Start comparing properties" is visible RUNNING
11:15:18.127 [ INFO] maestro.cli.runner.MaestroCommandRunner.runCommands$lambda$11: Run flow when "Start comparing properties" is visible metadata CommandMetadata(numberOfRuns=null, evaluatedCommand=MaestroCommand(runFlowCommand=RunFlowCommand(commands=[MaestroCommand(backPressCommand=BackPressCommand())], condition=Condition(platform=null, visible=ElementSelector(textRegex=Start comparing properties, idRegex=null, size=null, below=null, above=null, leftOf=null, rightOf=null, containsChild=null, containsDescendants=null, traits=null, index=null, enabled=null, optional=false, selected=null, checked=null, focused=null, childOf=null, css=null), notVisible=null, scriptCondition=null, label=null), sourceDescription=null, config=null, label=null, optional=false)), logMessages=[], insight=Insight(message=, level=NONE), aiReasoning=null, labeledCommand=null)
11:15:18.469 [ INFO] maestro.orchestra.Orchestra.executeSubflowCommands: [Command execution subflow] CommandSkipped: null
11:15:18.469 [ INFO] maestro.cli.runner.MaestroCommandRunner.runCommands$lambda$8: Run flow when "Start comparing properties" is visible SKIPPED
11:15:18.469 [ INFO] maestro.cli.runner.MaestroCommandRunner.runCommands$lambda$0: Run flow when "(?s).*Login / Sign up.*" is not visible RUNNING
11:15:18.469 [ INFO] maestro.cli.runner.MaestroCommandRunner.runCommands$lambda$11: Run flow when "(?s).*Login / Sign up.*" is not visible metadata CommandMetadata(numberOfRuns=null, evaluatedCommand=MaestroCommand(runFlowCommand=RunFlowCommand(commands=[MaestroCommand(waitForAnimationToEndCommand=WaitForAnimationToEndCommand(timeout=5000, label=null, optional=false))], condition=Condition(platform=null, visible=null, notVisible=ElementSelector(textRegex=(?s).*Login / Sign up.*, idRegex=null, size=null, below=null, above=null, leftOf=null, rightOf=null, containsChild=null, containsDescendants=null, traits=null, index=null, enabled=null, optional=false, selected=null, checked=null, focused=null, childOf=null, css=null), scriptCondition=null, label=null), sourceDescription=null, config=null, label=null, optional=false)), logMessages=[], insight=Insight(message=, level=NONE), aiReasoning=null, labeledCommand=null)
11:15:18.645 [ INFO] maestro.orchestra.Orchestra.executeSubflowCommands: [Command execution subflow] CommandSkipped: null
11:15:18.645 [ INFO] maestro.cli.runner.MaestroCommandRunner.runCommands$lambda$8: Run flow when "(?s).*Login / Sign up.*" is not visible SKIPPED
11:15:18.645 [ INFO] maestro.cli.runner.MaestroCommandRunner.runCommands$lambda$11: Repeat 20 times metadata CommandMetadata(numberOfRuns=5, evaluatedCommand=MaestroCommand(repeatCommand=RepeatCommand(times=20, condition=null, commands=[MaestroCommand(runFlowCommand=RunFlowCommand(commands=[MaestroCommand(tapOnElementCommand=TapOnElementCommand(selector=ElementSelector(textRegex=Skip, idRegex=null, size=null, below=null, above=null, leftOf=null, rightOf=null, containsChild=null, containsDescendants=null, traits=null, index=null, enabled=null, optional=false, selected=null, checked=null, focused=null, childOf=null, css=null), retryIfNoChange=false, waitUntilVisible=false, longPress=false, repeat=null, waitToSettleTimeoutMs=null, relativePoint=null, label=null, optional=false))], condition=Condition(platform=null, visible=ElementSelector(textRegex=Skip, idRegex=null, size=null, below=null, above=null, leftOf=null, rightOf=null, containsChild=null, containsDescendants=null, traits=null, index=null, enabled=null, optional=false, selected=null, checked=null, focused=null, childOf=null, css=null), notVisible=null, scriptCondition=null, label=null), sourceDescription=null, config=null, label=null, optional=false)), MaestroCommand(runFlowCommand=RunFlowCommand(commands=[MaestroCommand(tapOnElementCommand=TapOnElementCommand(selector=ElementSelector(textRegex=Dismiss, idRegex=null, size=null, below=null, above=null, leftOf=null, rightOf=null, containsChild=null, containsDescendants=null, traits=null, index=null, enabled=null, optional=false, selected=null, checked=null, focused=null, childOf=null, css=null), retryIfNoChange=false, waitUntilVisible=false, longPress=false, repeat=null, waitToSettleTimeoutMs=null, relativePoint=null, label=null, optional=false))], condition=Condition(platform=null, visible=ElementSelector(textRegex=Dismiss, idRegex=null, size=null, below=null, above=null, leftOf=null, rightOf=null, containsChild=null, containsDescendants=null, traits=null, index=null, enabled=null, optional=false, selected=null, checked=null, focused=null, childOf=null, css=null), notVisible=null, scriptCondition=null, label=null), sourceDescription=null, config=null, label=null, optional=false)), MaestroCommand(runFlowCommand=RunFlowCommand(commands=[MaestroCommand(tapOnElementCommand=TapOnElementCommand(selector=ElementSelector(textRegex=Ok, idRegex=null, size=null, below=null, above=null, leftOf=null, rightOf=null, containsChild=null, containsDescendants=null, traits=null, index=null, enabled=null, optional=false, selected=null, checked=null, focused=null, childOf=null, css=null), retryIfNoChange=false, waitUntilVisible=false, longPress=false, repeat=null, waitToSettleTimeoutMs=null, relativePoint=null, label=null, optional=false))], condition=Condition(platform=null, visible=ElementSelector(textRegex=Ok, idRegex=null, size=null, below=null, above=null, leftOf=null, rightOf=null, containsChild=null, containsDescendants=null, traits=null, index=null, enabled=null, optional=false, selected=null, checked=null, focused=null, childOf=null, css=null), notVisible=null, scriptCondition=null, label=null), sourceDescription=null, config=null, label=null, optional=false)), MaestroCommand(runFlowCommand=RunFlowCommand(commands=[MaestroCommand(backPressCommand=BackPressCommand())], condition=Condition(platform=null, visible=ElementSelector(textRegex=Marketplace Day, idRegex=null, size=null, below=null, above=null, leftOf=null, rightOf=null, containsChild=null, containsDescendants=null, traits=null, index=null, enabled=null, optional=false, selected=null, checked=null, focused=null, childOf=null, css=null), notVisible=null, scriptCondition=null, label=null), sourceDescription=null, config=null, label=null, optional=false)), MaestroCommand(runFlowCommand=RunFlowCommand(commands=[MaestroCommand(backPressCommand=BackPressCommand())], condition=Condition(platform=null, visible=ElementSelector(textRegex=Start comparing properties, idRegex=null, size=null, below=null, above=null, leftOf=null, rightOf=null, containsChild=null, containsDescendants=null, traits=null, index=null, enabled=null, optional=false, selected=null, checked=null, focused=null, childOf=null, css=null), notVisible=null, scriptCondition=null, label=null), sourceDescription=null, config=null, label=null, optional=false)), MaestroCommand(runFlowCommand=RunFlowCommand(commands=[MaestroCommand(waitForAnimationToEndCommand=WaitForAnimationToEndCommand(timeout=5000, label=null, optional=false))], condition=Condition(platform=null, visible=null, notVisible=ElementSelector(textRegex=(?s).*Login / Sign up.*, idRegex=null, size=null, below=null, above=null, leftOf=null, rightOf=null, containsChild=null, containsDescendants=null, traits=null, index=null, enabled=null, optional=false, selected=null, checked=null, focused=null, childOf=null, css=null), scriptCondition=null, label=null), sourceDescription=null, config=null, label=null, optional=false))], label=null, optional=false)), logMessages=[], insight=Insight(message=, level=NONE), aiReasoning=null, labeledCommand=null)
11:15:18.645 [ INFO] maestro.cli.runner.MaestroCommandRunner.runCommands$lambda$10: Run flow when "Skip" is visible PENDING
11:15:18.646 [ INFO] maestro.cli.runner.MaestroCommandRunner.runCommands$lambda$10: Tap on "Skip" PENDING
11:15:18.646 [ INFO] maestro.cli.runner.MaestroCommandRunner.runCommands$lambda$10: Run flow when "Dismiss" is visible PENDING
11:15:18.646 [ INFO] maestro.cli.runner.MaestroCommandRunner.runCommands$lambda$10: Tap on "Dismiss" PENDING
11:15:18.647 [ INFO] maestro.cli.runner.MaestroCommandRunner.runCommands$lambda$10: Run flow when "Ok" is visible PENDING
11:15:18.647 [ INFO] maestro.cli.runner.MaestroCommandRunner.runCommands$lambda$10: Tap on "Ok" PENDING
11:15:18.647 [ INFO] maestro.cli.runner.MaestroCommandRunner.runCommands$lambda$10: Run flow when "Marketplace Day" is visible PENDING
11:15:18.647 [ INFO] maestro.cli.runner.MaestroCommandRunner.runCommands$lambda$10: Press back PENDING
11:15:18.647 [ INFO] maestro.cli.runner.MaestroCommandRunner.runCommands$lambda$10: Run flow when "Start comparing properties" is visible PENDING
11:15:18.647 [ INFO] maestro.cli.runner.MaestroCommandRunner.runCommands$lambda$10: Press back PENDING
11:15:18.647 [ INFO] maestro.cli.runner.MaestroCommandRunner.runCommands$lambda$10: Run flow when "(?s).*Login / Sign up.*" is not visible PENDING
11:15:18.647 [ INFO] maestro.cli.runner.MaestroCommandRunner.runCommands$lambda$10: Wait for animation to end within 5000 ms PENDING
11:15:18.648 [ INFO] maestro.cli.runner.MaestroCommandRunner.runCommands$lambda$0: Run flow when "Skip" is visible RUNNING
11:15:18.648 [ INFO] maestro.cli.runner.MaestroCommandRunner.runCommands$lambda$11: Run flow when "Skip" is visible metadata CommandMetadata(numberOfRuns=null, evaluatedCommand=MaestroCommand(runFlowCommand=RunFlowCommand(commands=[MaestroCommand(tapOnElementCommand=TapOnElementCommand(selector=ElementSelector(textRegex=Skip, idRegex=null, size=null, below=null, above=null, leftOf=null, rightOf=null, containsChild=null, containsDescendants=null, traits=null, index=null, enabled=null, optional=false, selected=null, checked=null, focused=null, childOf=null, css=null), retryIfNoChange=false, waitUntilVisible=false, longPress=false, repeat=null, waitToSettleTimeoutMs=null, relativePoint=null, label=null, optional=false))], condition=Condition(platform=null, visible=ElementSelector(textRegex=Skip, idRegex=null, size=null, below=null, above=null, leftOf=null, rightOf=null, containsChild=null, containsDescendants=null, traits=null, index=null, enabled=null, optional=false, selected=null, checked=null, focused=null, childOf=null, css=null), notVisible=null, scriptCondition=null, label=null), sourceDescription=null, config=null, label=null, optional=false)), logMessages=[], insight=Insight(message=, level=NONE), aiReasoning=null, labeledCommand=null)
11:15:19.006 [ INFO] maestro.orchestra.Orchestra.executeSubflowCommands: [Command execution subflow] CommandSkipped: null
11:15:19.006 [ INFO] maestro.cli.runner.MaestroCommandRunner.runCommands$lambda$8: Run flow when "Skip" is visible SKIPPED
11:15:19.006 [ INFO] maestro.cli.runner.MaestroCommandRunner.runCommands$lambda$0: Run flow when "Dismiss" is visible RUNNING
11:15:19.006 [ INFO] maestro.cli.runner.MaestroCommandRunner.runCommands$lambda$11: Run flow when "Dismiss" is visible metadata CommandMetadata(numberOfRuns=null, evaluatedCommand=MaestroCommand(runFlowCommand=RunFlowCommand(commands=[MaestroCommand(tapOnElementCommand=TapOnElementCommand(selector=ElementSelector(textRegex=Dismiss, idRegex=null, size=null, below=null, above=null, leftOf=null, rightOf=null, containsChild=null, containsDescendants=null, traits=null, index=null, enabled=null, optional=false, selected=null, checked=null, focused=null, childOf=null, css=null), retryIfNoChange=false, waitUntilVisible=false, longPress=false, repeat=null, waitToSettleTimeoutMs=null, relativePoint=null, label=null, optional=false))], condition=Condition(platform=null, visible=ElementSelector(textRegex=Dismiss, idRegex=null, size=null, below=null, above=null, leftOf=null, rightOf=null, containsChild=null, containsDescendants=null, traits=null, index=null, enabled=null, optional=false, selected=null, checked=null, focused=null, childOf=null, css=null), notVisible=null, scriptCondition=null, label=null), sourceDescription=null, config=null, label=null, optional=false)), logMessages=[], insight=Insight(message=, level=NONE), aiReasoning=null, labeledCommand=null)
11:15:19.398 [ INFO] maestro.orchestra.Orchestra.executeSubflowCommands: [Command execution subflow] CommandSkipped: null
11:15:19.398 [ INFO] maestro.cli.runner.MaestroCommandRunner.runCommands$lambda$8: Run flow when "Dismiss" is visible SKIPPED
11:15:19.398 [ INFO] maestro.cli.runner.MaestroCommandRunner.runCommands$lambda$0: Run flow when "Ok" is visible RUNNING
11:15:19.399 [ INFO] maestro.cli.runner.MaestroCommandRunner.runCommands$lambda$11: Run flow when "Ok" is visible metadata CommandMetadata(numberOfRuns=null, evaluatedCommand=MaestroCommand(runFlowCommand=RunFlowCommand(commands=[MaestroCommand(tapOnElementCommand=TapOnElementCommand(selector=ElementSelector(textRegex=Ok, idRegex=null, size=null, below=null, above=null, leftOf=null, rightOf=null, containsChild=null, containsDescendants=null, traits=null, index=null, enabled=null, optional=false, selected=null, checked=null, focused=null, childOf=null, css=null), retryIfNoChange=false, waitUntilVisible=false, longPress=false, repeat=null, waitToSettleTimeoutMs=null, relativePoint=null, label=null, optional=false))], condition=Condition(platform=null, visible=ElementSelector(textRegex=Ok, idRegex=null, size=null, below=null, above=null, leftOf=null, rightOf=null, containsChild=null, containsDescendants=null, traits=null, index=null, enabled=null, optional=false, selected=null, checked=null, focused=null, childOf=null, css=null), notVisible=null, scriptCondition=null, label=null), sourceDescription=null, config=null, label=null, optional=false)), logMessages=[], insight=Insight(message=, level=NONE), aiReasoning=null, labeledCommand=null)
11:15:19.873 [ INFO] maestro.orchestra.Orchestra.executeSubflowCommands: [Command execution subflow] CommandSkipped: null
11:15:19.874 [ INFO] maestro.cli.runner.MaestroCommandRunner.runCommands$lambda$8: Run flow when "Ok" is visible SKIPPED
11:15:19.874 [ INFO] maestro.cli.runner.MaestroCommandRunner.runCommands$lambda$0: Run flow when "Marketplace Day" is visible RUNNING
11:15:19.875 [ INFO] maestro.cli.runner.MaestroCommandRunner.runCommands$lambda$11: Run flow when "Marketplace Day" is visible metadata CommandMetadata(numberOfRuns=null, evaluatedCommand=MaestroCommand(runFlowCommand=RunFlowCommand(commands=[MaestroCommand(backPressCommand=BackPressCommand())], condition=Condition(platform=null, visible=ElementSelector(textRegex=Marketplace Day, idRegex=null, size=null, below=null, above=null, leftOf=null, rightOf=null, containsChild=null, containsDescendants=null, traits=null, index=null, enabled=null, optional=false, selected=null, checked=null, focused=null, childOf=null, css=null), notVisible=null, scriptCondition=null, label=null), sourceDescription=null, config=null, label=null, optional=false)), logMessages=[], insight=Insight(message=, level=NONE), aiReasoning=null, labeledCommand=null)
11:15:20.140 [ INFO] maestro.orchestra.Orchestra.executeSubflowCommands: [Command execution subflow] CommandSkipped: null
11:15:20.140 [ INFO] maestro.cli.runner.MaestroCommandRunner.runCommands$lambda$8: Run flow when "Marketplace Day" is visible SKIPPED
11:15:20.140 [ INFO] maestro.cli.runner.MaestroCommandRunner.runCommands$lambda$0: Run flow when "Start comparing properties" is visible RUNNING
11:15:20.141 [ INFO] maestro.cli.runner.MaestroCommandRunner.runCommands$lambda$11: Run flow when "Start comparing properties" is visible metadata CommandMetadata(numberOfRuns=null, evaluatedCommand=MaestroCommand(runFlowCommand=RunFlowCommand(commands=[MaestroCommand(backPressCommand=BackPressCommand())], condition=Condition(platform=null, visible=ElementSelector(textRegex=Start comparing properties, idRegex=null, size=null, below=null, above=null, leftOf=null, rightOf=null, containsChild=null, containsDescendants=null, traits=null, index=null, enabled=null, optional=false, selected=null, checked=null, focused=null, childOf=null, css=null), notVisible=null, scriptCondition=null, label=null), sourceDescription=null, config=null, label=null, optional=false)), logMessages=[], insight=Insight(message=, level=NONE), aiReasoning=null, labeledCommand=null)
11:15:20.479 [ INFO] maestro.orchestra.Orchestra.executeSubflowCommands: [Command execution subflow] CommandSkipped: null
11:15:20.480 [ INFO] maestro.cli.runner.MaestroCommandRunner.runCommands$lambda$8: Run flow when "Start comparing properties" is visible SKIPPED
11:15:20.480 [ INFO] maestro.cli.runner.MaestroCommandRunner.runCommands$lambda$0: Run flow when "(?s).*Login / Sign up.*" is not visible RUNNING
11:15:20.481 [ INFO] maestro.cli.runner.MaestroCommandRunner.runCommands$lambda$11: Run flow when "(?s).*Login / Sign up.*" is not visible metadata CommandMetadata(numberOfRuns=null, evaluatedCommand=MaestroCommand(runFlowCommand=RunFlowCommand(commands=[MaestroCommand(waitForAnimationToEndCommand=WaitForAnimationToEndCommand(timeout=5000, label=null, optional=false))], condition=Condition(platform=null, visible=null, notVisible=ElementSelector(textRegex=(?s).*Login / Sign up.*, idRegex=null, size=null, below=null, above=null, leftOf=null, rightOf=null, containsChild=null, containsDescendants=null, traits=null, index=null, enabled=null, optional=false, selected=null, checked=null, focused=null, childOf=null, css=null), scriptCondition=null, label=null), sourceDescription=null, config=null, label=null, optional=false)), logMessages=[], insight=Insight(message=, level=NONE), aiReasoning=null, labeledCommand=null)
11:15:20.562 [ERROR] maestro.cli.session.MaestroSessionManager.newSession$lambda$0: Failed to record heartbeat
java.io.IOException: The process cannot access the file because another process has locked a portion of the file
	at java.base/java.io.FileOutputStream.writeBytes(Native Method)
	at java.base/java.io.FileOutputStream.write(FileOutputStream.java:332)
	at kotlin.io.FilesKt__FileReadWriteKt.writeTextImpl(FileReadWrite.kt:160)
	at kotlin.io.FilesKt__FileReadWriteKt.writeText(FileReadWrite.kt:145)
	at kotlin.io.FilesKt__FileReadWriteKt.writeText$default(FileReadWrite.kt:144)
	at maestro.cli.db.KeyValueStore.commit(KeyValueStore.kt:50)
	at maestro.cli.db.KeyValueStore.set$lambda$3$lambda$2(KeyValueStore.kt:23)
	at maestro.cli.db.KeyValueStore.withFileLock(KeyValueStore.kt:62)
	at maestro.cli.db.KeyValueStore.set(KeyValueStore.kt:20)
	at maestro.cli.session.SessionStore.heartbeat(SessionStore.kt:12)
	at maestro.cli.session.MaestroSessionManager.newSession$lambda$0(MaestroSessionManager.kt:98)
	at java.base/java.util.concurrent.Executors$RunnableAdapter.call(Executors.java:545)
	at java.base/java.util.concurrent.FutureTask.runAndReset(FutureTask.java:371)
	at java.base/java.util.concurrent.ScheduledThreadPoolExecutor$ScheduledFutureTask.run(ScheduledThreadPoolExecutor.java:310)
	at java.base/java.util.concurrent.ThreadPoolExecutor.runWorker(ThreadPoolExecutor.java:1090)
	at java.base/java.util.concurrent.ThreadPoolExecutor$Worker.run(ThreadPoolExecutor.java:614)
	at java.base/java.lang.Thread.run(Thread.java:1516)
11:15:20.845 [ INFO] maestro.orchestra.Orchestra.executeSubflowCommands: [Command execution subflow] CommandSkipped: null
11:15:20.845 [ INFO] maestro.cli.runner.MaestroCommandRunner.runCommands$lambda$8: Run flow when "(?s).*Login / Sign up.*" is not visible SKIPPED
11:15:20.846 [ INFO] maestro.cli.runner.MaestroCommandRunner.runCommands$lambda$11: Repeat 20 times metadata CommandMetadata(numberOfRuns=6, evaluatedCommand=MaestroCommand(repeatCommand=RepeatCommand(times=20, condition=null, commands=[MaestroCommand(runFlowCommand=RunFlowCommand(commands=[MaestroCommand(tapOnElementCommand=TapOnElementCommand(selector=ElementSelector(textRegex=Skip, idRegex=null, size=null, below=null, above=null, leftOf=null, rightOf=null, containsChild=null, containsDescendants=null, traits=null, index=null, enabled=null, optional=false, selected=null, checked=null, focused=null, childOf=null, css=null), retryIfNoChange=false, waitUntilVisible=false, longPress=false, repeat=null, waitToSettleTimeoutMs=null, relativePoint=null, label=null, optional=false))], condition=Condition(platform=null, visible=ElementSelector(textRegex=Skip, idRegex=null, size=null, below=null, above=null, leftOf=null, rightOf=null, containsChild=null, containsDescendants=null, traits=null, index=null, enabled=null, optional=false, selected=null, checked=null, focused=null, childOf=null, css=null), notVisible=null, scriptCondition=null, label=null), sourceDescription=null, config=null, label=null, optional=false)), MaestroCommand(runFlowCommand=RunFlowCommand(commands=[MaestroCommand(tapOnElementCommand=TapOnElementCommand(selector=ElementSelector(textRegex=Dismiss, idRegex=null, size=null, below=null, above=null, leftOf=null, rightOf=null, containsChild=null, containsDescendants=null, traits=null, index=null, enabled=null, optional=false, selected=null, checked=null, focused=null, childOf=null, css=null), retryIfNoChange=false, waitUntilVisible=false, longPress=false, repeat=null, waitToSettleTimeoutMs=null, relativePoint=null, label=null, optional=false))], condition=Condition(platform=null, visible=ElementSelector(textRegex=Dismiss, idRegex=null, size=null, below=null, above=null, leftOf=null, rightOf=null, containsChild=null, containsDescendants=null, traits=null, index=null, enabled=null, optional=false, selected=null, checked=null, focused=null, childOf=null, css=null), notVisible=null, scriptCondition=null, label=null), sourceDescription=null, config=null, label=null, optional=false)), MaestroCommand(runFlowCommand=RunFlowCommand(commands=[MaestroCommand(tapOnElementCommand=TapOnElementCommand(selector=ElementSelector(textRegex=Ok, idRegex=null, size=null, below=null, above=null, leftOf=null, rightOf=null, containsChild=null, containsDescendants=null, traits=null, index=null, enabled=null, optional=false, selected=null, checked=null, focused=null, childOf=null, css=null), retryIfNoChange=false, waitUntilVisible=false, longPress=false, repeat=null, waitToSettleTimeoutMs=null, relativePoint=null, label=null, optional=false))], condition=Condition(platform=null, visible=ElementSelector(textRegex=Ok, idRegex=null, size=null, below=null, above=null, leftOf=null, rightOf=null, containsChild=null, containsDescendants=null, traits=null, index=null, enabled=null, optional=false, selected=null, checked=null, focused=null, childOf=null, css=null), notVisible=null, scriptCondition=null, label=null), sourceDescription=null, config=null, label=null, optional=false)), MaestroCommand(runFlowCommand=RunFlowCommand(commands=[MaestroCommand(backPressCommand=BackPressCommand())], condition=Condition(platform=null, visible=ElementSelector(textRegex=Marketplace Day, idRegex=null, size=null, below=null, above=null, leftOf=null, rightOf=null, containsChild=null, containsDescendants=null, traits=null, index=null, enabled=null, optional=false, selected=null, checked=null, focused=null, childOf=null, css=null), notVisible=null, scriptCondition=null, label=null), sourceDescription=null, config=null, label=null, optional=false)), MaestroCommand(runFlowCommand=RunFlowCommand(commands=[MaestroCommand(backPressCommand=BackPressCommand())], condition=Condition(platform=null, visible=ElementSelector(textRegex=Start comparing properties, idRegex=null, size=null, below=null, above=null, leftOf=null, rightOf=null, containsChild=null, containsDescendants=null, traits=null, index=null, enabled=null, optional=false, selected=null, checked=null, focused=null, childOf=null, css=null), notVisible=null, scriptCondition=null, label=null), sourceDescription=null, config=null, label=null, optional=false)), MaestroCommand(runFlowCommand=RunFlowCommand(commands=[MaestroCommand(waitForAnimationToEndCommand=WaitForAnimationToEndCommand(timeout=5000, label=null, optional=false))], condition=Condition(platform=null, visible=null, notVisible=ElementSelector(textRegex=(?s).*Login / Sign up.*, idRegex=null, size=null, below=null, above=null, leftOf=null, rightOf=null, containsChild=null, containsDescendants=null, traits=null, index=null, enabled=null, optional=false, selected=null, checked=null, focused=null, childOf=null, css=null), scriptCondition=null, label=null), sourceDescription=null, config=null, label=null, optional=false))], label=null, optional=false)), logMessages=[], insight=Insight(message=, level=NONE), aiReasoning=null, labeledCommand=null)
11:15:20.846 [ INFO] maestro.cli.runner.MaestroCommandRunner.runCommands$lambda$10: Run flow when "Skip" is visible PENDING
11:15:20.846 [ INFO] maestro.cli.runner.MaestroCommandRunner.runCommands$lambda$10: Tap on "Skip" PENDING
11:15:20.846 [ INFO] maestro.cli.runner.MaestroCommandRunner.runCommands$lambda$10: Run flow when "Dismiss" is visible PENDING
11:15:20.846 [ INFO] maestro.cli.runner.MaestroCommandRunner.runCommands$lambda$10: Tap on "Dismiss" PENDING
11:15:20.846 [ INFO] maestro.cli.runner.MaestroCommandRunner.runCommands$lambda$10: Run flow when "Ok" is visible PENDING
11:15:20.846 [ INFO] maestro.cli.runner.MaestroCommandRunner.runCommands$lambda$10: Tap on "Ok" PENDING
11:15:20.847 [ INFO] maestro.cli.runner.MaestroCommandRunner.runCommands$lambda$10: Run flow when "Marketplace Day" is visible PENDING
11:15:20.847 [ INFO] maestro.cli.runner.MaestroCommandRunner.runCommands$lambda$10: Press back PENDING
11:15:20.847 [ INFO] maestro.cli.runner.MaestroCommandRunner.runCommands$lambda$10: Run flow when "Start comparing properties" is visible PENDING
11:15:20.847 [ INFO] maestro.cli.runner.MaestroCommandRunner.runCommands$lambda$10: Press back PENDING
11:15:20.847 [ INFO] maestro.cli.runner.MaestroCommandRunner.runCommands$lambda$10: Run flow when "(?s).*Login / Sign up.*" is not visible PENDING
11:15:20.847 [ INFO] maestro.cli.runner.MaestroCommandRunner.runCommands$lambda$10: Wait for animation to end within 5000 ms PENDING
11:15:20.847 [ INFO] maestro.cli.runner.MaestroCommandRunner.runCommands$lambda$0: Run flow when "Skip" is visible RUNNING
11:15:20.847 [ INFO] maestro.cli.runner.MaestroCommandRunner.runCommands$lambda$11: Run flow when "Skip" is visible metadata CommandMetadata(numberOfRuns=null, evaluatedCommand=MaestroCommand(runFlowCommand=RunFlowCommand(commands=[MaestroCommand(tapOnElementCommand=TapOnElementCommand(selector=ElementSelector(textRegex=Skip, idRegex=null, size=null, below=null, above=null, leftOf=null, rightOf=null, containsChild=null, containsDescendants=null, traits=null, index=null, enabled=null, optional=false, selected=null, checked=null, focused=null, childOf=null, css=null), retryIfNoChange=false, waitUntilVisible=false, longPress=false, repeat=null, waitToSettleTimeoutMs=null, relativePoint=null, label=null, optional=false))], condition=Condition(platform=null, visible=ElementSelector(textRegex=Skip, idRegex=null, size=null, below=null, above=null, leftOf=null, rightOf=null, containsChild=null, containsDescendants=null, traits=null, index=null, enabled=null, optional=false, selected=null, checked=null, focused=null, childOf=null, css=null), notVisible=null, scriptCondition=null, label=null), sourceDescription=null, config=null, label=null, optional=false)), logMessages=[], insight=Insight(message=, level=NONE), aiReasoning=null, labeledCommand=null)
11:15:21.996 [ INFO] maestro.orchestra.Orchestra.executeSubflowCommands: [Command execution subflow] CommandSkipped: null
11:15:21.996 [ INFO] maestro.cli.runner.MaestroCommandRunner.runCommands$lambda$8: Run flow when "Skip" is visible SKIPPED
11:15:21.996 [ INFO] maestro.cli.runner.MaestroCommandRunner.runCommands$lambda$0: Run flow when "Dismiss" is visible RUNNING
11:15:21.998 [ INFO] maestro.cli.runner.MaestroCommandRunner.runCommands$lambda$11: Run flow when "Dismiss" is visible metadata CommandMetadata(numberOfRuns=null, evaluatedCommand=MaestroCommand(runFlowCommand=RunFlowCommand(commands=[MaestroCommand(tapOnElementCommand=TapOnElementCommand(selector=ElementSelector(textRegex=Dismiss, idRegex=null, size=null, below=null, above=null, leftOf=null, rightOf=null, containsChild=null, containsDescendants=null, traits=null, index=null, enabled=null, optional=false, selected=null, checked=null, focused=null, childOf=null, css=null), retryIfNoChange=false, waitUntilVisible=false, longPress=false, repeat=null, waitToSettleTimeoutMs=null, relativePoint=null, label=null, optional=false))], condition=Condition(platform=null, visible=ElementSelector(textRegex=Dismiss, idRegex=null, size=null, below=null, above=null, leftOf=null, rightOf=null, containsChild=null, containsDescendants=null, traits=null, index=null, enabled=null, optional=false, selected=null, checked=null, focused=null, childOf=null, css=null), notVisible=null, scriptCondition=null, label=null), sourceDescription=null, config=null, label=null, optional=false)), logMessages=[], insight=Insight(message=, level=NONE), aiReasoning=null, labeledCommand=null)
11:15:22.238 [ INFO] maestro.orchestra.Orchestra.executeSubflowCommands: [Command execution subflow] CommandSkipped: null
11:15:22.238 [ INFO] maestro.cli.runner.MaestroCommandRunner.runCommands$lambda$8: Run flow when "Dismiss" is visible SKIPPED
11:15:22.238 [ INFO] maestro.cli.runner.MaestroCommandRunner.runCommands$lambda$0: Run flow when "Ok" is visible RUNNING
11:15:22.239 [ INFO] maestro.cli.runner.MaestroCommandRunner.runCommands$lambda$11: Run flow when "Ok" is visible metadata CommandMetadata(numberOfRuns=null, evaluatedCommand=MaestroCommand(runFlowCommand=RunFlowCommand(commands=[MaestroCommand(tapOnElementCommand=TapOnElementCommand(selector=ElementSelector(textRegex=Ok, idRegex=null, size=null, below=null, above=null, leftOf=null, rightOf=null, containsChild=null, containsDescendants=null, traits=null, index=null, enabled=null, optional=false, selected=null, checked=null, focused=null, childOf=null, css=null), retryIfNoChange=false, waitUntilVisible=false, longPress=false, repeat=null, waitToSettleTimeoutMs=null, relativePoint=null, label=null, optional=false))], condition=Condition(platform=null, visible=ElementSelector(textRegex=Ok, idRegex=null, size=null, below=null, above=null, leftOf=null, rightOf=null, containsChild=null, containsDescendants=null, traits=null, index=null, enabled=null, optional=false, selected=null, checked=null, focused=null, childOf=null, css=null), notVisible=null, scriptCondition=null, label=null), sourceDescription=null, config=null, label=null, optional=false)), logMessages=[], insight=Insight(message=, level=NONE), aiReasoning=null, labeledCommand=null)
11:15:22.578 [ INFO] maestro.orchestra.Orchestra.executeSubflowCommands: [Command execution subflow] CommandSkipped: null
11:15:22.578 [ INFO] maestro.cli.runner.MaestroCommandRunner.runCommands$lambda$8: Run flow when "Ok" is visible SKIPPED
11:15:22.579 [ INFO] maestro.cli.runner.MaestroCommandRunner.runCommands$lambda$0: Run flow when "Marketplace Day" is visible RUNNING
11:15:22.579 [ INFO] maestro.cli.runner.MaestroCommandRunner.runCommands$lambda$11: Run flow when "Marketplace Day" is visible metadata CommandMetadata(numberOfRuns=null, evaluatedCommand=MaestroCommand(runFlowCommand=RunFlowCommand(commands=[MaestroCommand(backPressCommand=BackPressCommand())], condition=Condition(platform=null, visible=ElementSelector(textRegex=Marketplace Day, idRegex=null, size=null, below=null, above=null, leftOf=null, rightOf=null, containsChild=null, containsDescendants=null, traits=null, index=null, enabled=null, optional=false, selected=null, checked=null, focused=null, childOf=null, css=null), notVisible=null, scriptCondition=null, label=null), sourceDescription=null, config=null, label=null, optional=false)), logMessages=[], insight=Insight(message=, level=NONE), aiReasoning=null, labeledCommand=null)
11:15:23.002 [ INFO] maestro.orchestra.Orchestra.executeSubflowCommands: [Command execution subflow] CommandSkipped: null
11:15:23.003 [ INFO] maestro.cli.runner.MaestroCommandRunner.runCommands$lambda$8: Run flow when "Marketplace Day" is visible SKIPPED
11:15:23.003 [ INFO] maestro.cli.runner.MaestroCommandRunner.runCommands$lambda$0: Run flow when "Start comparing properties" is visible RUNNING
11:15:23.003 [ INFO] maestro.cli.runner.MaestroCommandRunner.runCommands$lambda$11: Run flow when "Start comparing properties" is visible metadata CommandMetadata(numberOfRuns=null, evaluatedCommand=MaestroCommand(runFlowCommand=RunFlowCommand(commands=[MaestroCommand(backPressCommand=BackPressCommand())], condition=Condition(platform=null, visible=ElementSelector(textRegex=Start comparing properties, idRegex=null, size=null, below=null, above=null, leftOf=null, rightOf=null, containsChild=null, containsDescendants=null, traits=null, index=null, enabled=null, optional=false, selected=null, checked=null, focused=null, childOf=null, css=null), notVisible=null, scriptCondition=null, label=null), sourceDescription=null, config=null, label=null, optional=false)), logMessages=[], insight=Insight(message=, level=NONE), aiReasoning=null, labeledCommand=null)
11:15:23.288 [ INFO] maestro.orchestra.Orchestra.executeSubflowCommands: [Command execution subflow] CommandSkipped: null
11:15:23.288 [ INFO] maestro.cli.runner.MaestroCommandRunner.runCommands$lambda$8: Run flow when "Start comparing properties" is visible SKIPPED
11:15:23.288 [ INFO] maestro.cli.runner.MaestroCommandRunner.runCommands$lambda$0: Run flow when "(?s).*Login / Sign up.*" is not visible RUNNING
11:15:23.288 [ INFO] maestro.cli.runner.MaestroCommandRunner.runCommands$lambda$11: Run flow when "(?s).*Login / Sign up.*" is not visible metadata CommandMetadata(numberOfRuns=null, evaluatedCommand=MaestroCommand(runFlowCommand=RunFlowCommand(commands=[MaestroCommand(waitForAnimationToEndCommand=WaitForAnimationToEndCommand(timeout=5000, label=null, optional=false))], condition=Condition(platform=null, visible=null, notVisible=ElementSelector(textRegex=(?s).*Login / Sign up.*, idRegex=null, size=null, below=null, above=null, leftOf=null, rightOf=null, containsChild=null, containsDescendants=null, traits=null, index=null, enabled=null, optional=false, selected=null, checked=null, focused=null, childOf=null, css=null), scriptCondition=null, label=null), sourceDescription=null, config=null, label=null, optional=false)), logMessages=[], insight=Insight(message=, level=NONE), aiReasoning=null, labeledCommand=null)
11:15:23.408 [ INFO] maestro.orchestra.Orchestra.executeSubflowCommands: [Command execution subflow] CommandSkipped: null
11:15:23.410 [ INFO] maestro.cli.runner.MaestroCommandRunner.runCommands$lambda$8: Run flow when "(?s).*Login / Sign up.*" is not visible SKIPPED
11:15:23.410 [ INFO] maestro.cli.runner.MaestroCommandRunner.runCommands$lambda$11: Repeat 20 times metadata CommandMetadata(numberOfRuns=7, evaluatedCommand=MaestroCommand(repeatCommand=RepeatCommand(times=20, condition=null, commands=[MaestroCommand(runFlowCommand=RunFlowCommand(commands=[MaestroCommand(tapOnElementCommand=TapOnElementCommand(selector=ElementSelector(textRegex=Skip, idRegex=null, size=null, below=null, above=null, leftOf=null, rightOf=null, containsChild=null, containsDescendants=null, traits=null, index=null, enabled=null, optional=false, selected=null, checked=null, focused=null, childOf=null, css=null), retryIfNoChange=false, waitUntilVisible=false, longPress=false, repeat=null, waitToSettleTimeoutMs=null, relativePoint=null, label=null, optional=false))], condition=Condition(platform=null, visible=ElementSelector(textRegex=Skip, idRegex=null, size=null, below=null, above=null, leftOf=null, rightOf=null, containsChild=null, containsDescendants=null, traits=null, index=null, enabled=null, optional=false, selected=null, checked=null, focused=null, childOf=null, css=null), notVisible=null, scriptCondition=null, label=null), sourceDescription=null, config=null, label=null, optional=false)), MaestroCommand(runFlowCommand=RunFlowCommand(commands=[MaestroCommand(tapOnElementCommand=TapOnElementCommand(selector=ElementSelector(textRegex=Dismiss, idRegex=null, size=null, below=null, above=null, leftOf=null, rightOf=null, containsChild=null, containsDescendants=null, traits=null, index=null, enabled=null, optional=false, selected=null, checked=null, focused=null, childOf=null, css=null), retryIfNoChange=false, waitUntilVisible=false, longPress=false, repeat=null, waitToSettleTimeoutMs=null, relativePoint=null, label=null, optional=false))], condition=Condition(platform=null, visible=ElementSelector(textRegex=Dismiss, idRegex=null, size=null, below=null, above=null, leftOf=null, rightOf=null, containsChild=null, containsDescendants=null, traits=null, index=null, enabled=null, optional=false, selected=null, checked=null, focused=null, childOf=null, css=null), notVisible=null, scriptCondition=null, label=null), sourceDescription=null, config=null, label=null, optional=false)), MaestroCommand(runFlowCommand=RunFlowCommand(commands=[MaestroCommand(tapOnElementCommand=TapOnElementCommand(selector=ElementSelector(textRegex=Ok, idRegex=null, size=null, below=null, above=null, leftOf=null, rightOf=null, containsChild=null, containsDescendants=null, traits=null, index=null, enabled=null, optional=false, selected=null, checked=null, focused=null, childOf=null, css=null), retryIfNoChange=false, waitUntilVisible=false, longPress=false, repeat=null, waitToSettleTimeoutMs=null, relativePoint=null, label=null, optional=false))], condition=Condition(platform=null, visible=ElementSelector(textRegex=Ok, idRegex=null, size=null, below=null, above=null, leftOf=null, rightOf=null, containsChild=null, containsDescendants=null, traits=null, index=null, enabled=null, optional=false, selected=null, checked=null, focused=null, childOf=null, css=null), notVisible=null, scriptCondition=null, label=null), sourceDescription=null, config=null, label=null, optional=false)), MaestroCommand(runFlowCommand=RunFlowCommand(commands=[MaestroCommand(backPressCommand=BackPressCommand())], condition=Condition(platform=null, visible=ElementSelector(textRegex=Marketplace Day, idRegex=null, size=null, below=null, above=null, leftOf=null, rightOf=null, containsChild=null, containsDescendants=null, traits=null, index=null, enabled=null, optional=false, selected=null, checked=null, focused=null, childOf=null, css=null), notVisible=null, scriptCondition=null, label=null), sourceDescription=null, config=null, label=null, optional=false)), MaestroCommand(runFlowCommand=RunFlowCommand(commands=[MaestroCommand(backPressCommand=BackPressCommand())], condition=Condition(platform=null, visible=ElementSelector(textRegex=Start comparing properties, idRegex=null, size=null, below=null, above=null, leftOf=null, rightOf=null, containsChild=null, containsDescendants=null, traits=null, index=null, enabled=null, optional=false, selected=null, checked=null, focused=null, childOf=null, css=null), notVisible=null, scriptCondition=null, label=null), sourceDescription=null, config=null, label=null, optional=false)), MaestroCommand(runFlowCommand=RunFlowCommand(commands=[MaestroCommand(waitForAnimationToEndCommand=WaitForAnimationToEndCommand(timeout=5000, label=null, optional=false))], condition=Condition(platform=null, visible=null, notVisible=ElementSelector(textRegex=(?s).*Login / Sign up.*, idRegex=null, size=null, below=null, above=null, leftOf=null, rightOf=null, containsChild=null, containsDescendants=null, traits=null, index=null, enabled=null, optional=false, selected=null, checked=null, focused=null, childOf=null, css=null), scriptCondition=null, label=null), sourceDescription=null, config=null, label=null, optional=false))], label=null, optional=false)), logMessages=[], insight=Insight(message=, level=NONE), aiReasoning=null, labeledCommand=null)
11:15:23.410 [ INFO] maestro.cli.runner.MaestroCommandRunner.runCommands$lambda$10: Run flow when "Skip" is visible PENDING
11:15:23.410 [ INFO] maestro.cli.runner.MaestroCommandRunner.runCommands$lambda$10: Tap on "Skip" PENDING
11:15:23.410 [ INFO] maestro.cli.runner.MaestroCommandRunner.runCommands$lambda$10: Run flow when "Dismiss" is visible PENDING
11:15:23.410 [ INFO] maestro.cli.runner.MaestroCommandRunner.runCommands$lambda$10: Tap on "Dismiss" PENDING
11:15:23.411 [ INFO] maestro.cli.runner.MaestroCommandRunner.runCommands$lambda$10: Run flow when "Ok" is visible PENDING
11:15:23.411 [ INFO] maestro.cli.runner.MaestroCommandRunner.runCommands$lambda$10: Tap on "Ok" PENDING
11:15:23.411 [ INFO] maestro.cli.runner.MaestroCommandRunner.runCommands$lambda$10: Run flow when "Marketplace Day" is visible PENDING
11:15:23.411 [ INFO] maestro.cli.runner.MaestroCommandRunner.runCommands$lambda$10: Press back PENDING
11:15:23.411 [ INFO] maestro.cli.runner.MaestroCommandRunner.runCommands$lambda$10: Run flow when "Start comparing properties" is visible PENDING
11:15:23.411 [ INFO] maestro.cli.runner.MaestroCommandRunner.runCommands$lambda$10: Press back PENDING
11:15:23.411 [ INFO] maestro.cli.runner.MaestroCommandRunner.runCommands$lambda$10: Run flow when "(?s).*Login / Sign up.*" is not visible PENDING
11:15:23.411 [ INFO] maestro.cli.runner.MaestroCommandRunner.runCommands$lambda$10: Wait for animation to end within 5000 ms PENDING
11:15:23.412 [ INFO] maestro.cli.runner.MaestroCommandRunner.runCommands$lambda$0: Run flow when "Skip" is visible RUNNING
11:15:23.412 [ INFO] maestro.cli.runner.MaestroCommandRunner.runCommands$lambda$11: Run flow when "Skip" is visible metadata CommandMetadata(numberOfRuns=null, evaluatedCommand=MaestroCommand(runFlowCommand=RunFlowCommand(commands=[MaestroCommand(tapOnElementCommand=TapOnElementCommand(selector=ElementSelector(textRegex=Skip, idRegex=null, size=null, below=null, above=null, leftOf=null, rightOf=null, containsChild=null, containsDescendants=null, traits=null, index=null, enabled=null, optional=false, selected=null, checked=null, focused=null, childOf=null, css=null), retryIfNoChange=false, waitUntilVisible=false, longPress=false, repeat=null, waitToSettleTimeoutMs=null, relativePoint=null, label=null, optional=false))], condition=Condition(platform=null, visible=ElementSelector(textRegex=Skip, idRegex=null, size=null, below=null, above=null, leftOf=null, rightOf=null, containsChild=null, containsDescendants=null, traits=null, index=null, enabled=null, optional=false, selected=null, checked=null, focused=null, childOf=null, css=null), notVisible=null, scriptCondition=null, label=null), sourceDescription=null, config=null, label=null, optional=false)), logMessages=[], insight=Insight(message=, level=NONE), aiReasoning=null, labeledCommand=null)
11:15:23.736 [ INFO] maestro.orchestra.Orchestra.executeSubflowCommands: [Command execution subflow] CommandSkipped: null
11:15:23.736 [ INFO] maestro.cli.runner.MaestroCommandRunner.runCommands$lambda$8: Run flow when "Skip" is visible SKIPPED
11:15:23.736 [ INFO] maestro.cli.runner.MaestroCommandRunner.runCommands$lambda$0: Run flow when "Dismiss" is visible RUNNING
11:15:23.737 [ INFO] maestro.cli.runner.MaestroCommandRunner.runCommands$lambda$11: Run flow when "Dismiss" is visible metadata CommandMetadata(numberOfRuns=null, evaluatedCommand=MaestroCommand(runFlowCommand=RunFlowCommand(commands=[MaestroCommand(tapOnElementCommand=TapOnElementCommand(selector=ElementSelector(textRegex=Dismiss, idRegex=null, size=null, below=null, above=null, leftOf=null, rightOf=null, containsChild=null, containsDescendants=null, traits=null, index=null, enabled=null, optional=false, selected=null, checked=null, focused=null, childOf=null, css=null), retryIfNoChange=false, waitUntilVisible=false, longPress=false, repeat=null, waitToSettleTimeoutMs=null, relativePoint=null, label=null, optional=false))], condition=Condition(platform=null, visible=ElementSelector(textRegex=Dismiss, idRegex=null, size=null, below=null, above=null, leftOf=null, rightOf=null, containsChild=null, containsDescendants=null, traits=null, index=null, enabled=null, optional=false, selected=null, checked=null, focused=null, childOf=null, css=null), notVisible=null, scriptCondition=null, label=null), sourceDescription=null, config=null, label=null, optional=false)), logMessages=[], insight=Insight(message=, level=NONE), aiReasoning=null, labeledCommand=null)
11:15:24.064 [ INFO] maestro.orchestra.Orchestra.executeSubflowCommands: [Command execution subflow] CommandSkipped: null
11:15:24.064 [ INFO] maestro.cli.runner.MaestroCommandRunner.runCommands$lambda$8: Run flow when "Dismiss" is visible SKIPPED
11:15:24.064 [ INFO] maestro.cli.runner.MaestroCommandRunner.runCommands$lambda$0: Run flow when "Ok" is visible RUNNING
11:15:24.065 [ INFO] maestro.cli.runner.MaestroCommandRunner.runCommands$lambda$11: Run flow when "Ok" is visible metadata CommandMetadata(numberOfRuns=null, evaluatedCommand=MaestroCommand(runFlowCommand=RunFlowCommand(commands=[MaestroCommand(tapOnElementCommand=TapOnElementCommand(selector=ElementSelector(textRegex=Ok, idRegex=null, size=null, below=null, above=null, leftOf=null, rightOf=null, containsChild=null, containsDescendants=null, traits=null, index=null, enabled=null, optional=false, selected=null, checked=null, focused=null, childOf=null, css=null), retryIfNoChange=false, waitUntilVisible=false, longPress=false, repeat=null, waitToSettleTimeoutMs=null, relativePoint=null, label=null, optional=false))], condition=Condition(platform=null, visible=ElementSelector(textRegex=Ok, idRegex=null, size=null, below=null, above=null, leftOf=null, rightOf=null, containsChild=null, containsDescendants=null, traits=null, index=null, enabled=null, optional=false, selected=null, checked=null, focused=null, childOf=null, css=null), notVisible=null, scriptCondition=null, label=null), sourceDescription=null, config=null, label=null, optional=false)), logMessages=[], insight=Insight(message=, level=NONE), aiReasoning=null, labeledCommand=null)
11:15:24.514 [ INFO] maestro.orchestra.Orchestra.executeSubflowCommands: [Command execution subflow] CommandSkipped: null
11:15:24.514 [ INFO] maestro.cli.runner.MaestroCommandRunner.runCommands$lambda$8: Run flow when "Ok" is visible SKIPPED
11:15:24.514 [ INFO] maestro.cli.runner.MaestroCommandRunner.runCommands$lambda$0: Run flow when "Marketplace Day" is visible RUNNING
11:15:24.514 [ INFO] maestro.cli.runner.MaestroCommandRunner.runCommands$lambda$11: Run flow when "Marketplace Day" is visible metadata CommandMetadata(numberOfRuns=null, evaluatedCommand=MaestroCommand(runFlowCommand=RunFlowCommand(commands=[MaestroCommand(backPressCommand=BackPressCommand())], condition=Condition(platform=null, visible=ElementSelector(textRegex=Marketplace Day, idRegex=null, size=null, below=null, above=null, leftOf=null, rightOf=null, containsChild=null, containsDescendants=null, traits=null, index=null, enabled=null, optional=false, selected=null, checked=null, focused=null, childOf=null, css=null), notVisible=null, scriptCondition=null, label=null), sourceDescription=null, config=null, label=null, optional=false)), logMessages=[], insight=Insight(message=, level=NONE), aiReasoning=null, labeledCommand=null)
11:15:25.562 [ERROR] maestro.cli.session.MaestroSessionManager.newSession$lambda$0: Failed to record heartbeat
java.io.IOException: The process cannot access the file because another process has locked a portion of the file
	at java.base/java.io.FileOutputStream.writeBytes(Native Method)
	at java.base/java.io.FileOutputStream.write(FileOutputStream.java:332)
	at kotlin.io.FilesKt__FileReadWriteKt.writeTextImpl(FileReadWrite.kt:160)
	at kotlin.io.FilesKt__FileReadWriteKt.writeText(FileReadWrite.kt:145)
	at kotlin.io.FilesKt__FileReadWriteKt.writeText$default(FileReadWrite.kt:144)
	at maestro.cli.db.KeyValueStore.commit(KeyValueStore.kt:50)
	at maestro.cli.db.KeyValueStore.set$lambda$3$lambda$2(KeyValueStore.kt:23)
	at maestro.cli.db.KeyValueStore.withFileLock(KeyValueStore.kt:62)
	at maestro.cli.db.KeyValueStore.set(KeyValueStore.kt:20)
	at maestro.cli.session.SessionStore.heartbeat(SessionStore.kt:12)
	at maestro.cli.session.MaestroSessionManager.newSession$lambda$0(MaestroSessionManager.kt:98)
	at java.base/java.util.concurrent.Executors$RunnableAdapter.call(Executors.java:545)
	at java.base/java.util.concurrent.FutureTask.runAndReset(FutureTask.java:371)
	at java.base/java.util.concurrent.ScheduledThreadPoolExecutor$ScheduledFutureTask.run(ScheduledThreadPoolExecutor.java:310)
	at java.base/java.util.concurrent.ThreadPoolExecutor.runWorker(ThreadPoolExecutor.java:1090)
	at java.base/java.util.concurrent.ThreadPoolExecutor$Worker.run(ThreadPoolExecutor.java:614)
	at java.base/java.lang.Thread.run(Thread.java:1516)
11:15:26.429 [ INFO] maestro.orchestra.Orchestra.executeSubflowCommands: [Command execution subflow] CommandSkipped: null
11:15:26.429 [ INFO] maestro.cli.runner.MaestroCommandRunner.runCommands$lambda$8: Run flow when "Marketplace Day" is visible SKIPPED
11:15:26.430 [ INFO] maestro.cli.runner.MaestroCommandRunner.runCommands$lambda$0: Run flow when "Start comparing properties" is visible RUNNING
11:15:26.430 [ INFO] maestro.cli.runner.MaestroCommandRunner.runCommands$lambda$11: Run flow when "Start comparing properties" is visible metadata CommandMetadata(numberOfRuns=null, evaluatedCommand=MaestroCommand(runFlowCommand=RunFlowCommand(commands=[MaestroCommand(backPressCommand=BackPressCommand())], condition=Condition(platform=null, visible=ElementSelector(textRegex=Start comparing properties, idRegex=null, size=null, below=null, above=null, leftOf=null, rightOf=null, containsChild=null, containsDescendants=null, traits=null, index=null, enabled=null, optional=false, selected=null, checked=null, focused=null, childOf=null, css=null), notVisible=null, scriptCondition=null, label=null), sourceDescription=null, config=null, label=null, optional=false)), logMessages=[], insight=Insight(message=, level=NONE), aiReasoning=null, labeledCommand=null)
11:15:26.757 [ INFO] maestro.orchestra.Orchestra.executeSubflowCommands: [Command execution subflow] CommandSkipped: null
11:15:26.757 [ INFO] maestro.cli.runner.MaestroCommandRunner.runCommands$lambda$8: Run flow when "Start comparing properties" is visible SKIPPED
11:15:26.758 [ INFO] maestro.cli.runner.MaestroCommandRunner.runCommands$lambda$0: Run flow when "(?s).*Login / Sign up.*" is not visible RUNNING
11:15:26.758 [ INFO] maestro.cli.runner.MaestroCommandRunner.runCommands$lambda$11: Run flow when "(?s).*Login / Sign up.*" is not visible metadata CommandMetadata(numberOfRuns=null, evaluatedCommand=MaestroCommand(runFlowCommand=RunFlowCommand(commands=[MaestroCommand(waitForAnimationToEndCommand=WaitForAnimationToEndCommand(timeout=5000, label=null, optional=false))], condition=Condition(platform=null, visible=null, notVisible=ElementSelector(textRegex=(?s).*Login / Sign up.*, idRegex=null, size=null, below=null, above=null, leftOf=null, rightOf=null, containsChild=null, containsDescendants=null, traits=null, index=null, enabled=null, optional=false, selected=null, checked=null, focused=null, childOf=null, css=null), scriptCondition=null, label=null), sourceDescription=null, config=null, label=null, optional=false)), logMessages=[], insight=Insight(message=, level=NONE), aiReasoning=null, labeledCommand=null)
11:15:26.915 [ INFO] maestro.orchestra.Orchestra.executeSubflowCommands: [Command execution subflow] CommandSkipped: null
11:15:26.915 [ INFO] maestro.cli.runner.MaestroCommandRunner.runCommands$lambda$8: Run flow when "(?s).*Login / Sign up.*" is not visible SKIPPED
11:15:26.916 [ INFO] maestro.cli.runner.MaestroCommandRunner.runCommands$lambda$11: Repeat 20 times metadata CommandMetadata(numberOfRuns=8, evaluatedCommand=MaestroCommand(repeatCommand=RepeatCommand(times=20, condition=null, commands=[MaestroCommand(runFlowCommand=RunFlowCommand(commands=[MaestroCommand(tapOnElementCommand=TapOnElementCommand(selector=ElementSelector(textRegex=Skip, idRegex=null, size=null, below=null, above=null, leftOf=null, rightOf=null, containsChild=null, containsDescendants=null, traits=null, index=null, enabled=null, optional=false, selected=null, checked=null, focused=null, childOf=null, css=null), retryIfNoChange=false, waitUntilVisible=false, longPress=false, repeat=null, waitToSettleTimeoutMs=null, relativePoint=null, label=null, optional=false))], condition=Condition(platform=null, visible=ElementSelector(textRegex=Skip, idRegex=null, size=null, below=null, above=null, leftOf=null, rightOf=null, containsChild=null, containsDescendants=null, traits=null, index=null, enabled=null, optional=false, selected=null, checked=null, focused=null, childOf=null, css=null), notVisible=null, scriptCondition=null, label=null), sourceDescription=null, config=null, label=null, optional=false)), MaestroCommand(runFlowCommand=RunFlowCommand(commands=[MaestroCommand(tapOnElementCommand=TapOnElementCommand(selector=ElementSelector(textRegex=Dismiss, idRegex=null, size=null, below=null, above=null, leftOf=null, rightOf=null, containsChild=null, containsDescendants=null, traits=null, index=null, enabled=null, optional=false, selected=null, checked=null, focused=null, childOf=null, css=null), retryIfNoChange=false, waitUntilVisible=false, longPress=false, repeat=null, waitToSettleTimeoutMs=null, relativePoint=null, label=null, optional=false))], condition=Condition(platform=null, visible=ElementSelector(textRegex=Dismiss, idRegex=null, size=null, below=null, above=null, leftOf=null, rightOf=null, containsChild=null, containsDescendants=null, traits=null, index=null, enabled=null, optional=false, selected=null, checked=null, focused=null, childOf=null, css=null), notVisible=null, scriptCondition=null, label=null), sourceDescription=null, config=null, label=null, optional=false)), MaestroCommand(runFlowCommand=RunFlowCommand(commands=[MaestroCommand(tapOnElementCommand=TapOnElementCommand(selector=ElementSelector(textRegex=Ok, idRegex=null, size=null, below=null, above=null, leftOf=null, rightOf=null, containsChild=null, containsDescendants=null, traits=null, index=null, enabled=null, optional=false, selected=null, checked=null, focused=null, childOf=null, css=null), retryIfNoChange=false, waitUntilVisible=false, longPress=false, repeat=null, waitToSettleTimeoutMs=null, relativePoint=null, label=null, optional=false))], condition=Condition(platform=null, visible=ElementSelector(textRegex=Ok, idRegex=null, size=null, below=null, above=null, leftOf=null, rightOf=null, containsChild=null, containsDescendants=null, traits=null, index=null, enabled=null, optional=false, selected=null, checked=null, focused=null, childOf=null, css=null), notVisible=null, scriptCondition=null, label=null), sourceDescription=null, config=null, label=null, optional=false)), MaestroCommand(runFlowCommand=RunFlowCommand(commands=[MaestroCommand(backPressCommand=BackPressCommand())], condition=Condition(platform=null, visible=ElementSelector(textRegex=Marketplace Day, idRegex=null, size=null, below=null, above=null, leftOf=null, rightOf=null, containsChild=null, containsDescendants=null, traits=null, index=null, enabled=null, optional=false, selected=null, checked=null, focused=null, childOf=null, css=null), notVisible=null, scriptCondition=null, label=null), sourceDescription=null, config=null, label=null, optional=false)), MaestroCommand(runFlowCommand=RunFlowCommand(commands=[MaestroCommand(backPressCommand=BackPressCommand())], condition=Condition(platform=null, visible=ElementSelector(textRegex=Start comparing properties, idRegex=null, size=null, below=null, above=null, leftOf=null, rightOf=null, containsChild=null, containsDescendants=null, traits=null, index=null, enabled=null, optional=false, selected=null, checked=null, focused=null, childOf=null, css=null), notVisible=null, scriptCondition=null, label=null), sourceDescription=null, config=null, label=null, optional=false)), MaestroCommand(runFlowCommand=RunFlowCommand(commands=[MaestroCommand(waitForAnimationToEndCommand=WaitForAnimationToEndCommand(timeout=5000, label=null, optional=false))], condition=Condition(platform=null, visible=null, notVisible=ElementSelector(textRegex=(?s).*Login / Sign up.*, idRegex=null, size=null, below=null, above=null, leftOf=null, rightOf=null, containsChild=null, containsDescendants=null, traits=null, index=null, enabled=null, optional=false, selected=null, checked=null, focused=null, childOf=null, css=null), scriptCondition=null, label=null), sourceDescription=null, config=null, label=null, optional=false))], label=null, optional=false)), logMessages=[], insight=Insight(message=, level=NONE), aiReasoning=null, labeledCommand=null)
11:15:26.916 [ INFO] maestro.cli.runner.MaestroCommandRunner.runCommands$lambda$10: Run flow when "Skip" is visible PENDING
11:15:26.916 [ INFO] maestro.cli.runner.MaestroCommandRunner.runCommands$lambda$10: Tap on "Skip" PENDING
11:15:26.916 [ INFO] maestro.cli.runner.MaestroCommandRunner.runCommands$lambda$10: Run flow when "Dismiss" is visible PENDING
11:15:26.916 [ INFO] maestro.cli.runner.MaestroCommandRunner.runCommands$lambda$10: Tap on "Dismiss" PENDING
11:15:26.916 [ INFO] maestro.cli.runner.MaestroCommandRunner.runCommands$lambda$10: Run flow when "Ok" is visible PENDING
11:15:26.916 [ INFO] maestro.cli.runner.MaestroCommandRunner.runCommands$lambda$10: Tap on "Ok" PENDING
11:15:26.916 [ INFO] maestro.cli.runner.MaestroCommandRunner.runCommands$lambda$10: Run flow when "Marketplace Day" is visible PENDING
11:15:26.917 [ INFO] maestro.cli.runner.MaestroCommandRunner.runCommands$lambda$10: Press back PENDING
11:15:26.917 [ INFO] maestro.cli.runner.MaestroCommandRunner.runCommands$lambda$10: Run flow when "Start comparing properties" is visible PENDING
11:15:26.917 [ INFO] maestro.cli.runner.MaestroCommandRunner.runCommands$lambda$10: Press back PENDING
11:15:26.919 [ INFO] maestro.cli.runner.MaestroCommandRunner.runCommands$lambda$10: Run flow when "(?s).*Login / Sign up.*" is not visible PENDING
11:15:26.919 [ INFO] maestro.cli.runner.MaestroCommandRunner.runCommands$lambda$10: Wait for animation to end within 5000 ms PENDING
11:15:26.919 [ INFO] maestro.cli.runner.MaestroCommandRunner.runCommands$lambda$0: Run flow when "Skip" is visible RUNNING
11:15:26.920 [ INFO] maestro.cli.runner.MaestroCommandRunner.runCommands$lambda$11: Run flow when "Skip" is visible metadata CommandMetadata(numberOfRuns=null, evaluatedCommand=MaestroCommand(runFlowCommand=RunFlowCommand(commands=[MaestroCommand(tapOnElementCommand=TapOnElementCommand(selector=ElementSelector(textRegex=Skip, idRegex=null, size=null, below=null, above=null, leftOf=null, rightOf=null, containsChild=null, containsDescendants=null, traits=null, index=null, enabled=null, optional=false, selected=null, checked=null, focused=null, childOf=null, css=null), retryIfNoChange=false, waitUntilVisible=false, longPress=false, repeat=null, waitToSettleTimeoutMs=null, relativePoint=null, label=null, optional=false))], condition=Condition(platform=null, visible=ElementSelector(textRegex=Skip, idRegex=null, size=null, below=null, above=null, leftOf=null, rightOf=null, containsChild=null, containsDescendants=null, traits=null, index=null, enabled=null, optional=false, selected=null, checked=null, focused=null, childOf=null, css=null), notVisible=null, scriptCondition=null, label=null), sourceDescription=null, config=null, label=null, optional=false)), logMessages=[], insight=Insight(message=, level=NONE), aiReasoning=null, labeledCommand=null)
11:15:27.215 [ INFO] maestro.orchestra.Orchestra.executeSubflowCommands: [Command execution subflow] CommandSkipped: null
11:15:27.215 [ INFO] maestro.cli.runner.MaestroCommandRunner.runCommands$lambda$8: Run flow when "Skip" is visible SKIPPED
11:15:27.215 [ INFO] maestro.cli.runner.MaestroCommandRunner.runCommands$lambda$0: Run flow when "Dismiss" is visible RUNNING
11:15:27.215 [ INFO] maestro.cli.runner.MaestroCommandRunner.runCommands$lambda$11: Run flow when "Dismiss" is visible metadata CommandMetadata(numberOfRuns=null, evaluatedCommand=MaestroCommand(runFlowCommand=RunFlowCommand(commands=[MaestroCommand(tapOnElementCommand=TapOnElementCommand(selector=ElementSelector(textRegex=Dismiss, idRegex=null, size=null, below=null, above=null, leftOf=null, rightOf=null, containsChild=null, containsDescendants=null, traits=null, index=null, enabled=null, optional=false, selected=null, checked=null, focused=null, childOf=null, css=null), retryIfNoChange=false, waitUntilVisible=false, longPress=false, repeat=null, waitToSettleTimeoutMs=null, relativePoint=null, label=null, optional=false))], condition=Condition(platform=null, visible=ElementSelector(textRegex=Dismiss, idRegex=null, size=null, below=null, above=null, leftOf=null, rightOf=null, containsChild=null, containsDescendants=null, traits=null, index=null, enabled=null, optional=false, selected=null, checked=null, focused=null, childOf=null, css=null), notVisible=null, scriptCondition=null, label=null), sourceDescription=null, config=null, label=null, optional=false)), logMessages=[], insight=Insight(message=, level=NONE), aiReasoning=null, labeledCommand=null)
11:15:28.176 [ INFO] maestro.orchestra.Orchestra.executeSubflowCommands: [Command execution subflow] CommandSkipped: null
11:15:28.177 [ INFO] maestro.cli.runner.MaestroCommandRunner.runCommands$lambda$8: Run flow when "Dismiss" is visible SKIPPED
11:15:28.177 [ INFO] maestro.cli.runner.MaestroCommandRunner.runCommands$lambda$0: Run flow when "Ok" is visible RUNNING
11:15:28.178 [ INFO] maestro.cli.runner.MaestroCommandRunner.runCommands$lambda$11: Run flow when "Ok" is visible metadata CommandMetadata(numberOfRuns=null, evaluatedCommand=MaestroCommand(runFlowCommand=RunFlowCommand(commands=[MaestroCommand(tapOnElementCommand=TapOnElementCommand(selector=ElementSelector(textRegex=Ok, idRegex=null, size=null, below=null, above=null, leftOf=null, rightOf=null, containsChild=null, containsDescendants=null, traits=null, index=null, enabled=null, optional=false, selected=null, checked=null, focused=null, childOf=null, css=null), retryIfNoChange=false, waitUntilVisible=false, longPress=false, repeat=null, waitToSettleTimeoutMs=null, relativePoint=null, label=null, optional=false))], condition=Condition(platform=null, visible=ElementSelector(textRegex=Ok, idRegex=null, size=null, below=null, above=null, leftOf=null, rightOf=null, containsChild=null, containsDescendants=null, traits=null, index=null, enabled=null, optional=false, selected=null, checked=null, focused=null, childOf=null, css=null), notVisible=null, scriptCondition=null, label=null), sourceDescription=null, config=null, label=null, optional=false)), logMessages=[], insight=Insight(message=, level=NONE), aiReasoning=null, labeledCommand=null)
11:15:28.462 [ INFO] maestro.orchestra.Orchestra.executeSubflowCommands: [Command execution subflow] CommandSkipped: null
11:15:28.462 [ INFO] maestro.cli.runner.MaestroCommandRunner.runCommands$lambda$8: Run flow when "Ok" is visible SKIPPED
11:15:28.462 [ INFO] maestro.cli.runner.MaestroCommandRunner.runCommands$lambda$0: Run flow when "Marketplace Day" is visible RUNNING
11:15:28.463 [ INFO] maestro.cli.runner.MaestroCommandRunner.runCommands$lambda$11: Run flow when "Marketplace Day" is visible metadata CommandMetadata(numberOfRuns=null, evaluatedCommand=MaestroCommand(runFlowCommand=RunFlowCommand(commands=[MaestroCommand(backPressCommand=BackPressCommand())], condition=Condition(platform=null, visible=ElementSelector(textRegex=Marketplace Day, idRegex=null, size=null, below=null, above=null, leftOf=null, rightOf=null, containsChild=null, containsDescendants=null, traits=null, index=null, enabled=null, optional=false, selected=null, checked=null, focused=null, childOf=null, css=null), notVisible=null, scriptCondition=null, label=null), sourceDescription=null, config=null, label=null, optional=false)), logMessages=[], insight=Insight(message=, level=NONE), aiReasoning=null, labeledCommand=null)
11:15:28.815 [ INFO] maestro.orchestra.Orchestra.executeSubflowCommands: [Command execution subflow] CommandSkipped: null
11:15:28.815 [ INFO] maestro.cli.runner.MaestroCommandRunner.runCommands$lambda$8: Run flow when "Marketplace Day" is visible SKIPPED
11:15:28.815 [ INFO] maestro.cli.runner.MaestroCommandRunner.runCommands$lambda$0: Run flow when "Start comparing properties" is visible RUNNING
11:15:28.816 [ INFO] maestro.cli.runner.MaestroCommandRunner.runCommands$lambda$11: Run flow when "Start comparing properties" is visible metadata CommandMetadata(numberOfRuns=null, evaluatedCommand=MaestroCommand(runFlowCommand=RunFlowCommand(commands=[MaestroCommand(backPressCommand=BackPressCommand())], condition=Condition(platform=null, visible=ElementSelector(textRegex=Start comparing properties, idRegex=null, size=null, below=null, above=null, leftOf=null, rightOf=null, containsChild=null, containsDescendants=null, traits=null, index=null, enabled=null, optional=false, selected=null, checked=null, focused=null, childOf=null, css=null), notVisible=null, scriptCondition=null, label=null), sourceDescription=null, config=null, label=null, optional=false)), logMessages=[], insight=Insight(message=, level=NONE), aiReasoning=null, labeledCommand=null)
11:15:28.996 [ INFO] maestro.cli.runner.MaestroCommandRunner.runCommands$lambda$0: Press back RUNNING
11:15:28.997 [ INFO] maestro.cli.runner.MaestroCommandRunner.runCommands$lambda$11: Press back metadata CommandMetadata(numberOfRuns=null, evaluatedCommand=MaestroCommand(backPressCommand=BackPressCommand()), logMessages=[], insight=Insight(message=, level=NONE), aiReasoning=null, labeledCommand=null)
11:15:28.997 [ INFO] maestro.Maestro.backPress: Pressing back
11:15:30.213 [ INFO] maestro.cli.runner.MaestroCommandRunner.runCommands$lambda$2: Press back COMPLETED
11:15:30.214 [ INFO] maestro.cli.runner.MaestroCommandRunner.runCommands$lambda$2: Run flow when "Start comparing properties" is visible COMPLETED
11:15:30.214 [ INFO] maestro.cli.runner.MaestroCommandRunner.runCommands$lambda$0: Run flow when "(?s).*Login / Sign up.*" is not visible RUNNING
11:15:30.214 [ INFO] maestro.cli.runner.MaestroCommandRunner.runCommands$lambda$11: Run flow when "(?s).*Login / Sign up.*" is not visible metadata CommandMetadata(numberOfRuns=null, evaluatedCommand=MaestroCommand(runFlowCommand=RunFlowCommand(commands=[MaestroCommand(waitForAnimationToEndCommand=WaitForAnimationToEndCommand(timeout=5000, label=null, optional=false))], condition=Condition(platform=null, visible=null, notVisible=ElementSelector(textRegex=(?s).*Login / Sign up.*, idRegex=null, size=null, below=null, above=null, leftOf=null, rightOf=null, containsChild=null, containsDescendants=null, traits=null, index=null, enabled=null, optional=false, selected=null, checked=null, focused=null, childOf=null, css=null), scriptCondition=null, label=null), sourceDescription=null, config=null, label=null, optional=false)), logMessages=[], insight=Insight(message=, level=NONE), aiReasoning=null, labeledCommand=null)
11:15:30.562 [ERROR] maestro.cli.session.MaestroSessionManager.newSession$lambda$0: Failed to record heartbeat
java.io.IOException: The process cannot access the file because another process has locked a portion of the file
	at java.base/java.io.FileOutputStream.writeBytes(Native Method)
	at java.base/java.io.FileOutputStream.write(FileOutputStream.java:332)
	at kotlin.io.FilesKt__FileReadWriteKt.writeTextImpl(FileReadWrite.kt:160)
	at kotlin.io.FilesKt__FileReadWriteKt.writeText(FileReadWrite.kt:145)
	at kotlin.io.FilesKt__FileReadWriteKt.writeText$default(FileReadWrite.kt:144)
	at maestro.cli.db.KeyValueStore.commit(KeyValueStore.kt:50)
	at maestro.cli.db.KeyValueStore.set$lambda$3$lambda$2(KeyValueStore.kt:23)
	at maestro.cli.db.KeyValueStore.withFileLock(KeyValueStore.kt:62)
	at maestro.cli.db.KeyValueStore.set(KeyValueStore.kt:20)
	at maestro.cli.session.SessionStore.heartbeat(SessionStore.kt:12)
	at maestro.cli.session.MaestroSessionManager.newSession$lambda$0(MaestroSessionManager.kt:98)
	at java.base/java.util.concurrent.Executors$RunnableAdapter.call(Executors.java:545)
	at java.base/java.util.concurrent.FutureTask.runAndReset(FutureTask.java:371)
	at java.base/java.util.concurrent.ScheduledThreadPoolExecutor$ScheduledFutureTask.run(ScheduledThreadPoolExecutor.java:310)
	at java.base/java.util.concurrent.ThreadPoolExecutor.runWorker(ThreadPoolExecutor.java:1090)
	at java.base/java.util.concurrent.ThreadPoolExecutor$Worker.run(ThreadPoolExecutor.java:614)
	at java.base/java.lang.Thread.run(Thread.java:1516)
11:15:35.563 [ERROR] maestro.cli.session.MaestroSessionManager.newSession$lambda$0: Failed to record heartbeat
java.io.IOException: The process cannot access the file because another process has locked a portion of the file
	at java.base/java.io.FileOutputStream.writeBytes(Native Method)
	at java.base/java.io.FileOutputStream.write(FileOutputStream.java:332)
	at kotlin.io.FilesKt__FileReadWriteKt.writeTextImpl(FileReadWrite.kt:160)
	at kotlin.io.FilesKt__FileReadWriteKt.writeText(FileReadWrite.kt:145)
	at kotlin.io.FilesKt__FileReadWriteKt.writeText$default(FileReadWrite.kt:144)
	at maestro.cli.db.KeyValueStore.commit(KeyValueStore.kt:50)
	at maestro.cli.db.KeyValueStore.set$lambda$3$lambda$2(KeyValueStore.kt:23)
	at maestro.cli.db.KeyValueStore.withFileLock(KeyValueStore.kt:62)
	at maestro.cli.db.KeyValueStore.set(KeyValueStore.kt:20)
	at maestro.cli.session.SessionStore.heartbeat(SessionStore.kt:12)
	at maestro.cli.session.MaestroSessionManager.newSession$lambda$0(MaestroSessionManager.kt:98)
	at java.base/java.util.concurrent.Executors$RunnableAdapter.call(Executors.java:545)
	at java.base/java.util.concurrent.FutureTask.runAndReset(FutureTask.java:371)
	at java.base/java.util.concurrent.ScheduledThreadPoolExecutor$ScheduledFutureTask.run(ScheduledThreadPoolExecutor.java:310)
	at java.base/java.util.concurrent.ThreadPoolExecutor.runWorker(ThreadPoolExecutor.java:1090)
	at java.base/java.util.concurrent.ThreadPoolExecutor$Worker.run(ThreadPoolExecutor.java:614)
	at java.base/java.lang.Thread.run(Thread.java:1516)
11:15:37.470 [ INFO] maestro.orchestra.Orchestra.executeSubflowCommands: [Command execution subflow] CommandSkipped: null
11:15:37.470 [ INFO] maestro.cli.runner.MaestroCommandRunner.runCommands$lambda$8: Run flow when "(?s).*Login / Sign up.*" is not visible SKIPPED
11:15:37.471 [ INFO] maestro.cli.runner.MaestroCommandRunner.runCommands$lambda$11: Repeat 20 times metadata CommandMetadata(numberOfRuns=9, evaluatedCommand=MaestroCommand(repeatCommand=RepeatCommand(times=20, condition=null, commands=[MaestroCommand(runFlowCommand=RunFlowCommand(commands=[MaestroCommand(tapOnElementCommand=TapOnElementCommand(selector=ElementSelector(textRegex=Skip, idRegex=null, size=null, below=null, above=null, leftOf=null, rightOf=null, containsChild=null, containsDescendants=null, traits=null, index=null, enabled=null, optional=false, selected=null, checked=null, focused=null, childOf=null, css=null), retryIfNoChange=false, waitUntilVisible=false, longPress=false, repeat=null, waitToSettleTimeoutMs=null, relativePoint=null, label=null, optional=false))], condition=Condition(platform=null, visible=ElementSelector(textRegex=Skip, idRegex=null, size=null, below=null, above=null, leftOf=null, rightOf=null, containsChild=null, containsDescendants=null, traits=null, index=null, enabled=null, optional=false, selected=null, checked=null, focused=null, childOf=null, css=null), notVisible=null, scriptCondition=null, label=null), sourceDescription=null, config=null, label=null, optional=false)), MaestroCommand(runFlowCommand=RunFlowCommand(commands=[MaestroCommand(tapOnElementCommand=TapOnElementCommand(selector=ElementSelector(textRegex=Dismiss, idRegex=null, size=null, below=null, above=null, leftOf=null, rightOf=null, containsChild=null, containsDescendants=null, traits=null, index=null, enabled=null, optional=false, selected=null, checked=null, focused=null, childOf=null, css=null), retryIfNoChange=false, waitUntilVisible=false, longPress=false, repeat=null, waitToSettleTimeoutMs=null, relativePoint=null, label=null, optional=false))], condition=Condition(platform=null, visible=ElementSelector(textRegex=Dismiss, idRegex=null, size=null, below=null, above=null, leftOf=null, rightOf=null, containsChild=null, containsDescendants=null, traits=null, index=null, enabled=null, optional=false, selected=null, checked=null, focused=null, childOf=null, css=null), notVisible=null, scriptCondition=null, label=null), sourceDescription=null, config=null, label=null, optional=false)), MaestroCommand(runFlowCommand=RunFlowCommand(commands=[MaestroCommand(tapOnElementCommand=TapOnElementCommand(selector=ElementSelector(textRegex=Ok, idRegex=null, size=null, below=null, above=null, leftOf=null, rightOf=null, containsChild=null, containsDescendants=null, traits=null, index=null, enabled=null, optional=false, selected=null, checked=null, focused=null, childOf=null, css=null), retryIfNoChange=false, waitUntilVisible=false, longPress=false, repeat=null, waitToSettleTimeoutMs=null, relativePoint=null, label=null, optional=false))], condition=Condition(platform=null, visible=ElementSelector(textRegex=Ok, idRegex=null, size=null, below=null, above=null, leftOf=null, rightOf=null, containsChild=null, containsDescendants=null, traits=null, index=null, enabled=null, optional=false, selected=null, checked=null, focused=null, childOf=null, css=null), notVisible=null, scriptCondition=null, label=null), sourceDescription=null, config=null, label=null, optional=false)), MaestroCommand(runFlowCommand=RunFlowCommand(commands=[MaestroCommand(backPressCommand=BackPressCommand())], condition=Condition(platform=null, visible=ElementSelector(textRegex=Marketplace Day, idRegex=null, size=null, below=null, above=null, leftOf=null, rightOf=null, containsChild=null, containsDescendants=null, traits=null, index=null, enabled=null, optional=false, selected=null, checked=null, focused=null, childOf=null, css=null), notVisible=null, scriptCondition=null, label=null), sourceDescription=null, config=null, label=null, optional=false)), MaestroCommand(runFlowCommand=RunFlowCommand(commands=[MaestroCommand(backPressCommand=BackPressCommand())], condition=Condition(platform=null, visible=ElementSelector(textRegex=Start comparing properties, idRegex=null, size=null, below=null, above=null, leftOf=null, rightOf=null, containsChild=null, containsDescendants=null, traits=null, index=null, enabled=null, optional=false, selected=null, checked=null, focused=null, childOf=null, css=null), notVisible=null, scriptCondition=null, label=null), sourceDescription=null, config=null, label=null, optional=false)), MaestroCommand(runFlowCommand=RunFlowCommand(commands=[MaestroCommand(waitForAnimationToEndCommand=WaitForAnimationToEndCommand(timeout=5000, label=null, optional=false))], condition=Condition(platform=null, visible=null, notVisible=ElementSelector(textRegex=(?s).*Login / Sign up.*, idRegex=null, size=null, below=null, above=null, leftOf=null, rightOf=null, containsChild=null, containsDescendants=null, traits=null, index=null, enabled=null, optional=false, selected=null, checked=null, focused=null, childOf=null, css=null), scriptCondition=null, label=null), sourceDescription=null, config=null, label=null, optional=false))], label=null, optional=false)), logMessages=[], insight=Insight(message=, level=NONE), aiReasoning=null, labeledCommand=null)
11:15:37.471 [ INFO] maestro.cli.runner.MaestroCommandRunner.runCommands$lambda$10: Run flow when "Skip" is visible PENDING
11:15:37.471 [ INFO] maestro.cli.runner.MaestroCommandRunner.runCommands$lambda$10: Tap on "Skip" PENDING
11:15:37.471 [ INFO] maestro.cli.runner.MaestroCommandRunner.runCommands$lambda$10: Run flow when "Dismiss" is visible PENDING
11:15:37.472 [ INFO] maestro.cli.runner.MaestroCommandRunner.runCommands$lambda$10: Tap on "Dismiss" PENDING
11:15:37.472 [ INFO] maestro.cli.runner.MaestroCommandRunner.runCommands$lambda$10: Run flow when "Ok" is visible PENDING
11:15:37.472 [ INFO] maestro.cli.runner.MaestroCommandRunner.runCommands$lambda$10: Tap on "Ok" PENDING
11:15:37.472 [ INFO] maestro.cli.runner.MaestroCommandRunner.runCommands$lambda$10: Run flow when "Marketplace Day" is visible PENDING
11:15:37.472 [ INFO] maestro.cli.runner.MaestroCommandRunner.runCommands$lambda$10: Press back PENDING
11:15:37.473 [ INFO] maestro.cli.runner.MaestroCommandRunner.runCommands$lambda$10: Run flow when "Start comparing properties" is visible PENDING
11:15:37.473 [ INFO] maestro.cli.runner.MaestroCommandRunner.runCommands$lambda$10: Press back PENDING
11:15:37.473 [ INFO] maestro.cli.runner.MaestroCommandRunner.runCommands$lambda$10: Run flow when "(?s).*Login / Sign up.*" is not visible PENDING
11:15:37.473 [ INFO] maestro.cli.runner.MaestroCommandRunner.runCommands$lambda$10: Wait for animation to end within 5000 ms PENDING
11:15:37.474 [ INFO] maestro.cli.runner.MaestroCommandRunner.runCommands$lambda$0: Run flow when "Skip" is visible RUNNING
11:15:37.474 [ INFO] maestro.cli.runner.MaestroCommandRunner.runCommands$lambda$11: Run flow when "Skip" is visible metadata CommandMetadata(numberOfRuns=null, evaluatedCommand=MaestroCommand(runFlowCommand=RunFlowCommand(commands=[MaestroCommand(tapOnElementCommand=TapOnElementCommand(selector=ElementSelector(textRegex=Skip, idRegex=null, size=null, below=null, above=null, leftOf=null, rightOf=null, containsChild=null, containsDescendants=null, traits=null, index=null, enabled=null, optional=false, selected=null, checked=null, focused=null, childOf=null, css=null), retryIfNoChange=false, waitUntilVisible=false, longPress=false, repeat=null, waitToSettleTimeoutMs=null, relativePoint=null, label=null, optional=false))], condition=Condition(platform=null, visible=ElementSelector(textRegex=Skip, idRegex=null, size=null, below=null, above=null, leftOf=null, rightOf=null, containsChild=null, containsDescendants=null, traits=null, index=null, enabled=null, optional=false, selected=null, checked=null, focused=null, childOf=null, css=null), notVisible=null, scriptCondition=null, label=null), sourceDescription=null, config=null, label=null, optional=false)), logMessages=[], insight=Insight(message=, level=NONE), aiReasoning=null, labeledCommand=null)
11:15:38.180 [ INFO] maestro.orchestra.Orchestra.executeSubflowCommands: [Command execution subflow] CommandSkipped: null
11:15:38.180 [ INFO] maestro.cli.runner.MaestroCommandRunner.runCommands$lambda$8: Run flow when "Skip" is visible SKIPPED
11:15:38.181 [ INFO] maestro.cli.runner.MaestroCommandRunner.runCommands$lambda$0: Run flow when "Dismiss" is visible RUNNING
11:15:38.181 [ INFO] maestro.cli.runner.MaestroCommandRunner.runCommands$lambda$11: Run flow when "Dismiss" is visible metadata CommandMetadata(numberOfRuns=null, evaluatedCommand=MaestroCommand(runFlowCommand=RunFlowCommand(commands=[MaestroCommand(tapOnElementCommand=TapOnElementCommand(selector=ElementSelector(textRegex=Dismiss, idRegex=null, size=null, below=null, above=null, leftOf=null, rightOf=null, containsChild=null, containsDescendants=null, traits=null, index=null, enabled=null, optional=false, selected=null, checked=null, focused=null, childOf=null, css=null), retryIfNoChange=false, waitUntilVisible=false, longPress=false, repeat=null, waitToSettleTimeoutMs=null, relativePoint=null, label=null, optional=false))], condition=Condition(platform=null, visible=ElementSelector(textRegex=Dismiss, idRegex=null, size=null, below=null, above=null, leftOf=null, rightOf=null, containsChild=null, containsDescendants=null, traits=null, index=null, enabled=null, optional=false, selected=null, checked=null, focused=null, childOf=null, css=null), notVisible=null, scriptCondition=null, label=null), sourceDescription=null, config=null, label=null, optional=false)), logMessages=[], insight=Insight(message=, level=NONE), aiReasoning=null, labeledCommand=null)
11:15:38.526 [ INFO] maestro.orchestra.Orchestra.executeSubflowCommands: [Command execution subflow] CommandSkipped: null
11:15:38.526 [ INFO] maestro.cli.runner.MaestroCommandRunner.runCommands$lambda$8: Run flow when "Dismiss" is visible SKIPPED
11:15:38.526 [ INFO] maestro.cli.runner.MaestroCommandRunner.runCommands$lambda$0: Run flow when "Ok" is visible RUNNING
11:15:38.527 [ INFO] maestro.cli.runner.MaestroCommandRunner.runCommands$lambda$11: Run flow when "Ok" is visible metadata CommandMetadata(numberOfRuns=null, evaluatedCommand=MaestroCommand(runFlowCommand=RunFlowCommand(commands=[MaestroCommand(tapOnElementCommand=TapOnElementCommand(selector=ElementSelector(textRegex=Ok, idRegex=null, size=null, below=null, above=null, leftOf=null, rightOf=null, containsChild=null, containsDescendants=null, traits=null, index=null, enabled=null, optional=false, selected=null, checked=null, focused=null, childOf=null, css=null), retryIfNoChange=false, waitUntilVisible=false, longPress=false, repeat=null, waitToSettleTimeoutMs=null, relativePoint=null, label=null, optional=false))], condition=Condition(platform=null, visible=ElementSelector(textRegex=Ok, idRegex=null, size=null, below=null, above=null, leftOf=null, rightOf=null, containsChild=null, containsDescendants=null, traits=null, index=null, enabled=null, optional=false, selected=null, checked=null, focused=null, childOf=null, css=null), notVisible=null, scriptCondition=null, label=null), sourceDescription=null, config=null, label=null, optional=false)), logMessages=[], insight=Insight(message=, level=NONE), aiReasoning=null, labeledCommand=null)
11:15:38.878 [ INFO] maestro.orchestra.Orchestra.executeSubflowCommands: [Command execution subflow] CommandSkipped: null
11:15:38.878 [ INFO] maestro.cli.runner.MaestroCommandRunner.runCommands$lambda$8: Run flow when "Ok" is visible SKIPPED
11:15:38.879 [ INFO] maestro.cli.runner.MaestroCommandRunner.runCommands$lambda$0: Run flow when "Marketplace Day" is visible RUNNING
11:15:38.879 [ INFO] maestro.cli.runner.MaestroCommandRunner.runCommands$lambda$11: Run flow when "Marketplace Day" is visible metadata CommandMetadata(numberOfRuns=null, evaluatedCommand=MaestroCommand(runFlowCommand=RunFlowCommand(commands=[MaestroCommand(backPressCommand=BackPressCommand())], condition=Condition(platform=null, visible=ElementSelector(textRegex=Marketplace Day, idRegex=null, size=null, below=null, above=null, leftOf=null, rightOf=null, containsChild=null, containsDescendants=null, traits=null, index=null, enabled=null, optional=false, selected=null, checked=null, focused=null, childOf=null, css=null), notVisible=null, scriptCondition=null, label=null), sourceDescription=null, config=null, label=null, optional=false)), logMessages=[], insight=Insight(message=, level=NONE), aiReasoning=null, labeledCommand=null)
11:15:39.264 [ INFO] maestro.orchestra.Orchestra.executeSubflowCommands: [Command execution subflow] CommandSkipped: null
11:15:39.264 [ INFO] maestro.cli.runner.MaestroCommandRunner.runCommands$lambda$8: Run flow when "Marketplace Day" is visible SKIPPED
11:15:39.264 [ INFO] maestro.cli.runner.MaestroCommandRunner.runCommands$lambda$0: Run flow when "Start comparing properties" is visible RUNNING
11:15:39.264 [ INFO] maestro.cli.runner.MaestroCommandRunner.runCommands$lambda$11: Run flow when "Start comparing properties" is visible metadata CommandMetadata(numberOfRuns=null, evaluatedCommand=MaestroCommand(runFlowCommand=RunFlowCommand(commands=[MaestroCommand(backPressCommand=BackPressCommand())], condition=Condition(platform=null, visible=ElementSelector(textRegex=Start comparing properties, idRegex=null, size=null, below=null, above=null, leftOf=null, rightOf=null, containsChild=null, containsDescendants=null, traits=null, index=null, enabled=null, optional=false, selected=null, checked=null, focused=null, childOf=null, css=null), notVisible=null, scriptCondition=null, label=null), sourceDescription=null, config=null, label=null, optional=false)), logMessages=[], insight=Insight(message=, level=NONE), aiReasoning=null, labeledCommand=null)
11:15:39.756 [ INFO] maestro.orchestra.Orchestra.executeSubflowCommands: [Command execution subflow] CommandSkipped: null
11:15:39.756 [ INFO] maestro.cli.runner.MaestroCommandRunner.runCommands$lambda$8: Run flow when "Start comparing properties" is visible SKIPPED
11:15:39.757 [ INFO] maestro.cli.runner.MaestroCommandRunner.runCommands$lambda$0: Run flow when "(?s).*Login / Sign up.*" is not visible RUNNING
11:15:39.757 [ INFO] maestro.cli.runner.MaestroCommandRunner.runCommands$lambda$11: Run flow when "(?s).*Login / Sign up.*" is not visible metadata CommandMetadata(numberOfRuns=null, evaluatedCommand=MaestroCommand(runFlowCommand=RunFlowCommand(commands=[MaestroCommand(waitForAnimationToEndCommand=WaitForAnimationToEndCommand(timeout=5000, label=null, optional=false))], condition=Condition(platform=null, visible=null, notVisible=ElementSelector(textRegex=(?s).*Login / Sign up.*, idRegex=null, size=null, below=null, above=null, leftOf=null, rightOf=null, containsChild=null, containsDescendants=null, traits=null, index=null, enabled=null, optional=false, selected=null, checked=null, focused=null, childOf=null, css=null), scriptCondition=null, label=null), sourceDescription=null, config=null, label=null, optional=false)), logMessages=[], insight=Insight(message=, level=NONE), aiReasoning=null, labeledCommand=null)
11:15:39.918 [ INFO] maestro.orchestra.Orchestra.executeSubflowCommands: [Command execution subflow] CommandSkipped: null
11:15:39.918 [ INFO] maestro.cli.runner.MaestroCommandRunner.runCommands$lambda$8: Run flow when "(?s).*Login / Sign up.*" is not visible SKIPPED
11:15:39.918 [ INFO] maestro.cli.runner.MaestroCommandRunner.runCommands$lambda$11: Repeat 20 times metadata CommandMetadata(numberOfRuns=10, evaluatedCommand=MaestroCommand(repeatCommand=RepeatCommand(times=20, condition=null, commands=[MaestroCommand(runFlowCommand=RunFlowCommand(commands=[MaestroCommand(tapOnElementCommand=TapOnElementCommand(selector=ElementSelector(textRegex=Skip, idRegex=null, size=null, below=null, above=null, leftOf=null, rightOf=null, containsChild=null, containsDescendants=null, traits=null, index=null, enabled=null, optional=false, selected=null, checked=null, focused=null, childOf=null, css=null), retryIfNoChange=false, waitUntilVisible=false, longPress=false, repeat=null, waitToSettleTimeoutMs=null, relativePoint=null, label=null, optional=false))], condition=Condition(platform=null, visible=ElementSelector(textRegex=Skip, idRegex=null, size=null, below=null, above=null, leftOf=null, rightOf=null, containsChild=null, containsDescendants=null, traits=null, index=null, enabled=null, optional=false, selected=null, checked=null, focused=null, childOf=null, css=null), notVisible=null, scriptCondition=null, label=null), sourceDescription=null, config=null, label=null, optional=false)), MaestroCommand(runFlowCommand=RunFlowCommand(commands=[MaestroCommand(tapOnElementCommand=TapOnElementCommand(selector=ElementSelector(textRegex=Dismiss, idRegex=null, size=null, below=null, above=null, leftOf=null, rightOf=null, containsChild=null, containsDescendants=null, traits=null, index=null, enabled=null, optional=false, selected=null, checked=null, focused=null, childOf=null, css=null), retryIfNoChange=false, waitUntilVisible=false, longPress=false, repeat=null, waitToSettleTimeoutMs=null, relativePoint=null, label=null, optional=false))], condition=Condition(platform=null, visible=ElementSelector(textRegex=Dismiss, idRegex=null, size=null, below=null, above=null, leftOf=null, rightOf=null, containsChild=null, containsDescendants=null, traits=null, index=null, enabled=null, optional=false, selected=null, checked=null, focused=null, childOf=null, css=null), notVisible=null, scriptCondition=null, label=null), sourceDescription=null, config=null, label=null, optional=false)), MaestroCommand(runFlowCommand=RunFlowCommand(commands=[MaestroCommand(tapOnElementCommand=TapOnElementCommand(selector=ElementSelector(textRegex=Ok, idRegex=null, size=null, below=null, above=null, leftOf=null, rightOf=null, containsChild=null, containsDescendants=null, traits=null, index=null, enabled=null, optional=false, selected=null, checked=null, focused=null, childOf=null, css=null), retryIfNoChange=false, waitUntilVisible=false, longPress=false, repeat=null, waitToSettleTimeoutMs=null, relativePoint=null, label=null, optional=false))], condition=Condition(platform=null, visible=ElementSelector(textRegex=Ok, idRegex=null, size=null, below=null, above=null, leftOf=null, rightOf=null, containsChild=null, containsDescendants=null, traits=null, index=null, enabled=null, optional=false, selected=null, checked=null, focused=null, childOf=null, css=null), notVisible=null, scriptCondition=null, label=null), sourceDescription=null, config=null, label=null, optional=false)), MaestroCommand(runFlowCommand=RunFlowCommand(commands=[MaestroCommand(backPressCommand=BackPressCommand())], condition=Condition(platform=null, visible=ElementSelector(textRegex=Marketplace Day, idRegex=null, size=null, below=null, above=null, leftOf=null, rightOf=null, containsChild=null, containsDescendants=null, traits=null, index=null, enabled=null, optional=false, selected=null, checked=null, focused=null, childOf=null, css=null), notVisible=null, scriptCondition=null, label=null), sourceDescription=null, config=null, label=null, optional=false)), MaestroCommand(runFlowCommand=RunFlowCommand(commands=[MaestroCommand(backPressCommand=BackPressCommand())], condition=Condition(platform=null, visible=ElementSelector(textRegex=Start comparing properties, idRegex=null, size=null, below=null, above=null, leftOf=null, rightOf=null, containsChild=null, containsDescendants=null, traits=null, index=null, enabled=null, optional=false, selected=null, checked=null, focused=null, childOf=null, css=null), notVisible=null, scriptCondition=null, label=null), sourceDescription=null, config=null, label=null, optional=false)), MaestroCommand(runFlowCommand=RunFlowCommand(commands=[MaestroCommand(waitForAnimationToEndCommand=WaitForAnimationToEndCommand(timeout=5000, label=null, optional=false))], condition=Condition(platform=null, visible=null, notVisible=ElementSelector(textRegex=(?s).*Login / Sign up.*, idRegex=null, size=null, below=null, above=null, leftOf=null, rightOf=null, containsChild=null, containsDescendants=null, traits=null, index=null, enabled=null, optional=false, selected=null, checked=null, focused=null, childOf=null, css=null), scriptCondition=null, label=null), sourceDescription=null, config=null, label=null, optional=false))], label=null, optional=false)), logMessages=[], insight=Insight(message=, level=NONE), aiReasoning=null, labeledCommand=null)
11:15:39.918 [ INFO] maestro.cli.runner.MaestroCommandRunner.runCommands$lambda$10: Run flow when "Skip" is visible PENDING
11:15:39.919 [ INFO] maestro.cli.runner.MaestroCommandRunner.runCommands$lambda$10: Tap on "Skip" PENDING
11:15:39.919 [ INFO] maestro.cli.runner.MaestroCommandRunner.runCommands$lambda$10: Run flow when "Dismiss" is visible PENDING
11:15:39.919 [ INFO] maestro.cli.runner.MaestroCommandRunner.runCommands$lambda$10: Tap on "Dismiss" PENDING
11:15:39.919 [ INFO] maestro.cli.runner.MaestroCommandRunner.runCommands$lambda$10: Run flow when "Ok" is visible PENDING
11:15:39.919 [ INFO] maestro.cli.runner.MaestroCommandRunner.runCommands$lambda$10: Tap on "Ok" PENDING
11:15:39.920 [ INFO] maestro.cli.runner.MaestroCommandRunner.runCommands$lambda$10: Run flow when "Marketplace Day" is visible PENDING
11:15:39.920 [ INFO] maestro.cli.runner.MaestroCommandRunner.runCommands$lambda$10: Press back PENDING
11:15:39.920 [ INFO] maestro.cli.runner.MaestroCommandRunner.runCommands$lambda$10: Run flow when "Start comparing properties" is visible PENDING
11:15:39.921 [ INFO] maestro.cli.runner.MaestroCommandRunner.runCommands$lambda$10: Press back PENDING
11:15:39.921 [ INFO] maestro.cli.runner.MaestroCommandRunner.runCommands$lambda$10: Run flow when "(?s).*Login / Sign up.*" is not visible PENDING
11:15:39.921 [ INFO] maestro.cli.runner.MaestroCommandRunner.runCommands$lambda$10: Wait for animation to end within 5000 ms PENDING
11:15:39.921 [ INFO] maestro.cli.runner.MaestroCommandRunner.runCommands$lambda$0: Run flow when "Skip" is visible RUNNING
11:15:39.922 [ INFO] maestro.cli.runner.MaestroCommandRunner.runCommands$lambda$11: Run flow when "Skip" is visible metadata CommandMetadata(numberOfRuns=null, evaluatedCommand=MaestroCommand(runFlowCommand=RunFlowCommand(commands=[MaestroCommand(tapOnElementCommand=TapOnElementCommand(selector=ElementSelector(textRegex=Skip, idRegex=null, size=null, below=null, above=null, leftOf=null, rightOf=null, containsChild=null, containsDescendants=null, traits=null, index=null, enabled=null, optional=false, selected=null, checked=null, focused=null, childOf=null, css=null), retryIfNoChange=false, waitUntilVisible=false, longPress=false, repeat=null, waitToSettleTimeoutMs=null, relativePoint=null, label=null, optional=false))], condition=Condition(platform=null, visible=ElementSelector(textRegex=Skip, idRegex=null, size=null, below=null, above=null, leftOf=null, rightOf=null, containsChild=null, containsDescendants=null, traits=null, index=null, enabled=null, optional=false, selected=null, checked=null, focused=null, childOf=null, css=null), notVisible=null, scriptCondition=null, label=null), sourceDescription=null, config=null, label=null, optional=false)), logMessages=[], insight=Insight(message=, level=NONE), aiReasoning=null, labeledCommand=null)
11:15:40.466 [ INFO] maestro.orchestra.Orchestra.executeSubflowCommands: [Command execution subflow] CommandSkipped: null
11:15:40.467 [ INFO] maestro.cli.runner.MaestroCommandRunner.runCommands$lambda$8: Run flow when "Skip" is visible SKIPPED
11:15:40.467 [ INFO] maestro.cli.runner.MaestroCommandRunner.runCommands$lambda$0: Run flow when "Dismiss" is visible RUNNING
11:15:40.468 [ INFO] maestro.cli.runner.MaestroCommandRunner.runCommands$lambda$11: Run flow when "Dismiss" is visible metadata CommandMetadata(numberOfRuns=null, evaluatedCommand=MaestroCommand(runFlowCommand=RunFlowCommand(commands=[MaestroCommand(tapOnElementCommand=TapOnElementCommand(selector=ElementSelector(textRegex=Dismiss, idRegex=null, size=null, below=null, above=null, leftOf=null, rightOf=null, containsChild=null, containsDescendants=null, traits=null, index=null, enabled=null, optional=false, selected=null, checked=null, focused=null, childOf=null, css=null), retryIfNoChange=false, waitUntilVisible=false, longPress=false, repeat=null, waitToSettleTimeoutMs=null, relativePoint=null, label=null, optional=false))], condition=Condition(platform=null, visible=ElementSelector(textRegex=Dismiss, idRegex=null, size=null, below=null, above=null, leftOf=null, rightOf=null, containsChild=null, containsDescendants=null, traits=null, index=null, enabled=null, optional=false, selected=null, checked=null, focused=null, childOf=null, css=null), notVisible=null, scriptCondition=null, label=null), sourceDescription=null, config=null, label=null, optional=false)), logMessages=[], insight=Insight(message=, level=NONE), aiReasoning=null, labeledCommand=null)
11:15:40.563 [ERROR] maestro.cli.session.MaestroSessionManager.newSession$lambda$0: Failed to record heartbeat
java.io.IOException: The process cannot access the file because another process has locked a portion of the file
	at java.base/java.io.FileOutputStream.writeBytes(Native Method)
	at java.base/java.io.FileOutputStream.write(FileOutputStream.java:332)
	at kotlin.io.FilesKt__FileReadWriteKt.writeTextImpl(FileReadWrite.kt:160)
	at kotlin.io.FilesKt__FileReadWriteKt.writeText(FileReadWrite.kt:145)
	at kotlin.io.FilesKt__FileReadWriteKt.writeText$default(FileReadWrite.kt:144)
	at maestro.cli.db.KeyValueStore.commit(KeyValueStore.kt:50)
	at maestro.cli.db.KeyValueStore.set$lambda$3$lambda$2(KeyValueStore.kt:23)
	at maestro.cli.db.KeyValueStore.withFileLock(KeyValueStore.kt:62)
	at maestro.cli.db.KeyValueStore.set(KeyValueStore.kt:20)
	at maestro.cli.session.SessionStore.heartbeat(SessionStore.kt:12)
	at maestro.cli.session.MaestroSessionManager.newSession$lambda$0(MaestroSessionManager.kt:98)
	at java.base/java.util.concurrent.Executors$RunnableAdapter.call(Executors.java:545)
	at java.base/java.util.concurrent.FutureTask.runAndReset(FutureTask.java:371)
	at java.base/java.util.concurrent.ScheduledThreadPoolExecutor$ScheduledFutureTask.run(ScheduledThreadPoolExecutor.java:310)
	at java.base/java.util.concurrent.ThreadPoolExecutor.runWorker(ThreadPoolExecutor.java:1090)
	at java.base/java.util.concurrent.ThreadPoolExecutor$Worker.run(ThreadPoolExecutor.java:614)
	at java.base/java.lang.Thread.run(Thread.java:1516)
11:15:42.061 [ INFO] maestro.orchestra.Orchestra.executeSubflowCommands: [Command execution subflow] CommandSkipped: null
11:15:42.061 [ INFO] maestro.cli.runner.MaestroCommandRunner.runCommands$lambda$8: Run flow when "Dismiss" is visible SKIPPED
11:15:42.062 [ INFO] maestro.cli.runner.MaestroCommandRunner.runCommands$lambda$0: Run flow when "Ok" is visible RUNNING
11:15:42.062 [ INFO] maestro.cli.runner.MaestroCommandRunner.runCommands$lambda$11: Run flow when "Ok" is visible metadata CommandMetadata(numberOfRuns=null, evaluatedCommand=MaestroCommand(runFlowCommand=RunFlowCommand(commands=[MaestroCommand(tapOnElementCommand=TapOnElementCommand(selector=ElementSelector(textRegex=Ok, idRegex=null, size=null, below=null, above=null, leftOf=null, rightOf=null, containsChild=null, containsDescendants=null, traits=null, index=null, enabled=null, optional=false, selected=null, checked=null, focused=null, childOf=null, css=null), retryIfNoChange=false, waitUntilVisible=false, longPress=false, repeat=null, waitToSettleTimeoutMs=null, relativePoint=null, label=null, optional=false))], condition=Condition(platform=null, visible=ElementSelector(textRegex=Ok, idRegex=null, size=null, below=null, above=null, leftOf=null, rightOf=null, containsChild=null, containsDescendants=null, traits=null, index=null, enabled=null, optional=false, selected=null, checked=null, focused=null, childOf=null, css=null), notVisible=null, scriptCondition=null, label=null), sourceDescription=null, config=null, label=null, optional=false)), logMessages=[], insight=Insight(message=, level=NONE), aiReasoning=null, labeledCommand=null)
11:15:42.284 [ INFO] maestro.orchestra.Orchestra.executeSubflowCommands: [Command execution subflow] CommandSkipped: null
11:15:42.284 [ INFO] maestro.cli.runner.MaestroCommandRunner.runCommands$lambda$8: Run flow when "Ok" is visible SKIPPED
11:15:42.284 [ INFO] maestro.cli.runner.MaestroCommandRunner.runCommands$lambda$0: Run flow when "Marketplace Day" is visible RUNNING
11:15:42.284 [ INFO] maestro.cli.runner.MaestroCommandRunner.runCommands$lambda$11: Run flow when "Marketplace Day" is visible metadata CommandMetadata(numberOfRuns=null, evaluatedCommand=MaestroCommand(runFlowCommand=RunFlowCommand(commands=[MaestroCommand(backPressCommand=BackPressCommand())], condition=Condition(platform=null, visible=ElementSelector(textRegex=Marketplace Day, idRegex=null, size=null, below=null, above=null, leftOf=null, rightOf=null, containsChild=null, containsDescendants=null, traits=null, index=null, enabled=null, optional=false, selected=null, checked=null, focused=null, childOf=null, css=null), notVisible=null, scriptCondition=null, label=null), sourceDescription=null, config=null, label=null, optional=false)), logMessages=[], insight=Insight(message=, level=NONE), aiReasoning=null, labeledCommand=null)
11:15:42.584 [ INFO] maestro.orchestra.Orchestra.executeSubflowCommands: [Command execution subflow] CommandSkipped: null
11:15:42.584 [ INFO] maestro.cli.runner.MaestroCommandRunner.runCommands$lambda$8: Run flow when "Marketplace Day" is visible SKIPPED
11:15:42.584 [ INFO] maestro.cli.runner.MaestroCommandRunner.runCommands$lambda$0: Run flow when "Start comparing properties" is visible RUNNING
11:15:42.584 [ INFO] maestro.cli.runner.MaestroCommandRunner.runCommands$lambda$11: Run flow when "Start comparing properties" is visible metadata CommandMetadata(numberOfRuns=null, evaluatedCommand=MaestroCommand(runFlowCommand=RunFlowCommand(commands=[MaestroCommand(backPressCommand=BackPressCommand())], condition=Condition(platform=null, visible=ElementSelector(textRegex=Start comparing properties, idRegex=null, size=null, below=null, above=null, leftOf=null, rightOf=null, containsChild=null, containsDescendants=null, traits=null, index=null, enabled=null, optional=false, selected=null, checked=null, focused=null, childOf=null, css=null), notVisible=null, scriptCondition=null, label=null), sourceDescription=null, config=null, label=null, optional=false)), logMessages=[], insight=Insight(message=, level=NONE), aiReasoning=null, labeledCommand=null)
11:15:42.964 [ INFO] maestro.orchestra.Orchestra.executeSubflowCommands: [Command execution subflow] CommandSkipped: null
11:15:42.965 [ INFO] maestro.cli.runner.MaestroCommandRunner.runCommands$lambda$8: Run flow when "Start comparing properties" is visible SKIPPED
11:15:42.965 [ INFO] maestro.cli.runner.MaestroCommandRunner.runCommands$lambda$0: Run flow when "(?s).*Login / Sign up.*" is not visible RUNNING
11:15:42.965 [ INFO] maestro.cli.runner.MaestroCommandRunner.runCommands$lambda$11: Run flow when "(?s).*Login / Sign up.*" is not visible metadata CommandMetadata(numberOfRuns=null, evaluatedCommand=MaestroCommand(runFlowCommand=RunFlowCommand(commands=[MaestroCommand(waitForAnimationToEndCommand=WaitForAnimationToEndCommand(timeout=5000, label=null, optional=false))], condition=Condition(platform=null, visible=null, notVisible=ElementSelector(textRegex=(?s).*Login / Sign up.*, idRegex=null, size=null, below=null, above=null, leftOf=null, rightOf=null, containsChild=null, containsDescendants=null, traits=null, index=null, enabled=null, optional=false, selected=null, checked=null, focused=null, childOf=null, css=null), scriptCondition=null, label=null), sourceDescription=null, config=null, label=null, optional=false)), logMessages=[], insight=Insight(message=, level=NONE), aiReasoning=null, labeledCommand=null)
11:15:43.143 [ INFO] maestro.orchestra.Orchestra.executeSubflowCommands: [Command execution subflow] CommandSkipped: null
11:15:43.144 [ INFO] maestro.cli.runner.MaestroCommandRunner.runCommands$lambda$8: Run flow when "(?s).*Login / Sign up.*" is not visible SKIPPED
11:15:43.144 [ INFO] maestro.cli.runner.MaestroCommandRunner.runCommands$lambda$11: Repeat 20 times metadata CommandMetadata(numberOfRuns=11, evaluatedCommand=MaestroCommand(repeatCommand=RepeatCommand(times=20, condition=null, commands=[MaestroCommand(runFlowCommand=RunFlowCommand(commands=[MaestroCommand(tapOnElementCommand=TapOnElementCommand(selector=ElementSelector(textRegex=Skip, idRegex=null, size=null, below=null, above=null, leftOf=null, rightOf=null, containsChild=null, containsDescendants=null, traits=null, index=null, enabled=null, optional=false, selected=null, checked=null, focused=null, childOf=null, css=null), retryIfNoChange=false, waitUntilVisible=false, longPress=false, repeat=null, waitToSettleTimeoutMs=null, relativePoint=null, label=null, optional=false))], condition=Condition(platform=null, visible=ElementSelector(textRegex=Skip, idRegex=null, size=null, below=null, above=null, leftOf=null, rightOf=null, containsChild=null, containsDescendants=null, traits=null, index=null, enabled=null, optional=false, selected=null, checked=null, focused=null, childOf=null, css=null), notVisible=null, scriptCondition=null, label=null), sourceDescription=null, config=null, label=null, optional=false)), MaestroCommand(runFlowCommand=RunFlowCommand(commands=[MaestroCommand(tapOnElementCommand=TapOnElementCommand(selector=ElementSelector(textRegex=Dismiss, idRegex=null, size=null, below=null, above=null, leftOf=null, rightOf=null, containsChild=null, containsDescendants=null, traits=null, index=null, enabled=null, optional=false, selected=null, checked=null, focused=null, childOf=null, css=null), retryIfNoChange=false, waitUntilVisible=false, longPress=false, repeat=null, waitToSettleTimeoutMs=null, relativePoint=null, label=null, optional=false))], condition=Condition(platform=null, visible=ElementSelector(textRegex=Dismiss, idRegex=null, size=null, below=null, above=null, leftOf=null, rightOf=null, containsChild=null, containsDescendants=null, traits=null, index=null, enabled=null, optional=false, selected=null, checked=null, focused=null, childOf=null, css=null), notVisible=null, scriptCondition=null, label=null), sourceDescription=null, config=null, label=null, optional=false)), MaestroCommand(runFlowCommand=RunFlowCommand(commands=[MaestroCommand(tapOnElementCommand=TapOnElementCommand(selector=ElementSelector(textRegex=Ok, idRegex=null, size=null, below=null, above=null, leftOf=null, rightOf=null, containsChild=null, containsDescendants=null, traits=null, index=null, enabled=null, optional=false, selected=null, checked=null, focused=null, childOf=null, css=null), retryIfNoChange=false, waitUntilVisible=false, longPress=false, repeat=null, waitToSettleTimeoutMs=null, relativePoint=null, label=null, optional=false))], condition=Condition(platform=null, visible=ElementSelector(textRegex=Ok, idRegex=null, size=null, below=null, above=null, leftOf=null, rightOf=null, containsChild=null, containsDescendants=null, traits=null, index=null, enabled=null, optional=false, selected=null, checked=null, focused=null, childOf=null, css=null), notVisible=null, scriptCondition=null, label=null), sourceDescription=null, config=null, label=null, optional=false)), MaestroCommand(runFlowCommand=RunFlowCommand(commands=[MaestroCommand(backPressCommand=BackPressCommand())], condition=Condition(platform=null, visible=ElementSelector(textRegex=Marketplace Day, idRegex=null, size=null, below=null, above=null, leftOf=null, rightOf=null, containsChild=null, containsDescendants=null, traits=null, index=null, enabled=null, optional=false, selected=null, checked=null, focused=null, childOf=null, css=null), notVisible=null, scriptCondition=null, label=null), sourceDescription=null, config=null, label=null, optional=false)), MaestroCommand(runFlowCommand=RunFlowCommand(commands=[MaestroCommand(backPressCommand=BackPressCommand())], condition=Condition(platform=null, visible=ElementSelector(textRegex=Start comparing properties, idRegex=null, size=null, below=null, above=null, leftOf=null, rightOf=null, containsChild=null, containsDescendants=null, traits=null, index=null, enabled=null, optional=false, selected=null, checked=null, focused=null, childOf=null, css=null), notVisible=null, scriptCondition=null, label=null), sourceDescription=null, config=null, label=null, optional=false)), MaestroCommand(runFlowCommand=RunFlowCommand(commands=[MaestroCommand(waitForAnimationToEndCommand=WaitForAnimationToEndCommand(timeout=5000, label=null, optional=false))], condition=Condition(platform=null, visible=null, notVisible=ElementSelector(textRegex=(?s).*Login / Sign up.*, idRegex=null, size=null, below=null, above=null, leftOf=null, rightOf=null, containsChild=null, containsDescendants=null, traits=null, index=null, enabled=null, optional=false, selected=null, checked=null, focused=null, childOf=null, css=null), scriptCondition=null, label=null), sourceDescription=null, config=null, label=null, optional=false))], label=null, optional=false)), logMessages=[], insight=Insight(message=, level=NONE), aiReasoning=null, labeledCommand=null)
11:15:43.144 [ INFO] maestro.cli.runner.MaestroCommandRunner.runCommands$lambda$10: Run flow when "Skip" is visible PENDING
11:15:43.144 [ INFO] maestro.cli.runner.MaestroCommandRunner.runCommands$lambda$10: Tap on "Skip" PENDING
11:15:43.145 [ INFO] maestro.cli.runner.MaestroCommandRunner.runCommands$lambda$10: Run flow when "Dismiss" is visible PENDING
11:15:43.145 [ INFO] maestro.cli.runner.MaestroCommandRunner.runCommands$lambda$10: Tap on "Dismiss" PENDING
11:15:43.145 [ INFO] maestro.cli.runner.MaestroCommandRunner.runCommands$lambda$10: Run flow when "Ok" is visible PENDING
11:15:43.145 [ INFO] maestro.cli.runner.MaestroCommandRunner.runCommands$lambda$10: Tap on "Ok" PENDING
11:15:43.146 [ INFO] maestro.cli.runner.MaestroCommandRunner.runCommands$lambda$10: Run flow when "Marketplace Day" is visible PENDING
11:15:43.146 [ INFO] maestro.cli.runner.MaestroCommandRunner.runCommands$lambda$10: Press back PENDING
11:15:43.146 [ INFO] maestro.cli.runner.MaestroCommandRunner.runCommands$lambda$10: Run flow when "Start comparing properties" is visible PENDING
11:15:43.146 [ INFO] maestro.cli.runner.MaestroCommandRunner.runCommands$lambda$10: Press back PENDING
11:15:43.146 [ INFO] maestro.cli.runner.MaestroCommandRunner.runCommands$lambda$10: Run flow when "(?s).*Login / Sign up.*" is not visible PENDING
11:15:43.146 [ INFO] maestro.cli.runner.MaestroCommandRunner.runCommands$lambda$10: Wait for animation to end within 5000 ms PENDING
11:15:43.146 [ INFO] maestro.cli.runner.MaestroCommandRunner.runCommands$lambda$0: Run flow when "Skip" is visible RUNNING
11:15:43.146 [ INFO] maestro.cli.runner.MaestroCommandRunner.runCommands$lambda$11: Run flow when "Skip" is visible metadata CommandMetadata(numberOfRuns=null, evaluatedCommand=MaestroCommand(runFlowCommand=RunFlowCommand(commands=[MaestroCommand(tapOnElementCommand=TapOnElementCommand(selector=ElementSelector(textRegex=Skip, idRegex=null, size=null, below=null, above=null, leftOf=null, rightOf=null, containsChild=null, containsDescendants=null, traits=null, index=null, enabled=null, optional=false, selected=null, checked=null, focused=null, childOf=null, css=null), retryIfNoChange=false, waitUntilVisible=false, longPress=false, repeat=null, waitToSettleTimeoutMs=null, relativePoint=null, label=null, optional=false))], condition=Condition(platform=null, visible=ElementSelector(textRegex=Skip, idRegex=null, size=null, below=null, above=null, leftOf=null, rightOf=null, containsChild=null, containsDescendants=null, traits=null, index=null, enabled=null, optional=false, selected=null, checked=null, focused=null, childOf=null, css=null), notVisible=null, scriptCondition=null, label=null), sourceDescription=null, config=null, label=null, optional=false)), logMessages=[], insight=Insight(message=, level=NONE), aiReasoning=null, labeledCommand=null)
11:15:43.499 [ INFO] maestro.orchestra.Orchestra.executeSubflowCommands: [Command execution subflow] CommandSkipped: null
11:15:43.499 [ INFO] maestro.cli.runner.MaestroCommandRunner.runCommands$lambda$8: Run flow when "Skip" is visible SKIPPED
11:15:43.499 [ INFO] maestro.cli.runner.MaestroCommandRunner.runCommands$lambda$0: Run flow when "Dismiss" is visible RUNNING
11:15:43.499 [ INFO] maestro.cli.runner.MaestroCommandRunner.runCommands$lambda$11: Run flow when "Dismiss" is visible metadata CommandMetadata(numberOfRuns=null, evaluatedCommand=MaestroCommand(runFlowCommand=RunFlowCommand(commands=[MaestroCommand(tapOnElementCommand=TapOnElementCommand(selector=ElementSelector(textRegex=Dismiss, idRegex=null, size=null, below=null, above=null, leftOf=null, rightOf=null, containsChild=null, containsDescendants=null, traits=null, index=null, enabled=null, optional=false, selected=null, checked=null, focused=null, childOf=null, css=null), retryIfNoChange=false, waitUntilVisible=false, longPress=false, repeat=null, waitToSettleTimeoutMs=null, relativePoint=null, label=null, optional=false))], condition=Condition(platform=null, visible=ElementSelector(textRegex=Dismiss, idRegex=null, size=null, below=null, above=null, leftOf=null, rightOf=null, containsChild=null, containsDescendants=null, traits=null, index=null, enabled=null, optional=false, selected=null, checked=null, focused=null, childOf=null, css=null), notVisible=null, scriptCondition=null, label=null), sourceDescription=null, config=null, label=null, optional=false)), logMessages=[], insight=Insight(message=, level=NONE), aiReasoning=null, labeledCommand=null)
11:15:43.850 [ INFO] maestro.orchestra.Orchestra.executeSubflowCommands: [Command execution subflow] CommandSkipped: null
11:15:43.850 [ INFO] maestro.cli.runner.MaestroCommandRunner.runCommands$lambda$8: Run flow when "Dismiss" is visible SKIPPED
11:15:43.850 [ INFO] maestro.cli.runner.MaestroCommandRunner.runCommands$lambda$0: Run flow when "Ok" is visible RUNNING
11:15:43.851 [ INFO] maestro.cli.runner.MaestroCommandRunner.runCommands$lambda$11: Run flow when "Ok" is visible metadata CommandMetadata(numberOfRuns=null, evaluatedCommand=MaestroCommand(runFlowCommand=RunFlowCommand(commands=[MaestroCommand(tapOnElementCommand=TapOnElementCommand(selector=ElementSelector(textRegex=Ok, idRegex=null, size=null, below=null, above=null, leftOf=null, rightOf=null, containsChild=null, containsDescendants=null, traits=null, index=null, enabled=null, optional=false, selected=null, checked=null, focused=null, childOf=null, css=null), retryIfNoChange=false, waitUntilVisible=false, longPress=false, repeat=null, waitToSettleTimeoutMs=null, relativePoint=null, label=null, optional=false))], condition=Condition(platform=null, visible=ElementSelector(textRegex=Ok, idRegex=null, size=null, below=null, above=null, leftOf=null, rightOf=null, containsChild=null, containsDescendants=null, traits=null, index=null, enabled=null, optional=false, selected=null, checked=null, focused=null, childOf=null, css=null), notVisible=null, scriptCondition=null, label=null), sourceDescription=null, config=null, label=null, optional=false)), logMessages=[], insight=Insight(message=, level=NONE), aiReasoning=null, labeledCommand=null)
11:15:44.334 [ INFO] maestro.orchestra.Orchestra.executeSubflowCommands: [Command execution subflow] CommandSkipped: null
11:15:44.334 [ INFO] maestro.cli.runner.MaestroCommandRunner.runCommands$lambda$8: Run flow when "Ok" is visible SKIPPED
11:15:44.335 [ INFO] maestro.cli.runner.MaestroCommandRunner.runCommands$lambda$0: Run flow when "Marketplace Day" is visible RUNNING
11:15:44.335 [ INFO] maestro.cli.runner.MaestroCommandRunner.runCommands$lambda$11: Run flow when "Marketplace Day" is visible metadata CommandMetadata(numberOfRuns=null, evaluatedCommand=MaestroCommand(runFlowCommand=RunFlowCommand(commands=[MaestroCommand(backPressCommand=BackPressCommand())], condition=Condition(platform=null, visible=ElementSelector(textRegex=Marketplace Day, idRegex=null, size=null, below=null, above=null, leftOf=null, rightOf=null, containsChild=null, containsDescendants=null, traits=null, index=null, enabled=null, optional=false, selected=null, checked=null, focused=null, childOf=null, css=null), notVisible=null, scriptCondition=null, label=null), sourceDescription=null, config=null, label=null, optional=false)), logMessages=[], insight=Insight(message=, level=NONE), aiReasoning=null, labeledCommand=null)
11:15:45.444 [ INFO] maestro.orchestra.Orchestra.executeSubflowCommands: [Command execution subflow] CommandSkipped: null
11:15:45.444 [ INFO] maestro.cli.runner.MaestroCommandRunner.runCommands$lambda$8: Run flow when "Marketplace Day" is visible SKIPPED
11:15:45.444 [ INFO] maestro.cli.runner.MaestroCommandRunner.runCommands$lambda$0: Run flow when "Start comparing properties" is visible RUNNING
11:15:45.445 [ INFO] maestro.cli.runner.MaestroCommandRunner.runCommands$lambda$11: Run flow when "Start comparing properties" is visible metadata CommandMetadata(numberOfRuns=null, evaluatedCommand=MaestroCommand(runFlowCommand=RunFlowCommand(commands=[MaestroCommand(backPressCommand=BackPressCommand())], condition=Condition(platform=null, visible=ElementSelector(textRegex=Start comparing properties, idRegex=null, size=null, below=null, above=null, leftOf=null, rightOf=null, containsChild=null, containsDescendants=null, traits=null, index=null, enabled=null, optional=false, selected=null, checked=null, focused=null, childOf=null, css=null), notVisible=null, scriptCondition=null, label=null), sourceDescription=null, config=null, label=null, optional=false)), logMessages=[], insight=Insight(message=, level=NONE), aiReasoning=null, labeledCommand=null)
11:15:45.561 [ERROR] maestro.cli.session.MaestroSessionManager.newSession$lambda$0: Failed to record heartbeat
java.io.IOException: The process cannot access the file because another process has locked a portion of the file
	at java.base/java.io.FileOutputStream.writeBytes(Native Method)
	at java.base/java.io.FileOutputStream.write(FileOutputStream.java:332)
	at kotlin.io.FilesKt__FileReadWriteKt.writeTextImpl(FileReadWrite.kt:160)
	at kotlin.io.FilesKt__FileReadWriteKt.writeText(FileReadWrite.kt:145)
	at kotlin.io.FilesKt__FileReadWriteKt.writeText$default(FileReadWrite.kt:144)
	at maestro.cli.db.KeyValueStore.commit(KeyValueStore.kt:50)
	at maestro.cli.db.KeyValueStore.set$lambda$3$lambda$2(KeyValueStore.kt:23)
	at maestro.cli.db.KeyValueStore.withFileLock(KeyValueStore.kt:62)
	at maestro.cli.db.KeyValueStore.set(KeyValueStore.kt:20)
	at maestro.cli.session.SessionStore.heartbeat(SessionStore.kt:12)
	at maestro.cli.session.MaestroSessionManager.newSession$lambda$0(MaestroSessionManager.kt:98)
	at java.base/java.util.concurrent.Executors$RunnableAdapter.call(Executors.java:545)
	at java.base/java.util.concurrent.FutureTask.runAndReset(FutureTask.java:371)
	at java.base/java.util.concurrent.ScheduledThreadPoolExecutor$ScheduledFutureTask.run(ScheduledThreadPoolExecutor.java:310)
	at java.base/java.util.concurrent.ThreadPoolExecutor.runWorker(ThreadPoolExecutor.java:1090)
	at java.base/java.util.concurrent.ThreadPoolExecutor$Worker.run(ThreadPoolExecutor.java:614)
	at java.base/java.lang.Thread.run(Thread.java:1516)
11:15:46.160 [ INFO] maestro.orchestra.Orchestra.executeSubflowCommands: [Command execution subflow] CommandSkipped: null
11:15:46.162 [ INFO] maestro.cli.runner.MaestroCommandRunner.runCommands$lambda$8: Run flow when "Start comparing properties" is visible SKIPPED
11:15:46.162 [ INFO] maestro.cli.runner.MaestroCommandRunner.runCommands$lambda$0: Run flow when "(?s).*Login / Sign up.*" is not visible RUNNING
11:15:46.162 [ INFO] maestro.cli.runner.MaestroCommandRunner.runCommands$lambda$11: Run flow when "(?s).*Login / Sign up.*" is not visible metadata CommandMetadata(numberOfRuns=null, evaluatedCommand=MaestroCommand(runFlowCommand=RunFlowCommand(commands=[MaestroCommand(waitForAnimationToEndCommand=WaitForAnimationToEndCommand(timeout=5000, label=null, optional=false))], condition=Condition(platform=null, visible=null, notVisible=ElementSelector(textRegex=(?s).*Login / Sign up.*, idRegex=null, size=null, below=null, above=null, leftOf=null, rightOf=null, containsChild=null, containsDescendants=null, traits=null, index=null, enabled=null, optional=false, selected=null, checked=null, focused=null, childOf=null, css=null), scriptCondition=null, label=null), sourceDescription=null, config=null, label=null, optional=false)), logMessages=[], insight=Insight(message=, level=NONE), aiReasoning=null, labeledCommand=null)
11:15:46.299 [ INFO] maestro.orchestra.Orchestra.executeSubflowCommands: [Command execution subflow] CommandSkipped: null
11:15:46.299 [ INFO] maestro.cli.runner.MaestroCommandRunner.runCommands$lambda$8: Run flow when "(?s).*Login / Sign up.*" is not visible SKIPPED
11:15:46.300 [ INFO] maestro.cli.runner.MaestroCommandRunner.runCommands$lambda$11: Repeat 20 times metadata CommandMetadata(numberOfRuns=12, evaluatedCommand=MaestroCommand(repeatCommand=RepeatCommand(times=20, condition=null, commands=[MaestroCommand(runFlowCommand=RunFlowCommand(commands=[MaestroCommand(tapOnElementCommand=TapOnElementCommand(selector=ElementSelector(textRegex=Skip, idRegex=null, size=null, below=null, above=null, leftOf=null, rightOf=null, containsChild=null, containsDescendants=null, traits=null, index=null, enabled=null, optional=false, selected=null, checked=null, focused=null, childOf=null, css=null), retryIfNoChange=false, waitUntilVisible=false, longPress=false, repeat=null, waitToSettleTimeoutMs=null, relativePoint=null, label=null, optional=false))], condition=Condition(platform=null, visible=ElementSelector(textRegex=Skip, idRegex=null, size=null, below=null, above=null, leftOf=null, rightOf=null, containsChild=null, containsDescendants=null, traits=null, index=null, enabled=null, optional=false, selected=null, checked=null, focused=null, childOf=null, css=null), notVisible=null, scriptCondition=null, label=null), sourceDescription=null, config=null, label=null, optional=false)), MaestroCommand(runFlowCommand=RunFlowCommand(commands=[MaestroCommand(tapOnElementCommand=TapOnElementCommand(selector=ElementSelector(textRegex=Dismiss, idRegex=null, size=null, below=null, above=null, leftOf=null, rightOf=null, containsChild=null, containsDescendants=null, traits=null, index=null, enabled=null, optional=false, selected=null, checked=null, focused=null, childOf=null, css=null), retryIfNoChange=false, waitUntilVisible=false, longPress=false, repeat=null, waitToSettleTimeoutMs=null, relativePoint=null, label=null, optional=false))], condition=Condition(platform=null, visible=ElementSelector(textRegex=Dismiss, idRegex=null, size=null, below=null, above=null, leftOf=null, rightOf=null, containsChild=null, containsDescendants=null, traits=null, index=null, enabled=null, optional=false, selected=null, checked=null, focused=null, childOf=null, css=null), notVisible=null, scriptCondition=null, label=null), sourceDescription=null, config=null, label=null, optional=false)), MaestroCommand(runFlowCommand=RunFlowCommand(commands=[MaestroCommand(tapOnElementCommand=TapOnElementCommand(selector=ElementSelector(textRegex=Ok, idRegex=null, size=null, below=null, above=null, leftOf=null, rightOf=null, containsChild=null, containsDescendants=null, traits=null, index=null, enabled=null, optional=false, selected=null, checked=null, focused=null, childOf=null, css=null), retryIfNoChange=false, waitUntilVisible=false, longPress=false, repeat=null, waitToSettleTimeoutMs=null, relativePoint=null, label=null, optional=false))], condition=Condition(platform=null, visible=ElementSelector(textRegex=Ok, idRegex=null, size=null, below=null, above=null, leftOf=null, rightOf=null, containsChild=null, containsDescendants=null, traits=null, index=null, enabled=null, optional=false, selected=null, checked=null, focused=null, childOf=null, css=null), notVisible=null, scriptCondition=null, label=null), sourceDescription=null, config=null, label=null, optional=false)), MaestroCommand(runFlowCommand=RunFlowCommand(commands=[MaestroCommand(backPressCommand=BackPressCommand())], condition=Condition(platform=null, visible=ElementSelector(textRegex=Marketplace Day, idRegex=null, size=null, below=null, above=null, leftOf=null, rightOf=null, containsChild=null, containsDescendants=null, traits=null, index=null, enabled=null, optional=false, selected=null, checked=null, focused=null, childOf=null, css=null), notVisible=null, scriptCondition=null, label=null), sourceDescription=null, config=null, label=null, optional=false)), MaestroCommand(runFlowCommand=RunFlowCommand(commands=[MaestroCommand(backPressCommand=BackPressCommand())], condition=Condition(platform=null, visible=ElementSelector(textRegex=Start comparing properties, idRegex=null, size=null, below=null, above=null, leftOf=null, rightOf=null, containsChild=null, containsDescendants=null, traits=null, index=null, enabled=null, optional=false, selected=null, checked=null, focused=null, childOf=null, css=null), notVisible=null, scriptCondition=null, label=null), sourceDescription=null, config=null, label=null, optional=false)), MaestroCommand(runFlowCommand=RunFlowCommand(commands=[MaestroCommand(waitForAnimationToEndCommand=WaitForAnimationToEndCommand(timeout=5000, label=null, optional=false))], condition=Condition(platform=null, visible=null, notVisible=ElementSelector(textRegex=(?s).*Login / Sign up.*, idRegex=null, size=null, below=null, above=null, leftOf=null, rightOf=null, containsChild=null, containsDescendants=null, traits=null, index=null, enabled=null, optional=false, selected=null, checked=null, focused=null, childOf=null, css=null), scriptCondition=null, label=null), sourceDescription=null, config=null, label=null, optional=false))], label=null, optional=false)), logMessages=[], insight=Insight(message=, level=NONE), aiReasoning=null, labeledCommand=null)
11:15:46.301 [ INFO] maestro.cli.runner.MaestroCommandRunner.runCommands$lambda$10: Run flow when "Skip" is visible PENDING
11:15:46.301 [ INFO] maestro.cli.runner.MaestroCommandRunner.runCommands$lambda$10: Tap on "Skip" PENDING
11:15:46.301 [ INFO] maestro.cli.runner.MaestroCommandRunner.runCommands$lambda$10: Run flow when "Dismiss" is visible PENDING
11:15:46.301 [ INFO] maestro.cli.runner.MaestroCommandRunner.runCommands$lambda$10: Tap on "Dismiss" PENDING
11:15:46.302 [ INFO] maestro.cli.runner.MaestroCommandRunner.runCommands$lambda$10: Run flow when "Ok" is visible PENDING
11:15:46.302 [ INFO] maestro.cli.runner.MaestroCommandRunner.runCommands$lambda$10: Tap on "Ok" PENDING
11:15:46.302 [ INFO] maestro.cli.runner.MaestroCommandRunner.runCommands$lambda$10: Run flow when "Marketplace Day" is visible PENDING
11:15:46.302 [ INFO] maestro.cli.runner.MaestroCommandRunner.runCommands$lambda$10: Press back PENDING
11:15:46.302 [ INFO] maestro.cli.runner.MaestroCommandRunner.runCommands$lambda$10: Run flow when "Start comparing properties" is visible PENDING
11:15:46.303 [ INFO] maestro.cli.runner.MaestroCommandRunner.runCommands$lambda$10: Press back PENDING
11:15:46.303 [ INFO] maestro.cli.runner.MaestroCommandRunner.runCommands$lambda$10: Run flow when "(?s).*Login / Sign up.*" is not visible PENDING
11:15:46.303 [ INFO] maestro.cli.runner.MaestroCommandRunner.runCommands$lambda$10: Wait for animation to end within 5000 ms PENDING
11:15:46.303 [ INFO] maestro.cli.runner.MaestroCommandRunner.runCommands$lambda$0: Run flow when "Skip" is visible RUNNING
11:15:46.304 [ INFO] maestro.cli.runner.MaestroCommandRunner.runCommands$lambda$11: Run flow when "Skip" is visible metadata CommandMetadata(numberOfRuns=null, evaluatedCommand=MaestroCommand(runFlowCommand=RunFlowCommand(commands=[MaestroCommand(tapOnElementCommand=TapOnElementCommand(selector=ElementSelector(textRegex=Skip, idRegex=null, size=null, below=null, above=null, leftOf=null, rightOf=null, containsChild=null, containsDescendants=null, traits=null, index=null, enabled=null, optional=false, selected=null, checked=null, focused=null, childOf=null, css=null), retryIfNoChange=false, waitUntilVisible=false, longPress=false, repeat=null, waitToSettleTimeoutMs=null, relativePoint=null, label=null, optional=false))], condition=Condition(platform=null, visible=ElementSelector(textRegex=Skip, idRegex=null, size=null, below=null, above=null, leftOf=null, rightOf=null, containsChild=null, containsDescendants=null, traits=null, index=null, enabled=null, optional=false, selected=null, checked=null, focused=null, childOf=null, css=null), notVisible=null, scriptCondition=null, label=null), sourceDescription=null, config=null, label=null, optional=false)), logMessages=[], insight=Insight(message=, level=NONE), aiReasoning=null, labeledCommand=null)
11:15:46.639 [ INFO] maestro.orchestra.Orchestra.executeSubflowCommands: [Command execution subflow] CommandSkipped: null
11:15:46.639 [ INFO] maestro.cli.runner.MaestroCommandRunner.runCommands$lambda$8: Run flow when "Skip" is visible SKIPPED
11:15:46.639 [ INFO] maestro.cli.runner.MaestroCommandRunner.runCommands$lambda$0: Run flow when "Dismiss" is visible RUNNING
11:15:46.639 [ INFO] maestro.cli.runner.MaestroCommandRunner.runCommands$lambda$11: Run flow when "Dismiss" is visible metadata CommandMetadata(numberOfRuns=null, evaluatedCommand=MaestroCommand(runFlowCommand=RunFlowCommand(commands=[MaestroCommand(tapOnElementCommand=TapOnElementCommand(selector=ElementSelector(textRegex=Dismiss, idRegex=null, size=null, below=null, above=null, leftOf=null, rightOf=null, containsChild=null, containsDescendants=null, traits=null, index=null, enabled=null, optional=false, selected=null, checked=null, focused=null, childOf=null, css=null), retryIfNoChange=false, waitUntilVisible=false, longPress=false, repeat=null, waitToSettleTimeoutMs=null, relativePoint=null, label=null, optional=false))], condition=Condition(platform=null, visible=ElementSelector(textRegex=Dismiss, idRegex=null, size=null, below=null, above=null, leftOf=null, rightOf=null, containsChild=null, containsDescendants=null, traits=null, index=null, enabled=null, optional=false, selected=null, checked=null, focused=null, childOf=null, css=null), notVisible=null, scriptCondition=null, label=null), sourceDescription=null, config=null, label=null, optional=false)), logMessages=[], insight=Insight(message=, level=NONE), aiReasoning=null, labeledCommand=null)
11:15:47.106 [ INFO] maestro.orchestra.Orchestra.executeSubflowCommands: [Command execution subflow] CommandSkipped: null
11:15:47.106 [ INFO] maestro.cli.runner.MaestroCommandRunner.runCommands$lambda$8: Run flow when "Dismiss" is visible SKIPPED
11:15:47.107 [ INFO] maestro.cli.runner.MaestroCommandRunner.runCommands$lambda$0: Run flow when "Ok" is visible RUNNING
11:15:47.107 [ INFO] maestro.cli.runner.MaestroCommandRunner.runCommands$lambda$11: Run flow when "Ok" is visible metadata CommandMetadata(numberOfRuns=null, evaluatedCommand=MaestroCommand(runFlowCommand=RunFlowCommand(commands=[MaestroCommand(tapOnElementCommand=TapOnElementCommand(selector=ElementSelector(textRegex=Ok, idRegex=null, size=null, below=null, above=null, leftOf=null, rightOf=null, containsChild=null, containsDescendants=null, traits=null, index=null, enabled=null, optional=false, selected=null, checked=null, focused=null, childOf=null, css=null), retryIfNoChange=false, waitUntilVisible=false, longPress=false, repeat=null, waitToSettleTimeoutMs=null, relativePoint=null, label=null, optional=false))], condition=Condition(platform=null, visible=ElementSelector(textRegex=Ok, idRegex=null, size=null, below=null, above=null, leftOf=null, rightOf=null, containsChild=null, containsDescendants=null, traits=null, index=null, enabled=null, optional=false, selected=null, checked=null, focused=null, childOf=null, css=null), notVisible=null, scriptCondition=null, label=null), sourceDescription=null, config=null, label=null, optional=false)), logMessages=[], insight=Insight(message=, level=NONE), aiReasoning=null, labeledCommand=null)
11:15:47.514 [ INFO] maestro.orchestra.Orchestra.executeSubflowCommands: [Command execution subflow] CommandSkipped: null
11:15:47.514 [ INFO] maestro.cli.runner.MaestroCommandRunner.runCommands$lambda$8: Run flow when "Ok" is visible SKIPPED
11:15:47.515 [ INFO] maestro.cli.runner.MaestroCommandRunner.runCommands$lambda$0: Run flow when "Marketplace Day" is visible RUNNING
11:15:47.515 [ INFO] maestro.cli.runner.MaestroCommandRunner.runCommands$lambda$11: Run flow when "Marketplace Day" is visible metadata CommandMetadata(numberOfRuns=null, evaluatedCommand=MaestroCommand(runFlowCommand=RunFlowCommand(commands=[MaestroCommand(backPressCommand=BackPressCommand())], condition=Condition(platform=null, visible=ElementSelector(textRegex=Marketplace Day, idRegex=null, size=null, below=null, above=null, leftOf=null, rightOf=null, containsChild=null, containsDescendants=null, traits=null, index=null, enabled=null, optional=false, selected=null, checked=null, focused=null, childOf=null, css=null), notVisible=null, scriptCondition=null, label=null), sourceDescription=null, config=null, label=null, optional=false)), logMessages=[], insight=Insight(message=, level=NONE), aiReasoning=null, labeledCommand=null)
11:15:47.888 [ INFO] maestro.orchestra.Orchestra.executeSubflowCommands: [Command execution subflow] CommandSkipped: null
11:15:47.888 [ INFO] maestro.cli.runner.MaestroCommandRunner.runCommands$lambda$8: Run flow when "Marketplace Day" is visible SKIPPED
11:15:47.888 [ INFO] maestro.cli.runner.MaestroCommandRunner.runCommands$lambda$0: Run flow when "Start comparing properties" is visible RUNNING
11:15:47.889 [ INFO] maestro.cli.runner.MaestroCommandRunner.runCommands$lambda$11: Run flow when "Start comparing properties" is visible metadata CommandMetadata(numberOfRuns=null, evaluatedCommand=MaestroCommand(runFlowCommand=RunFlowCommand(commands=[MaestroCommand(backPressCommand=BackPressCommand())], condition=Condition(platform=null, visible=ElementSelector(textRegex=Start comparing properties, idRegex=null, size=null, below=null, above=null, leftOf=null, rightOf=null, containsChild=null, containsDescendants=null, traits=null, index=null, enabled=null, optional=false, selected=null, checked=null, focused=null, childOf=null, css=null), notVisible=null, scriptCondition=null, label=null), sourceDescription=null, config=null, label=null, optional=false)), logMessages=[], insight=Insight(message=, level=NONE), aiReasoning=null, labeledCommand=null)
11:15:48.264 [ INFO] maestro.orchestra.Orchestra.executeSubflowCommands: [Command execution subflow] CommandSkipped: null
11:15:48.264 [ INFO] maestro.cli.runner.MaestroCommandRunner.runCommands$lambda$8: Run flow when "Start comparing properties" is visible SKIPPED
11:15:48.264 [ INFO] maestro.cli.runner.MaestroCommandRunner.runCommands$lambda$0: Run flow when "(?s).*Login / Sign up.*" is not visible RUNNING
11:15:48.264 [ INFO] maestro.cli.runner.MaestroCommandRunner.runCommands$lambda$11: Run flow when "(?s).*Login / Sign up.*" is not visible metadata CommandMetadata(numberOfRuns=null, evaluatedCommand=MaestroCommand(runFlowCommand=RunFlowCommand(commands=[MaestroCommand(waitForAnimationToEndCommand=WaitForAnimationToEndCommand(timeout=5000, label=null, optional=false))], condition=Condition(platform=null, visible=null, notVisible=ElementSelector(textRegex=(?s).*Login / Sign up.*, idRegex=null, size=null, below=null, above=null, leftOf=null, rightOf=null, containsChild=null, containsDescendants=null, traits=null, index=null, enabled=null, optional=false, selected=null, checked=null, focused=null, childOf=null, css=null), scriptCondition=null, label=null), sourceDescription=null, config=null, label=null, optional=false)), logMessages=[], insight=Insight(message=, level=NONE), aiReasoning=null, labeledCommand=null)
11:15:48.419 [ INFO] maestro.orchestra.Orchestra.executeSubflowCommands: [Command execution subflow] CommandSkipped: null
11:15:48.419 [ INFO] maestro.cli.runner.MaestroCommandRunner.runCommands$lambda$8: Run flow when "(?s).*Login / Sign up.*" is not visible SKIPPED
11:15:48.420 [ INFO] maestro.cli.runner.MaestroCommandRunner.runCommands$lambda$11: Repeat 20 times metadata CommandMetadata(numberOfRuns=13, evaluatedCommand=MaestroCommand(repeatCommand=RepeatCommand(times=20, condition=null, commands=[MaestroCommand(runFlowCommand=RunFlowCommand(commands=[MaestroCommand(tapOnElementCommand=TapOnElementCommand(selector=ElementSelector(textRegex=Skip, idRegex=null, size=null, below=null, above=null, leftOf=null, rightOf=null, containsChild=null, containsDescendants=null, traits=null, index=null, enabled=null, optional=false, selected=null, checked=null, focused=null, childOf=null, css=null), retryIfNoChange=false, waitUntilVisible=false, longPress=false, repeat=null, waitToSettleTimeoutMs=null, relativePoint=null, label=null, optional=false))], condition=Condition(platform=null, visible=ElementSelector(textRegex=Skip, idRegex=null, size=null, below=null, above=null, leftOf=null, rightOf=null, containsChild=null, containsDescendants=null, traits=null, index=null, enabled=null, optional=false, selected=null, checked=null, focused=null, childOf=null, css=null), notVisible=null, scriptCondition=null, label=null), sourceDescription=null, config=null, label=null, optional=false)), MaestroCommand(runFlowCommand=RunFlowCommand(commands=[MaestroCommand(tapOnElementCommand=TapOnElementCommand(selector=ElementSelector(textRegex=Dismiss, idRegex=null, size=null, below=null, above=null, leftOf=null, rightOf=null, containsChild=null, containsDescendants=null, traits=null, index=null, enabled=null, optional=false, selected=null, checked=null, focused=null, childOf=null, css=null), retryIfNoChange=false, waitUntilVisible=false, longPress=false, repeat=null, waitToSettleTimeoutMs=null, relativePoint=null, label=null, optional=false))], condition=Condition(platform=null, visible=ElementSelector(textRegex=Dismiss, idRegex=null, size=null, below=null, above=null, leftOf=null, rightOf=null, containsChild=null, containsDescendants=null, traits=null, index=null, enabled=null, optional=false, selected=null, checked=null, focused=null, childOf=null, css=null), notVisible=null, scriptCondition=null, label=null), sourceDescription=null, config=null, label=null, optional=false)), MaestroCommand(runFlowCommand=RunFlowCommand(commands=[MaestroCommand(tapOnElementCommand=TapOnElementCommand(selector=ElementSelector(textRegex=Ok, idRegex=null, size=null, below=null, above=null, leftOf=null, rightOf=null, containsChild=null, containsDescendants=null, traits=null, index=null, enabled=null, optional=false, selected=null, checked=null, focused=null, childOf=null, css=null), retryIfNoChange=false, waitUntilVisible=false, longPress=false, repeat=null, waitToSettleTimeoutMs=null, relativePoint=null, label=null, optional=false))], condition=Condition(platform=null, visible=ElementSelector(textRegex=Ok, idRegex=null, size=null, below=null, above=null, leftOf=null, rightOf=null, containsChild=null, containsDescendants=null, traits=null, index=null, enabled=null, optional=false, selected=null, checked=null, focused=null, childOf=null, css=null), notVisible=null, scriptCondition=null, label=null), sourceDescription=null, config=null, label=null, optional=false)), MaestroCommand(runFlowCommand=RunFlowCommand(commands=[MaestroCommand(backPressCommand=BackPressCommand())], condition=Condition(platform=null, visible=ElementSelector(textRegex=Marketplace Day, idRegex=null, size=null, below=null, above=null, leftOf=null, rightOf=null, containsChild=null, containsDescendants=null, traits=null, index=null, enabled=null, optional=false, selected=null, checked=null, focused=null, childOf=null, css=null), notVisible=null, scriptCondition=null, label=null), sourceDescription=null, config=null, label=null, optional=false)), MaestroCommand(runFlowCommand=RunFlowCommand(commands=[MaestroCommand(backPressCommand=BackPressCommand())], condition=Condition(platform=null, visible=ElementSelector(textRegex=Start comparing properties, idRegex=null, size=null, below=null, above=null, leftOf=null, rightOf=null, containsChild=null, containsDescendants=null, traits=null, index=null, enabled=null, optional=false, selected=null, checked=null, focused=null, childOf=null, css=null), notVisible=null, scriptCondition=null, label=null), sourceDescription=null, config=null, label=null, optional=false)), MaestroCommand(runFlowCommand=RunFlowCommand(commands=[MaestroCommand(waitForAnimationToEndCommand=WaitForAnimationToEndCommand(timeout=5000, label=null, optional=false))], condition=Condition(platform=null, visible=null, notVisible=ElementSelector(textRegex=(?s).*Login / Sign up.*, idRegex=null, size=null, below=null, above=null, leftOf=null, rightOf=null, containsChild=null, containsDescendants=null, traits=null, index=null, enabled=null, optional=false, selected=null, checked=null, focused=null, childOf=null, css=null), scriptCondition=null, label=null), sourceDescription=null, config=null, label=null, optional=false))], label=null, optional=false)), logMessages=[], insight=Insight(message=, level=NONE), aiReasoning=null, labeledCommand=null)
11:15:48.420 [ INFO] maestro.cli.runner.MaestroCommandRunner.runCommands$lambda$10: Run flow when "Skip" is visible PENDING
11:15:48.421 [ INFO] maestro.cli.runner.MaestroCommandRunner.runCommands$lambda$10: Tap on "Skip" PENDING
11:15:48.421 [ INFO] maestro.cli.runner.MaestroCommandRunner.runCommands$lambda$10: Run flow when "Dismiss" is visible PENDING
11:15:48.421 [ INFO] maestro.cli.runner.MaestroCommandRunner.runCommands$lambda$10: Tap on "Dismiss" PENDING
11:15:48.421 [ INFO] maestro.cli.runner.MaestroCommandRunner.runCommands$lambda$10: Run flow when "Ok" is visible PENDING
11:15:48.421 [ INFO] maestro.cli.runner.MaestroCommandRunner.runCommands$lambda$10: Tap on "Ok" PENDING
11:15:48.421 [ INFO] maestro.cli.runner.MaestroCommandRunner.runCommands$lambda$10: Run flow when "Marketplace Day" is visible PENDING
11:15:48.421 [ INFO] maestro.cli.runner.MaestroCommandRunner.runCommands$lambda$10: Press back PENDING
11:15:48.421 [ INFO] maestro.cli.runner.MaestroCommandRunner.runCommands$lambda$10: Run flow when "Start comparing properties" is visible PENDING
11:15:48.422 [ INFO] maestro.cli.runner.MaestroCommandRunner.runCommands$lambda$10: Press back PENDING
11:15:48.422 [ INFO] maestro.cli.runner.MaestroCommandRunner.runCommands$lambda$10: Run flow when "(?s).*Login / Sign up.*" is not visible PENDING
11:15:48.422 [ INFO] maestro.cli.runner.MaestroCommandRunner.runCommands$lambda$10: Wait for animation to end within 5000 ms PENDING
11:15:48.422 [ INFO] maestro.cli.runner.MaestroCommandRunner.runCommands$lambda$0: Run flow when "Skip" is visible RUNNING
11:15:48.423 [ INFO] maestro.cli.runner.MaestroCommandRunner.runCommands$lambda$11: Run flow when "Skip" is visible metadata CommandMetadata(numberOfRuns=null, evaluatedCommand=MaestroCommand(runFlowCommand=RunFlowCommand(commands=[MaestroCommand(tapOnElementCommand=TapOnElementCommand(selector=ElementSelector(textRegex=Skip, idRegex=null, size=null, below=null, above=null, leftOf=null, rightOf=null, containsChild=null, containsDescendants=null, traits=null, index=null, enabled=null, optional=false, selected=null, checked=null, focused=null, childOf=null, css=null), retryIfNoChange=false, waitUntilVisible=false, longPress=false, repeat=null, waitToSettleTimeoutMs=null, relativePoint=null, label=null, optional=false))], condition=Condition(platform=null, visible=ElementSelector(textRegex=Skip, idRegex=null, size=null, below=null, above=null, leftOf=null, rightOf=null, containsChild=null, containsDescendants=null, traits=null, index=null, enabled=null, optional=false, selected=null, checked=null, focused=null, childOf=null, css=null), notVisible=null, scriptCondition=null, label=null), sourceDescription=null, config=null, label=null, optional=false)), logMessages=[], insight=Insight(message=, level=NONE), aiReasoning=null, labeledCommand=null)
11:15:49.535 [ INFO] maestro.orchestra.Orchestra.executeSubflowCommands: [Command execution subflow] CommandSkipped: null
11:15:49.535 [ INFO] maestro.cli.runner.MaestroCommandRunner.runCommands$lambda$8: Run flow when "Skip" is visible SKIPPED
11:15:49.535 [ INFO] maestro.cli.runner.MaestroCommandRunner.runCommands$lambda$0: Run flow when "Dismiss" is visible RUNNING
11:15:49.535 [ INFO] maestro.cli.runner.MaestroCommandRunner.runCommands$lambda$11: Run flow when "Dismiss" is visible metadata CommandMetadata(numberOfRuns=null, evaluatedCommand=MaestroCommand(runFlowCommand=RunFlowCommand(commands=[MaestroCommand(tapOnElementCommand=TapOnElementCommand(selector=ElementSelector(textRegex=Dismiss, idRegex=null, size=null, below=null, above=null, leftOf=null, rightOf=null, containsChild=null, containsDescendants=null, traits=null, index=null, enabled=null, optional=false, selected=null, checked=null, focused=null, childOf=null, css=null), retryIfNoChange=false, waitUntilVisible=false, longPress=false, repeat=null, waitToSettleTimeoutMs=null, relativePoint=null, label=null, optional=false))], condition=Condition(platform=null, visible=ElementSelector(textRegex=Dismiss, idRegex=null, size=null, below=null, above=null, leftOf=null, rightOf=null, containsChild=null, containsDescendants=null, traits=null, index=null, enabled=null, optional=false, selected=null, checked=null, focused=null, childOf=null, css=null), notVisible=null, scriptCondition=null, label=null), sourceDescription=null, config=null, label=null, optional=false)), logMessages=[], insight=Insight(message=, level=NONE), aiReasoning=null, labeledCommand=null)
11:15:50.195 [ INFO] maestro.orchestra.Orchestra.executeSubflowCommands: [Command execution subflow] CommandSkipped: null
11:15:50.195 [ INFO] maestro.cli.runner.MaestroCommandRunner.runCommands$lambda$8: Run flow when "Dismiss" is visible SKIPPED
11:15:50.195 [ INFO] maestro.cli.runner.MaestroCommandRunner.runCommands$lambda$0: Run flow when "Ok" is visible RUNNING
11:15:50.195 [ INFO] maestro.cli.runner.MaestroCommandRunner.runCommands$lambda$11: Run flow when "Ok" is visible metadata CommandMetadata(numberOfRuns=null, evaluatedCommand=MaestroCommand(runFlowCommand=RunFlowCommand(commands=[MaestroCommand(tapOnElementCommand=TapOnElementCommand(selector=ElementSelector(textRegex=Ok, idRegex=null, size=null, below=null, above=null, leftOf=null, rightOf=null, containsChild=null, containsDescendants=null, traits=null, index=null, enabled=null, optional=false, selected=null, checked=null, focused=null, childOf=null, css=null), retryIfNoChange=false, waitUntilVisible=false, longPress=false, repeat=null, waitToSettleTimeoutMs=null, relativePoint=null, label=null, optional=false))], condition=Condition(platform=null, visible=ElementSelector(textRegex=Ok, idRegex=null, size=null, below=null, above=null, leftOf=null, rightOf=null, containsChild=null, containsDescendants=null, traits=null, index=null, enabled=null, optional=false, selected=null, checked=null, focused=null, childOf=null, css=null), notVisible=null, scriptCondition=null, label=null), sourceDescription=null, config=null, label=null, optional=false)), logMessages=[], insight=Insight(message=, level=NONE), aiReasoning=null, labeledCommand=null)
11:15:50.555 [ INFO] maestro.orchestra.Orchestra.executeSubflowCommands: [Command execution subflow] CommandSkipped: null
11:15:50.555 [ INFO] maestro.cli.runner.MaestroCommandRunner.runCommands$lambda$8: Run flow when "Ok" is visible SKIPPED
11:15:50.555 [ INFO] maestro.cli.runner.MaestroCommandRunner.runCommands$lambda$0: Run flow when "Marketplace Day" is visible RUNNING
11:15:50.556 [ INFO] maestro.cli.runner.MaestroCommandRunner.runCommands$lambda$11: Run flow when "Marketplace Day" is visible metadata CommandMetadata(numberOfRuns=null, evaluatedCommand=MaestroCommand(runFlowCommand=RunFlowCommand(commands=[MaestroCommand(backPressCommand=BackPressCommand())], condition=Condition(platform=null, visible=ElementSelector(textRegex=Marketplace Day, idRegex=null, size=null, below=null, above=null, leftOf=null, rightOf=null, containsChild=null, containsDescendants=null, traits=null, index=null, enabled=null, optional=false, selected=null, checked=null, focused=null, childOf=null, css=null), notVisible=null, scriptCondition=null, label=null), sourceDescription=null, config=null, label=null, optional=false)), logMessages=[], insight=Insight(message=, level=NONE), aiReasoning=null, labeledCommand=null)
11:15:50.561 [ERROR] maestro.cli.session.MaestroSessionManager.newSession$lambda$0: Failed to record heartbeat
java.io.IOException: The process cannot access the file because another process has locked a portion of the file
	at java.base/java.io.FileOutputStream.writeBytes(Native Method)
	at java.base/java.io.FileOutputStream.write(FileOutputStream.java:332)
	at kotlin.io.FilesKt__FileReadWriteKt.writeTextImpl(FileReadWrite.kt:160)
	at kotlin.io.FilesKt__FileReadWriteKt.writeText(FileReadWrite.kt:145)
	at kotlin.io.FilesKt__FileReadWriteKt.writeText$default(FileReadWrite.kt:144)
	at maestro.cli.db.KeyValueStore.commit(KeyValueStore.kt:50)
	at maestro.cli.db.KeyValueStore.set$lambda$3$lambda$2(KeyValueStore.kt:23)
	at maestro.cli.db.KeyValueStore.withFileLock(KeyValueStore.kt:62)
	at maestro.cli.db.KeyValueStore.set(KeyValueStore.kt:20)
	at maestro.cli.session.SessionStore.heartbeat(SessionStore.kt:12)
	at maestro.cli.session.MaestroSessionManager.newSession$lambda$0(MaestroSessionManager.kt:98)
	at java.base/java.util.concurrent.Executors$RunnableAdapter.call(Executors.java:545)
	at java.base/java.util.concurrent.FutureTask.runAndReset(FutureTask.java:371)
	at java.base/java.util.concurrent.ScheduledThreadPoolExecutor$ScheduledFutureTask.run(ScheduledThreadPoolExecutor.java:310)
	at java.base/java.util.concurrent.ThreadPoolExecutor.runWorker(ThreadPoolExecutor.java:1090)
	at java.base/java.util.concurrent.ThreadPoolExecutor$Worker.run(ThreadPoolExecutor.java:614)
	at java.base/java.lang.Thread.run(Thread.java:1516)
11:15:50.855 [ INFO] maestro.orchestra.Orchestra.executeSubflowCommands: [Command execution subflow] CommandSkipped: null
11:15:50.855 [ INFO] maestro.cli.runner.MaestroCommandRunner.runCommands$lambda$8: Run flow when "Marketplace Day" is visible SKIPPED
11:15:50.855 [ INFO] maestro.cli.runner.MaestroCommandRunner.runCommands$lambda$0: Run flow when "Start comparing properties" is visible RUNNING
11:15:50.855 [ INFO] maestro.cli.runner.MaestroCommandRunner.runCommands$lambda$11: Run flow when "Start comparing properties" is visible metadata CommandMetadata(numberOfRuns=null, evaluatedCommand=MaestroCommand(runFlowCommand=RunFlowCommand(commands=[MaestroCommand(backPressCommand=BackPressCommand())], condition=Condition(platform=null, visible=ElementSelector(textRegex=Start comparing properties, idRegex=null, size=null, below=null, above=null, leftOf=null, rightOf=null, containsChild=null, containsDescendants=null, traits=null, index=null, enabled=null, optional=false, selected=null, checked=null, focused=null, childOf=null, css=null), notVisible=null, scriptCondition=null, label=null), sourceDescription=null, config=null, label=null, optional=false)), logMessages=[], insight=Insight(message=, level=NONE), aiReasoning=null, labeledCommand=null)
11:15:51.278 [ INFO] maestro.orchestra.Orchestra.executeSubflowCommands: [Command execution subflow] CommandSkipped: null
11:15:51.278 [ INFO] maestro.cli.runner.MaestroCommandRunner.runCommands$lambda$8: Run flow when "Start comparing properties" is visible SKIPPED
11:15:51.279 [ INFO] maestro.cli.runner.MaestroCommandRunner.runCommands$lambda$0: Run flow when "(?s).*Login / Sign up.*" is not visible RUNNING
11:15:51.279 [ INFO] maestro.cli.runner.MaestroCommandRunner.runCommands$lambda$11: Run flow when "(?s).*Login / Sign up.*" is not visible metadata CommandMetadata(numberOfRuns=null, evaluatedCommand=MaestroCommand(runFlowCommand=RunFlowCommand(commands=[MaestroCommand(waitForAnimationToEndCommand=WaitForAnimationToEndCommand(timeout=5000, label=null, optional=false))], condition=Condition(platform=null, visible=null, notVisible=ElementSelector(textRegex=(?s).*Login / Sign up.*, idRegex=null, size=null, below=null, above=null, leftOf=null, rightOf=null, containsChild=null, containsDescendants=null, traits=null, index=null, enabled=null, optional=false, selected=null, checked=null, focused=null, childOf=null, css=null), scriptCondition=null, label=null), sourceDescription=null, config=null, label=null, optional=false)), logMessages=[], insight=Insight(message=, level=NONE), aiReasoning=null, labeledCommand=null)
11:15:51.474 [ INFO] maestro.orchestra.Orchestra.executeSubflowCommands: [Command execution subflow] CommandSkipped: null
11:15:51.474 [ INFO] maestro.cli.runner.MaestroCommandRunner.runCommands$lambda$8: Run flow when "(?s).*Login / Sign up.*" is not visible SKIPPED
11:15:51.475 [ INFO] maestro.cli.runner.MaestroCommandRunner.runCommands$lambda$11: Repeat 20 times metadata CommandMetadata(numberOfRuns=14, evaluatedCommand=MaestroCommand(repeatCommand=RepeatCommand(times=20, condition=null, commands=[MaestroCommand(runFlowCommand=RunFlowCommand(commands=[MaestroCommand(tapOnElementCommand=TapOnElementCommand(selector=ElementSelector(textRegex=Skip, idRegex=null, size=null, below=null, above=null, leftOf=null, rightOf=null, containsChild=null, containsDescendants=null, traits=null, index=null, enabled=null, optional=false, selected=null, checked=null, focused=null, childOf=null, css=null), retryIfNoChange=false, waitUntilVisible=false, longPress=false, repeat=null, waitToSettleTimeoutMs=null, relativePoint=null, label=null, optional=false))], condition=Condition(platform=null, visible=ElementSelector(textRegex=Skip, idRegex=null, size=null, below=null, above=null, leftOf=null, rightOf=null, containsChild=null, containsDescendants=null, traits=null, index=null, enabled=null, optional=false, selected=null, checked=null, focused=null, childOf=null, css=null), notVisible=null, scriptCondition=null, label=null), sourceDescription=null, config=null, label=null, optional=false)), MaestroCommand(runFlowCommand=RunFlowCommand(commands=[MaestroCommand(tapOnElementCommand=TapOnElementCommand(selector=ElementSelector(textRegex=Dismiss, idRegex=null, size=null, below=null, above=null, leftOf=null, rightOf=null, containsChild=null, containsDescendants=null, traits=null, index=null, enabled=null, optional=false, selected=null, checked=null, focused=null, childOf=null, css=null), retryIfNoChange=false, waitUntilVisible=false, longPress=false, repeat=null, waitToSettleTimeoutMs=null, relativePoint=null, label=null, optional=false))], condition=Condition(platform=null, visible=ElementSelector(textRegex=Dismiss, idRegex=null, size=null, below=null, above=null, leftOf=null, rightOf=null, containsChild=null, containsDescendants=null, traits=null, index=null, enabled=null, optional=false, selected=null, checked=null, focused=null, childOf=null, css=null), notVisible=null, scriptCondition=null, label=null), sourceDescription=null, config=null, label=null, optional=false)), MaestroCommand(runFlowCommand=RunFlowCommand(commands=[MaestroCommand(tapOnElementCommand=TapOnElementCommand(selector=ElementSelector(textRegex=Ok, idRegex=null, size=null, below=null, above=null, leftOf=null, rightOf=null, containsChild=null, containsDescendants=null, traits=null, index=null, enabled=null, optional=false, selected=null, checked=null, focused=null, childOf=null, css=null), retryIfNoChange=false, waitUntilVisible=false, longPress=false, repeat=null, waitToSettleTimeoutMs=null, relativePoint=null, label=null, optional=false))], condition=Condition(platform=null, visible=ElementSelector(textRegex=Ok, idRegex=null, size=null, below=null, above=null, leftOf=null, rightOf=null, containsChild=null, containsDescendants=null, traits=null, index=null, enabled=null, optional=false, selected=null, checked=null, focused=null, childOf=null, css=null), notVisible=null, scriptCondition=null, label=null), sourceDescription=null, config=null, label=null, optional=false)), MaestroCommand(runFlowCommand=RunFlowCommand(commands=[MaestroCommand(backPressCommand=BackPressCommand())], condition=Condition(platform=null, visible=ElementSelector(textRegex=Marketplace Day, idRegex=null, size=null, below=null, above=null, leftOf=null, rightOf=null, containsChild=null, containsDescendants=null, traits=null, index=null, enabled=null, optional=false, selected=null, checked=null, focused=null, childOf=null, css=null), notVisible=null, scriptCondition=null, label=null), sourceDescription=null, config=null, label=null, optional=false)), MaestroCommand(runFlowCommand=RunFlowCommand(commands=[MaestroCommand(backPressCommand=BackPressCommand())], condition=Condition(platform=null, visible=ElementSelector(textRegex=Start comparing properties, idRegex=null, size=null, below=null, above=null, leftOf=null, rightOf=null, containsChild=null, containsDescendants=null, traits=null, index=null, enabled=null, optional=false, selected=null, checked=null, focused=null, childOf=null, css=null), notVisible=null, scriptCondition=null, label=null), sourceDescription=null, config=null, label=null, optional=false)), MaestroCommand(runFlowCommand=RunFlowCommand(commands=[MaestroCommand(waitForAnimationToEndCommand=WaitForAnimationToEndCommand(timeout=5000, label=null, optional=false))], condition=Condition(platform=null, visible=null, notVisible=ElementSelector(textRegex=(?s).*Login / Sign up.*, idRegex=null, size=null, below=null, above=null, leftOf=null, rightOf=null, containsChild=null, containsDescendants=null, traits=null, index=null, enabled=null, optional=false, selected=null, checked=null, focused=null, childOf=null, css=null), scriptCondition=null, label=null), sourceDescription=null, config=null, label=null, optional=false))], label=null, optional=false)), logMessages=[], insight=Insight(message=, level=NONE), aiReasoning=null, labeledCommand=null)
11:15:51.475 [ INFO] maestro.cli.runner.MaestroCommandRunner.runCommands$lambda$10: Run flow when "Skip" is visible PENDING
11:15:51.475 [ INFO] maestro.cli.runner.MaestroCommandRunner.runCommands$lambda$10: Tap on "Skip" PENDING
11:15:51.475 [ INFO] maestro.cli.runner.MaestroCommandRunner.runCommands$lambda$10: Run flow when "Dismiss" is visible PENDING
11:15:51.475 [ INFO] maestro.cli.runner.MaestroCommandRunner.runCommands$lambda$10: Tap on "Dismiss" PENDING
11:15:51.475 [ INFO] maestro.cli.runner.MaestroCommandRunner.runCommands$lambda$10: Run flow when "Ok" is visible PENDING
11:15:51.475 [ INFO] maestro.cli.runner.MaestroCommandRunner.runCommands$lambda$10: Tap on "Ok" PENDING
11:15:51.475 [ INFO] maestro.cli.runner.MaestroCommandRunner.runCommands$lambda$10: Run flow when "Marketplace Day" is visible PENDING
11:15:51.475 [ INFO] maestro.cli.runner.MaestroCommandRunner.runCommands$lambda$10: Press back PENDING
11:15:51.475 [ INFO] maestro.cli.runner.MaestroCommandRunner.runCommands$lambda$10: Run flow when "Start comparing properties" is visible PENDING
11:15:51.475 [ INFO] maestro.cli.runner.MaestroCommandRunner.runCommands$lambda$10: Press back PENDING
11:15:51.475 [ INFO] maestro.cli.runner.MaestroCommandRunner.runCommands$lambda$10: Run flow when "(?s).*Login / Sign up.*" is not visible PENDING
11:15:51.476 [ INFO] maestro.cli.runner.MaestroCommandRunner.runCommands$lambda$10: Wait for animation to end within 5000 ms PENDING
11:15:51.476 [ INFO] maestro.cli.runner.MaestroCommandRunner.runCommands$lambda$0: Run flow when "Skip" is visible RUNNING
11:15:51.476 [ INFO] maestro.cli.runner.MaestroCommandRunner.runCommands$lambda$11: Run flow when "Skip" is visible metadata CommandMetadata(numberOfRuns=null, evaluatedCommand=MaestroCommand(runFlowCommand=RunFlowCommand(commands=[MaestroCommand(tapOnElementCommand=TapOnElementCommand(selector=ElementSelector(textRegex=Skip, idRegex=null, size=null, below=null, above=null, leftOf=null, rightOf=null, containsChild=null, containsDescendants=null, traits=null, index=null, enabled=null, optional=false, selected=null, checked=null, focused=null, childOf=null, css=null), retryIfNoChange=false, waitUntilVisible=false, longPress=false, repeat=null, waitToSettleTimeoutMs=null, relativePoint=null, label=null, optional=false))], condition=Condition(platform=null, visible=ElementSelector(textRegex=Skip, idRegex=null, size=null, below=null, above=null, leftOf=null, rightOf=null, containsChild=null, containsDescendants=null, traits=null, index=null, enabled=null, optional=false, selected=null, checked=null, focused=null, childOf=null, css=null), notVisible=null, scriptCondition=null, label=null), sourceDescription=null, config=null, label=null, optional=false)), logMessages=[], insight=Insight(message=, level=NONE), aiReasoning=null, labeledCommand=null)
11:15:51.765 [ INFO] maestro.orchestra.Orchestra.executeSubflowCommands: [Command execution subflow] CommandSkipped: null
11:15:51.766 [ INFO] maestro.cli.runner.MaestroCommandRunner.runCommands$lambda$8: Run flow when "Skip" is visible SKIPPED
11:15:51.766 [ INFO] maestro.cli.runner.MaestroCommandRunner.runCommands$lambda$0: Run flow when "Dismiss" is visible RUNNING
11:15:51.767 [ INFO] maestro.cli.runner.MaestroCommandRunner.runCommands$lambda$11: Run flow when "Dismiss" is visible metadata CommandMetadata(numberOfRuns=null, evaluatedCommand=MaestroCommand(runFlowCommand=RunFlowCommand(commands=[MaestroCommand(tapOnElementCommand=TapOnElementCommand(selector=ElementSelector(textRegex=Dismiss, idRegex=null, size=null, below=null, above=null, leftOf=null, rightOf=null, containsChild=null, containsDescendants=null, traits=null, index=null, enabled=null, optional=false, selected=null, checked=null, focused=null, childOf=null, css=null), retryIfNoChange=false, waitUntilVisible=false, longPress=false, repeat=null, waitToSettleTimeoutMs=null, relativePoint=null, label=null, optional=false))], condition=Condition(platform=null, visible=ElementSelector(textRegex=Dismiss, idRegex=null, size=null, below=null, above=null, leftOf=null, rightOf=null, containsChild=null, containsDescendants=null, traits=null, index=null, enabled=null, optional=false, selected=null, checked=null, focused=null, childOf=null, css=null), notVisible=null, scriptCondition=null, label=null), sourceDescription=null, config=null, label=null, optional=false)), logMessages=[], insight=Insight(message=, level=NONE), aiReasoning=null, labeledCommand=null)
11:15:52.090 [ INFO] maestro.orchestra.Orchestra.executeSubflowCommands: [Command execution subflow] CommandSkipped: null
11:15:52.090 [ INFO] maestro.cli.runner.MaestroCommandRunner.runCommands$lambda$8: Run flow when "Dismiss" is visible SKIPPED
11:15:52.090 [ INFO] maestro.cli.runner.MaestroCommandRunner.runCommands$lambda$0: Run flow when "Ok" is visible RUNNING
11:15:52.091 [ INFO] maestro.cli.runner.MaestroCommandRunner.runCommands$lambda$11: Run flow when "Ok" is visible metadata CommandMetadata(numberOfRuns=null, evaluatedCommand=MaestroCommand(runFlowCommand=RunFlowCommand(commands=[MaestroCommand(tapOnElementCommand=TapOnElementCommand(selector=ElementSelector(textRegex=Ok, idRegex=null, size=null, below=null, above=null, leftOf=null, rightOf=null, containsChild=null, containsDescendants=null, traits=null, index=null, enabled=null, optional=false, selected=null, checked=null, focused=null, childOf=null, css=null), retryIfNoChange=false, waitUntilVisible=false, longPress=false, repeat=null, waitToSettleTimeoutMs=null, relativePoint=null, label=null, optional=false))], condition=Condition(platform=null, visible=ElementSelector(textRegex=Ok, idRegex=null, size=null, below=null, above=null, leftOf=null, rightOf=null, containsChild=null, containsDescendants=null, traits=null, index=null, enabled=null, optional=false, selected=null, checked=null, focused=null, childOf=null, css=null), notVisible=null, scriptCondition=null, label=null), sourceDescription=null, config=null, label=null, optional=false)), logMessages=[], insight=Insight(message=, level=NONE), aiReasoning=null, labeledCommand=null)
11:15:52.450 [ INFO] maestro.orchestra.Orchestra.executeSubflowCommands: [Command execution subflow] CommandSkipped: null
11:15:52.450 [ INFO] maestro.cli.runner.MaestroCommandRunner.runCommands$lambda$8: Run flow when "Ok" is visible SKIPPED
11:15:52.450 [ INFO] maestro.cli.runner.MaestroCommandRunner.runCommands$lambda$0: Run flow when "Marketplace Day" is visible RUNNING
11:15:52.450 [ INFO] maestro.cli.runner.MaestroCommandRunner.runCommands$lambda$11: Run flow when "Marketplace Day" is visible metadata CommandMetadata(numberOfRuns=null, evaluatedCommand=MaestroCommand(runFlowCommand=RunFlowCommand(commands=[MaestroCommand(backPressCommand=BackPressCommand())], condition=Condition(platform=null, visible=ElementSelector(textRegex=Marketplace Day, idRegex=null, size=null, below=null, above=null, leftOf=null, rightOf=null, containsChild=null, containsDescendants=null, traits=null, index=null, enabled=null, optional=false, selected=null, checked=null, focused=null, childOf=null, css=null), notVisible=null, scriptCondition=null, label=null), sourceDescription=null, config=null, label=null, optional=false)), logMessages=[], insight=Insight(message=, level=NONE), aiReasoning=null, labeledCommand=null)
11:15:53.527 [ INFO] maestro.orchestra.Orchestra.executeSubflowCommands: [Command execution subflow] CommandSkipped: null
11:15:53.527 [ INFO] maestro.cli.runner.MaestroCommandRunner.runCommands$lambda$8: Run flow when "Marketplace Day" is visible SKIPPED
11:15:53.527 [ INFO] maestro.cli.runner.MaestroCommandRunner.runCommands$lambda$0: Run flow when "Start comparing properties" is visible RUNNING
11:15:53.528 [ INFO] maestro.cli.runner.MaestroCommandRunner.runCommands$lambda$11: Run flow when "Start comparing properties" is visible metadata CommandMetadata(numberOfRuns=null, evaluatedCommand=MaestroCommand(runFlowCommand=RunFlowCommand(commands=[MaestroCommand(backPressCommand=BackPressCommand())], condition=Condition(platform=null, visible=ElementSelector(textRegex=Start comparing properties, idRegex=null, size=null, below=null, above=null, leftOf=null, rightOf=null, containsChild=null, containsDescendants=null, traits=null, index=null, enabled=null, optional=false, selected=null, checked=null, focused=null, childOf=null, css=null), notVisible=null, scriptCondition=null, label=null), sourceDescription=null, config=null, label=null, optional=false)), logMessages=[], insight=Insight(message=, level=NONE), aiReasoning=null, labeledCommand=null)
11:15:54.331 [ INFO] maestro.orchestra.Orchestra.executeSubflowCommands: [Command execution subflow] CommandSkipped: null
11:15:54.331 [ INFO] maestro.cli.runner.MaestroCommandRunner.runCommands$lambda$8: Run flow when "Start comparing properties" is visible SKIPPED
11:15:54.331 [ INFO] maestro.cli.runner.MaestroCommandRunner.runCommands$lambda$0: Run flow when "(?s).*Login / Sign up.*" is not visible RUNNING
11:15:54.332 [ INFO] maestro.cli.runner.MaestroCommandRunner.runCommands$lambda$11: Run flow when "(?s).*Login / Sign up.*" is not visible metadata CommandMetadata(numberOfRuns=null, evaluatedCommand=MaestroCommand(runFlowCommand=RunFlowCommand(commands=[MaestroCommand(waitForAnimationToEndCommand=WaitForAnimationToEndCommand(timeout=5000, label=null, optional=false))], condition=Condition(platform=null, visible=null, notVisible=ElementSelector(textRegex=(?s).*Login / Sign up.*, idRegex=null, size=null, below=null, above=null, leftOf=null, rightOf=null, containsChild=null, containsDescendants=null, traits=null, index=null, enabled=null, optional=false, selected=null, checked=null, focused=null, childOf=null, css=null), scriptCondition=null, label=null), sourceDescription=null, config=null, label=null, optional=false)), logMessages=[], insight=Insight(message=, level=NONE), aiReasoning=null, labeledCommand=null)
11:15:54.497 [ INFO] maestro.orchestra.Orchestra.executeSubflowCommands: [Command execution subflow] CommandSkipped: null
11:15:54.497 [ INFO] maestro.cli.runner.MaestroCommandRunner.runCommands$lambda$8: Run flow when "(?s).*Login / Sign up.*" is not visible SKIPPED
11:15:54.497 [ INFO] maestro.cli.runner.MaestroCommandRunner.runCommands$lambda$11: Repeat 20 times metadata CommandMetadata(numberOfRuns=15, evaluatedCommand=MaestroCommand(repeatCommand=RepeatCommand(times=20, condition=null, commands=[MaestroCommand(runFlowCommand=RunFlowCommand(commands=[MaestroCommand(tapOnElementCommand=TapOnElementCommand(selector=ElementSelector(textRegex=Skip, idRegex=null, size=null, below=null, above=null, leftOf=null, rightOf=null, containsChild=null, containsDescendants=null, traits=null, index=null, enabled=null, optional=false, selected=null, checked=null, focused=null, childOf=null, css=null), retryIfNoChange=false, waitUntilVisible=false, longPress=false, repeat=null, waitToSettleTimeoutMs=null, relativePoint=null, label=null, optional=false))], condition=Condition(platform=null, visible=ElementSelector(textRegex=Skip, idRegex=null, size=null, below=null, above=null, leftOf=null, rightOf=null, containsChild=null, containsDescendants=null, traits=null, index=null, enabled=null, optional=false, selected=null, checked=null, focused=null, childOf=null, css=null), notVisible=null, scriptCondition=null, label=null), sourceDescription=null, config=null, label=null, optional=false)), MaestroCommand(runFlowCommand=RunFlowCommand(commands=[MaestroCommand(tapOnElementCommand=TapOnElementCommand(selector=ElementSelector(textRegex=Dismiss, idRegex=null, size=null, below=null, above=null, leftOf=null, rightOf=null, containsChild=null, containsDescendants=null, traits=null, index=null, enabled=null, optional=false, selected=null, checked=null, focused=null, childOf=null, css=null), retryIfNoChange=false, waitUntilVisible=false, longPress=false, repeat=null, waitToSettleTimeoutMs=null, relativePoint=null, label=null, optional=false))], condition=Condition(platform=null, visible=ElementSelector(textRegex=Dismiss, idRegex=null, size=null, below=null, above=null, leftOf=null, rightOf=null, containsChild=null, containsDescendants=null, traits=null, index=null, enabled=null, optional=false, selected=null, checked=null, focused=null, childOf=null, css=null), notVisible=null, scriptCondition=null, label=null), sourceDescription=null, config=null, label=null, optional=false)), MaestroCommand(runFlowCommand=RunFlowCommand(commands=[MaestroCommand(tapOnElementCommand=TapOnElementCommand(selector=ElementSelector(textRegex=Ok, idRegex=null, size=null, below=null, above=null, leftOf=null, rightOf=null, containsChild=null, containsDescendants=null, traits=null, index=null, enabled=null, optional=false, selected=null, checked=null, focused=null, childOf=null, css=null), retryIfNoChange=false, waitUntilVisible=false, longPress=false, repeat=null, waitToSettleTimeoutMs=null, relativePoint=null, label=null, optional=false))], condition=Condition(platform=null, visible=ElementSelector(textRegex=Ok, idRegex=null, size=null, below=null, above=null, leftOf=null, rightOf=null, containsChild=null, containsDescendants=null, traits=null, index=null, enabled=null, optional=false, selected=null, checked=null, focused=null, childOf=null, css=null), notVisible=null, scriptCondition=null, label=null), sourceDescription=null, config=null, label=null, optional=false)), MaestroCommand(runFlowCommand=RunFlowCommand(commands=[MaestroCommand(backPressCommand=BackPressCommand())], condition=Condition(platform=null, visible=ElementSelector(textRegex=Marketplace Day, idRegex=null, size=null, below=null, above=null, leftOf=null, rightOf=null, containsChild=null, containsDescendants=null, traits=null, index=null, enabled=null, optional=false, selected=null, checked=null, focused=null, childOf=null, css=null), notVisible=null, scriptCondition=null, label=null), sourceDescription=null, config=null, label=null, optional=false)), MaestroCommand(runFlowCommand=RunFlowCommand(commands=[MaestroCommand(backPressCommand=BackPressCommand())], condition=Condition(platform=null, visible=ElementSelector(textRegex=Start comparing properties, idRegex=null, size=null, below=null, above=null, leftOf=null, rightOf=null, containsChild=null, containsDescendants=null, traits=null, index=null, enabled=null, optional=false, selected=null, checked=null, focused=null, childOf=null, css=null), notVisible=null, scriptCondition=null, label=null), sourceDescription=null, config=null, label=null, optional=false)), MaestroCommand(runFlowCommand=RunFlowCommand(commands=[MaestroCommand(waitForAnimationToEndCommand=WaitForAnimationToEndCommand(timeout=5000, label=null, optional=false))], condition=Condition(platform=null, visible=null, notVisible=ElementSelector(textRegex=(?s).*Login / Sign up.*, idRegex=null, size=null, below=null, above=null, leftOf=null, rightOf=null, containsChild=null, containsDescendants=null, traits=null, index=null, enabled=null, optional=false, selected=null, checked=null, focused=null, childOf=null, css=null), scriptCondition=null, label=null), sourceDescription=null, config=null, label=null, optional=false))], label=null, optional=false)), logMessages=[], insight=Insight(message=, level=NONE), aiReasoning=null, labeledCommand=null)
11:15:54.497 [ INFO] maestro.cli.runner.MaestroCommandRunner.runCommands$lambda$10: Run flow when "Skip" is visible PENDING
11:15:54.498 [ INFO] maestro.cli.runner.MaestroCommandRunner.runCommands$lambda$10: Tap on "Skip" PENDING
11:15:54.498 [ INFO] maestro.cli.runner.MaestroCommandRunner.runCommands$lambda$10: Run flow when "Dismiss" is visible PENDING
11:15:54.498 [ INFO] maestro.cli.runner.MaestroCommandRunner.runCommands$lambda$10: Tap on "Dismiss" PENDING
11:15:54.498 [ INFO] maestro.cli.runner.MaestroCommandRunner.runCommands$lambda$10: Run flow when "Ok" is visible PENDING
11:15:54.498 [ INFO] maestro.cli.runner.MaestroCommandRunner.runCommands$lambda$10: Tap on "Ok" PENDING
11:15:54.498 [ INFO] maestro.cli.runner.MaestroCommandRunner.runCommands$lambda$10: Run flow when "Marketplace Day" is visible PENDING
11:15:54.498 [ INFO] maestro.cli.runner.MaestroCommandRunner.runCommands$lambda$10: Press back PENDING
11:15:54.498 [ INFO] maestro.cli.runner.MaestroCommandRunner.runCommands$lambda$10: Run flow when "Start comparing properties" is visible PENDING
11:15:54.498 [ INFO] maestro.cli.runner.MaestroCommandRunner.runCommands$lambda$10: Press back PENDING
11:15:54.498 [ INFO] maestro.cli.runner.MaestroCommandRunner.runCommands$lambda$10: Run flow when "(?s).*Login / Sign up.*" is not visible PENDING
11:15:54.498 [ INFO] maestro.cli.runner.MaestroCommandRunner.runCommands$lambda$10: Wait for animation to end within 5000 ms PENDING
11:15:54.498 [ INFO] maestro.cli.runner.MaestroCommandRunner.runCommands$lambda$0: Run flow when "Skip" is visible RUNNING
11:15:54.498 [ INFO] maestro.cli.runner.MaestroCommandRunner.runCommands$lambda$11: Run flow when "Skip" is visible metadata CommandMetadata(numberOfRuns=null, evaluatedCommand=MaestroCommand(runFlowCommand=RunFlowCommand(commands=[MaestroCommand(tapOnElementCommand=TapOnElementCommand(selector=ElementSelector(textRegex=Skip, idRegex=null, size=null, below=null, above=null, leftOf=null, rightOf=null, containsChild=null, containsDescendants=null, traits=null, index=null, enabled=null, optional=false, selected=null, checked=null, focused=null, childOf=null, css=null), retryIfNoChange=false, waitUntilVisible=false, longPress=false, repeat=null, waitToSettleTimeoutMs=null, relativePoint=null, label=null, optional=false))], condition=Condition(platform=null, visible=ElementSelector(textRegex=Skip, idRegex=null, size=null, below=null, above=null, leftOf=null, rightOf=null, containsChild=null, containsDescendants=null, traits=null, index=null, enabled=null, optional=false, selected=null, checked=null, focused=null, childOf=null, css=null), notVisible=null, scriptCondition=null, label=null), sourceDescription=null, config=null, label=null, optional=false)), logMessages=[], insight=Insight(message=, level=NONE), aiReasoning=null, labeledCommand=null)
11:15:54.858 [ INFO] maestro.orchestra.Orchestra.executeSubflowCommands: [Command execution subflow] CommandSkipped: null
11:15:54.858 [ INFO] maestro.cli.runner.MaestroCommandRunner.runCommands$lambda$8: Run flow when "Skip" is visible SKIPPED
11:15:54.860 [ INFO] maestro.cli.runner.MaestroCommandRunner.runCommands$lambda$0: Run flow when "Dismiss" is visible RUNNING
11:15:54.860 [ INFO] maestro.cli.runner.MaestroCommandRunner.runCommands$lambda$11: Run flow when "Dismiss" is visible metadata CommandMetadata(numberOfRuns=null, evaluatedCommand=MaestroCommand(runFlowCommand=RunFlowCommand(commands=[MaestroCommand(tapOnElementCommand=TapOnElementCommand(selector=ElementSelector(textRegex=Dismiss, idRegex=null, size=null, below=null, above=null, leftOf=null, rightOf=null, containsChild=null, containsDescendants=null, traits=null, index=null, enabled=null, optional=false, selected=null, checked=null, focused=null, childOf=null, css=null), retryIfNoChange=false, waitUntilVisible=false, longPress=false, repeat=null, waitToSettleTimeoutMs=null, relativePoint=null, label=null, optional=false))], condition=Condition(platform=null, visible=ElementSelector(textRegex=Dismiss, idRegex=null, size=null, below=null, above=null, leftOf=null, rightOf=null, containsChild=null, containsDescendants=null, traits=null, index=null, enabled=null, optional=false, selected=null, checked=null, focused=null, childOf=null, css=null), notVisible=null, scriptCondition=null, label=null), sourceDescription=null, config=null, label=null, optional=false)), logMessages=[], insight=Insight(message=, level=NONE), aiReasoning=null, labeledCommand=null)
11:15:55.177 [ INFO] maestro.orchestra.Orchestra.executeSubflowCommands: [Command execution subflow] CommandSkipped: null
11:15:55.177 [ INFO] maestro.cli.runner.MaestroCommandRunner.runCommands$lambda$8: Run flow when "Dismiss" is visible SKIPPED
11:15:55.177 [ INFO] maestro.cli.runner.MaestroCommandRunner.runCommands$lambda$0: Run flow when "Ok" is visible RUNNING
11:15:55.178 [ INFO] maestro.cli.runner.MaestroCommandRunner.runCommands$lambda$11: Run flow when "Ok" is visible metadata CommandMetadata(numberOfRuns=null, evaluatedCommand=MaestroCommand(runFlowCommand=RunFlowCommand(commands=[MaestroCommand(tapOnElementCommand=TapOnElementCommand(selector=ElementSelector(textRegex=Ok, idRegex=null, size=null, below=null, above=null, leftOf=null, rightOf=null, containsChild=null, containsDescendants=null, traits=null, index=null, enabled=null, optional=false, selected=null, checked=null, focused=null, childOf=null, css=null), retryIfNoChange=false, waitUntilVisible=false, longPress=false, repeat=null, waitToSettleTimeoutMs=null, relativePoint=null, label=null, optional=false))], condition=Condition(platform=null, visible=ElementSelector(textRegex=Ok, idRegex=null, size=null, below=null, above=null, leftOf=null, rightOf=null, containsChild=null, containsDescendants=null, traits=null, index=null, enabled=null, optional=false, selected=null, checked=null, focused=null, childOf=null, css=null), notVisible=null, scriptCondition=null, label=null), sourceDescription=null, config=null, label=null, optional=false)), logMessages=[], insight=Insight(message=, level=NONE), aiReasoning=null, labeledCommand=null)
11:15:55.561 [ERROR] maestro.cli.session.MaestroSessionManager.newSession$lambda$0: Failed to record heartbeat
java.io.IOException: The process cannot access the file because another process has locked a portion of the file
	at java.base/java.io.FileOutputStream.writeBytes(Native Method)
	at java.base/java.io.FileOutputStream.write(FileOutputStream.java:332)
	at kotlin.io.FilesKt__FileReadWriteKt.writeTextImpl(FileReadWrite.kt:160)
	at kotlin.io.FilesKt__FileReadWriteKt.writeText(FileReadWrite.kt:145)
	at kotlin.io.FilesKt__FileReadWriteKt.writeText$default(FileReadWrite.kt:144)
	at maestro.cli.db.KeyValueStore.commit(KeyValueStore.kt:50)
	at maestro.cli.db.KeyValueStore.set$lambda$3$lambda$2(KeyValueStore.kt:23)
	at maestro.cli.db.KeyValueStore.withFileLock(KeyValueStore.kt:62)
	at maestro.cli.db.KeyValueStore.set(KeyValueStore.kt:20)
	at maestro.cli.session.SessionStore.heartbeat(SessionStore.kt:12)
	at maestro.cli.session.MaestroSessionManager.newSession$lambda$0(MaestroSessionManager.kt:98)
	at java.base/java.util.concurrent.Executors$RunnableAdapter.call(Executors.java:545)
	at java.base/java.util.concurrent.FutureTask.runAndReset(FutureTask.java:371)
	at java.base/java.util.concurrent.ScheduledThreadPoolExecutor$ScheduledFutureTask.run(ScheduledThreadPoolExecutor.java:310)
	at java.base/java.util.concurrent.ThreadPoolExecutor.runWorker(ThreadPoolExecutor.java:1090)
	at java.base/java.util.concurrent.ThreadPoolExecutor$Worker.run(ThreadPoolExecutor.java:614)
	at java.base/java.lang.Thread.run(Thread.java:1516)
11:15:55.569 [ INFO] maestro.orchestra.Orchestra.executeSubflowCommands: [Command execution subflow] CommandSkipped: null
11:15:55.569 [ INFO] maestro.cli.runner.MaestroCommandRunner.runCommands$lambda$8: Run flow when "Ok" is visible SKIPPED
11:15:55.570 [ INFO] maestro.cli.runner.MaestroCommandRunner.runCommands$lambda$0: Run flow when "Marketplace Day" is visible RUNNING
11:15:55.570 [ INFO] maestro.cli.runner.MaestroCommandRunner.runCommands$lambda$11: Run flow when "Marketplace Day" is visible metadata CommandMetadata(numberOfRuns=null, evaluatedCommand=MaestroCommand(runFlowCommand=RunFlowCommand(commands=[MaestroCommand(backPressCommand=BackPressCommand())], condition=Condition(platform=null, visible=ElementSelector(textRegex=Marketplace Day, idRegex=null, size=null, below=null, above=null, leftOf=null, rightOf=null, containsChild=null, containsDescendants=null, traits=null, index=null, enabled=null, optional=false, selected=null, checked=null, focused=null, childOf=null, css=null), notVisible=null, scriptCondition=null, label=null), sourceDescription=null, config=null, label=null, optional=false)), logMessages=[], insight=Insight(message=, level=NONE), aiReasoning=null, labeledCommand=null)
11:15:55.909 [ INFO] maestro.orchestra.Orchestra.executeSubflowCommands: [Command execution subflow] CommandSkipped: null
11:15:55.909 [ INFO] maestro.cli.runner.MaestroCommandRunner.runCommands$lambda$8: Run flow when "Marketplace Day" is visible SKIPPED
11:15:55.909 [ INFO] maestro.cli.runner.MaestroCommandRunner.runCommands$lambda$0: Run flow when "Start comparing properties" is visible RUNNING
11:15:55.909 [ INFO] maestro.cli.runner.MaestroCommandRunner.runCommands$lambda$11: Run flow when "Start comparing properties" is visible metadata CommandMetadata(numberOfRuns=null, evaluatedCommand=MaestroCommand(runFlowCommand=RunFlowCommand(commands=[MaestroCommand(backPressCommand=BackPressCommand())], condition=Condition(platform=null, visible=ElementSelector(textRegex=Start comparing properties, idRegex=null, size=null, below=null, above=null, leftOf=null, rightOf=null, containsChild=null, containsDescendants=null, traits=null, index=null, enabled=null, optional=false, selected=null, checked=null, focused=null, childOf=null, css=null), notVisible=null, scriptCondition=null, label=null), sourceDescription=null, config=null, label=null, optional=false)), logMessages=[], insight=Insight(message=, level=NONE), aiReasoning=null, labeledCommand=null)
11:15:56.302 [ INFO] maestro.orchestra.Orchestra.executeSubflowCommands: [Command execution subflow] CommandSkipped: null
11:15:56.302 [ INFO] maestro.cli.runner.MaestroCommandRunner.runCommands$lambda$8: Run flow when "Start comparing properties" is visible SKIPPED
11:15:56.302 [ INFO] maestro.cli.runner.MaestroCommandRunner.runCommands$lambda$0: Run flow when "(?s).*Login / Sign up.*" is not visible RUNNING
11:15:56.302 [ INFO] maestro.cli.runner.MaestroCommandRunner.runCommands$lambda$11: Run flow when "(?s).*Login / Sign up.*" is not visible metadata CommandMetadata(numberOfRuns=null, evaluatedCommand=MaestroCommand(runFlowCommand=RunFlowCommand(commands=[MaestroCommand(waitForAnimationToEndCommand=WaitForAnimationToEndCommand(timeout=5000, label=null, optional=false))], condition=Condition(platform=null, visible=null, notVisible=ElementSelector(textRegex=(?s).*Login / Sign up.*, idRegex=null, size=null, below=null, above=null, leftOf=null, rightOf=null, containsChild=null, containsDescendants=null, traits=null, index=null, enabled=null, optional=false, selected=null, checked=null, focused=null, childOf=null, css=null), scriptCondition=null, label=null), sourceDescription=null, config=null, label=null, optional=false)), logMessages=[], insight=Insight(message=, level=NONE), aiReasoning=null, labeledCommand=null)
11:15:56.487 [ INFO] maestro.orchestra.Orchestra.executeSubflowCommands: [Command execution subflow] CommandSkipped: null
11:15:56.487 [ INFO] maestro.cli.runner.MaestroCommandRunner.runCommands$lambda$8: Run flow when "(?s).*Login / Sign up.*" is not visible SKIPPED
11:15:56.487 [ INFO] maestro.cli.runner.MaestroCommandRunner.runCommands$lambda$11: Repeat 20 times metadata CommandMetadata(numberOfRuns=16, evaluatedCommand=MaestroCommand(repeatCommand=RepeatCommand(times=20, condition=null, commands=[MaestroCommand(runFlowCommand=RunFlowCommand(commands=[MaestroCommand(tapOnElementCommand=TapOnElementCommand(selector=ElementSelector(textRegex=Skip, idRegex=null, size=null, below=null, above=null, leftOf=null, rightOf=null, containsChild=null, containsDescendants=null, traits=null, index=null, enabled=null, optional=false, selected=null, checked=null, focused=null, childOf=null, css=null), retryIfNoChange=false, waitUntilVisible=false, longPress=false, repeat=null, waitToSettleTimeoutMs=null, relativePoint=null, label=null, optional=false))], condition=Condition(platform=null, visible=ElementSelector(textRegex=Skip, idRegex=null, size=null, below=null, above=null, leftOf=null, rightOf=null, containsChild=null, containsDescendants=null, traits=null, index=null, enabled=null, optional=false, selected=null, checked=null, focused=null, childOf=null, css=null), notVisible=null, scriptCondition=null, label=null), sourceDescription=null, config=null, label=null, optional=false)), MaestroCommand(runFlowCommand=RunFlowCommand(commands=[MaestroCommand(tapOnElementCommand=TapOnElementCommand(selector=ElementSelector(textRegex=Dismiss, idRegex=null, size=null, below=null, above=null, leftOf=null, rightOf=null, containsChild=null, containsDescendants=null, traits=null, index=null, enabled=null, optional=false, selected=null, checked=null, focused=null, childOf=null, css=null), retryIfNoChange=false, waitUntilVisible=false, longPress=false, repeat=null, waitToSettleTimeoutMs=null, relativePoint=null, label=null, optional=false))], condition=Condition(platform=null, visible=ElementSelector(textRegex=Dismiss, idRegex=null, size=null, below=null, above=null, leftOf=null, rightOf=null, containsChild=null, containsDescendants=null, traits=null, index=null, enabled=null, optional=false, selected=null, checked=null, focused=null, childOf=null, css=null), notVisible=null, scriptCondition=null, label=null), sourceDescription=null, config=null, label=null, optional=false)), MaestroCommand(runFlowCommand=RunFlowCommand(commands=[MaestroCommand(tapOnElementCommand=TapOnElementCommand(selector=ElementSelector(textRegex=Ok, idRegex=null, size=null, below=null, above=null, leftOf=null, rightOf=null, containsChild=null, containsDescendants=null, traits=null, index=null, enabled=null, optional=false, selected=null, checked=null, focused=null, childOf=null, css=null), retryIfNoChange=false, waitUntilVisible=false, longPress=false, repeat=null, waitToSettleTimeoutMs=null, relativePoint=null, label=null, optional=false))], condition=Condition(platform=null, visible=ElementSelector(textRegex=Ok, idRegex=null, size=null, below=null, above=null, leftOf=null, rightOf=null, containsChild=null, containsDescendants=null, traits=null, index=null, enabled=null, optional=false, selected=null, checked=null, focused=null, childOf=null, css=null), notVisible=null, scriptCondition=null, label=null), sourceDescription=null, config=null, label=null, optional=false)), MaestroCommand(runFlowCommand=RunFlowCommand(commands=[MaestroCommand(backPressCommand=BackPressCommand())], condition=Condition(platform=null, visible=ElementSelector(textRegex=Marketplace Day, idRegex=null, size=null, below=null, above=null, leftOf=null, rightOf=null, containsChild=null, containsDescendants=null, traits=null, index=null, enabled=null, optional=false, selected=null, checked=null, focused=null, childOf=null, css=null), notVisible=null, scriptCondition=null, label=null), sourceDescription=null, config=null, label=null, optional=false)), MaestroCommand(runFlowCommand=RunFlowCommand(commands=[MaestroCommand(backPressCommand=BackPressCommand())], condition=Condition(platform=null, visible=ElementSelector(textRegex=Start comparing properties, idRegex=null, size=null, below=null, above=null, leftOf=null, rightOf=null, containsChild=null, containsDescendants=null, traits=null, index=null, enabled=null, optional=false, selected=null, checked=null, focused=null, childOf=null, css=null), notVisible=null, scriptCondition=null, label=null), sourceDescription=null, config=null, label=null, optional=false)), MaestroCommand(runFlowCommand=RunFlowCommand(commands=[MaestroCommand(waitForAnimationToEndCommand=WaitForAnimationToEndCommand(timeout=5000, label=null, optional=false))], condition=Condition(platform=null, visible=null, notVisible=ElementSelector(textRegex=(?s).*Login / Sign up.*, idRegex=null, size=null, below=null, above=null, leftOf=null, rightOf=null, containsChild=null, containsDescendants=null, traits=null, index=null, enabled=null, optional=false, selected=null, checked=null, focused=null, childOf=null, css=null), scriptCondition=null, label=null), sourceDescription=null, config=null, label=null, optional=false))], label=null, optional=false)), logMessages=[], insight=Insight(message=, level=NONE), aiReasoning=null, labeledCommand=null)
11:15:56.489 [ INFO] maestro.cli.runner.MaestroCommandRunner.runCommands$lambda$10: Run flow when "Skip" is visible PENDING
11:15:56.489 [ INFO] maestro.cli.runner.MaestroCommandRunner.runCommands$lambda$10: Tap on "Skip" PENDING
11:15:56.489 [ INFO] maestro.cli.runner.MaestroCommandRunner.runCommands$lambda$10: Run flow when "Dismiss" is visible PENDING
11:15:56.489 [ INFO] maestro.cli.runner.MaestroCommandRunner.runCommands$lambda$10: Tap on "Dismiss" PENDING
11:15:56.489 [ INFO] maestro.cli.runner.MaestroCommandRunner.runCommands$lambda$10: Run flow when "Ok" is visible PENDING
11:15:56.489 [ INFO] maestro.cli.runner.MaestroCommandRunner.runCommands$lambda$10: Tap on "Ok" PENDING
11:15:56.489 [ INFO] maestro.cli.runner.MaestroCommandRunner.runCommands$lambda$10: Run flow when "Marketplace Day" is visible PENDING
11:15:56.489 [ INFO] maestro.cli.runner.MaestroCommandRunner.runCommands$lambda$10: Press back PENDING
11:15:56.489 [ INFO] maestro.cli.runner.MaestroCommandRunner.runCommands$lambda$10: Run flow when "Start comparing properties" is visible PENDING
11:15:56.489 [ INFO] maestro.cli.runner.MaestroCommandRunner.runCommands$lambda$10: Press back PENDING
11:15:56.490 [ INFO] maestro.cli.runner.MaestroCommandRunner.runCommands$lambda$10: Run flow when "(?s).*Login / Sign up.*" is not visible PENDING
11:15:56.490 [ INFO] maestro.cli.runner.MaestroCommandRunner.runCommands$lambda$10: Wait for animation to end within 5000 ms PENDING
11:15:56.490 [ INFO] maestro.cli.runner.MaestroCommandRunner.runCommands$lambda$0: Run flow when "Skip" is visible RUNNING
11:15:56.490 [ INFO] maestro.cli.runner.MaestroCommandRunner.runCommands$lambda$11: Run flow when "Skip" is visible metadata CommandMetadata(numberOfRuns=null, evaluatedCommand=MaestroCommand(runFlowCommand=RunFlowCommand(commands=[MaestroCommand(tapOnElementCommand=TapOnElementCommand(selector=ElementSelector(textRegex=Skip, idRegex=null, size=null, below=null, above=null, leftOf=null, rightOf=null, containsChild=null, containsDescendants=null, traits=null, index=null, enabled=null, optional=false, selected=null, checked=null, focused=null, childOf=null, css=null), retryIfNoChange=false, waitUntilVisible=false, longPress=false, repeat=null, waitToSettleTimeoutMs=null, relativePoint=null, label=null, optional=false))], condition=Condition(platform=null, visible=ElementSelector(textRegex=Skip, idRegex=null, size=null, below=null, above=null, leftOf=null, rightOf=null, containsChild=null, containsDescendants=null, traits=null, index=null, enabled=null, optional=false, selected=null, checked=null, focused=null, childOf=null, css=null), notVisible=null, scriptCondition=null, label=null), sourceDescription=null, config=null, label=null, optional=false)), logMessages=[], insight=Insight(message=, level=NONE), aiReasoning=null, labeledCommand=null)
11:15:57.540 [ INFO] maestro.orchestra.Orchestra.executeSubflowCommands: [Command execution subflow] CommandSkipped: null
11:15:57.541 [ INFO] maestro.cli.runner.MaestroCommandRunner.runCommands$lambda$8: Run flow when "Skip" is visible SKIPPED
11:15:57.541 [ INFO] maestro.cli.runner.MaestroCommandRunner.runCommands$lambda$0: Run flow when "Dismiss" is visible RUNNING
11:15:57.542 [ INFO] maestro.cli.runner.MaestroCommandRunner.runCommands$lambda$11: Run flow when "Dismiss" is visible metadata CommandMetadata(numberOfRuns=null, evaluatedCommand=MaestroCommand(runFlowCommand=RunFlowCommand(commands=[MaestroCommand(tapOnElementCommand=TapOnElementCommand(selector=ElementSelector(textRegex=Dismiss, idRegex=null, size=null, below=null, above=null, leftOf=null, rightOf=null, containsChild=null, containsDescendants=null, traits=null, index=null, enabled=null, optional=false, selected=null, checked=null, focused=null, childOf=null, css=null), retryIfNoChange=false, waitUntilVisible=false, longPress=false, repeat=null, waitToSettleTimeoutMs=null, relativePoint=null, label=null, optional=false))], condition=Condition(platform=null, visible=ElementSelector(textRegex=Dismiss, idRegex=null, size=null, below=null, above=null, leftOf=null, rightOf=null, containsChild=null, containsDescendants=null, traits=null, index=null, enabled=null, optional=false, selected=null, checked=null, focused=null, childOf=null, css=null), notVisible=null, scriptCondition=null, label=null), sourceDescription=null, config=null, label=null, optional=false)), logMessages=[], insight=Insight(message=, level=NONE), aiReasoning=null, labeledCommand=null)
11:15:58.247 [ INFO] maestro.orchestra.Orchestra.executeSubflowCommands: [Command execution subflow] CommandSkipped: null
11:15:58.248 [ INFO] maestro.cli.runner.MaestroCommandRunner.runCommands$lambda$8: Run flow when "Dismiss" is visible SKIPPED
11:15:58.248 [ INFO] maestro.cli.runner.MaestroCommandRunner.runCommands$lambda$0: Run flow when "Ok" is visible RUNNING
11:15:58.248 [ INFO] maestro.cli.runner.MaestroCommandRunner.runCommands$lambda$11: Run flow when "Ok" is visible metadata CommandMetadata(numberOfRuns=null, evaluatedCommand=MaestroCommand(runFlowCommand=RunFlowCommand(commands=[MaestroCommand(tapOnElementCommand=TapOnElementCommand(selector=ElementSelector(textRegex=Ok, idRegex=null, size=null, below=null, above=null, leftOf=null, rightOf=null, containsChild=null, containsDescendants=null, traits=null, index=null, enabled=null, optional=false, selected=null, checked=null, focused=null, childOf=null, css=null), retryIfNoChange=false, waitUntilVisible=false, longPress=false, repeat=null, waitToSettleTimeoutMs=null, relativePoint=null, label=null, optional=false))], condition=Condition(platform=null, visible=ElementSelector(textRegex=Ok, idRegex=null, size=null, below=null, above=null, leftOf=null, rightOf=null, containsChild=null, containsDescendants=null, traits=null, index=null, enabled=null, optional=false, selected=null, checked=null, focused=null, childOf=null, css=null), notVisible=null, scriptCondition=null, label=null), sourceDescription=null, config=null, label=null, optional=false)), logMessages=[], insight=Insight(message=, level=NONE), aiReasoning=null, labeledCommand=null)
11:15:58.712 [ INFO] maestro.orchestra.Orchestra.executeSubflowCommands: [Command execution subflow] CommandSkipped: null
11:15:58.712 [ INFO] maestro.cli.runner.MaestroCommandRunner.runCommands$lambda$8: Run flow when "Ok" is visible SKIPPED
11:15:58.713 [ INFO] maestro.cli.runner.MaestroCommandRunner.runCommands$lambda$0: Run flow when "Marketplace Day" is visible RUNNING
11:15:58.713 [ INFO] maestro.cli.runner.MaestroCommandRunner.runCommands$lambda$11: Run flow when "Marketplace Day" is visible metadata CommandMetadata(numberOfRuns=null, evaluatedCommand=MaestroCommand(runFlowCommand=RunFlowCommand(commands=[MaestroCommand(backPressCommand=BackPressCommand())], condition=Condition(platform=null, visible=ElementSelector(textRegex=Marketplace Day, idRegex=null, size=null, below=null, above=null, leftOf=null, rightOf=null, containsChild=null, containsDescendants=null, traits=null, index=null, enabled=null, optional=false, selected=null, checked=null, focused=null, childOf=null, css=null), notVisible=null, scriptCondition=null, label=null), sourceDescription=null, config=null, label=null, optional=false)), logMessages=[], insight=Insight(message=, level=NONE), aiReasoning=null, labeledCommand=null)
11:15:59.126 [ INFO] maestro.orchestra.Orchestra.executeSubflowCommands: [Command execution subflow] CommandSkipped: null
11:15:59.126 [ INFO] maestro.cli.runner.MaestroCommandRunner.runCommands$lambda$8: Run flow when "Marketplace Day" is visible SKIPPED
11:15:59.126 [ INFO] maestro.cli.runner.MaestroCommandRunner.runCommands$lambda$0: Run flow when "Start comparing properties" is visible RUNNING
11:15:59.126 [ INFO] maestro.cli.runner.MaestroCommandRunner.runCommands$lambda$11: Run flow when "Start comparing properties" is visible metadata CommandMetadata(numberOfRuns=null, evaluatedCommand=MaestroCommand(runFlowCommand=RunFlowCommand(commands=[MaestroCommand(backPressCommand=BackPressCommand())], condition=Condition(platform=null, visible=ElementSelector(textRegex=Start comparing properties, idRegex=null, size=null, below=null, above=null, leftOf=null, rightOf=null, containsChild=null, containsDescendants=null, traits=null, index=null, enabled=null, optional=false, selected=null, checked=null, focused=null, childOf=null, css=null), notVisible=null, scriptCondition=null, label=null), sourceDescription=null, config=null, label=null, optional=false)), logMessages=[], insight=Insight(message=, level=NONE), aiReasoning=null, labeledCommand=null)
11:15:59.406 [ INFO] maestro.orchestra.Orchestra.executeSubflowCommands: [Command execution subflow] CommandSkipped: null
11:15:59.406 [ INFO] maestro.cli.runner.MaestroCommandRunner.runCommands$lambda$8: Run flow when "Start comparing properties" is visible SKIPPED
11:15:59.406 [ INFO] maestro.cli.runner.MaestroCommandRunner.runCommands$lambda$0: Run flow when "(?s).*Login / Sign up.*" is not visible RUNNING
11:15:59.407 [ INFO] maestro.cli.runner.MaestroCommandRunner.runCommands$lambda$11: Run flow when "(?s).*Login / Sign up.*" is not visible metadata CommandMetadata(numberOfRuns=null, evaluatedCommand=MaestroCommand(runFlowCommand=RunFlowCommand(commands=[MaestroCommand(waitForAnimationToEndCommand=WaitForAnimationToEndCommand(timeout=5000, label=null, optional=false))], condition=Condition(platform=null, visible=null, notVisible=ElementSelector(textRegex=(?s).*Login / Sign up.*, idRegex=null, size=null, below=null, above=null, leftOf=null, rightOf=null, containsChild=null, containsDescendants=null, traits=null, index=null, enabled=null, optional=false, selected=null, checked=null, focused=null, childOf=null, css=null), scriptCondition=null, label=null), sourceDescription=null, config=null, label=null, optional=false)), logMessages=[], insight=Insight(message=, level=NONE), aiReasoning=null, labeledCommand=null)
11:15:59.602 [ INFO] maestro.orchestra.Orchestra.executeSubflowCommands: [Command execution subflow] CommandSkipped: null
11:15:59.602 [ INFO] maestro.cli.runner.MaestroCommandRunner.runCommands$lambda$8: Run flow when "(?s).*Login / Sign up.*" is not visible SKIPPED
11:15:59.603 [ INFO] maestro.cli.runner.MaestroCommandRunner.runCommands$lambda$11: Repeat 20 times metadata CommandMetadata(numberOfRuns=17, evaluatedCommand=MaestroCommand(repeatCommand=RepeatCommand(times=20, condition=null, commands=[MaestroCommand(runFlowCommand=RunFlowCommand(commands=[MaestroCommand(tapOnElementCommand=TapOnElementCommand(selector=ElementSelector(textRegex=Skip, idRegex=null, size=null, below=null, above=null, leftOf=null, rightOf=null, containsChild=null, containsDescendants=null, traits=null, index=null, enabled=null, optional=false, selected=null, checked=null, focused=null, childOf=null, css=null), retryIfNoChange=false, waitUntilVisible=false, longPress=false, repeat=null, waitToSettleTimeoutMs=null, relativePoint=null, label=null, optional=false))], condition=Condition(platform=null, visible=ElementSelector(textRegex=Skip, idRegex=null, size=null, below=null, above=null, leftOf=null, rightOf=null, containsChild=null, containsDescendants=null, traits=null, index=null, enabled=null, optional=false, selected=null, checked=null, focused=null, childOf=null, css=null), notVisible=null, scriptCondition=null, label=null), sourceDescription=null, config=null, label=null, optional=false)), MaestroCommand(runFlowCommand=RunFlowCommand(commands=[MaestroCommand(tapOnElementCommand=TapOnElementCommand(selector=ElementSelector(textRegex=Dismiss, idRegex=null, size=null, below=null, above=null, leftOf=null, rightOf=null, containsChild=null, containsDescendants=null, traits=null, index=null, enabled=null, optional=false, selected=null, checked=null, focused=null, childOf=null, css=null), retryIfNoChange=false, waitUntilVisible=false, longPress=false, repeat=null, waitToSettleTimeoutMs=null, relativePoint=null, label=null, optional=false))], condition=Condition(platform=null, visible=ElementSelector(textRegex=Dismiss, idRegex=null, size=null, below=null, above=null, leftOf=null, rightOf=null, containsChild=null, containsDescendants=null, traits=null, index=null, enabled=null, optional=false, selected=null, checked=null, focused=null, childOf=null, css=null), notVisible=null, scriptCondition=null, label=null), sourceDescription=null, config=null, label=null, optional=false)), MaestroCommand(runFlowCommand=RunFlowCommand(commands=[MaestroCommand(tapOnElementCommand=TapOnElementCommand(selector=ElementSelector(textRegex=Ok, idRegex=null, size=null, below=null, above=null, leftOf=null, rightOf=null, containsChild=null, containsDescendants=null, traits=null, index=null, enabled=null, optional=false, selected=null, checked=null, focused=null, childOf=null, css=null), retryIfNoChange=false, waitUntilVisible=false, longPress=false, repeat=null, waitToSettleTimeoutMs=null, relativePoint=null, label=null, optional=false))], condition=Condition(platform=null, visible=ElementSelector(textRegex=Ok, idRegex=null, size=null, below=null, above=null, leftOf=null, rightOf=null, containsChild=null, containsDescendants=null, traits=null, index=null, enabled=null, optional=false, selected=null, checked=null, focused=null, childOf=null, css=null), notVisible=null, scriptCondition=null, label=null), sourceDescription=null, config=null, label=null, optional=false)), MaestroCommand(runFlowCommand=RunFlowCommand(commands=[MaestroCommand(backPressCommand=BackPressCommand())], condition=Condition(platform=null, visible=ElementSelector(textRegex=Marketplace Day, idRegex=null, size=null, below=null, above=null, leftOf=null, rightOf=null, containsChild=null, containsDescendants=null, traits=null, index=null, enabled=null, optional=false, selected=null, checked=null, focused=null, childOf=null, css=null), notVisible=null, scriptCondition=null, label=null), sourceDescription=null, config=null, label=null, optional=false)), MaestroCommand(runFlowCommand=RunFlowCommand(commands=[MaestroCommand(backPressCommand=BackPressCommand())], condition=Condition(platform=null, visible=ElementSelector(textRegex=Start comparing properties, idRegex=null, size=null, below=null, above=null, leftOf=null, rightOf=null, containsChild=null, containsDescendants=null, traits=null, index=null, enabled=null, optional=false, selected=null, checked=null, focused=null, childOf=null, css=null), notVisible=null, scriptCondition=null, label=null), sourceDescription=null, config=null, label=null, optional=false)), MaestroCommand(runFlowCommand=RunFlowCommand(commands=[MaestroCommand(waitForAnimationToEndCommand=WaitForAnimationToEndCommand(timeout=5000, label=null, optional=false))], condition=Condition(platform=null, visible=null, notVisible=ElementSelector(textRegex=(?s).*Login / Sign up.*, idRegex=null, size=null, below=null, above=null, leftOf=null, rightOf=null, containsChild=null, containsDescendants=null, traits=null, index=null, enabled=null, optional=false, selected=null, checked=null, focused=null, childOf=null, css=null), scriptCondition=null, label=null), sourceDescription=null, config=null, label=null, optional=false))], label=null, optional=false)), logMessages=[], insight=Insight(message=, level=NONE), aiReasoning=null, labeledCommand=null)
11:15:59.603 [ INFO] maestro.cli.runner.MaestroCommandRunner.runCommands$lambda$10: Run flow when "Skip" is visible PENDING
11:15:59.603 [ INFO] maestro.cli.runner.MaestroCommandRunner.runCommands$lambda$10: Tap on "Skip" PENDING
11:15:59.603 [ INFO] maestro.cli.runner.MaestroCommandRunner.runCommands$lambda$10: Run flow when "Dismiss" is visible PENDING
11:15:59.603 [ INFO] maestro.cli.runner.MaestroCommandRunner.runCommands$lambda$10: Tap on "Dismiss" PENDING
11:15:59.603 [ INFO] maestro.cli.runner.MaestroCommandRunner.runCommands$lambda$10: Run flow when "Ok" is visible PENDING
11:15:59.605 [ INFO] maestro.cli.runner.MaestroCommandRunner.runCommands$lambda$10: Tap on "Ok" PENDING
11:15:59.605 [ INFO] maestro.cli.runner.MaestroCommandRunner.runCommands$lambda$10: Run flow when "Marketplace Day" is visible PENDING
11:15:59.605 [ INFO] maestro.cli.runner.MaestroCommandRunner.runCommands$lambda$10: Press back PENDING
11:15:59.605 [ INFO] maestro.cli.runner.MaestroCommandRunner.runCommands$lambda$10: Run flow when "Start comparing properties" is visible PENDING
11:15:59.605 [ INFO] maestro.cli.runner.MaestroCommandRunner.runCommands$lambda$10: Press back PENDING
11:15:59.605 [ INFO] maestro.cli.runner.MaestroCommandRunner.runCommands$lambda$10: Run flow when "(?s).*Login / Sign up.*" is not visible PENDING
11:15:59.605 [ INFO] maestro.cli.runner.MaestroCommandRunner.runCommands$lambda$10: Wait for animation to end within 5000 ms PENDING
11:15:59.605 [ INFO] maestro.cli.runner.MaestroCommandRunner.runCommands$lambda$0: Run flow when "Skip" is visible RUNNING
11:15:59.605 [ INFO] maestro.cli.runner.MaestroCommandRunner.runCommands$lambda$11: Run flow when "Skip" is visible metadata CommandMetadata(numberOfRuns=null, evaluatedCommand=MaestroCommand(runFlowCommand=RunFlowCommand(commands=[MaestroCommand(tapOnElementCommand=TapOnElementCommand(selector=ElementSelector(textRegex=Skip, idRegex=null, size=null, below=null, above=null, leftOf=null, rightOf=null, containsChild=null, containsDescendants=null, traits=null, index=null, enabled=null, optional=false, selected=null, checked=null, focused=null, childOf=null, css=null), retryIfNoChange=false, waitUntilVisible=false, longPress=false, repeat=null, waitToSettleTimeoutMs=null, relativePoint=null, label=null, optional=false))], condition=Condition(platform=null, visible=ElementSelector(textRegex=Skip, idRegex=null, size=null, below=null, above=null, leftOf=null, rightOf=null, containsChild=null, containsDescendants=null, traits=null, index=null, enabled=null, optional=false, selected=null, checked=null, focused=null, childOf=null, css=null), notVisible=null, scriptCondition=null, label=null), sourceDescription=null, config=null, label=null, optional=false)), logMessages=[], insight=Insight(message=, level=NONE), aiReasoning=null, labeledCommand=null)
11:16:00.070 [ INFO] maestro.orchestra.Orchestra.executeSubflowCommands: [Command execution subflow] CommandSkipped: null
11:16:00.071 [ INFO] maestro.cli.runner.MaestroCommandRunner.runCommands$lambda$8: Run flow when "Skip" is visible SKIPPED
11:16:00.072 [ INFO] maestro.cli.runner.MaestroCommandRunner.runCommands$lambda$0: Run flow when "Dismiss" is visible RUNNING
11:16:00.072 [ INFO] maestro.cli.runner.MaestroCommandRunner.runCommands$lambda$11: Run flow when "Dismiss" is visible metadata CommandMetadata(numberOfRuns=null, evaluatedCommand=MaestroCommand(runFlowCommand=RunFlowCommand(commands=[MaestroCommand(tapOnElementCommand=TapOnElementCommand(selector=ElementSelector(textRegex=Dismiss, idRegex=null, size=null, below=null, above=null, leftOf=null, rightOf=null, containsChild=null, containsDescendants=null, traits=null, index=null, enabled=null, optional=false, selected=null, checked=null, focused=null, childOf=null, css=null), retryIfNoChange=false, waitUntilVisible=false, longPress=false, repeat=null, waitToSettleTimeoutMs=null, relativePoint=null, label=null, optional=false))], condition=Condition(platform=null, visible=ElementSelector(textRegex=Dismiss, idRegex=null, size=null, below=null, above=null, leftOf=null, rightOf=null, containsChild=null, containsDescendants=null, traits=null, index=null, enabled=null, optional=false, selected=null, checked=null, focused=null, childOf=null, css=null), notVisible=null, scriptCondition=null, label=null), sourceDescription=null, config=null, label=null, optional=false)), logMessages=[], insight=Insight(message=, level=NONE), aiReasoning=null, labeledCommand=null)
11:16:00.397 [ INFO] maestro.orchestra.Orchestra.executeSubflowCommands: [Command execution subflow] CommandSkipped: null
11:16:00.397 [ INFO] maestro.cli.runner.MaestroCommandRunner.runCommands$lambda$8: Run flow when "Dismiss" is visible SKIPPED
11:16:00.398 [ INFO] maestro.cli.runner.MaestroCommandRunner.runCommands$lambda$0: Run flow when "Ok" is visible RUNNING
11:16:00.398 [ INFO] maestro.cli.runner.MaestroCommandRunner.runCommands$lambda$11: Run flow when "Ok" is visible metadata CommandMetadata(numberOfRuns=null, evaluatedCommand=MaestroCommand(runFlowCommand=RunFlowCommand(commands=[MaestroCommand(tapOnElementCommand=TapOnElementCommand(selector=ElementSelector(textRegex=Ok, idRegex=null, size=null, below=null, above=null, leftOf=null, rightOf=null, containsChild=null, containsDescendants=null, traits=null, index=null, enabled=null, optional=false, selected=null, checked=null, focused=null, childOf=null, css=null), retryIfNoChange=false, waitUntilVisible=false, longPress=false, repeat=null, waitToSettleTimeoutMs=null, relativePoint=null, label=null, optional=false))], condition=Condition(platform=null, visible=ElementSelector(textRegex=Ok, idRegex=null, size=null, below=null, above=null, leftOf=null, rightOf=null, containsChild=null, containsDescendants=null, traits=null, index=null, enabled=null, optional=false, selected=null, checked=null, focused=null, childOf=null, css=null), notVisible=null, scriptCondition=null, label=null), sourceDescription=null, config=null, label=null, optional=false)), logMessages=[], insight=Insight(message=, level=NONE), aiReasoning=null, labeledCommand=null)
11:16:00.563 [ERROR] maestro.cli.session.MaestroSessionManager.newSession$lambda$0: Failed to record heartbeat
java.io.IOException: The process cannot access the file because another process has locked a portion of the file
	at java.base/java.io.FileOutputStream.writeBytes(Native Method)
	at java.base/java.io.FileOutputStream.write(FileOutputStream.java:332)
	at kotlin.io.FilesKt__FileReadWriteKt.writeTextImpl(FileReadWrite.kt:160)
	at kotlin.io.FilesKt__FileReadWriteKt.writeText(FileReadWrite.kt:145)
	at kotlin.io.FilesKt__FileReadWriteKt.writeText$default(FileReadWrite.kt:144)
	at maestro.cli.db.KeyValueStore.commit(KeyValueStore.kt:50)
	at maestro.cli.db.KeyValueStore.set$lambda$3$lambda$2(KeyValueStore.kt:23)
	at maestro.cli.db.KeyValueStore.withFileLock(KeyValueStore.kt:62)
	at maestro.cli.db.KeyValueStore.set(KeyValueStore.kt:20)
	at maestro.cli.session.SessionStore.heartbeat(SessionStore.kt:12)
	at maestro.cli.session.MaestroSessionManager.newSession$lambda$0(MaestroSessionManager.kt:98)
	at java.base/java.util.concurrent.Executors$RunnableAdapter.call(Executors.java:545)
	at java.base/java.util.concurrent.FutureTask.runAndReset(FutureTask.java:371)
	at java.base/java.util.concurrent.ScheduledThreadPoolExecutor$ScheduledFutureTask.run(ScheduledThreadPoolExecutor.java:310)
	at java.base/java.util.concurrent.ThreadPoolExecutor.runWorker(ThreadPoolExecutor.java:1090)
	at java.base/java.util.concurrent.ThreadPoolExecutor$Worker.run(ThreadPoolExecutor.java:614)
	at java.base/java.lang.Thread.run(Thread.java:1516)
11:16:01.422 [ INFO] maestro.orchestra.Orchestra.executeSubflowCommands: [Command execution subflow] CommandSkipped: null
11:16:01.422 [ INFO] maestro.cli.runner.MaestroCommandRunner.runCommands$lambda$8: Run flow when "Ok" is visible SKIPPED
11:16:01.422 [ INFO] maestro.cli.runner.MaestroCommandRunner.runCommands$lambda$0: Run flow when "Marketplace Day" is visible RUNNING
11:16:01.423 [ INFO] maestro.cli.runner.MaestroCommandRunner.runCommands$lambda$11: Run flow when "Marketplace Day" is visible metadata CommandMetadata(numberOfRuns=null, evaluatedCommand=MaestroCommand(runFlowCommand=RunFlowCommand(commands=[MaestroCommand(backPressCommand=BackPressCommand())], condition=Condition(platform=null, visible=ElementSelector(textRegex=Marketplace Day, idRegex=null, size=null, below=null, above=null, leftOf=null, rightOf=null, containsChild=null, containsDescendants=null, traits=null, index=null, enabled=null, optional=false, selected=null, checked=null, focused=null, childOf=null, css=null), notVisible=null, scriptCondition=null, label=null), sourceDescription=null, config=null, label=null, optional=false)), logMessages=[], insight=Insight(message=, level=NONE), aiReasoning=null, labeledCommand=null)
11:16:02.463 [ INFO] maestro.orchestra.Orchestra.executeSubflowCommands: [Command execution subflow] CommandSkipped: null
11:16:02.463 [ INFO] maestro.cli.runner.MaestroCommandRunner.runCommands$lambda$8: Run flow when "Marketplace Day" is visible SKIPPED
11:16:02.463 [ INFO] maestro.cli.runner.MaestroCommandRunner.runCommands$lambda$0: Run flow when "Start comparing properties" is visible RUNNING
11:16:02.464 [ INFO] maestro.cli.runner.MaestroCommandRunner.runCommands$lambda$11: Run flow when "Start comparing properties" is visible metadata CommandMetadata(numberOfRuns=null, evaluatedCommand=MaestroCommand(runFlowCommand=RunFlowCommand(commands=[MaestroCommand(backPressCommand=BackPressCommand())], condition=Condition(platform=null, visible=ElementSelector(textRegex=Start comparing properties, idRegex=null, size=null, below=null, above=null, leftOf=null, rightOf=null, containsChild=null, containsDescendants=null, traits=null, index=null, enabled=null, optional=false, selected=null, checked=null, focused=null, childOf=null, css=null), notVisible=null, scriptCondition=null, label=null), sourceDescription=null, config=null, label=null, optional=false)), logMessages=[], insight=Insight(message=, level=NONE), aiReasoning=null, labeledCommand=null)
11:16:02.853 [ INFO] maestro.orchestra.Orchestra.executeSubflowCommands: [Command execution subflow] CommandSkipped: null
11:16:02.854 [ INFO] maestro.cli.runner.MaestroCommandRunner.runCommands$lambda$8: Run flow when "Start comparing properties" is visible SKIPPED
11:16:02.854 [ INFO] maestro.cli.runner.MaestroCommandRunner.runCommands$lambda$0: Run flow when "(?s).*Login / Sign up.*" is not visible RUNNING
11:16:02.855 [ INFO] maestro.cli.runner.MaestroCommandRunner.runCommands$lambda$11: Run flow when "(?s).*Login / Sign up.*" is not visible metadata CommandMetadata(numberOfRuns=null, evaluatedCommand=MaestroCommand(runFlowCommand=RunFlowCommand(commands=[MaestroCommand(waitForAnimationToEndCommand=WaitForAnimationToEndCommand(timeout=5000, label=null, optional=false))], condition=Condition(platform=null, visible=null, notVisible=ElementSelector(textRegex=(?s).*Login / Sign up.*, idRegex=null, size=null, below=null, above=null, leftOf=null, rightOf=null, containsChild=null, containsDescendants=null, traits=null, index=null, enabled=null, optional=false, selected=null, checked=null, focused=null, childOf=null, css=null), scriptCondition=null, label=null), sourceDescription=null, config=null, label=null, optional=false)), logMessages=[], insight=Insight(message=, level=NONE), aiReasoning=null, labeledCommand=null)
11:16:03.083 [ INFO] maestro.orchestra.Orchestra.executeSubflowCommands: [Command execution subflow] CommandSkipped: null
11:16:03.083 [ INFO] maestro.cli.runner.MaestroCommandRunner.runCommands$lambda$8: Run flow when "(?s).*Login / Sign up.*" is not visible SKIPPED
11:16:03.083 [ INFO] maestro.cli.runner.MaestroCommandRunner.runCommands$lambda$11: Repeat 20 times metadata CommandMetadata(numberOfRuns=18, evaluatedCommand=MaestroCommand(repeatCommand=RepeatCommand(times=20, condition=null, commands=[MaestroCommand(runFlowCommand=RunFlowCommand(commands=[MaestroCommand(tapOnElementCommand=TapOnElementCommand(selector=ElementSelector(textRegex=Skip, idRegex=null, size=null, below=null, above=null, leftOf=null, rightOf=null, containsChild=null, containsDescendants=null, traits=null, index=null, enabled=null, optional=false, selected=null, checked=null, focused=null, childOf=null, css=null), retryIfNoChange=false, waitUntilVisible=false, longPress=false, repeat=null, waitToSettleTimeoutMs=null, relativePoint=null, label=null, optional=false))], condition=Condition(platform=null, visible=ElementSelector(textRegex=Skip, idRegex=null, size=null, below=null, above=null, leftOf=null, rightOf=null, containsChild=null, containsDescendants=null, traits=null, index=null, enabled=null, optional=false, selected=null, checked=null, focused=null, childOf=null, css=null), notVisible=null, scriptCondition=null, label=null), sourceDescription=null, config=null, label=null, optional=false)), MaestroCommand(runFlowCommand=RunFlowCommand(commands=[MaestroCommand(tapOnElementCommand=TapOnElementCommand(selector=ElementSelector(textRegex=Dismiss, idRegex=null, size=null, below=null, above=null, leftOf=null, rightOf=null, containsChild=null, containsDescendants=null, traits=null, index=null, enabled=null, optional=false, selected=null, checked=null, focused=null, childOf=null, css=null), retryIfNoChange=false, waitUntilVisible=false, longPress=false, repeat=null, waitToSettleTimeoutMs=null, relativePoint=null, label=null, optional=false))], condition=Condition(platform=null, visible=ElementSelector(textRegex=Dismiss, idRegex=null, size=null, below=null, above=null, leftOf=null, rightOf=null, containsChild=null, containsDescendants=null, traits=null, index=null, enabled=null, optional=false, selected=null, checked=null, focused=null, childOf=null, css=null), notVisible=null, scriptCondition=null, label=null), sourceDescription=null, config=null, label=null, optional=false)), MaestroCommand(runFlowCommand=RunFlowCommand(commands=[MaestroCommand(tapOnElementCommand=TapOnElementCommand(selector=ElementSelector(textRegex=Ok, idRegex=null, size=null, below=null, above=null, leftOf=null, rightOf=null, containsChild=null, containsDescendants=null, traits=null, index=null, enabled=null, optional=false, selected=null, checked=null, focused=null, childOf=null, css=null), retryIfNoChange=false, waitUntilVisible=false, longPress=false, repeat=null, waitToSettleTimeoutMs=null, relativePoint=null, label=null, optional=false))], condition=Condition(platform=null, visible=ElementSelector(textRegex=Ok, idRegex=null, size=null, below=null, above=null, leftOf=null, rightOf=null, containsChild=null, containsDescendants=null, traits=null, index=null, enabled=null, optional=false, selected=null, checked=null, focused=null, childOf=null, css=null), notVisible=null, scriptCondition=null, label=null), sourceDescription=null, config=null, label=null, optional=false)), MaestroCommand(runFlowCommand=RunFlowCommand(commands=[MaestroCommand(backPressCommand=BackPressCommand())], condition=Condition(platform=null, visible=ElementSelector(textRegex=Marketplace Day, idRegex=null, size=null, below=null, above=null, leftOf=null, rightOf=null, containsChild=null, containsDescendants=null, traits=null, index=null, enabled=null, optional=false, selected=null, checked=null, focused=null, childOf=null, css=null), notVisible=null, scriptCondition=null, label=null), sourceDescription=null, config=null, label=null, optional=false)), MaestroCommand(runFlowCommand=RunFlowCommand(commands=[MaestroCommand(backPressCommand=BackPressCommand())], condition=Condition(platform=null, visible=ElementSelector(textRegex=Start comparing properties, idRegex=null, size=null, below=null, above=null, leftOf=null, rightOf=null, containsChild=null, containsDescendants=null, traits=null, index=null, enabled=null, optional=false, selected=null, checked=null, focused=null, childOf=null, css=null), notVisible=null, scriptCondition=null, label=null), sourceDescription=null, config=null, label=null, optional=false)), MaestroCommand(runFlowCommand=RunFlowCommand(commands=[MaestroCommand(waitForAnimationToEndCommand=WaitForAnimationToEndCommand(timeout=5000, label=null, optional=false))], condition=Condition(platform=null, visible=null, notVisible=ElementSelector(textRegex=(?s).*Login / Sign up.*, idRegex=null, size=null, below=null, above=null, leftOf=null, rightOf=null, containsChild=null, containsDescendants=null, traits=null, index=null, enabled=null, optional=false, selected=null, checked=null, focused=null, childOf=null, css=null), scriptCondition=null, label=null), sourceDescription=null, config=null, label=null, optional=false))], label=null, optional=false)), logMessages=[], insight=Insight(message=, level=NONE), aiReasoning=null, labeledCommand=null)
11:16:03.083 [ INFO] maestro.cli.runner.MaestroCommandRunner.runCommands$lambda$10: Run flow when "Skip" is visible PENDING
11:16:03.083 [ INFO] maestro.cli.runner.MaestroCommandRunner.runCommands$lambda$10: Tap on "Skip" PENDING
11:16:03.083 [ INFO] maestro.cli.runner.MaestroCommandRunner.runCommands$lambda$10: Run flow when "Dismiss" is visible PENDING
11:16:03.083 [ INFO] maestro.cli.runner.MaestroCommandRunner.runCommands$lambda$10: Tap on "Dismiss" PENDING
11:16:03.083 [ INFO] maestro.cli.runner.MaestroCommandRunner.runCommands$lambda$10: Run flow when "Ok" is visible PENDING
11:16:03.084 [ INFO] maestro.cli.runner.MaestroCommandRunner.runCommands$lambda$10: Tap on "Ok" PENDING
11:16:03.084 [ INFO] maestro.cli.runner.MaestroCommandRunner.runCommands$lambda$10: Run flow when "Marketplace Day" is visible PENDING
11:16:03.084 [ INFO] maestro.cli.runner.MaestroCommandRunner.runCommands$lambda$10: Press back PENDING
11:16:03.084 [ INFO] maestro.cli.runner.MaestroCommandRunner.runCommands$lambda$10: Run flow when "Start comparing properties" is visible PENDING
11:16:03.084 [ INFO] maestro.cli.runner.MaestroCommandRunner.runCommands$lambda$10: Press back PENDING
11:16:03.084 [ INFO] maestro.cli.runner.MaestroCommandRunner.runCommands$lambda$10: Run flow when "(?s).*Login / Sign up.*" is not visible PENDING
11:16:03.084 [ INFO] maestro.cli.runner.MaestroCommandRunner.runCommands$lambda$10: Wait for animation to end within 5000 ms PENDING
11:16:03.084 [ INFO] maestro.cli.runner.MaestroCommandRunner.runCommands$lambda$0: Run flow when "Skip" is visible RUNNING
11:16:03.084 [ INFO] maestro.cli.runner.MaestroCommandRunner.runCommands$lambda$11: Run flow when "Skip" is visible metadata CommandMetadata(numberOfRuns=null, evaluatedCommand=MaestroCommand(runFlowCommand=RunFlowCommand(commands=[MaestroCommand(tapOnElementCommand=TapOnElementCommand(selector=ElementSelector(textRegex=Skip, idRegex=null, size=null, below=null, above=null, leftOf=null, rightOf=null, containsChild=null, containsDescendants=null, traits=null, index=null, enabled=null, optional=false, selected=null, checked=null, focused=null, childOf=null, css=null), retryIfNoChange=false, waitUntilVisible=false, longPress=false, repeat=null, waitToSettleTimeoutMs=null, relativePoint=null, label=null, optional=false))], condition=Condition(platform=null, visible=ElementSelector(textRegex=Skip, idRegex=null, size=null, below=null, above=null, leftOf=null, rightOf=null, containsChild=null, containsDescendants=null, traits=null, index=null, enabled=null, optional=false, selected=null, checked=null, focused=null, childOf=null, css=null), notVisible=null, scriptCondition=null, label=null), sourceDescription=null, config=null, label=null, optional=false)), logMessages=[], insight=Insight(message=, level=NONE), aiReasoning=null, labeledCommand=null)
11:16:03.510 [ INFO] maestro.orchestra.Orchestra.executeSubflowCommands: [Command execution subflow] CommandSkipped: null
11:16:03.510 [ INFO] maestro.cli.runner.MaestroCommandRunner.runCommands$lambda$8: Run flow when "Skip" is visible SKIPPED
11:16:03.510 [ INFO] maestro.cli.runner.MaestroCommandRunner.runCommands$lambda$0: Run flow when "Dismiss" is visible RUNNING
11:16:03.511 [ INFO] maestro.cli.runner.MaestroCommandRunner.runCommands$lambda$11: Run flow when "Dismiss" is visible metadata CommandMetadata(numberOfRuns=null, evaluatedCommand=MaestroCommand(runFlowCommand=RunFlowCommand(commands=[MaestroCommand(tapOnElementCommand=TapOnElementCommand(selector=ElementSelector(textRegex=Dismiss, idRegex=null, size=null, below=null, above=null, leftOf=null, rightOf=null, containsChild=null, containsDescendants=null, traits=null, index=null, enabled=null, optional=false, selected=null, checked=null, focused=null, childOf=null, css=null), retryIfNoChange=false, waitUntilVisible=false, longPress=false, repeat=null, waitToSettleTimeoutMs=null, relativePoint=null, label=null, optional=false))], condition=Condition(platform=null, visible=ElementSelector(textRegex=Dismiss, idRegex=null, size=null, below=null, above=null, leftOf=null, rightOf=null, containsChild=null, containsDescendants=null, traits=null, index=null, enabled=null, optional=false, selected=null, checked=null, focused=null, childOf=null, css=null), notVisible=null, scriptCondition=null, label=null), sourceDescription=null, config=null, label=null, optional=false)), logMessages=[], insight=Insight(message=, level=NONE), aiReasoning=null, labeledCommand=null)
11:16:03.819 [ INFO] maestro.orchestra.Orchestra.executeSubflowCommands: [Command execution subflow] CommandSkipped: null
11:16:03.819 [ INFO] maestro.cli.runner.MaestroCommandRunner.runCommands$lambda$8: Run flow when "Dismiss" is visible SKIPPED
11:16:03.819 [ INFO] maestro.cli.runner.MaestroCommandRunner.runCommands$lambda$0: Run flow when "Ok" is visible RUNNING
11:16:03.820 [ INFO] maestro.cli.runner.MaestroCommandRunner.runCommands$lambda$11: Run flow when "Ok" is visible metadata CommandMetadata(numberOfRuns=null, evaluatedCommand=MaestroCommand(runFlowCommand=RunFlowCommand(commands=[MaestroCommand(tapOnElementCommand=TapOnElementCommand(selector=ElementSelector(textRegex=Ok, idRegex=null, size=null, below=null, above=null, leftOf=null, rightOf=null, containsChild=null, containsDescendants=null, traits=null, index=null, enabled=null, optional=false, selected=null, checked=null, focused=null, childOf=null, css=null), retryIfNoChange=false, waitUntilVisible=false, longPress=false, repeat=null, waitToSettleTimeoutMs=null, relativePoint=null, label=null, optional=false))], condition=Condition(platform=null, visible=ElementSelector(textRegex=Ok, idRegex=null, size=null, below=null, above=null, leftOf=null, rightOf=null, containsChild=null, containsDescendants=null, traits=null, index=null, enabled=null, optional=false, selected=null, checked=null, focused=null, childOf=null, css=null), notVisible=null, scriptCondition=null, label=null), sourceDescription=null, config=null, label=null, optional=false)), logMessages=[], insight=Insight(message=, level=NONE), aiReasoning=null, labeledCommand=null)
11:16:04.181 [ INFO] maestro.orchestra.Orchestra.executeSubflowCommands: [Command execution subflow] CommandSkipped: null
11:16:04.181 [ INFO] maestro.cli.runner.MaestroCommandRunner.runCommands$lambda$8: Run flow when "Ok" is visible SKIPPED
11:16:04.182 [ INFO] maestro.cli.runner.MaestroCommandRunner.runCommands$lambda$0: Run flow when "Marketplace Day" is visible RUNNING
11:16:04.182 [ INFO] maestro.cli.runner.MaestroCommandRunner.runCommands$lambda$11: Run flow when "Marketplace Day" is visible metadata CommandMetadata(numberOfRuns=null, evaluatedCommand=MaestroCommand(runFlowCommand=RunFlowCommand(commands=[MaestroCommand(backPressCommand=BackPressCommand())], condition=Condition(platform=null, visible=ElementSelector(textRegex=Marketplace Day, idRegex=null, size=null, below=null, above=null, leftOf=null, rightOf=null, containsChild=null, containsDescendants=null, traits=null, index=null, enabled=null, optional=false, selected=null, checked=null, focused=null, childOf=null, css=null), notVisible=null, scriptCondition=null, label=null), sourceDescription=null, config=null, label=null, optional=false)), logMessages=[], insight=Insight(message=, level=NONE), aiReasoning=null, labeledCommand=null)
11:16:04.536 [ INFO] maestro.orchestra.Orchestra.executeSubflowCommands: [Command execution subflow] CommandSkipped: null
11:16:04.536 [ INFO] maestro.cli.runner.MaestroCommandRunner.runCommands$lambda$8: Run flow when "Marketplace Day" is visible SKIPPED
11:16:04.536 [ INFO] maestro.cli.runner.MaestroCommandRunner.runCommands$lambda$0: Run flow when "Start comparing properties" is visible RUNNING
11:16:04.537 [ INFO] maestro.cli.runner.MaestroCommandRunner.runCommands$lambda$11: Run flow when "Start comparing properties" is visible metadata CommandMetadata(numberOfRuns=null, evaluatedCommand=MaestroCommand(runFlowCommand=RunFlowCommand(commands=[MaestroCommand(backPressCommand=BackPressCommand())], condition=Condition(platform=null, visible=ElementSelector(textRegex=Start comparing properties, idRegex=null, size=null, below=null, above=null, leftOf=null, rightOf=null, containsChild=null, containsDescendants=null, traits=null, index=null, enabled=null, optional=false, selected=null, checked=null, focused=null, childOf=null, css=null), notVisible=null, scriptCondition=null, label=null), sourceDescription=null, config=null, label=null, optional=false)), logMessages=[], insight=Insight(message=, level=NONE), aiReasoning=null, labeledCommand=null)
11:16:05.562 [ERROR] maestro.cli.session.MaestroSessionManager.newSession$lambda$0: Failed to record heartbeat
java.io.IOException: The process cannot access the file because another process has locked a portion of the file
	at java.base/java.io.FileOutputStream.writeBytes(Native Method)
	at java.base/java.io.FileOutputStream.write(FileOutputStream.java:332)
	at kotlin.io.FilesKt__FileReadWriteKt.writeTextImpl(FileReadWrite.kt:160)
	at kotlin.io.FilesKt__FileReadWriteKt.writeText(FileReadWrite.kt:145)
	at kotlin.io.FilesKt__FileReadWriteKt.writeText$default(FileReadWrite.kt:144)
	at maestro.cli.db.KeyValueStore.commit(KeyValueStore.kt:50)
	at maestro.cli.db.KeyValueStore.set$lambda$3$lambda$2(KeyValueStore.kt:23)
	at maestro.cli.db.KeyValueStore.withFileLock(KeyValueStore.kt:62)
	at maestro.cli.db.KeyValueStore.set(KeyValueStore.kt:20)
	at maestro.cli.session.SessionStore.heartbeat(SessionStore.kt:12)
	at maestro.cli.session.MaestroSessionManager.newSession$lambda$0(MaestroSessionManager.kt:98)
	at java.base/java.util.concurrent.Executors$RunnableAdapter.call(Executors.java:545)
	at java.base/java.util.concurrent.FutureTask.runAndReset(FutureTask.java:371)
	at java.base/java.util.concurrent.ScheduledThreadPoolExecutor$ScheduledFutureTask.run(ScheduledThreadPoolExecutor.java:310)
	at java.base/java.util.concurrent.ThreadPoolExecutor.runWorker(ThreadPoolExecutor.java:1090)
	at java.base/java.util.concurrent.ThreadPoolExecutor$Worker.run(ThreadPoolExecutor.java:614)
	at java.base/java.lang.Thread.run(Thread.java:1516)
11:16:06.076 [ INFO] maestro.orchestra.Orchestra.executeSubflowCommands: [Command execution subflow] CommandSkipped: null
11:16:06.076 [ INFO] maestro.cli.runner.MaestroCommandRunner.runCommands$lambda$8: Run flow when "Start comparing properties" is visible SKIPPED
11:16:06.077 [ INFO] maestro.cli.runner.MaestroCommandRunner.runCommands$lambda$0: Run flow when "(?s).*Login / Sign up.*" is not visible RUNNING
11:16:06.077 [ INFO] maestro.cli.runner.MaestroCommandRunner.runCommands$lambda$11: Run flow when "(?s).*Login / Sign up.*" is not visible metadata CommandMetadata(numberOfRuns=null, evaluatedCommand=MaestroCommand(runFlowCommand=RunFlowCommand(commands=[MaestroCommand(waitForAnimationToEndCommand=WaitForAnimationToEndCommand(timeout=5000, label=null, optional=false))], condition=Condition(platform=null, visible=null, notVisible=ElementSelector(textRegex=(?s).*Login / Sign up.*, idRegex=null, size=null, below=null, above=null, leftOf=null, rightOf=null, containsChild=null, containsDescendants=null, traits=null, index=null, enabled=null, optional=false, selected=null, checked=null, focused=null, childOf=null, css=null), scriptCondition=null, label=null), sourceDescription=null, config=null, label=null, optional=false)), logMessages=[], insight=Insight(message=, level=NONE), aiReasoning=null, labeledCommand=null)
11:16:06.267 [ INFO] maestro.orchestra.Orchestra.executeSubflowCommands: [Command execution subflow] CommandSkipped: null
11:16:06.267 [ INFO] maestro.cli.runner.MaestroCommandRunner.runCommands$lambda$8: Run flow when "(?s).*Login / Sign up.*" is not visible SKIPPED
11:16:06.268 [ INFO] maestro.cli.runner.MaestroCommandRunner.runCommands$lambda$11: Repeat 20 times metadata CommandMetadata(numberOfRuns=19, evaluatedCommand=MaestroCommand(repeatCommand=RepeatCommand(times=20, condition=null, commands=[MaestroCommand(runFlowCommand=RunFlowCommand(commands=[MaestroCommand(tapOnElementCommand=TapOnElementCommand(selector=ElementSelector(textRegex=Skip, idRegex=null, size=null, below=null, above=null, leftOf=null, rightOf=null, containsChild=null, containsDescendants=null, traits=null, index=null, enabled=null, optional=false, selected=null, checked=null, focused=null, childOf=null, css=null), retryIfNoChange=false, waitUntilVisible=false, longPress=false, repeat=null, waitToSettleTimeoutMs=null, relativePoint=null, label=null, optional=false))], condition=Condition(platform=null, visible=ElementSelector(textRegex=Skip, idRegex=null, size=null, below=null, above=null, leftOf=null, rightOf=null, containsChild=null, containsDescendants=null, traits=null, index=null, enabled=null, optional=false, selected=null, checked=null, focused=null, childOf=null, css=null), notVisible=null, scriptCondition=null, label=null), sourceDescription=null, config=null, label=null, optional=false)), MaestroCommand(runFlowCommand=RunFlowCommand(commands=[MaestroCommand(tapOnElementCommand=TapOnElementCommand(selector=ElementSelector(textRegex=Dismiss, idRegex=null, size=null, below=null, above=null, leftOf=null, rightOf=null, containsChild=null, containsDescendants=null, traits=null, index=null, enabled=null, optional=false, selected=null, checked=null, focused=null, childOf=null, css=null), retryIfNoChange=false, waitUntilVisible=false, longPress=false, repeat=null, waitToSettleTimeoutMs=null, relativePoint=null, label=null, optional=false))], condition=Condition(platform=null, visible=ElementSelector(textRegex=Dismiss, idRegex=null, size=null, below=null, above=null, leftOf=null, rightOf=null, containsChild=null, containsDescendants=null, traits=null, index=null, enabled=null, optional=false, selected=null, checked=null, focused=null, childOf=null, css=null), notVisible=null, scriptCondition=null, label=null), sourceDescription=null, config=null, label=null, optional=false)), MaestroCommand(runFlowCommand=RunFlowCommand(commands=[MaestroCommand(tapOnElementCommand=TapOnElementCommand(selector=ElementSelector(textRegex=Ok, idRegex=null, size=null, below=null, above=null, leftOf=null, rightOf=null, containsChild=null, containsDescendants=null, traits=null, index=null, enabled=null, optional=false, selected=null, checked=null, focused=null, childOf=null, css=null), retryIfNoChange=false, waitUntilVisible=false, longPress=false, repeat=null, waitToSettleTimeoutMs=null, relativePoint=null, label=null, optional=false))], condition=Condition(platform=null, visible=ElementSelector(textRegex=Ok, idRegex=null, size=null, below=null, above=null, leftOf=null, rightOf=null, containsChild=null, containsDescendants=null, traits=null, index=null, enabled=null, optional=false, selected=null, checked=null, focused=null, childOf=null, css=null), notVisible=null, scriptCondition=null, label=null), sourceDescription=null, config=null, label=null, optional=false)), MaestroCommand(runFlowCommand=RunFlowCommand(commands=[MaestroCommand(backPressCommand=BackPressCommand())], condition=Condition(platform=null, visible=ElementSelector(textRegex=Marketplace Day, idRegex=null, size=null, below=null, above=null, leftOf=null, rightOf=null, containsChild=null, containsDescendants=null, traits=null, index=null, enabled=null, optional=false, selected=null, checked=null, focused=null, childOf=null, css=null), notVisible=null, scriptCondition=null, label=null), sourceDescription=null, config=null, label=null, optional=false)), MaestroCommand(runFlowCommand=RunFlowCommand(commands=[MaestroCommand(backPressCommand=BackPressCommand())], condition=Condition(platform=null, visible=ElementSelector(textRegex=Start comparing properties, idRegex=null, size=null, below=null, above=null, leftOf=null, rightOf=null, containsChild=null, containsDescendants=null, traits=null, index=null, enabled=null, optional=false, selected=null, checked=null, focused=null, childOf=null, css=null), notVisible=null, scriptCondition=null, label=null), sourceDescription=null, config=null, label=null, optional=false)), MaestroCommand(runFlowCommand=RunFlowCommand(commands=[MaestroCommand(waitForAnimationToEndCommand=WaitForAnimationToEndCommand(timeout=5000, label=null, optional=false))], condition=Condition(platform=null, visible=null, notVisible=ElementSelector(textRegex=(?s).*Login / Sign up.*, idRegex=null, size=null, below=null, above=null, leftOf=null, rightOf=null, containsChild=null, containsDescendants=null, traits=null, index=null, enabled=null, optional=false, selected=null, checked=null, focused=null, childOf=null, css=null), scriptCondition=null, label=null), sourceDescription=null, config=null, label=null, optional=false))], label=null, optional=false)), logMessages=[], insight=Insight(message=, level=NONE), aiReasoning=null, labeledCommand=null)
11:16:06.268 [ INFO] maestro.cli.runner.MaestroCommandRunner.runCommands$lambda$10: Run flow when "Skip" is visible PENDING
11:16:06.268 [ INFO] maestro.cli.runner.MaestroCommandRunner.runCommands$lambda$10: Tap on "Skip" PENDING
11:16:06.269 [ INFO] maestro.cli.runner.MaestroCommandRunner.runCommands$lambda$10: Run flow when "Dismiss" is visible PENDING
11:16:06.269 [ INFO] maestro.cli.runner.MaestroCommandRunner.runCommands$lambda$10: Tap on "Dismiss" PENDING
11:16:06.269 [ INFO] maestro.cli.runner.MaestroCommandRunner.runCommands$lambda$10: Run flow when "Ok" is visible PENDING
11:16:06.269 [ INFO] maestro.cli.runner.MaestroCommandRunner.runCommands$lambda$10: Tap on "Ok" PENDING
11:16:06.270 [ INFO] maestro.cli.runner.MaestroCommandRunner.runCommands$lambda$10: Run flow when "Marketplace Day" is visible PENDING
11:16:06.270 [ INFO] maestro.cli.runner.MaestroCommandRunner.runCommands$lambda$10: Press back PENDING
11:16:06.270 [ INFO] maestro.cli.runner.MaestroCommandRunner.runCommands$lambda$10: Run flow when "Start comparing properties" is visible PENDING
11:16:06.271 [ INFO] maestro.cli.runner.MaestroCommandRunner.runCommands$lambda$10: Press back PENDING
11:16:06.271 [ INFO] maestro.cli.runner.MaestroCommandRunner.runCommands$lambda$10: Run flow when "(?s).*Login / Sign up.*" is not visible PENDING
11:16:06.271 [ INFO] maestro.cli.runner.MaestroCommandRunner.runCommands$lambda$10: Wait for animation to end within 5000 ms PENDING
11:16:06.271 [ INFO] maestro.cli.runner.MaestroCommandRunner.runCommands$lambda$0: Run flow when "Skip" is visible RUNNING
11:16:06.272 [ INFO] maestro.cli.runner.MaestroCommandRunner.runCommands$lambda$11: Run flow when "Skip" is visible metadata CommandMetadata(numberOfRuns=null, evaluatedCommand=MaestroCommand(runFlowCommand=RunFlowCommand(commands=[MaestroCommand(tapOnElementCommand=TapOnElementCommand(selector=ElementSelector(textRegex=Skip, idRegex=null, size=null, below=null, above=null, leftOf=null, rightOf=null, containsChild=null, containsDescendants=null, traits=null, index=null, enabled=null, optional=false, selected=null, checked=null, focused=null, childOf=null, css=null), retryIfNoChange=false, waitUntilVisible=false, longPress=false, repeat=null, waitToSettleTimeoutMs=null, relativePoint=null, label=null, optional=false))], condition=Condition(platform=null, visible=ElementSelector(textRegex=Skip, idRegex=null, size=null, below=null, above=null, leftOf=null, rightOf=null, containsChild=null, containsDescendants=null, traits=null, index=null, enabled=null, optional=false, selected=null, checked=null, focused=null, childOf=null, css=null), notVisible=null, scriptCondition=null, label=null), sourceDescription=null, config=null, label=null, optional=false)), logMessages=[], insight=Insight(message=, level=NONE), aiReasoning=null, labeledCommand=null)
11:16:06.711 [ INFO] maestro.orchestra.Orchestra.executeSubflowCommands: [Command execution subflow] CommandSkipped: null
11:16:06.712 [ INFO] maestro.cli.runner.MaestroCommandRunner.runCommands$lambda$8: Run flow when "Skip" is visible SKIPPED
11:16:06.712 [ INFO] maestro.cli.runner.MaestroCommandRunner.runCommands$lambda$0: Run flow when "Dismiss" is visible RUNNING
11:16:06.712 [ INFO] maestro.cli.runner.MaestroCommandRunner.runCommands$lambda$11: Run flow when "Dismiss" is visible metadata CommandMetadata(numberOfRuns=null, evaluatedCommand=MaestroCommand(runFlowCommand=RunFlowCommand(commands=[MaestroCommand(tapOnElementCommand=TapOnElementCommand(selector=ElementSelector(textRegex=Dismiss, idRegex=null, size=null, below=null, above=null, leftOf=null, rightOf=null, containsChild=null, containsDescendants=null, traits=null, index=null, enabled=null, optional=false, selected=null, checked=null, focused=null, childOf=null, css=null), retryIfNoChange=false, waitUntilVisible=false, longPress=false, repeat=null, waitToSettleTimeoutMs=null, relativePoint=null, label=null, optional=false))], condition=Condition(platform=null, visible=ElementSelector(textRegex=Dismiss, idRegex=null, size=null, below=null, above=null, leftOf=null, rightOf=null, containsChild=null, containsDescendants=null, traits=null, index=null, enabled=null, optional=false, selected=null, checked=null, focused=null, childOf=null, css=null), notVisible=null, scriptCondition=null, label=null), sourceDescription=null, config=null, label=null, optional=false)), logMessages=[], insight=Insight(message=, level=NONE), aiReasoning=null, labeledCommand=null)
11:16:07.277 [ INFO] maestro.orchestra.Orchestra.executeSubflowCommands: [Command execution subflow] CommandSkipped: null
11:16:07.277 [ INFO] maestro.cli.runner.MaestroCommandRunner.runCommands$lambda$8: Run flow when "Dismiss" is visible SKIPPED
11:16:07.277 [ INFO] maestro.cli.runner.MaestroCommandRunner.runCommands$lambda$0: Run flow when "Ok" is visible RUNNING
11:16:07.278 [ INFO] maestro.cli.runner.MaestroCommandRunner.runCommands$lambda$11: Run flow when "Ok" is visible metadata CommandMetadata(numberOfRuns=null, evaluatedCommand=MaestroCommand(runFlowCommand=RunFlowCommand(commands=[MaestroCommand(tapOnElementCommand=TapOnElementCommand(selector=ElementSelector(textRegex=Ok, idRegex=null, size=null, below=null, above=null, leftOf=null, rightOf=null, containsChild=null, containsDescendants=null, traits=null, index=null, enabled=null, optional=false, selected=null, checked=null, focused=null, childOf=null, css=null), retryIfNoChange=false, waitUntilVisible=false, longPress=false, repeat=null, waitToSettleTimeoutMs=null, relativePoint=null, label=null, optional=false))], condition=Condition(platform=null, visible=ElementSelector(textRegex=Ok, idRegex=null, size=null, below=null, above=null, leftOf=null, rightOf=null, containsChild=null, containsDescendants=null, traits=null, index=null, enabled=null, optional=false, selected=null, checked=null, focused=null, childOf=null, css=null), notVisible=null, scriptCondition=null, label=null), sourceDescription=null, config=null, label=null, optional=false)), logMessages=[], insight=Insight(message=, level=NONE), aiReasoning=null, labeledCommand=null)
11:16:07.634 [ INFO] maestro.orchestra.Orchestra.executeSubflowCommands: [Command execution subflow] CommandSkipped: null
11:16:07.634 [ INFO] maestro.cli.runner.MaestroCommandRunner.runCommands$lambda$8: Run flow when "Ok" is visible SKIPPED
11:16:07.635 [ INFO] maestro.cli.runner.MaestroCommandRunner.runCommands$lambda$0: Run flow when "Marketplace Day" is visible RUNNING
11:16:07.635 [ INFO] maestro.cli.runner.MaestroCommandRunner.runCommands$lambda$11: Run flow when "Marketplace Day" is visible metadata CommandMetadata(numberOfRuns=null, evaluatedCommand=MaestroCommand(runFlowCommand=RunFlowCommand(commands=[MaestroCommand(backPressCommand=BackPressCommand())], condition=Condition(platform=null, visible=ElementSelector(textRegex=Marketplace Day, idRegex=null, size=null, below=null, above=null, leftOf=null, rightOf=null, containsChild=null, containsDescendants=null, traits=null, index=null, enabled=null, optional=false, selected=null, checked=null, focused=null, childOf=null, css=null), notVisible=null, scriptCondition=null, label=null), sourceDescription=null, config=null, label=null, optional=false)), logMessages=[], insight=Insight(message=, level=NONE), aiReasoning=null, labeledCommand=null)
11:16:07.903 [ INFO] maestro.orchestra.Orchestra.executeSubflowCommands: [Command execution subflow] CommandSkipped: null
11:16:07.903 [ INFO] maestro.cli.runner.MaestroCommandRunner.runCommands$lambda$8: Run flow when "Marketplace Day" is visible SKIPPED
11:16:07.903 [ INFO] maestro.cli.runner.MaestroCommandRunner.runCommands$lambda$0: Run flow when "Start comparing properties" is visible RUNNING
11:16:07.903 [ INFO] maestro.cli.runner.MaestroCommandRunner.runCommands$lambda$11: Run flow when "Start comparing properties" is visible metadata CommandMetadata(numberOfRuns=null, evaluatedCommand=MaestroCommand(runFlowCommand=RunFlowCommand(commands=[MaestroCommand(backPressCommand=BackPressCommand())], condition=Condition(platform=null, visible=ElementSelector(textRegex=Start comparing properties, idRegex=null, size=null, below=null, above=null, leftOf=null, rightOf=null, containsChild=null, containsDescendants=null, traits=null, index=null, enabled=null, optional=false, selected=null, checked=null, focused=null, childOf=null, css=null), notVisible=null, scriptCondition=null, label=null), sourceDescription=null, config=null, label=null, optional=false)), logMessages=[], insight=Insight(message=, level=NONE), aiReasoning=null, labeledCommand=null)
11:16:08.249 [ INFO] maestro.orchestra.Orchestra.executeSubflowCommands: [Command execution subflow] CommandSkipped: null
11:16:08.250 [ INFO] maestro.cli.runner.MaestroCommandRunner.runCommands$lambda$8: Run flow when "Start comparing properties" is visible SKIPPED
11:16:08.250 [ INFO] maestro.cli.runner.MaestroCommandRunner.runCommands$lambda$0: Run flow when "(?s).*Login / Sign up.*" is not visible RUNNING
11:16:08.250 [ INFO] maestro.cli.runner.MaestroCommandRunner.runCommands$lambda$11: Run flow when "(?s).*Login / Sign up.*" is not visible metadata CommandMetadata(numberOfRuns=null, evaluatedCommand=MaestroCommand(runFlowCommand=RunFlowCommand(commands=[MaestroCommand(waitForAnimationToEndCommand=WaitForAnimationToEndCommand(timeout=5000, label=null, optional=false))], condition=Condition(platform=null, visible=null, notVisible=ElementSelector(textRegex=(?s).*Login / Sign up.*, idRegex=null, size=null, below=null, above=null, leftOf=null, rightOf=null, containsChild=null, containsDescendants=null, traits=null, index=null, enabled=null, optional=false, selected=null, checked=null, focused=null, childOf=null, css=null), scriptCondition=null, label=null), sourceDescription=null, config=null, label=null, optional=false)), logMessages=[], insight=Insight(message=, level=NONE), aiReasoning=null, labeledCommand=null)
11:16:08.431 [ INFO] maestro.orchestra.Orchestra.executeSubflowCommands: [Command execution subflow] CommandSkipped: null
11:16:08.431 [ INFO] maestro.cli.runner.MaestroCommandRunner.runCommands$lambda$8: Run flow when "(?s).*Login / Sign up.*" is not visible SKIPPED
11:16:08.432 [ INFO] maestro.cli.runner.MaestroCommandRunner.runCommands$lambda$11: Repeat 20 times metadata CommandMetadata(numberOfRuns=20, evaluatedCommand=MaestroCommand(repeatCommand=RepeatCommand(times=20, condition=null, commands=[MaestroCommand(runFlowCommand=RunFlowCommand(commands=[MaestroCommand(tapOnElementCommand=TapOnElementCommand(selector=ElementSelector(textRegex=Skip, idRegex=null, size=null, below=null, above=null, leftOf=null, rightOf=null, containsChild=null, containsDescendants=null, traits=null, index=null, enabled=null, optional=false, selected=null, checked=null, focused=null, childOf=null, css=null), retryIfNoChange=false, waitUntilVisible=false, longPress=false, repeat=null, waitToSettleTimeoutMs=null, relativePoint=null, label=null, optional=false))], condition=Condition(platform=null, visible=ElementSelector(textRegex=Skip, idRegex=null, size=null, below=null, above=null, leftOf=null, rightOf=null, containsChild=null, containsDescendants=null, traits=null, index=null, enabled=null, optional=false, selected=null, checked=null, focused=null, childOf=null, css=null), notVisible=null, scriptCondition=null, label=null), sourceDescription=null, config=null, label=null, optional=false)), MaestroCommand(runFlowCommand=RunFlowCommand(commands=[MaestroCommand(tapOnElementCommand=TapOnElementCommand(selector=ElementSelector(textRegex=Dismiss, idRegex=null, size=null, below=null, above=null, leftOf=null, rightOf=null, containsChild=null, containsDescendants=null, traits=null, index=null, enabled=null, optional=false, selected=null, checked=null, focused=null, childOf=null, css=null), retryIfNoChange=false, waitUntilVisible=false, longPress=false, repeat=null, waitToSettleTimeoutMs=null, relativePoint=null, label=null, optional=false))], condition=Condition(platform=null, visible=ElementSelector(textRegex=Dismiss, idRegex=null, size=null, below=null, above=null, leftOf=null, rightOf=null, containsChild=null, containsDescendants=null, traits=null, index=null, enabled=null, optional=false, selected=null, checked=null, focused=null, childOf=null, css=null), notVisible=null, scriptCondition=null, label=null), sourceDescription=null, config=null, label=null, optional=false)), MaestroCommand(runFlowCommand=RunFlowCommand(commands=[MaestroCommand(tapOnElementCommand=TapOnElementCommand(selector=ElementSelector(textRegex=Ok, idRegex=null, size=null, below=null, above=null, leftOf=null, rightOf=null, containsChild=null, containsDescendants=null, traits=null, index=null, enabled=null, optional=false, selected=null, checked=null, focused=null, childOf=null, css=null), retryIfNoChange=false, waitUntilVisible=false, longPress=false, repeat=null, waitToSettleTimeoutMs=null, relativePoint=null, label=null, optional=false))], condition=Condition(platform=null, visible=ElementSelector(textRegex=Ok, idRegex=null, size=null, below=null, above=null, leftOf=null, rightOf=null, containsChild=null, containsDescendants=null, traits=null, index=null, enabled=null, optional=false, selected=null, checked=null, focused=null, childOf=null, css=null), notVisible=null, scriptCondition=null, label=null), sourceDescription=null, config=null, label=null, optional=false)), MaestroCommand(runFlowCommand=RunFlowCommand(commands=[MaestroCommand(backPressCommand=BackPressCommand())], condition=Condition(platform=null, visible=ElementSelector(textRegex=Marketplace Day, idRegex=null, size=null, below=null, above=null, leftOf=null, rightOf=null, containsChild=null, containsDescendants=null, traits=null, index=null, enabled=null, optional=false, selected=null, checked=null, focused=null, childOf=null, css=null), notVisible=null, scriptCondition=null, label=null), sourceDescription=null, config=null, label=null, optional=false)), MaestroCommand(runFlowCommand=RunFlowCommand(commands=[MaestroCommand(backPressCommand=BackPressCommand())], condition=Condition(platform=null, visible=ElementSelector(textRegex=Start comparing properties, idRegex=null, size=null, below=null, above=null, leftOf=null, rightOf=null, containsChild=null, containsDescendants=null, traits=null, index=null, enabled=null, optional=false, selected=null, checked=null, focused=null, childOf=null, css=null), notVisible=null, scriptCondition=null, label=null), sourceDescription=null, config=null, label=null, optional=false)), MaestroCommand(runFlowCommand=RunFlowCommand(commands=[MaestroCommand(waitForAnimationToEndCommand=WaitForAnimationToEndCommand(timeout=5000, label=null, optional=false))], condition=Condition(platform=null, visible=null, notVisible=ElementSelector(textRegex=(?s).*Login / Sign up.*, idRegex=null, size=null, below=null, above=null, leftOf=null, rightOf=null, containsChild=null, containsDescendants=null, traits=null, index=null, enabled=null, optional=false, selected=null, checked=null, focused=null, childOf=null, css=null), scriptCondition=null, label=null), sourceDescription=null, config=null, label=null, optional=false))], label=null, optional=false)), logMessages=[], insight=Insight(message=, level=NONE), aiReasoning=null, labeledCommand=null)
11:16:08.432 [ INFO] maestro.cli.runner.MaestroCommandRunner.runCommands$lambda$2: Repeat 20 times COMPLETED
11:16:08.432 [ INFO] maestro.cli.runner.MaestroCommandRunner.runCommands$lambda$0: Assert that "Home\s*Tab 1 of 4" is visible RUNNING
11:16:08.435 [ INFO] maestro.cli.runner.MaestroCommandRunner.runCommands$lambda$11: Assert that "Home\s*Tab 1 of 4" is visible metadata CommandMetadata(numberOfRuns=null, evaluatedCommand=MaestroCommand(assertConditionCommand=AssertConditionCommand(condition=Condition(platform=null, visible=ElementSelector(textRegex=Home\s*Tab 1 of 4, idRegex=null, size=null, below=null, above=null, leftOf=null, rightOf=null, containsChild=null, containsDescendants=null, traits=null, index=null, enabled=null, optional=false, selected=null, checked=null, focused=null, childOf=null, css=null), notVisible=null, scriptCondition=null, label=null), timeout=30000, label=null, optional=false)), logMessages=[], insight=Insight(message=, level=NONE), aiReasoning=null, labeledCommand=null)
11:16:08.627 [ INFO] maestro.cli.runner.MaestroCommandRunner.runCommands$lambda$2: Assert that "Home\s*Tab 1 of 4" is visible COMPLETED
11:16:08.628 [ INFO] maestro.cli.runner.MaestroCommandRunner.runCommands$lambda$0: Assert that "Explore\s*Tab 2 of 4" is visible RUNNING
11:16:08.628 [ INFO] maestro.cli.runner.MaestroCommandRunner.runCommands$lambda$11: Assert that "Explore\s*Tab 2 of 4" is visible metadata CommandMetadata(numberOfRuns=null, evaluatedCommand=MaestroCommand(assertConditionCommand=AssertConditionCommand(condition=Condition(platform=null, visible=ElementSelector(textRegex=Explore\s*Tab 2 of 4, idRegex=null, size=null, below=null, above=null, leftOf=null, rightOf=null, containsChild=null, containsDescendants=null, traits=null, index=null, enabled=null, optional=false, selected=null, checked=null, focused=null, childOf=null, css=null), notVisible=null, scriptCondition=null, label=null), timeout=null, label=null, optional=false)), logMessages=[], insight=Insight(message=, level=NONE), aiReasoning=null, labeledCommand=null)
11:16:09.510 [ INFO] maestro.cli.runner.MaestroCommandRunner.runCommands$lambda$2: Assert that "Explore\s*Tab 2 of 4" is visible COMPLETED
11:16:09.510 [ INFO] maestro.cli.runner.MaestroCommandRunner.runCommands$lambda$0: Assert that "Services\s*Tab 3 of 4" is visible RUNNING
11:16:09.510 [ INFO] maestro.cli.runner.MaestroCommandRunner.runCommands$lambda$11: Assert that "Services\s*Tab 3 of 4" is visible metadata CommandMetadata(numberOfRuns=null, evaluatedCommand=MaestroCommand(assertConditionCommand=AssertConditionCommand(condition=Condition(platform=null, visible=ElementSelector(textRegex=Services\s*Tab 3 of 4, idRegex=null, size=null, below=null, above=null, leftOf=null, rightOf=null, containsChild=null, containsDescendants=null, traits=null, index=null, enabled=null, optional=false, selected=null, checked=null, focused=null, childOf=null, css=null), notVisible=null, scriptCondition=null, label=null), timeout=null, label=null, optional=false)), logMessages=[], insight=Insight(message=, level=NONE), aiReasoning=null, labeledCommand=null)
11:16:10.034 [ INFO] maestro.cli.runner.MaestroCommandRunner.runCommands$lambda$2: Assert that "Services\s*Tab 3 of 4" is visible COMPLETED
11:16:10.034 [ INFO] maestro.cli.runner.MaestroCommandRunner.runCommands$lambda$0: Assert that "Account\s*Tab 4 of 4" is visible RUNNING
11:16:10.035 [ INFO] maestro.cli.runner.MaestroCommandRunner.runCommands$lambda$11: Assert that "Account\s*Tab 4 of 4" is visible metadata CommandMetadata(numberOfRuns=null, evaluatedCommand=MaestroCommand(assertConditionCommand=AssertConditionCommand(condition=Condition(platform=null, visible=ElementSelector(textRegex=Account\s*Tab 4 of 4, idRegex=null, size=null, below=null, above=null, leftOf=null, rightOf=null, containsChild=null, containsDescendants=null, traits=null, index=null, enabled=null, optional=false, selected=null, checked=null, focused=null, childOf=null, css=null), notVisible=null, scriptCondition=null, label=null), timeout=null, label=null, optional=false)), logMessages=[], insight=Insight(message=, level=NONE), aiReasoning=null, labeledCommand=null)
11:16:10.167 [ INFO] maestro.cli.runner.MaestroCommandRunner.runCommands$lambda$2: Assert that "Account\s*Tab 4 of 4" is visible COMPLETED
11:16:10.167 [ INFO] maestro.cli.runner.MaestroCommandRunner.runCommands$lambda$0: Assert that "Quick Access" is visible RUNNING
11:16:10.167 [ INFO] maestro.cli.runner.MaestroCommandRunner.runCommands$lambda$11: Assert that "Quick Access" is visible metadata CommandMetadata(numberOfRuns=null, evaluatedCommand=MaestroCommand(assertConditionCommand=AssertConditionCommand(condition=Condition(platform=null, visible=ElementSelector(textRegex=Quick Access, idRegex=null, size=null, below=null, above=null, leftOf=null, rightOf=null, containsChild=null, containsDescendants=null, traits=null, index=null, enabled=null, optional=false, selected=null, checked=null, focused=null, childOf=null, css=null), notVisible=null, scriptCondition=null, label=null), timeout=null, label=null, optional=false)), logMessages=[], insight=Insight(message=, level=NONE), aiReasoning=null, labeledCommand=null)
11:16:10.297 [ INFO] maestro.cli.runner.MaestroCommandRunner.runCommands$lambda$2: Assert that "Quick Access" is visible COMPLETED
11:16:10.298 [ INFO] maestro.cli.runner.MaestroCommandRunner.runCommands$lambda$0: Scrolling DOWN until "Discover featured unit in the market\s*" is visible with speed 40, visibility percentage 100%, timeout 30000 ms, with centering disabled RUNNING
11:16:10.299 [ INFO] maestro.cli.runner.MaestroCommandRunner.runCommands$lambda$11: Scrolling DOWN until "Discover featured unit in the market\s*" is visible with speed 40, visibility percentage 100%, timeout 30000 ms, with centering disabled metadata CommandMetadata(numberOfRuns=null, evaluatedCommand=MaestroCommand(scrollUntilVisibleCommand=ScrollUntilVisibleCommand(selector=ElementSelector(textRegex=Discover featured unit in the market\s*, idRegex=null, size=null, below=null, above=null, leftOf=null, rightOf=null, containsChild=null, containsDescendants=null, traits=null, index=null, enabled=null, optional=false, selected=null, checked=null, focused=null, childOf=null, css=null), direction=DOWN, scrollDuration=601, visibilityPercentage=100, timeout=30000, waitToSettleTimeoutMs=null, centerElement=false, originalSpeedValue=40, label=null, optional=false)), logMessages=[], insight=Insight(message=, level=NONE), aiReasoning=null, labeledCommand=null)
11:16:10.482 [ INFO] maestro.orchestra.Orchestra.scrollUntilVisible: Scrolling try count: 0, DeviceWidth: 1080, DeviceWidth: 2400
11:16:10.482 [ INFO] maestro.orchestra.Orchestra.scrollUntilVisible: Element bounds: Bounds(x=74, y=1673, width=577, height=55)
11:16:10.483 [ INFO] maestro.orchestra.Orchestra.scrollUntilVisible: Visibility Percent: 1.0
11:16:10.483 [ INFO] maestro.orchestra.Orchestra.scrollUntilVisible: Command centerElement: ScrollUntilVisibleCommand(selector=ElementSelector(textRegex=Discover featured unit in the market\s*, idRegex=null, size=null, below=null, above=null, leftOf=null, rightOf=null, containsChild=null, containsDescendants=null, traits=null, index=null, enabled=null, optional=false, selected=null, checked=null, focused=null, childOf=null, css=null), direction=DOWN, scrollDuration=601, visibilityPercentage=100, timeout=30000, waitToSettleTimeoutMs=null, centerElement=false, originalSpeedValue=40, label=null, optional=false).centerElement
11:16:10.483 [ INFO] maestro.orchestra.Orchestra.scrollUntilVisible: visibilityPercentageNormalized: 1.0
11:16:10.483 [ INFO] maestro.cli.runner.MaestroCommandRunner.runCommands$lambda$2: Scrolling DOWN until "Discover featured unit in the market\s*" is visible with speed 40, visibility percentage 100%, timeout 30000 ms, with centering disabled COMPLETED
11:16:10.484 [ INFO] maestro.cli.runner.MaestroCommandRunner.runCommands$lambda$0: Tap on Below "Discover featured unit in the market\s*" RUNNING
11:16:10.484 [ INFO] maestro.cli.runner.MaestroCommandRunner.runCommands$lambda$11: Tap on Below "Discover featured unit in the market\s*" metadata CommandMetadata(numberOfRuns=null, evaluatedCommand=MaestroCommand(tapOnElementCommand=TapOnElementCommand(selector=ElementSelector(textRegex=null, idRegex=null, size=null, below=ElementSelector(textRegex=Discover featured unit in the market\s*, idRegex=null, size=null, below=null, above=null, leftOf=null, rightOf=null, containsChild=null, containsDescendants=null, traits=null, index=null, enabled=null, optional=false, selected=null, checked=null, focused=null, childOf=null, css=null), above=null, leftOf=null, rightOf=null, containsChild=null, containsDescendants=null, traits=null, index=null, enabled=null, optional=false, selected=null, checked=null, focused=null, childOf=null, css=null), retryIfNoChange=false, waitUntilVisible=false, longPress=false, repeat=null, waitToSettleTimeoutMs=null, relativePoint=null, label=null, optional=false)), logMessages=[], insight=Insight(message=, level=NONE), aiReasoning=null, labeledCommand=null)
11:16:10.563 [ERROR] maestro.cli.session.MaestroSessionManager.newSession$lambda$0: Failed to record heartbeat
java.io.IOException: The process cannot access the file because another process has locked a portion of the file
	at java.base/java.io.FileOutputStream.writeBytes(Native Method)
	at java.base/java.io.FileOutputStream.write(FileOutputStream.java:332)
	at kotlin.io.FilesKt__FileReadWriteKt.writeTextImpl(FileReadWrite.kt:160)
	at kotlin.io.FilesKt__FileReadWriteKt.writeText(FileReadWrite.kt:145)
	at kotlin.io.FilesKt__FileReadWriteKt.writeText$default(FileReadWrite.kt:144)
	at maestro.cli.db.KeyValueStore.commit(KeyValueStore.kt:50)
	at maestro.cli.db.KeyValueStore.set$lambda$3$lambda$2(KeyValueStore.kt:23)
	at maestro.cli.db.KeyValueStore.withFileLock(KeyValueStore.kt:62)
	at maestro.cli.db.KeyValueStore.set(KeyValueStore.kt:20)
	at maestro.cli.session.SessionStore.heartbeat(SessionStore.kt:12)
	at maestro.cli.session.MaestroSessionManager.newSession$lambda$0(MaestroSessionManager.kt:98)
	at java.base/java.util.concurrent.Executors$RunnableAdapter.call(Executors.java:545)
	at java.base/java.util.concurrent.FutureTask.runAndReset(FutureTask.java:371)
	at java.base/java.util.concurrent.ScheduledThreadPoolExecutor$ScheduledFutureTask.run(ScheduledThreadPoolExecutor.java:310)
	at java.base/java.util.concurrent.ThreadPoolExecutor.runWorker(ThreadPoolExecutor.java:1090)
	at java.base/java.util.concurrent.ThreadPoolExecutor$Worker.run(ThreadPoolExecutor.java:614)
	at java.base/java.lang.Thread.run(Thread.java:1516)
11:16:10.581 [ INFO] maestro.Maestro.tap-HgV9Ck0: Tapping on element:  UiElement(treeNode=TreeNode(attributes={text=, accessibilityText=Villa
SAR
 
1,059,870
Villa N1170-1234
3
2
140 m², hintText=, ignoreBoundsFiltering=false, resource-id=, clickable=true, bounds=[63,1781][1017,2046], enabled=true, focused=false, checked=false, scrollable=false, selected=false, class=android.view.View, important-for-accessibility=true, error=}, children=[TreeNode(attributes={text=, accessibilityText=, hintText=, ignoreBoundsFiltering=false, resource-id=, clickable=false, bounds=[63,1802][344,2012], enabled=true, focused=false, checked=false, scrollable=false, selected=false, class=android.widget.ImageView, important-for-accessibility=false, error=}, children=[], clickable=false, enabled=true, focused=false, checked=false, selected=false), TreeNode(attributes={text=, accessibilityText=, hintText=, ignoreBoundsFiltering=false, resource-id=, clickable=false, bounds=[368,1992][396,2018], enabled=true, focused=false, checked=false, scrollable=false, selected=false, class=android.widget.ImageView, important-for-accessibility=false, error=}, children=[], clickable=false, enabled=true, focused=false, checked=false, selected=false), TreeNode(attributes={text=, accessibilityText=, hintText=, ignoreBoundsFiltering=false, resource-id=, clickable=false, bounds=[438,1992][466,2018], enabled=true, focused=false, checked=false, scrollable=false, selected=false, class=android.widget.ImageView, important-for-accessibility=false, error=}, children=[], clickable=false, enabled=true, focused=false, checked=false, selected=false), TreeNode(attributes={text=, accessibilityText=, hintText=, ignoreBoundsFiltering=false, resource-id=, clickable=false, bounds=[510,1992][535,2018], enabled=true, focused=false, checked=false, scrollable=false, selected=false, class=android.widget.ImageView, important-for-accessibility=false, error=}, children=[], clickable=false, enabled=true, focused=false, checked=false, selected=false)], clickable=true, enabled=true, focused=false, checked=false, selected=false), bounds=Bounds(x=63, y=1781, width=954, height=265))
11:16:11.896 [ INFO] maestro.Maestro.tap-HgV9Ck0: Tap aimed via settled hierarchy
11:16:11.898 [ INFO] maestro.Maestro.hierarchyBasedTap-ogj28Uc: Tapping at (540, 1913) using hierarchy based logic for wait
11:16:13.535 [ INFO] maestro.Maestro.hierarchyBasedTap-ogj28Uc: Something has changed in the UI judging by view hierarchy. Proceed.
11:16:13.535 [ INFO] maestro.cli.runner.MaestroCommandRunner.runCommands$lambda$2: Tap on Below "Discover featured unit in the market\s*" COMPLETED
11:16:13.535 [ INFO] maestro.cli.runner.MaestroCommandRunner.runCommands$lambda$0: Assert that "Mortgage Calculator" is visible RUNNING
11:16:13.535 [ INFO] maestro.cli.runner.MaestroCommandRunner.runCommands$lambda$11: Assert that "Mortgage Calculator" is visible metadata CommandMetadata(numberOfRuns=null, evaluatedCommand=MaestroCommand(assertConditionCommand=AssertConditionCommand(condition=Condition(platform=null, visible=ElementSelector(textRegex=Mortgage Calculator, idRegex=null, size=null, below=null, above=null, leftOf=null, rightOf=null, containsChild=null, containsDescendants=null, traits=null, index=null, enabled=null, optional=false, selected=null, checked=null, focused=null, childOf=null, css=null), notVisible=null, scriptCondition=null, label=null), timeout=30000, label=null, optional=false)), logMessages=[], insight=Insight(message=, level=NONE), aiReasoning=null, labeledCommand=null)
11:16:15.562 [ERROR] maestro.cli.session.MaestroSessionManager.newSession$lambda$0: Failed to record heartbeat
java.io.IOException: The process cannot access the file because another process has locked a portion of the file
	at java.base/java.io.FileOutputStream.writeBytes(Native Method)
	at java.base/java.io.FileOutputStream.write(FileOutputStream.java:332)
	at kotlin.io.FilesKt__FileReadWriteKt.writeTextImpl(FileReadWrite.kt:160)
	at kotlin.io.FilesKt__FileReadWriteKt.writeText(FileReadWrite.kt:145)
	at kotlin.io.FilesKt__FileReadWriteKt.writeText$default(FileReadWrite.kt:144)
	at maestro.cli.db.KeyValueStore.commit(KeyValueStore.kt:50)
	at maestro.cli.db.KeyValueStore.set$lambda$3$lambda$2(KeyValueStore.kt:23)
	at maestro.cli.db.KeyValueStore.withFileLock(KeyValueStore.kt:62)
	at maestro.cli.db.KeyValueStore.set(KeyValueStore.kt:20)
	at maestro.cli.session.SessionStore.heartbeat(SessionStore.kt:12)
	at maestro.cli.session.MaestroSessionManager.newSession$lambda$0(MaestroSessionManager.kt:98)
	at java.base/java.util.concurrent.Executors$RunnableAdapter.call(Executors.java:545)
	at java.base/java.util.concurrent.FutureTask.runAndReset(FutureTask.java:371)
	at java.base/java.util.concurrent.ScheduledThreadPoolExecutor$ScheduledFutureTask.run(ScheduledThreadPoolExecutor.java:310)
	at java.base/java.util.concurrent.ThreadPoolExecutor.runWorker(ThreadPoolExecutor.java:1090)
	at java.base/java.util.concurrent.ThreadPoolExecutor$Worker.run(ThreadPoolExecutor.java:614)
	at java.base/java.lang.Thread.run(Thread.java:1516)
11:16:20.563 [ERROR] maestro.cli.session.MaestroSessionManager.newSession$lambda$0: Failed to record heartbeat
java.io.IOException: The process cannot access the file because another process has locked a portion of the file
	at java.base/java.io.FileOutputStream.writeBytes(Native Method)
	at java.base/java.io.FileOutputStream.write(FileOutputStream.java:332)
	at kotlin.io.FilesKt__FileReadWriteKt.writeTextImpl(FileReadWrite.kt:160)
	at kotlin.io.FilesKt__FileReadWriteKt.writeText(FileReadWrite.kt:145)
	at kotlin.io.FilesKt__FileReadWriteKt.writeText$default(FileReadWrite.kt:144)
	at maestro.cli.db.KeyValueStore.commit(KeyValueStore.kt:50)
	at maestro.cli.db.KeyValueStore.set$lambda$3$lambda$2(KeyValueStore.kt:23)
	at maestro.cli.db.KeyValueStore.withFileLock(KeyValueStore.kt:62)
	at maestro.cli.db.KeyValueStore.set(KeyValueStore.kt:20)
	at maestro.cli.session.SessionStore.heartbeat(SessionStore.kt:12)
	at maestro.cli.session.MaestroSessionManager.newSession$lambda$0(MaestroSessionManager.kt:98)
	at java.base/java.util.concurrent.Executors$RunnableAdapter.call(Executors.java:545)
	at java.base/java.util.concurrent.FutureTask.runAndReset(FutureTask.java:371)
	at java.base/java.util.concurrent.ScheduledThreadPoolExecutor$ScheduledFutureTask.run(ScheduledThreadPoolExecutor.java:310)
	at java.base/java.util.concurrent.ThreadPoolExecutor.runWorker(ThreadPoolExecutor.java:1090)
	at java.base/java.util.concurrent.ThreadPoolExecutor$Worker.run(ThreadPoolExecutor.java:614)
	at java.base/java.lang.Thread.run(Thread.java:1516)
11:16:25.564 [ERROR] maestro.cli.session.MaestroSessionManager.newSession$lambda$0: Failed to record heartbeat
java.io.IOException: The process cannot access the file because another process has locked a portion of the file
	at java.base/java.io.FileOutputStream.writeBytes(Native Method)
	at java.base/java.io.FileOutputStream.write(FileOutputStream.java:332)
	at kotlin.io.FilesKt__FileReadWriteKt.writeTextImpl(FileReadWrite.kt:160)
	at kotlin.io.FilesKt__FileReadWriteKt.writeText(FileReadWrite.kt:145)
	at kotlin.io.FilesKt__FileReadWriteKt.writeText$default(FileReadWrite.kt:144)
	at maestro.cli.db.KeyValueStore.commit(KeyValueStore.kt:50)
	at maestro.cli.db.KeyValueStore.set$lambda$3$lambda$2(KeyValueStore.kt:23)
	at maestro.cli.db.KeyValueStore.withFileLock(KeyValueStore.kt:62)
	at maestro.cli.db.KeyValueStore.set(KeyValueStore.kt:20)
	at maestro.cli.session.SessionStore.heartbeat(SessionStore.kt:12)
	at maestro.cli.session.MaestroSessionManager.newSession$lambda$0(MaestroSessionManager.kt:98)
	at java.base/java.util.concurrent.Executors$RunnableAdapter.call(Executors.java:545)
	at java.base/java.util.concurrent.FutureTask.runAndReset(FutureTask.java:371)
	at java.base/java.util.concurrent.ScheduledThreadPoolExecutor$ScheduledFutureTask.run(ScheduledThreadPoolExecutor.java:310)
	at java.base/java.util.concurrent.ThreadPoolExecutor.runWorker(ThreadPoolExecutor.java:1090)
	at java.base/java.util.concurrent.ThreadPoolExecutor$Worker.run(ThreadPoolExecutor.java:614)
	at java.base/java.lang.Thread.run(Thread.java:1516)
11:16:30.562 [ERROR] maestro.cli.session.MaestroSessionManager.newSession$lambda$0: Failed to record heartbeat
java.io.IOException: The process cannot access the file because another process has locked a portion of the file
	at java.base/java.io.FileOutputStream.writeBytes(Native Method)
	at java.base/java.io.FileOutputStream.write(FileOutputStream.java:332)
	at kotlin.io.FilesKt__FileReadWriteKt.writeTextImpl(FileReadWrite.kt:160)
	at kotlin.io.FilesKt__FileReadWriteKt.writeText(FileReadWrite.kt:145)
	at kotlin.io.FilesKt__FileReadWriteKt.writeText$default(FileReadWrite.kt:144)
	at maestro.cli.db.KeyValueStore.commit(KeyValueStore.kt:50)
	at maestro.cli.db.KeyValueStore.set$lambda$3$lambda$2(KeyValueStore.kt:23)
	at maestro.cli.db.KeyValueStore.withFileLock(KeyValueStore.kt:62)
	at maestro.cli.db.KeyValueStore.set(KeyValueStore.kt:20)
	at maestro.cli.session.SessionStore.heartbeat(SessionStore.kt:12)
	at maestro.cli.session.MaestroSessionManager.newSession$lambda$0(MaestroSessionManager.kt:98)
	at java.base/java.util.concurrent.Executors$RunnableAdapter.call(Executors.java:545)
	at java.base/java.util.concurrent.FutureTask.runAndReset(FutureTask.java:371)
	at java.base/java.util.concurrent.ScheduledThreadPoolExecutor$ScheduledFutureTask.run(ScheduledThreadPoolExecutor.java:310)
	at java.base/java.util.concurrent.ThreadPoolExecutor.runWorker(ThreadPoolExecutor.java:1090)
	at java.base/java.util.concurrent.ThreadPoolExecutor$Worker.run(ThreadPoolExecutor.java:614)
	at java.base/java.lang.Thread.run(Thread.java:1516)
11:16:35.563 [ERROR] maestro.cli.session.MaestroSessionManager.newSession$lambda$0: Failed to record heartbeat
java.io.IOException: The process cannot access the file because another process has locked a portion of the file
	at java.base/java.io.FileOutputStream.writeBytes(Native Method)
	at java.base/java.io.FileOutputStream.write(FileOutputStream.java:332)
	at kotlin.io.FilesKt__FileReadWriteKt.writeTextImpl(FileReadWrite.kt:160)
	at kotlin.io.FilesKt__FileReadWriteKt.writeText(FileReadWrite.kt:145)
	at kotlin.io.FilesKt__FileReadWriteKt.writeText$default(FileReadWrite.kt:144)
	at maestro.cli.db.KeyValueStore.commit(KeyValueStore.kt:50)
	at maestro.cli.db.KeyValueStore.set$lambda$3$lambda$2(KeyValueStore.kt:23)
	at maestro.cli.db.KeyValueStore.withFileLock(KeyValueStore.kt:62)
	at maestro.cli.db.KeyValueStore.set(KeyValueStore.kt:20)
	at maestro.cli.session.SessionStore.heartbeat(SessionStore.kt:12)
	at maestro.cli.session.MaestroSessionManager.newSession$lambda$0(MaestroSessionManager.kt:98)
	at java.base/java.util.concurrent.Executors$RunnableAdapter.call(Executors.java:545)
	at java.base/java.util.concurrent.FutureTask.runAndReset(FutureTask.java:371)
	at java.base/java.util.concurrent.ScheduledThreadPoolExecutor$ScheduledFutureTask.run(ScheduledThreadPoolExecutor.java:310)
	at java.base/java.util.concurrent.ThreadPoolExecutor.runWorker(ThreadPoolExecutor.java:1090)
	at java.base/java.util.concurrent.ThreadPoolExecutor$Worker.run(ThreadPoolExecutor.java:614)
	at java.base/java.lang.Thread.run(Thread.java:1516)
11:16:40.561 [ERROR] maestro.cli.session.MaestroSessionManager.newSession$lambda$0: Failed to record heartbeat
java.io.IOException: The process cannot access the file because another process has locked a portion of the file
	at java.base/java.io.FileOutputStream.writeBytes(Native Method)
	at java.base/java.io.FileOutputStream.write(FileOutputStream.java:332)
	at kotlin.io.FilesKt__FileReadWriteKt.writeTextImpl(FileReadWrite.kt:160)
	at kotlin.io.FilesKt__FileReadWriteKt.writeText(FileReadWrite.kt:145)
	at kotlin.io.FilesKt__FileReadWriteKt.writeText$default(FileReadWrite.kt:144)
	at maestro.cli.db.KeyValueStore.commit(KeyValueStore.kt:50)
	at maestro.cli.db.KeyValueStore.set$lambda$3$lambda$2(KeyValueStore.kt:23)
	at maestro.cli.db.KeyValueStore.withFileLock(KeyValueStore.kt:62)
	at maestro.cli.db.KeyValueStore.set(KeyValueStore.kt:20)
	at maestro.cli.session.SessionStore.heartbeat(SessionStore.kt:12)
	at maestro.cli.session.MaestroSessionManager.newSession$lambda$0(MaestroSessionManager.kt:98)
	at java.base/java.util.concurrent.Executors$RunnableAdapter.call(Executors.java:545)
	at java.base/java.util.concurrent.FutureTask.runAndReset(FutureTask.java:371)
	at java.base/java.util.concurrent.ScheduledThreadPoolExecutor$ScheduledFutureTask.run(ScheduledThreadPoolExecutor.java:310)
	at java.base/java.util.concurrent.ThreadPoolExecutor.runWorker(ThreadPoolExecutor.java:1090)
	at java.base/java.util.concurrent.ThreadPoolExecutor$Worker.run(ThreadPoolExecutor.java:614)
	at java.base/java.lang.Thread.run(Thread.java:1516)
11:16:43.858 [ERROR] maestro.orchestra.Orchestra.executeCommands: [Command execution] CommandFailed: Assertion is false: "Mortgage Calculator" is visible
11:16:44.852 [ INFO] maestro.Maestro.takeScreenshot: Taking screenshot
11:16:44.856 [TRACE] maestro.utils.ScreenshotUtils.takeScreenshot: Taking screenshot to output sink
11:16:45.035 [ INFO] maestro.cli.runner.MaestroCommandRunner.runCommands$lambda$4: Assert that "Mortgage Calculator" is visible FAILED
11:16:45.562 [ERROR] maestro.cli.session.MaestroSessionManager.newSession$lambda$0: Failed to record heartbeat
java.io.IOException: The process cannot access the file because another process has locked a portion of the file
	at java.base/java.io.FileOutputStream.writeBytes(Native Method)
	at java.base/java.io.FileOutputStream.write(FileOutputStream.java:332)
	at kotlin.io.FilesKt__FileReadWriteKt.writeTextImpl(FileReadWrite.kt:160)
	at kotlin.io.FilesKt__FileReadWriteKt.writeText(FileReadWrite.kt:145)
	at kotlin.io.FilesKt__FileReadWriteKt.writeText$default(FileReadWrite.kt:144)
	at maestro.cli.db.KeyValueStore.commit(KeyValueStore.kt:50)
	at maestro.cli.db.KeyValueStore.set$lambda$3$lambda$2(KeyValueStore.kt:23)
	at maestro.cli.db.KeyValueStore.withFileLock(KeyValueStore.kt:62)
	at maestro.cli.db.KeyValueStore.set(KeyValueStore.kt:20)
	at maestro.cli.session.SessionStore.heartbeat(SessionStore.kt:12)
	at maestro.cli.session.MaestroSessionManager.newSession$lambda$0(MaestroSessionManager.kt:98)
	at java.base/java.util.concurrent.Executors$RunnableAdapter.call(Executors.java:545)
	at java.base/java.util.concurrent.FutureTask.runAndReset(FutureTask.java:371)
	at java.base/java.util.concurrent.ScheduledThreadPoolExecutor$ScheduledFutureTask.run(ScheduledThreadPoolExecutor.java:310)
	at java.base/java.util.concurrent.ThreadPoolExecutor.runWorker(ThreadPoolExecutor.java:1090)
	at java.base/java.util.concurrent.ThreadPoolExecutor$Worker.run(ThreadPoolExecutor.java:614)
	at java.base/java.lang.Thread.run(Thread.java:1516)
11:16:45.762 [ INFO] maestro.cli.report.TestDebugReporter.deleteOldFiles: Performing purge of logs older than 14 days from C:\Users\Mohammed Elkatry\.maestro\tests
